scope,technology,series,scenario,identifiers,metric,year,value,unit,dollar_year,source_type,source_file,source_url,source_years,sources,method,atb_year
reeds,battery,battery_li,Moderate,{},capcost,2018,340.1345600784849,USD/kW,2022,calculated,atb_2020_workbook.xlsm | deflator.csv,https://atb-archive.nlr.gov/electricity/2020/files/2020-ATB-Data.xlsm | https://github.com/ReEDS-Model/ReEDS/blob/db6a1ba95836b649176fca50030e82a6b4cf9bb5/inputs/financials/deflator.csv,[2018],"[{""file"":""atb_2020_workbook.xlsm"",""url"":""https://atb-archive.nlr.gov/electricity/2020/files/2020-ATB-Data.xlsm"",""sha256"":""2fc2ccf72853304e45803959c77d82806debe8b686eec294838a7ac5219a7a13"",""format"":""workbook"",""location"":""Storage!L14,L11"",""dollar_year"":2018},{""file"":""deflator.csv"",""url"":""https://github.com/ReEDS-Model/ReEDS/blob/db6a1ba95836b649176fca50030e82a6b4cf9bb5/inputs/financials/deflator.csv"",""sha256"":""538d3afb409a3c89ce0f96a70867855f9bb64afa82776e875129b2547e329315"",""location"":""value_target=value_source*deflator[source_dollar_year]/deflator[target_dollar_year]"",""dollar_year"":""""}]",ATB 2020 Moderate base-year estimate; year=release-2. Calculated battery components: E=(C4-C2)/(4-2); P=C2-2*E; C(h)=P+h*E from ATB 2-hour and 4-hour system costs. Converted with the ReEDS deflator.,2020
reeds,battery,battery_li,Moderate,{},capcost,2019,311.9816523050671,USD/kW,2022,atb,atb_2021_workbook.xlsm | deflator.csv,https://data.openei.org/files/4129/2021-ATB-Data_Master_new.xlsm | https://github.com/ReEDS-Model/ReEDS/blob/db6a1ba95836b649176fca50030e82a6b4cf9bb5/inputs/financials/deflator.csv,[2019],"[{""file"":""atb_2021_workbook.xlsm"",""url"":""https://data.openei.org/files/4129/2021-ATB-Data_Master_new.xlsm"",""sha256"":""211bc492df941a58acac912edea27c2ac2abf6d74fb2a24355fda6660c055632"",""format"":""workbook"",""location"":""Utility-Scale Battery Storage: capcost, Moderate, 2019"",""dollar_year"":2019},{""file"":""deflator.csv"",""url"":""https://github.com/ReEDS-Model/ReEDS/blob/db6a1ba95836b649176fca50030e82a6b4cf9bb5/inputs/financials/deflator.csv"",""sha256"":""538d3afb409a3c89ce0f96a70867855f9bb64afa82776e875129b2547e329315"",""location"":""value_target=value_source*deflator[source_dollar_year]/deflator[target_dollar_year]"",""dollar_year"":""""}]",ATB 2021 Moderate base-year estimate; year=release-2. Converted with the ReEDS deflator.,2021
reeds,battery,battery_li,Moderate,{},capcost,2020,282.02167077372195,USD/kW,2022,atb,atb_2022_workbook.xlsx | deflator.csv,https://data.openei.org/files/5716/2022 v3 Annual Technology Baseline Workbook Mid-year update 2-15-2023.xlsx | https://github.com/ReEDS-Model/ReEDS/blob/db6a1ba95836b649176fca50030e82a6b4cf9bb5/inputs/financials/deflator.csv,[2020],"[{""file"":""atb_2022_workbook.xlsx"",""url"":""https://data.openei.org/files/5716/2022 v3 Annual Technology Baseline Workbook Mid-year update 2-15-2023.xlsx"",""sha256"":""5ad5e47373f0dea32991d5828831bb407550397f1956abda6870e6786134b87e"",""format"":""workbook"",""location"":""Utility-Scale Battery Storage: capcost, Moderate, 2020"",""dollar_year"":2020},{""file"":""deflator.csv"",""url"":""https://github.com/ReEDS-Model/ReEDS/blob/db6a1ba95836b649176fca50030e82a6b4cf9bb5/inputs/financials/deflator.csv"",""sha256"":""538d3afb409a3c89ce0f96a70867855f9bb64afa82776e875129b2547e329315"",""location"":""value_target=value_source*deflator[source_dollar_year]/deflator[target_dollar_year]"",""dollar_year"":""""}]",ATB 2022 Moderate base-year estimate; year=release-2. Converted with the ReEDS deflator.,2022
reeds,battery,battery_li,Moderate,{},capcost,2021,322.9716246333708,USD/kW,2022,atb,atb_2023_workbook.xlsx | deflator.csv,https://data.openei.org/files/5865/2023-ATB-Data_Master_v9.0.xlsx | https://github.com/ReEDS-Model/ReEDS/blob/db6a1ba95836b649176fca50030e82a6b4cf9bb5/inputs/financials/deflator.csv,[2021],"[{""file"":""atb_2023_workbook.xlsx"",""url"":""https://data.openei.org/files/5865/2023-ATB-Data_Master_v9.0.xlsx"",""sha256"":""ec819404979d20e0e8de77e81f9e0ac7e6a9d51e52a3cb01dcca84dacd044092"",""format"":""battery"",""location"":""Utility-Scale Battery Storage: capcost, Moderate, 2021"",""dollar_year"":2021},{""file"":""deflator.csv"",""url"":""https://github.com/ReEDS-Model/ReEDS/blob/db6a1ba95836b649176fca50030e82a6b4cf9bb5/inputs/financials/deflator.csv"",""sha256"":""538d3afb409a3c89ce0f96a70867855f9bb64afa82776e875129b2547e329315"",""location"":""value_target=value_source*deflator[source_dollar_year]/deflator[target_dollar_year]"",""dollar_year"":""""}]",ATB 2023 Moderate base-year estimate; year=release-2. Converted with the ReEDS deflator.,2023
reeds,battery,battery_li,Moderate,{},capcost,2022,363.00560832,USD/kW,2022,atb,atb_2024_workbook.xlsx | deflator.csv,https://data.openei.org/files/6006/2024_v3_Workbook.xlsx | https://github.com/ReEDS-Model/ReEDS/blob/db6a1ba95836b649176fca50030e82a6b4cf9bb5/inputs/financials/deflator.csv,[2022],"[{""file"":""atb_2024_workbook.xlsx"",""url"":""https://data.openei.org/files/6006/2024_v3_Workbook.xlsx"",""sha256"":""34316344383535a8bf9eb220bc54282cff75bcbc332a38e8c10a17c487dc8e46"",""format"":""battery"",""location"":""Utility-Scale Battery Storage: capcost, Moderate, 2022"",""dollar_year"":2022},{""file"":""deflator.csv"",""url"":""https://github.com/ReEDS-Model/ReEDS/blob/db6a1ba95836b649176fca50030e82a6b4cf9bb5/inputs/financials/deflator.csv"",""sha256"":""538d3afb409a3c89ce0f96a70867855f9bb64afa82776e875129b2547e329315"",""location"":""value_target=value_source*deflator[source_dollar_year]/deflator[target_dollar_year]"",""dollar_year"":""""}]",ATB 2024 Moderate base-year estimate; year=release-2. Converted with the ReEDS deflator.,2024
reeds,battery,battery_li,Moderate,{},capcost_energy,2018,390.66179545246285,USD/kWh,2022,calculated,atb_2020_workbook.xlsm | deflator.csv,https://atb-archive.nlr.gov/electricity/2020/files/2020-ATB-Data.xlsm | https://github.com/ReEDS-Model/ReEDS/blob/db6a1ba95836b649176fca50030e82a6b4cf9bb5/inputs/financials/deflator.csv,[2018],"[{""file"":""atb_2020_workbook.xlsm"",""url"":""https://atb-archive.nlr.gov/electricity/2020/files/2020-ATB-Data.xlsm"",""sha256"":""2fc2ccf72853304e45803959c77d82806debe8b686eec294838a7ac5219a7a13"",""format"":""workbook"",""location"":""Storage!L14,L11"",""dollar_year"":2018},{""file"":""deflator.csv"",""url"":""https://github.com/ReEDS-Model/ReEDS/blob/db6a1ba95836b649176fca50030e82a6b4cf9bb5/inputs/financials/deflator.csv"",""sha256"":""538d3afb409a3c89ce0f96a70867855f9bb64afa82776e875129b2547e329315"",""location"":""value_target=value_source*deflator[source_dollar_year]/deflator[target_dollar_year]"",""dollar_year"":""""}]",ATB 2020 Moderate base-year estimate; year=release-2. Calculated battery components: E=(C4-C2)/(4-2); P=C2-2*E; C(h)=P+h*E from ATB 2-hour and 4-hour system costs. Converted with the ReEDS deflator.,2020
reeds,battery,battery_li,Moderate,{},capcost_energy,2019,332.32828180322366,USD/kWh,2022,atb,atb_2021_workbook.xlsm | deflator.csv,https://data.openei.org/files/4129/2021-ATB-Data_Master_new.xlsm | https://github.com/ReEDS-Model/ReEDS/blob/db6a1ba95836b649176fca50030e82a6b4cf9bb5/inputs/financials/deflator.csv,[2019],"[{""file"":""atb_2021_workbook.xlsm"",""url"":""https://data.openei.org/files/4129/2021-ATB-Data_Master_new.xlsm"",""sha256"":""211bc492df941a58acac912edea27c2ac2abf6d74fb2a24355fda6660c055632"",""format"":""workbook"",""location"":""Utility-Scale Battery Storage: capcost_energy, Moderate, 2019"",""dollar_year"":2019},{""file"":""deflator.csv"",""url"":""https://github.com/ReEDS-Model/ReEDS/blob/db6a1ba95836b649176fca50030e82a6b4cf9bb5/inputs/financials/deflator.csv"",""sha256"":""538d3afb409a3c89ce0f96a70867855f9bb64afa82776e875129b2547e329315"",""location"":""value_target=value_source*deflator[source_dollar_year]/deflator[target_dollar_year]"",""dollar_year"":""""}]",ATB 2021 Moderate base-year estimate; year=release-2. Converted with the ReEDS deflator.,2021
reeds,battery,battery_li,Moderate,{},capcost_energy,2020,417.76648793850853,USD/kWh,2022,atb,atb_2022_workbook.xlsx | deflator.csv,https://data.openei.org/files/5716/2022 v3 Annual Technology Baseline Workbook Mid-year update 2-15-2023.xlsx | https://github.com/ReEDS-Model/ReEDS/blob/db6a1ba95836b649176fca50030e82a6b4cf9bb5/inputs/financials/deflator.csv,[2020],"[{""file"":""atb_2022_workbook.xlsx"",""url"":""https://data.openei.org/files/5716/2022 v3 Annual Technology Baseline Workbook Mid-year update 2-15-2023.xlsx"",""sha256"":""5ad5e47373f0dea32991d5828831bb407550397f1956abda6870e6786134b87e"",""format"":""workbook"",""location"":""Utility-Scale Battery Storage: capcost_energy, Moderate, 2020"",""dollar_year"":2020},{""file"":""deflator.csv"",""url"":""https://github.com/ReEDS-Model/ReEDS/blob/db6a1ba95836b649176fca50030e82a6b4cf9bb5/inputs/financials/deflator.csv"",""sha256"":""538d3afb409a3c89ce0f96a70867855f9bb64afa82776e875129b2547e329315"",""location"":""value_target=value_source*deflator[source_dollar_year]/deflator[target_dollar_year]"",""dollar_year"":""""}]",ATB 2022 Moderate base-year estimate; year=release-2. Converted with the ReEDS deflator.,2022
reeds,battery,battery_li,Moderate,{},capcost_energy,2021,347.81513423497125,USD/kWh,2022,atb,atb_2023_workbook.xlsx | deflator.csv,https://data.openei.org/files/5865/2023-ATB-Data_Master_v9.0.xlsx | https://github.com/ReEDS-Model/ReEDS/blob/db6a1ba95836b649176fca50030e82a6b4cf9bb5/inputs/financials/deflator.csv,[2021],"[{""file"":""atb_2023_workbook.xlsx"",""url"":""https://data.openei.org/files/5865/2023-ATB-Data_Master_v9.0.xlsx"",""sha256"":""ec819404979d20e0e8de77e81f9e0ac7e6a9d51e52a3cb01dcca84dacd044092"",""format"":""battery"",""location"":""Utility-Scale Battery Storage: capcost_energy, Moderate, 2021"",""dollar_year"":2021},{""file"":""deflator.csv"",""url"":""https://github.com/ReEDS-Model/ReEDS/blob/db6a1ba95836b649176fca50030e82a6b4cf9bb5/inputs/financials/deflator.csv"",""sha256"":""538d3afb409a3c89ce0f96a70867855f9bb64afa82776e875129b2547e329315"",""location"":""value_target=value_source*deflator[source_dollar_year]/deflator[target_dollar_year]"",""dollar_year"":""""}]",ATB 2023 Moderate base-year estimate; year=release-2. Converted with the ReEDS deflator.,2023
reeds,battery,battery_li,Moderate,{},capcost_energy,2022,390.92859792,USD/kWh,2022,atb,atb_2024_workbook.xlsx | deflator.csv,https://data.openei.org/files/6006/2024_v3_Workbook.xlsx | https://github.com/ReEDS-Model/ReEDS/blob/db6a1ba95836b649176fca50030e82a6b4cf9bb5/inputs/financials/deflator.csv,[2022],"[{""file"":""atb_2024_workbook.xlsx"",""url"":""https://data.openei.org/files/6006/2024_v3_Workbook.xlsx"",""sha256"":""34316344383535a8bf9eb220bc54282cff75bcbc332a38e8c10a17c487dc8e46"",""format"":""battery"",""location"":""Utility-Scale Battery Storage: capcost_energy, Moderate, 2022"",""dollar_year"":2022},{""file"":""deflator.csv"",""url"":""https://github.com/ReEDS-Model/ReEDS/blob/db6a1ba95836b649176fca50030e82a6b4cf9bb5/inputs/financials/deflator.csv"",""sha256"":""538d3afb409a3c89ce0f96a70867855f9bb64afa82776e875129b2547e329315"",""location"":""value_target=value_source*deflator[source_dollar_year]/deflator[target_dollar_year]"",""dollar_year"":""""}]",ATB 2024 Moderate base-year estimate; year=release-2. Converted with the ReEDS deflator.,2024
reeds,battery,battery_li,Moderate,{},fom,2018,8.503364001962124,USD/kW-yr,2022,calculated,atb_2020_workbook.xlsm | deflator.csv,https://atb-archive.nlr.gov/electricity/2020/files/2020-ATB-Data.xlsm | https://github.com/ReEDS-Model/ReEDS/blob/db6a1ba95836b649176fca50030e82a6b4cf9bb5/inputs/financials/deflator.csv,[2018],"[{""file"":""atb_2020_workbook.xlsm"",""url"":""https://atb-archive.nlr.gov/electricity/2020/files/2020-ATB-Data.xlsm"",""sha256"":""2fc2ccf72853304e45803959c77d82806debe8b686eec294838a7ac5219a7a13"",""format"":""workbook"",""location"":""Storage!L14,L11"",""dollar_year"":2018},{""file"":""deflator.csv"",""url"":""https://github.com/ReEDS-Model/ReEDS/blob/db6a1ba95836b649176fca50030e82a6b4cf9bb5/inputs/financials/deflator.csv"",""sha256"":""538d3afb409a3c89ce0f96a70867855f9bb64afa82776e875129b2547e329315"",""location"":""value_target=value_source*deflator[source_dollar_year]/deflator[target_dollar_year]"",""dollar_year"":""""}]",ATB 2020 Moderate base-year estimate; year=release-2. Calculated battery components: E=(C4-C2)/(4-2); P=C2-2*E; C(h)=P+h*E from ATB 2-hour and 4-hour system costs. ReEDS FOM convention: 2.5% of capital component. Converted with the ReEDS deflator.,2020
reeds,battery,battery_li,Moderate,{},fom,2019,7.799541307626678,USD/kW-yr,2022,calculated,atb_2021_workbook.xlsm | deflator.csv,https://data.openei.org/files/4129/2021-ATB-Data_Master_new.xlsm | https://github.com/ReEDS-Model/ReEDS/blob/db6a1ba95836b649176fca50030e82a6b4cf9bb5/inputs/financials/deflator.csv,[2019],"[{""file"":""atb_2021_workbook.xlsm"",""url"":""https://data.openei.org/files/4129/2021-ATB-Data_Master_new.xlsm"",""sha256"":""211bc492df941a58acac912edea27c2ac2abf6d74fb2a24355fda6660c055632"",""format"":""workbook"",""location"":""Utility-Scale Battery Storage: capcost, Moderate, 2019"",""dollar_year"":2019},{""file"":""deflator.csv"",""url"":""https://github.com/ReEDS-Model/ReEDS/blob/db6a1ba95836b649176fca50030e82a6b4cf9bb5/inputs/financials/deflator.csv"",""sha256"":""538d3afb409a3c89ce0f96a70867855f9bb64afa82776e875129b2547e329315"",""location"":""value_target=value_source*deflator[source_dollar_year]/deflator[target_dollar_year]"",""dollar_year"":""""}]",ATB 2021 Moderate base-year estimate; year=release-2. ReEDS FOM convention: 2.5% of capital component. Converted with the ReEDS deflator.,2021
reeds,battery,battery_li,Moderate,{},fom,2020,7.05054176934305,USD/kW-yr,2022,calculated,atb_2022_workbook.xlsx | deflator.csv,https://data.openei.org/files/5716/2022 v3 Annual Technology Baseline Workbook Mid-year update 2-15-2023.xlsx | https://github.com/ReEDS-Model/ReEDS/blob/db6a1ba95836b649176fca50030e82a6b4cf9bb5/inputs/financials/deflator.csv,[2020],"[{""file"":""atb_2022_workbook.xlsx"",""url"":""https://data.openei.org/files/5716/2022 v3 Annual Technology Baseline Workbook Mid-year update 2-15-2023.xlsx"",""sha256"":""5ad5e47373f0dea32991d5828831bb407550397f1956abda6870e6786134b87e"",""format"":""workbook"",""location"":""Utility-Scale Battery Storage: capcost, Moderate, 2020"",""dollar_year"":2020},{""file"":""deflator.csv"",""url"":""https://github.com/ReEDS-Model/ReEDS/blob/db6a1ba95836b649176fca50030e82a6b4cf9bb5/inputs/financials/deflator.csv"",""sha256"":""538d3afb409a3c89ce0f96a70867855f9bb64afa82776e875129b2547e329315"",""location"":""value_target=value_source*deflator[source_dollar_year]/deflator[target_dollar_year]"",""dollar_year"":""""}]",ATB 2022 Moderate base-year estimate; year=release-2. ReEDS FOM convention: 2.5% of capital component. Converted with the ReEDS deflator.,2022
reeds,battery,battery_li,Moderate,{},fom,2021,8.07429061583427,USD/kW-yr,2022,calculated,atb_2023_workbook.xlsx | deflator.csv,https://data.openei.org/files/5865/2023-ATB-Data_Master_v9.0.xlsx | https://github.com/ReEDS-Model/ReEDS/blob/db6a1ba95836b649176fca50030e82a6b4cf9bb5/inputs/financials/deflator.csv,[2021],"[{""file"":""atb_2023_workbook.xlsx"",""url"":""https://data.openei.org/files/5865/2023-ATB-Data_Master_v9.0.xlsx"",""sha256"":""ec819404979d20e0e8de77e81f9e0ac7e6a9d51e52a3cb01dcca84dacd044092"",""format"":""battery"",""location"":""Utility-Scale Battery Storage: capcost, Moderate, 2021"",""dollar_year"":2021},{""file"":""deflator.csv"",""url"":""https://github.com/ReEDS-Model/ReEDS/blob/db6a1ba95836b649176fca50030e82a6b4cf9bb5/inputs/financials/deflator.csv"",""sha256"":""538d3afb409a3c89ce0f96a70867855f9bb64afa82776e875129b2547e329315"",""location"":""value_target=value_source*deflator[source_dollar_year]/deflator[target_dollar_year]"",""dollar_year"":""""}]",ATB 2023 Moderate base-year estimate; year=release-2. ReEDS FOM convention: 2.5% of capital component. Converted with the ReEDS deflator.,2023
reeds,battery,battery_li,Moderate,{},fom,2022,9.075140208,USD/kW-yr,2022,calculated,atb_2024_workbook.xlsx | deflator.csv,https://data.openei.org/files/6006/2024_v3_Workbook.xlsx | https://github.com/ReEDS-Model/ReEDS/blob/db6a1ba95836b649176fca50030e82a6b4cf9bb5/inputs/financials/deflator.csv,[2022],"[{""file"":""atb_2024_workbook.xlsx"",""url"":""https://data.openei.org/files/6006/2024_v3_Workbook.xlsx"",""sha256"":""34316344383535a8bf9eb220bc54282cff75bcbc332a38e8c10a17c487dc8e46"",""format"":""battery"",""location"":""Utility-Scale Battery Storage: capcost, Moderate, 2022"",""dollar_year"":2022},{""file"":""deflator.csv"",""url"":""https://github.com/ReEDS-Model/ReEDS/blob/db6a1ba95836b649176fca50030e82a6b4cf9bb5/inputs/financials/deflator.csv"",""sha256"":""538d3afb409a3c89ce0f96a70867855f9bb64afa82776e875129b2547e329315"",""location"":""value_target=value_source*deflator[source_dollar_year]/deflator[target_dollar_year]"",""dollar_year"":""""}]",ATB 2024 Moderate base-year estimate; year=release-2. ReEDS FOM convention: 2.5% of capital component. Converted with the ReEDS deflator.,2024
reeds,battery,battery_li,Moderate,{},fom_energy,2018,9.766544886311571,USD/kWh-yr,2022,calculated,atb_2020_workbook.xlsm | deflator.csv,https://atb-archive.nlr.gov/electricity/2020/files/2020-ATB-Data.xlsm | https://github.com/ReEDS-Model/ReEDS/blob/db6a1ba95836b649176fca50030e82a6b4cf9bb5/inputs/financials/deflator.csv,[2018],"[{""file"":""atb_2020_workbook.xlsm"",""url"":""https://atb-archive.nlr.gov/electricity/2020/files/2020-ATB-Data.xlsm"",""sha256"":""2fc2ccf72853304e45803959c77d82806debe8b686eec294838a7ac5219a7a13"",""format"":""workbook"",""location"":""Storage!L14,L11"",""dollar_year"":2018},{""file"":""deflator.csv"",""url"":""https://github.com/ReEDS-Model/ReEDS/blob/db6a1ba95836b649176fca50030e82a6b4cf9bb5/inputs/financials/deflator.csv"",""sha256"":""538d3afb409a3c89ce0f96a70867855f9bb64afa82776e875129b2547e329315"",""location"":""value_target=value_source*deflator[source_dollar_year]/deflator[target_dollar_year]"",""dollar_year"":""""}]",ATB 2020 Moderate base-year estimate; year=release-2. Calculated battery components: E=(C4-C2)/(4-2); P=C2-2*E; C(h)=P+h*E from ATB 2-hour and 4-hour system costs. ReEDS FOM convention: 2.5% of capital component. Converted with the ReEDS deflator.,2020
reeds,battery,battery_li,Moderate,{},fom_energy,2019,8.308207045080593,USD/kWh-yr,2022,calculated,atb_2021_workbook.xlsm | deflator.csv,https://data.openei.org/files/4129/2021-ATB-Data_Master_new.xlsm | https://github.com/ReEDS-Model/ReEDS/blob/db6a1ba95836b649176fca50030e82a6b4cf9bb5/inputs/financials/deflator.csv,[2019],"[{""file"":""atb_2021_workbook.xlsm"",""url"":""https://data.openei.org/files/4129/2021-ATB-Data_Master_new.xlsm"",""sha256"":""211bc492df941a58acac912edea27c2ac2abf6d74fb2a24355fda6660c055632"",""format"":""workbook"",""location"":""Utility-Scale Battery Storage: capcost_energy, Moderate, 2019"",""dollar_year"":2019},{""file"":""deflator.csv"",""url"":""https://github.com/ReEDS-Model/ReEDS/blob/db6a1ba95836b649176fca50030e82a6b4cf9bb5/inputs/financials/deflator.csv"",""sha256"":""538d3afb409a3c89ce0f96a70867855f9bb64afa82776e875129b2547e329315"",""location"":""value_target=value_source*deflator[source_dollar_year]/deflator[target_dollar_year]"",""dollar_year"":""""}]",ATB 2021 Moderate base-year estimate; year=release-2. ReEDS FOM convention: 2.5% of capital component. Converted with the ReEDS deflator.,2021
reeds,battery,battery_li,Moderate,{},fom_energy,2020,10.444162198462713,USD/kWh-yr,2022,calculated,atb_2022_workbook.xlsx | deflator.csv,https://data.openei.org/files/5716/2022 v3 Annual Technology Baseline Workbook Mid-year update 2-15-2023.xlsx | https://github.com/ReEDS-Model/ReEDS/blob/db6a1ba95836b649176fca50030e82a6b4cf9bb5/inputs/financials/deflator.csv,[2020],"[{""file"":""atb_2022_workbook.xlsx"",""url"":""https://data.openei.org/files/5716/2022 v3 Annual Technology Baseline Workbook Mid-year update 2-15-2023.xlsx"",""sha256"":""5ad5e47373f0dea32991d5828831bb407550397f1956abda6870e6786134b87e"",""format"":""workbook"",""location"":""Utility-Scale Battery Storage: capcost_energy, Moderate, 2020"",""dollar_year"":2020},{""file"":""deflator.csv"",""url"":""https://github.com/ReEDS-Model/ReEDS/blob/db6a1ba95836b649176fca50030e82a6b4cf9bb5/inputs/financials/deflator.csv"",""sha256"":""538d3afb409a3c89ce0f96a70867855f9bb64afa82776e875129b2547e329315"",""location"":""value_target=value_source*deflator[source_dollar_year]/deflator[target_dollar_year]"",""dollar_year"":""""}]",ATB 2022 Moderate base-year estimate; year=release-2. ReEDS FOM convention: 2.5% of capital component. Converted with the ReEDS deflator.,2022
reeds,battery,battery_li,Moderate,{},fom_energy,2021,8.695378355874281,USD/kWh-yr,2022,calculated,atb_2023_workbook.xlsx | deflator.csv,https://data.openei.org/files/5865/2023-ATB-Data_Master_v9.0.xlsx | https://github.com/ReEDS-Model/ReEDS/blob/db6a1ba95836b649176fca50030e82a6b4cf9bb5/inputs/financials/deflator.csv,[2021],"[{""file"":""atb_2023_workbook.xlsx"",""url"":""https://data.openei.org/files/5865/2023-ATB-Data_Master_v9.0.xlsx"",""sha256"":""ec819404979d20e0e8de77e81f9e0ac7e6a9d51e52a3cb01dcca84dacd044092"",""format"":""battery"",""location"":""Utility-Scale Battery Storage: capcost_energy, Moderate, 2021"",""dollar_year"":2021},{""file"":""deflator.csv"",""url"":""https://github.com/ReEDS-Model/ReEDS/blob/db6a1ba95836b649176fca50030e82a6b4cf9bb5/inputs/financials/deflator.csv"",""sha256"":""538d3afb409a3c89ce0f96a70867855f9bb64afa82776e875129b2547e329315"",""location"":""value_target=value_source*deflator[source_dollar_year]/deflator[target_dollar_year]"",""dollar_year"":""""}]",ATB 2023 Moderate base-year estimate; year=release-2. ReEDS FOM convention: 2.5% of capital component. Converted with the ReEDS deflator.,2023
reeds,battery,battery_li,Moderate,{},fom_energy,2022,9.773214948,USD/kWh-yr,2022,calculated,atb_2024_workbook.xlsx | deflator.csv,https://data.openei.org/files/6006/2024_v3_Workbook.xlsx | https://github.com/ReEDS-Model/ReEDS/blob/db6a1ba95836b649176fca50030e82a6b4cf9bb5/inputs/financials/deflator.csv,[2022],"[{""file"":""atb_2024_workbook.xlsx"",""url"":""https://data.openei.org/files/6006/2024_v3_Workbook.xlsx"",""sha256"":""34316344383535a8bf9eb220bc54282cff75bcbc332a38e8c10a17c487dc8e46"",""format"":""battery"",""location"":""Utility-Scale Battery Storage: capcost_energy, Moderate, 2022"",""dollar_year"":2022},{""file"":""deflator.csv"",""url"":""https://github.com/ReEDS-Model/ReEDS/blob/db6a1ba95836b649176fca50030e82a6b4cf9bb5/inputs/financials/deflator.csv"",""sha256"":""538d3afb409a3c89ce0f96a70867855f9bb64afa82776e875129b2547e329315"",""location"":""value_target=value_source*deflator[source_dollar_year]/deflator[target_dollar_year]"",""dollar_year"":""""}]",ATB 2024 Moderate base-year estimate; year=release-2. ReEDS FOM convention: 2.5% of capital component. Converted with the ReEDS deflator.,2024
reeds,battery,battery_li,Moderate,{},rte,2018,0.85,fraction,,atb,atb_2020_workbook.xlsm,https://atb-archive.nlr.gov/electricity/2020/files/2020-ATB-Data.xlsm,[2018],"[{""file"":""atb_2020_workbook.xlsm"",""url"":""https://atb-archive.nlr.gov/electricity/2020/files/2020-ATB-Data.xlsm"",""sha256"":""2fc2ccf72853304e45803959c77d82806debe8b686eec294838a7ac5219a7a13"",""format"":""workbook"",""location"":""Storage!L37"",""dollar_year"":2018}]",ATB 2020 Moderate base-year estimate; year=release-2.,2020
reeds,battery,battery_li,Moderate,{},rte,2019,0.85,fraction,,atb,atb_2021_workbook.xlsm,https://data.openei.org/files/4129/2021-ATB-Data_Master_new.xlsm,[2019],"[{""file"":""atb_2021_workbook.xlsm"",""url"":""https://data.openei.org/files/4129/2021-ATB-Data_Master_new.xlsm"",""sha256"":""211bc492df941a58acac912edea27c2ac2abf6d74fb2a24355fda6660c055632"",""format"":""workbook"",""location"":""Utility-Scale Battery Storage!F90"",""dollar_year"":2019}]",ATB 2021 Moderate base-year estimate; year=release-2.,2021
reeds,battery,battery_li,Moderate,{},rte,2020,0.85,fraction,,atb,atb_2022_workbook.xlsx,https://data.openei.org/files/5716/2022 v3 Annual Technology Baseline Workbook Mid-year update 2-15-2023.xlsx,[2020],"[{""file"":""atb_2022_workbook.xlsx"",""url"":""https://data.openei.org/files/5716/2022 v3 Annual Technology Baseline Workbook Mid-year update 2-15-2023.xlsx"",""sha256"":""5ad5e47373f0dea32991d5828831bb407550397f1956abda6870e6786134b87e"",""format"":""workbook"",""location"":""Utility-Scale Battery Storage!G90"",""dollar_year"":2020}]",ATB 2022 Moderate base-year estimate; year=release-2.,2022
reeds,battery,battery_li,Moderate,{},rte,2021,0.85,fraction,,atb,atb_2023_workbook.xlsx,https://data.openei.org/files/5865/2023-ATB-Data_Master_v9.0.xlsx,[2021],"[{""file"":""atb_2023_workbook.xlsx"",""url"":""https://data.openei.org/files/5865/2023-ATB-Data_Master_v9.0.xlsx"",""sha256"":""ec819404979d20e0e8de77e81f9e0ac7e6a9d51e52a3cb01dcca84dacd044092"",""format"":""battery"",""location"":""Utility-Scale Battery Storage!G97"",""dollar_year"":2021}]",ATB 2023 Moderate base-year estimate; year=release-2.,2023
reeds,battery,battery_li,Moderate,{},rte,2022,0.85,fraction,,atb,atb_2024_workbook.xlsx,https://data.openei.org/files/6006/2024_v3_Workbook.xlsx,[2022],"[{""file"":""atb_2024_workbook.xlsx"",""url"":""https://data.openei.org/files/6006/2024_v3_Workbook.xlsx"",""sha256"":""34316344383535a8bf9eb220bc54282cff75bcbc332a38e8c10a17c487dc8e46"",""format"":""battery"",""location"":""Utility-Scale Battery Storage!G173"",""dollar_year"":2022}]",ATB 2024 Moderate base-year estimate; year=release-2.,2024
reeds,battery,battery_li,Moderate,{},vom,2018,0.0,USD/MWh,2022,atb,atb_2020_workbook.xlsm | deflator.csv,https://atb-archive.nlr.gov/electricity/2020/files/2020-ATB-Data.xlsm | https://github.com/ReEDS-Model/ReEDS/blob/db6a1ba95836b649176fca50030e82a6b4cf9bb5/inputs/financials/deflator.csv,[2018],"[{""file"":""atb_2020_workbook.xlsm"",""url"":""https://atb-archive.nlr.gov/electricity/2020/files/2020-ATB-Data.xlsm"",""sha256"":""2fc2ccf72853304e45803959c77d82806debe8b686eec294838a7ac5219a7a13"",""format"":""workbook"",""location"":""Storage!L29"",""dollar_year"":2018},{""file"":""deflator.csv"",""url"":""https://github.com/ReEDS-Model/ReEDS/blob/db6a1ba95836b649176fca50030e82a6b4cf9bb5/inputs/financials/deflator.csv"",""sha256"":""538d3afb409a3c89ce0f96a70867855f9bb64afa82776e875129b2547e329315"",""location"":""value_target=value_source*deflator[source_dollar_year]/deflator[target_dollar_year]"",""dollar_year"":""""}]",ATB 2020 Moderate base-year estimate; year=release-2. Converted with the ReEDS deflator.,2020
reeds,battery,battery_li,Moderate,{},vom,2019,0.0,USD/MWh,2022,atb,atb_2021_workbook.xlsm | deflator.csv,https://data.openei.org/files/4129/2021-ATB-Data_Master_new.xlsm | https://github.com/ReEDS-Model/ReEDS/blob/db6a1ba95836b649176fca50030e82a6b4cf9bb5/inputs/financials/deflator.csv,[2019],"[{""file"":""atb_2021_workbook.xlsm"",""url"":""https://data.openei.org/files/4129/2021-ATB-Data_Master_new.xlsm"",""sha256"":""211bc492df941a58acac912edea27c2ac2abf6d74fb2a24355fda6660c055632"",""format"":""workbook"",""location"":""Utility-Scale Battery Storage!F73"",""dollar_year"":2019},{""file"":""deflator.csv"",""url"":""https://github.com/ReEDS-Model/ReEDS/blob/db6a1ba95836b649176fca50030e82a6b4cf9bb5/inputs/financials/deflator.csv"",""sha256"":""538d3afb409a3c89ce0f96a70867855f9bb64afa82776e875129b2547e329315"",""location"":""value_target=value_source*deflator[source_dollar_year]/deflator[target_dollar_year]"",""dollar_year"":""""}]",ATB 2021 Moderate base-year estimate; year=release-2. Converted with the ReEDS deflator.,2021
reeds,battery,battery_li,Moderate,{},vom,2020,0.0,USD/MWh,2022,atb,atb_2022_workbook.xlsx | deflator.csv,https://data.openei.org/files/5716/2022 v3 Annual Technology Baseline Workbook Mid-year update 2-15-2023.xlsx | https://github.com/ReEDS-Model/ReEDS/blob/db6a1ba95836b649176fca50030e82a6b4cf9bb5/inputs/financials/deflator.csv,[2020],"[{""file"":""atb_2022_workbook.xlsx"",""url"":""https://data.openei.org/files/5716/2022 v3 Annual Technology Baseline Workbook Mid-year update 2-15-2023.xlsx"",""sha256"":""5ad5e47373f0dea32991d5828831bb407550397f1956abda6870e6786134b87e"",""format"":""workbook"",""location"":""Utility-Scale Battery Storage!G73"",""dollar_year"":2020},{""file"":""deflator.csv"",""url"":""https://github.com/ReEDS-Model/ReEDS/blob/db6a1ba95836b649176fca50030e82a6b4cf9bb5/inputs/financials/deflator.csv"",""sha256"":""538d3afb409a3c89ce0f96a70867855f9bb64afa82776e875129b2547e329315"",""location"":""value_target=value_source*deflator[source_dollar_year]/deflator[target_dollar_year]"",""dollar_year"":""""}]",ATB 2022 Moderate base-year estimate; year=release-2. Converted with the ReEDS deflator.,2022
reeds,battery,battery_li,Moderate,{},vom,2021,0.0,USD/MWh,2022,atb,atb_2023_workbook.xlsx | deflator.csv,https://data.openei.org/files/5865/2023-ATB-Data_Master_v9.0.xlsx | https://github.com/ReEDS-Model/ReEDS/blob/db6a1ba95836b649176fca50030e82a6b4cf9bb5/inputs/financials/deflator.csv,[2021],"[{""file"":""atb_2023_workbook.xlsx"",""url"":""https://data.openei.org/files/5865/2023-ATB-Data_Master_v9.0.xlsx"",""sha256"":""ec819404979d20e0e8de77e81f9e0ac7e6a9d51e52a3cb01dcca84dacd044092"",""format"":""battery"",""location"":""Utility-Scale Battery Storage!G80"",""dollar_year"":2021},{""file"":""deflator.csv"",""url"":""https://github.com/ReEDS-Model/ReEDS/blob/db6a1ba95836b649176fca50030e82a6b4cf9bb5/inputs/financials/deflator.csv"",""sha256"":""538d3afb409a3c89ce0f96a70867855f9bb64afa82776e875129b2547e329315"",""location"":""value_target=value_source*deflator[source_dollar_year]/deflator[target_dollar_year]"",""dollar_year"":""""}]",ATB 2023 Moderate base-year estimate; year=release-2. Converted with the ReEDS deflator.,2023
reeds,battery,battery_li,Moderate,{},vom,2022,0.0,USD/MWh,2022,atb,atb_2024_workbook.xlsx | deflator.csv,https://data.openei.org/files/6006/2024_v3_Workbook.xlsx | https://github.com/ReEDS-Model/ReEDS/blob/db6a1ba95836b649176fca50030e82a6b4cf9bb5/inputs/financials/deflator.csv,[2022],"[{""file"":""atb_2024_workbook.xlsx"",""url"":""https://data.openei.org/files/6006/2024_v3_Workbook.xlsx"",""sha256"":""34316344383535a8bf9eb220bc54282cff75bcbc332a38e8c10a17c487dc8e46"",""format"":""battery"",""location"":""Utility-Scale Battery Storage!G139"",""dollar_year"":2022},{""file"":""deflator.csv"",""url"":""https://github.com/ReEDS-Model/ReEDS/blob/db6a1ba95836b649176fca50030e82a6b4cf9bb5/inputs/financials/deflator.csv"",""sha256"":""538d3afb409a3c89ce0f96a70867855f9bb64afa82776e875129b2547e329315"",""location"":""value_target=value_source*deflator[source_dollar_year]/deflator[target_dollar_year]"",""dollar_year"":""""}]",ATB 2024 Moderate base-year estimate; year=release-2. Converted with the ReEDS deflator.,2024
reeds,biopower,biopower,Moderate,{},capcost,2013,4991.183178129,USD/kW,2022,atb,atb_2015_workbook.xlsm | deflator.csv,https://docs.nlr.gov/docs/fy15osti/64077-DA.xlsm | https://github.com/ReEDS-Model/ReEDS/blob/db6a1ba95836b649176fca50030e82a6b4cf9bb5/inputs/financials/deflator.csv,[2013],"[{""file"":""atb_2015_workbook.xlsm"",""url"":""https://docs.nlr.gov/docs/fy15osti/64077-DA.xlsm"",""sha256"":""1f5e9a1d81f766d8c0a4e320dba9c27953321df5321ae3d04a854a23f7ca48df"",""format"":""workbook"",""location"":""Conventional - Biopower!L32"",""dollar_year"":2013},{""file"":""deflator.csv"",""url"":""https://github.com/ReEDS-Model/ReEDS/blob/db6a1ba95836b649176fca50030e82a6b4cf9bb5/inputs/financials/deflator.csv"",""sha256"":""538d3afb409a3c89ce0f96a70867855f9bb64afa82776e875129b2547e329315"",""location"":""value_target=value_source*deflator[source_dollar_year]/deflator[target_dollar_year]"",""dollar_year"":""""}]",ATB 2015 Moderate base-year estimate; year=release-2. Converted with the ReEDS deflator.,2015
reeds,biopower,biopower,Moderate,{},capcost,2014,4591.177324331939,USD/kW,2022,atb,atb_2016_workbook.xlsm | deflator.csv,https://docs.nlr.gov/docs/fy16osti/66944-DA.xlsm | https://github.com/ReEDS-Model/ReEDS/blob/db6a1ba95836b649176fca50030e82a6b4cf9bb5/inputs/financials/deflator.csv,[2014],"[{""file"":""atb_2016_workbook.xlsm"",""url"":""https://docs.nlr.gov/docs/fy16osti/66944-DA.xlsm"",""sha256"":""e622248d457ee99cba45474a7a7218a2bfd96f95d698d5a1099e3e2ea1b3b555"",""format"":""workbook"",""location"":""Conventional - Biopower!L32"",""dollar_year"":2014},{""file"":""deflator.csv"",""url"":""https://github.com/ReEDS-Model/ReEDS/blob/db6a1ba95836b649176fca50030e82a6b4cf9bb5/inputs/financials/deflator.csv"",""sha256"":""538d3afb409a3c89ce0f96a70867855f9bb64afa82776e875129b2547e329315"",""location"":""value_target=value_source*deflator[source_dollar_year]/deflator[target_dollar_year]"",""dollar_year"":""""}]",ATB 2016 Moderate base-year estimate; year=release-2. Converted with the ReEDS deflator.,2016
reeds,biopower,biopower,Moderate,{},capcost,2015,4610.514932931622,USD/kW,2022,atb,atb_2017_workbook.xlsm | deflator.csv,https://data.nlr.gov/system/files/71/2017-ATB-data.xlsm | https://github.com/ReEDS-Model/ReEDS/blob/db6a1ba95836b649176fca50030e82a6b4cf9bb5/inputs/financials/deflator.csv,[2015],"[{""file"":""atb_2017_workbook.xlsm"",""url"":""https://data.nlr.gov/system/files/71/2017-ATB-data.xlsm"",""sha256"":""5712fc8d062ccb40aa6930edbf60ba1f8f4a13c08f7e4e532b78e24fa23ba55d"",""format"":""workbook"",""location"":""Biopower!L32"",""dollar_year"":2015},{""file"":""deflator.csv"",""url"":""https://github.com/ReEDS-Model/ReEDS/blob/db6a1ba95836b649176fca50030e82a6b4cf9bb5/inputs/financials/deflator.csv"",""sha256"":""538d3afb409a3c89ce0f96a70867855f9bb64afa82776e875129b2547e329315"",""location"":""value_target=value_source*deflator[source_dollar_year]/deflator[target_dollar_year]"",""dollar_year"":""""}]",ATB 2017 Moderate base-year estimate; year=release-2. Converted with the ReEDS deflator.,2017
reeds,biopower,biopower,Moderate,{},capcost,2016,4638.667353060694,USD/kW,2022,atb,atb_2018_workbook.xlsm | deflator.csv,https://data.nlr.gov/system/files/89/2018-ATB-data-interim-geo.xlsm | https://github.com/ReEDS-Model/ReEDS/blob/db6a1ba95836b649176fca50030e82a6b4cf9bb5/inputs/financials/deflator.csv,[2016],"[{""file"":""atb_2018_workbook.xlsm"",""url"":""https://data.nlr.gov/system/files/89/2018-ATB-data-interim-geo.xlsm"",""sha256"":""975f5a963c817b0da3f9e762a3458fdbee58f11b3d80656eb3ba528d2901fbdf"",""format"":""workbook"",""location"":""Biopower!L32"",""dollar_year"":2016},{""file"":""deflator.csv"",""url"":""https://github.com/ReEDS-Model/ReEDS/blob/db6a1ba95836b649176fca50030e82a6b4cf9bb5/inputs/financials/deflator.csv"",""sha256"":""538d3afb409a3c89ce0f96a70867855f9bb64afa82776e875129b2547e329315"",""location"":""value_target=value_source*deflator[source_dollar_year]/deflator[target_dollar_year]"",""dollar_year"":""""}]",ATB 2018 Moderate base-year estimate; year=release-2. Converted with the ReEDS deflator.,2018
reeds,biopower,biopower,Moderate,{},capcost,2017,4565.526135197708,USD/kW,2022,atb,atb_2019_workbook.xlsm | deflator.csv,https://data.nlr.gov/system/files/115/2019-ATB-data.xlsm | https://github.com/ReEDS-Model/ReEDS/blob/db6a1ba95836b649176fca50030e82a6b4cf9bb5/inputs/financials/deflator.csv,[2017],"[{""file"":""atb_2019_workbook.xlsm"",""url"":""https://data.nlr.gov/system/files/115/2019-ATB-data.xlsm"",""sha256"":""f7807beb3496c1cfde28ed2a3115abd1d88e968273eb90f52cfe89f1845de42b"",""format"":""workbook"",""location"":""Biopower!L32"",""dollar_year"":2017},{""file"":""deflator.csv"",""url"":""https://github.com/ReEDS-Model/ReEDS/blob/db6a1ba95836b649176fca50030e82a6b4cf9bb5/inputs/financials/deflator.csv"",""sha256"":""538d3afb409a3c89ce0f96a70867855f9bb64afa82776e875129b2547e329315"",""location"":""value_target=value_source*deflator[source_dollar_year]/deflator[target_dollar_year]"",""dollar_year"":""""}]",ATB 2019 Moderate base-year estimate; year=release-2. Converted with the ReEDS deflator.,2019
reeds,biopower,biopower,Moderate,{},capcost,2018,4683.546661756363,USD/kW,2022,atb,atb_2020_workbook.xlsm | deflator.csv,https://atb-archive.nlr.gov/electricity/2020/files/2020-ATB-Data.xlsm | https://github.com/ReEDS-Model/ReEDS/blob/db6a1ba95836b649176fca50030e82a6b4cf9bb5/inputs/financials/deflator.csv,[2018],"[{""file"":""atb_2020_workbook.xlsm"",""url"":""https://atb-archive.nlr.gov/electricity/2020/files/2020-ATB-Data.xlsm"",""sha256"":""2fc2ccf72853304e45803959c77d82806debe8b686eec294838a7ac5219a7a13"",""format"":""workbook"",""location"":""Biopower!L32"",""dollar_year"":2018},{""file"":""deflator.csv"",""url"":""https://github.com/ReEDS-Model/ReEDS/blob/db6a1ba95836b649176fca50030e82a6b4cf9bb5/inputs/financials/deflator.csv"",""sha256"":""538d3afb409a3c89ce0f96a70867855f9bb64afa82776e875129b2547e329315"",""location"":""value_target=value_source*deflator[source_dollar_year]/deflator[target_dollar_year]"",""dollar_year"":""""}]",ATB 2020 Moderate base-year estimate; year=release-2. Converted with the ReEDS deflator.,2020
reeds,biopower,biopower,Moderate,{},capcost,2019,4598.4800686366625,USD/kW,2022,atb,atb_2021_workbook.xlsm | deflator.csv,https://data.openei.org/files/4129/2021-ATB-Data_Master_new.xlsm | https://github.com/ReEDS-Model/ReEDS/blob/db6a1ba95836b649176fca50030e82a6b4cf9bb5/inputs/financials/deflator.csv,[2019],"[{""file"":""atb_2021_workbook.xlsm"",""url"":""https://data.openei.org/files/4129/2021-ATB-Data_Master_new.xlsm"",""sha256"":""211bc492df941a58acac912edea27c2ac2abf6d74fb2a24355fda6660c055632"",""format"":""workbook"",""location"":""Biopower!L120"",""dollar_year"":2019},{""file"":""deflator.csv"",""url"":""https://github.com/ReEDS-Model/ReEDS/blob/db6a1ba95836b649176fca50030e82a6b4cf9bb5/inputs/financials/deflator.csv"",""sha256"":""538d3afb409a3c89ce0f96a70867855f9bb64afa82776e875129b2547e329315"",""location"":""value_target=value_source*deflator[source_dollar_year]/deflator[target_dollar_year]"",""dollar_year"":""""}]",ATB 2021 Moderate base-year estimate; year=release-2. Converted with the ReEDS deflator.,2021
reeds,biopower,biopower,Moderate,{},capcost,2020,4617.359755540521,USD/kW,2022,atb,atb_2022_workbook.xlsx | deflator.csv,https://data.openei.org/files/5716/2022 v3 Annual Technology Baseline Workbook Mid-year update 2-15-2023.xlsx | https://github.com/ReEDS-Model/ReEDS/blob/db6a1ba95836b649176fca50030e82a6b4cf9bb5/inputs/financials/deflator.csv,[2020],"[{""file"":""atb_2022_workbook.xlsx"",""url"":""https://data.openei.org/files/5716/2022 v3 Annual Technology Baseline Workbook Mid-year update 2-15-2023.xlsx"",""sha256"":""5ad5e47373f0dea32991d5828831bb407550397f1956abda6870e6786134b87e"",""format"":""workbook"",""location"":""Biopower!M98"",""dollar_year"":2020},{""file"":""deflator.csv"",""url"":""https://github.com/ReEDS-Model/ReEDS/blob/db6a1ba95836b649176fca50030e82a6b4cf9bb5/inputs/financials/deflator.csv"",""sha256"":""538d3afb409a3c89ce0f96a70867855f9bb64afa82776e875129b2547e329315"",""location"":""value_target=value_source*deflator[source_dollar_year]/deflator[target_dollar_year]"",""dollar_year"":""""}]",ATB 2022 Moderate base-year estimate; year=release-2. Converted with the ReEDS deflator.,2022
reeds,biopower,biopower,Moderate,{},capcost,2021,5183.685350322238,USD/kW,2022,atb,atb_2023_flat_file.csv | deflator.csv,https://oedi-data-lake.s3.amazonaws.com/ATB/electricity/csv/2023/ATBe.csv | https://github.com/ReEDS-Model/ReEDS/blob/db6a1ba95836b649176fca50030e82a6b4cf9bb5/inputs/financials/deflator.csv,[2021],"[{""file"":""atb_2023_flat_file.csv"",""url"":""https://oedi-data-lake.s3.amazonaws.com/ATB/electricity/csv/2023/ATBe.csv"",""sha256"":""5073733a55c84facceb25ec56b83d05d9c990155486111fff137854ccd2fab71"",""format"":""flat"",""location"":""CSV row 167862"",""dollar_year"":2021},{""file"":""deflator.csv"",""url"":""https://github.com/ReEDS-Model/ReEDS/blob/db6a1ba95836b649176fca50030e82a6b4cf9bb5/inputs/financials/deflator.csv"",""sha256"":""538d3afb409a3c89ce0f96a70867855f9bb64afa82776e875129b2547e329315"",""location"":""value_target=value_source*deflator[source_dollar_year]/deflator[target_dollar_year]"",""dollar_year"":""""}]",ATB 2023 Moderate base-year estimate; year=release-2. Case: Market. Converted with the ReEDS deflator.,2023
reeds,biopower,biopower,Moderate,{},capcost,2022,4829.860171205797,USD/kW,2022,atb,atb_2024_flat_file.csv | deflator.csv,https://oedi-data-lake.s3.amazonaws.com/ATB/electricity/csv/2024/v3.0.0/ATBe.csv | https://github.com/ReEDS-Model/ReEDS/blob/db6a1ba95836b649176fca50030e82a6b4cf9bb5/inputs/financials/deflator.csv,[2022],"[{""file"":""atb_2024_flat_file.csv"",""url"":""https://oedi-data-lake.s3.amazonaws.com/ATB/electricity/csv/2024/v3.0.0/ATBe.csv"",""sha256"":""b0f0de40786350ba8dd5eec9023540f72ceeb8ab4478bc31abaf1c0d5eb20959"",""format"":""flat"",""location"":""CSV row 77102"",""dollar_year"":2022},{""file"":""deflator.csv"",""url"":""https://github.com/ReEDS-Model/ReEDS/blob/db6a1ba95836b649176fca50030e82a6b4cf9bb5/inputs/financials/deflator.csv"",""sha256"":""538d3afb409a3c89ce0f96a70867855f9bb64afa82776e875129b2547e329315"",""location"":""value_target=value_source*deflator[source_dollar_year]/deflator[target_dollar_year]"",""dollar_year"":""""}]",ATB 2024 Moderate base-year estimate; year=release-2. Case: Market. Unit from ATB parameter definition; CSV unit blank. Converted with the ReEDS deflator.,2024
reeds,biopower,biopower,Moderate,{},cf_improvement,2013,0.508,fraction,,atb,atb_2015_workbook.xlsm,https://docs.nlr.gov/docs/fy15osti/64077-DA.xlsm,[2013],"[{""file"":""atb_2015_workbook.xlsm"",""url"":""https://docs.nlr.gov/docs/fy15osti/64077-DA.xlsm"",""sha256"":""1f5e9a1d81f766d8c0a4e320dba9c27953321df5321ae3d04a854a23f7ca48df"",""format"":""workbook"",""location"":""Conventional - Biopower!L12"",""dollar_year"":2013}]",ATB 2015 Moderate base-year estimate; year=release-2.,2015
reeds,biopower,biopower,Moderate,{},cf_improvement,2014,0.521,fraction,,atb,atb_2016_workbook.xlsm,https://docs.nlr.gov/docs/fy16osti/66944-DA.xlsm,[2014],"[{""file"":""atb_2016_workbook.xlsm"",""url"":""https://docs.nlr.gov/docs/fy16osti/66944-DA.xlsm"",""sha256"":""e622248d457ee99cba45474a7a7218a2bfd96f95d698d5a1099e3e2ea1b3b555"",""format"":""workbook"",""location"":""Conventional - Biopower!L12"",""dollar_year"":2014}]",ATB 2016 Moderate base-year estimate; year=release-2.,2016
reeds,biopower,biopower,Moderate,{},cf_improvement,2015,0.521,fraction,,atb,atb_2017_workbook.xlsm,https://data.nlr.gov/system/files/71/2017-ATB-data.xlsm,[2015],"[{""file"":""atb_2017_workbook.xlsm"",""url"":""https://data.nlr.gov/system/files/71/2017-ATB-data.xlsm"",""sha256"":""5712fc8d062ccb40aa6930edbf60ba1f8f4a13c08f7e4e532b78e24fa23ba55d"",""format"":""workbook"",""location"":""Biopower!L12"",""dollar_year"":2015}]",ATB 2017 Moderate base-year estimate; year=release-2.,2017
reeds,biopower,biopower,Moderate,{},cf_improvement,2016,0.556,fraction,,atb,atb_2018_workbook.xlsm,https://data.nlr.gov/system/files/89/2018-ATB-data-interim-geo.xlsm,[2016],"[{""file"":""atb_2018_workbook.xlsm"",""url"":""https://data.nlr.gov/system/files/89/2018-ATB-data-interim-geo.xlsm"",""sha256"":""975f5a963c817b0da3f9e762a3458fdbee58f11b3d80656eb3ba528d2901fbdf"",""format"":""workbook"",""location"":""Biopower!L12"",""dollar_year"":2016}]",ATB 2018 Moderate base-year estimate; year=release-2.,2018
reeds,biopower,biopower,Moderate,{},cf_improvement,2017,0.556,fraction,,atb,atb_2019_workbook.xlsm,https://data.nlr.gov/system/files/115/2019-ATB-data.xlsm,[2017],"[{""file"":""atb_2019_workbook.xlsm"",""url"":""https://data.nlr.gov/system/files/115/2019-ATB-data.xlsm"",""sha256"":""f7807beb3496c1cfde28ed2a3115abd1d88e968273eb90f52cfe89f1845de42b"",""format"":""workbook"",""location"":""Biopower!L12"",""dollar_year"":2017}]",ATB 2019 Moderate base-year estimate; year=release-2.,2019
reeds,biopower,biopower,Moderate,{},cf_improvement,2018,0.606,fraction,,atb,atb_2020_workbook.xlsm,https://atb-archive.nlr.gov/electricity/2020/files/2020-ATB-Data.xlsm,[2018],"[{""file"":""atb_2020_workbook.xlsm"",""url"":""https://atb-archive.nlr.gov/electricity/2020/files/2020-ATB-Data.xlsm"",""sha256"":""2fc2ccf72853304e45803959c77d82806debe8b686eec294838a7ac5219a7a13"",""format"":""workbook"",""location"":""Biopower!L12"",""dollar_year"":2018}]",ATB 2020 Moderate base-year estimate; year=release-2.,2020
reeds,biopower,biopower,Moderate,{},cf_improvement,2019,0.625,fraction,,atb,atb_2021_workbook.xlsm,https://data.openei.org/files/4129/2021-ATB-Data_Master_new.xlsm,[2019],"[{""file"":""atb_2021_workbook.xlsm"",""url"":""https://data.openei.org/files/4129/2021-ATB-Data_Master_new.xlsm"",""sha256"":""211bc492df941a58acac912edea27c2ac2abf6d74fb2a24355fda6660c055632"",""format"":""workbook"",""location"":""Biopower!L95"",""dollar_year"":2019}]",ATB 2021 Moderate base-year estimate; year=release-2.,2021
reeds,biopower,biopower,Moderate,{},cf_improvement,2020,0.635,fraction,,atb,atb_2022_workbook.xlsx,https://data.openei.org/files/5716/2022 v3 Annual Technology Baseline Workbook Mid-year update 2-15-2023.xlsx,[2020],"[{""file"":""atb_2022_workbook.xlsx"",""url"":""https://data.openei.org/files/5716/2022 v3 Annual Technology Baseline Workbook Mid-year update 2-15-2023.xlsx"",""sha256"":""5ad5e47373f0dea32991d5828831bb407550397f1956abda6870e6786134b87e"",""format"":""workbook"",""location"":""Biopower!M73"",""dollar_year"":2020}]",ATB 2022 Moderate base-year estimate; year=release-2.,2022
reeds,biopower,biopower,Moderate,{},cf_improvement,2021,0.635,fraction,,atb,atb_2023_flat_file.csv,https://oedi-data-lake.s3.amazonaws.com/ATB/electricity/csv/2023/ATBe.csv,[2021],"[{""file"":""atb_2023_flat_file.csv"",""url"":""https://oedi-data-lake.s3.amazonaws.com/ATB/electricity/csv/2023/ATBe.csv"",""sha256"":""5073733a55c84facceb25ec56b83d05d9c990155486111fff137854ccd2fab71"",""format"":""flat"",""location"":""CSV row 112140"",""dollar_year"":2021}]",ATB 2023 Moderate base-year estimate; year=release-2. Case: Market. Unit from ATB parameter definition; CSV unit blank.,2023
reeds,biopower,biopower,Moderate,{},cf_improvement,2022,0.6,fraction,,atb,atb_2024_flat_file.csv,https://oedi-data-lake.s3.amazonaws.com/ATB/electricity/csv/2024/v3.0.0/ATBe.csv,[2022],"[{""file"":""atb_2024_flat_file.csv"",""url"":""https://oedi-data-lake.s3.amazonaws.com/ATB/electricity/csv/2024/v3.0.0/ATBe.csv"",""sha256"":""b0f0de40786350ba8dd5eec9023540f72ceeb8ab4478bc31abaf1c0d5eb20959"",""format"":""flat"",""location"":""CSV row 77068"",""dollar_year"":2022}]",ATB 2024 Moderate base-year estimate; year=release-2. Case: Market. Unit from ATB parameter definition; CSV unit blank.,2024
reeds,biopower,biopower,Moderate,{},fom,2013,134.53567442197587,USD/kW-yr,2022,atb,atb_2015_workbook.xlsm | deflator.csv,https://docs.nlr.gov/docs/fy15osti/64077-DA.xlsm | https://github.com/ReEDS-Model/ReEDS/blob/db6a1ba95836b649176fca50030e82a6b4cf9bb5/inputs/financials/deflator.csv,[2013],"[{""file"":""atb_2015_workbook.xlsm"",""url"":""https://docs.nlr.gov/docs/fy15osti/64077-DA.xlsm"",""sha256"":""1f5e9a1d81f766d8c0a4e320dba9c27953321df5321ae3d04a854a23f7ca48df"",""format"":""workbook"",""location"":""Conventional - Biopower!L36"",""dollar_year"":2013},{""file"":""deflator.csv"",""url"":""https://github.com/ReEDS-Model/ReEDS/blob/db6a1ba95836b649176fca50030e82a6b4cf9bb5/inputs/financials/deflator.csv"",""sha256"":""538d3afb409a3c89ce0f96a70867855f9bb64afa82776e875129b2547e329315"",""location"":""value_target=value_source*deflator[source_dollar_year]/deflator[target_dollar_year]"",""dollar_year"":""""}]",ATB 2015 Moderate base-year estimate; year=release-2. Converted with the ReEDS deflator.,2015
reeds,biopower,biopower,Moderate,{},fom,2014,132.477863324123,USD/kW-yr,2022,atb,atb_2016_workbook.xlsm | deflator.csv,https://docs.nlr.gov/docs/fy16osti/66944-DA.xlsm | https://github.com/ReEDS-Model/ReEDS/blob/db6a1ba95836b649176fca50030e82a6b4cf9bb5/inputs/financials/deflator.csv,[2014],"[{""file"":""atb_2016_workbook.xlsm"",""url"":""https://docs.nlr.gov/docs/fy16osti/66944-DA.xlsm"",""sha256"":""e622248d457ee99cba45474a7a7218a2bfd96f95d698d5a1099e3e2ea1b3b555"",""format"":""workbook"",""location"":""Conventional - Biopower!L36"",""dollar_year"":2014},{""file"":""deflator.csv"",""url"":""https://github.com/ReEDS-Model/ReEDS/blob/db6a1ba95836b649176fca50030e82a6b4cf9bb5/inputs/financials/deflator.csv"",""sha256"":""538d3afb409a3c89ce0f96a70867855f9bb64afa82776e875129b2547e329315"",""location"":""value_target=value_source*deflator[source_dollar_year]/deflator[target_dollar_year]"",""dollar_year"":""""}]",ATB 2016 Moderate base-year estimate; year=release-2. Converted with the ReEDS deflator.,2016
reeds,biopower,biopower,Moderate,{},fom,2015,133.33406194326008,USD/kW-yr,2022,atb,atb_2017_workbook.xlsm | deflator.csv,https://data.nlr.gov/system/files/71/2017-ATB-data.xlsm | https://github.com/ReEDS-Model/ReEDS/blob/db6a1ba95836b649176fca50030e82a6b4cf9bb5/inputs/financials/deflator.csv,[2015],"[{""file"":""atb_2017_workbook.xlsm"",""url"":""https://data.nlr.gov/system/files/71/2017-ATB-data.xlsm"",""sha256"":""5712fc8d062ccb40aa6930edbf60ba1f8f4a13c08f7e4e532b78e24fa23ba55d"",""format"":""workbook"",""location"":""Biopower!L36"",""dollar_year"":2015},{""file"":""deflator.csv"",""url"":""https://github.com/ReEDS-Model/ReEDS/blob/db6a1ba95836b649176fca50030e82a6b4cf9bb5/inputs/financials/deflator.csv"",""sha256"":""538d3afb409a3c89ce0f96a70867855f9bb64afa82776e875129b2547e329315"",""location"":""value_target=value_source*deflator[source_dollar_year]/deflator[target_dollar_year]"",""dollar_year"":""""}]",ATB 2017 Moderate base-year estimate; year=release-2. Converted with the ReEDS deflator.,2017
reeds,biopower,biopower,Moderate,{},fom,2016,133.78208572684682,USD/kW-yr,2022,atb,atb_2018_workbook.xlsm | deflator.csv,https://data.nlr.gov/system/files/89/2018-ATB-data-interim-geo.xlsm | https://github.com/ReEDS-Model/ReEDS/blob/db6a1ba95836b649176fca50030e82a6b4cf9bb5/inputs/financials/deflator.csv,[2016],"[{""file"":""atb_2018_workbook.xlsm"",""url"":""https://data.nlr.gov/system/files/89/2018-ATB-data-interim-geo.xlsm"",""sha256"":""975f5a963c817b0da3f9e762a3458fdbee58f11b3d80656eb3ba528d2901fbdf"",""format"":""workbook"",""location"":""Biopower!L36"",""dollar_year"":2016},{""file"":""deflator.csv"",""url"":""https://github.com/ReEDS-Model/ReEDS/blob/db6a1ba95836b649176fca50030e82a6b4cf9bb5/inputs/financials/deflator.csv"",""sha256"":""538d3afb409a3c89ce0f96a70867855f9bb64afa82776e875129b2547e329315"",""location"":""value_target=value_source*deflator[source_dollar_year]/deflator[target_dollar_year]"",""dollar_year"":""""}]",ATB 2018 Moderate base-year estimate; year=release-2. Converted with the ReEDS deflator.,2018
reeds,biopower,biopower,Moderate,{},fom,2017,133.25600464284082,USD/kW-yr,2022,atb,atb_2019_workbook.xlsm | deflator.csv,https://data.nlr.gov/system/files/115/2019-ATB-data.xlsm | https://github.com/ReEDS-Model/ReEDS/blob/db6a1ba95836b649176fca50030e82a6b4cf9bb5/inputs/financials/deflator.csv,[2017],"[{""file"":""atb_2019_workbook.xlsm"",""url"":""https://data.nlr.gov/system/files/115/2019-ATB-data.xlsm"",""sha256"":""f7807beb3496c1cfde28ed2a3115abd1d88e968273eb90f52cfe89f1845de42b"",""format"":""workbook"",""location"":""Biopower!L36"",""dollar_year"":2017},{""file"":""deflator.csv"",""url"":""https://github.com/ReEDS-Model/ReEDS/blob/db6a1ba95836b649176fca50030e82a6b4cf9bb5/inputs/financials/deflator.csv"",""sha256"":""538d3afb409a3c89ce0f96a70867855f9bb64afa82776e875129b2547e329315"",""location"":""value_target=value_source*deflator[source_dollar_year]/deflator[target_dollar_year]"",""dollar_year"":""""}]",ATB 2019 Moderate base-year estimate; year=release-2. Converted with the ReEDS deflator.,2019
reeds,biopower,biopower,Moderate,{},fom,2018,143.2585625928339,USD/kW-yr,2022,atb,atb_2020_workbook.xlsm | deflator.csv,https://atb-archive.nlr.gov/electricity/2020/files/2020-ATB-Data.xlsm | https://github.com/ReEDS-Model/ReEDS/blob/db6a1ba95836b649176fca50030e82a6b4cf9bb5/inputs/financials/deflator.csv,[2018],"[{""file"":""atb_2020_workbook.xlsm"",""url"":""https://atb-archive.nlr.gov/electricity/2020/files/2020-ATB-Data.xlsm"",""sha256"":""2fc2ccf72853304e45803959c77d82806debe8b686eec294838a7ac5219a7a13"",""format"":""workbook"",""location"":""Biopower!L36"",""dollar_year"":2018},{""file"":""deflator.csv"",""url"":""https://github.com/ReEDS-Model/ReEDS/blob/db6a1ba95836b649176fca50030e82a6b4cf9bb5/inputs/financials/deflator.csv"",""sha256"":""538d3afb409a3c89ce0f96a70867855f9bb64afa82776e875129b2547e329315"",""location"":""value_target=value_source*deflator[source_dollar_year]/deflator[target_dollar_year]"",""dollar_year"":""""}]",ATB 2020 Moderate base-year estimate; year=release-2. Converted with the ReEDS deflator.,2020
reeds,biopower,biopower,Moderate,{},fom,2019,171.4594004287793,USD/kW-yr,2022,atb,atb_2021_workbook.xlsm | deflator.csv,https://data.openei.org/files/4129/2021-ATB-Data_Master_new.xlsm | https://github.com/ReEDS-Model/ReEDS/blob/db6a1ba95836b649176fca50030e82a6b4cf9bb5/inputs/financials/deflator.csv,[2019],"[{""file"":""atb_2021_workbook.xlsm"",""url"":""https://data.openei.org/files/4129/2021-ATB-Data_Master_new.xlsm"",""sha256"":""211bc492df941a58acac912edea27c2ac2abf6d74fb2a24355fda6660c055632"",""format"":""workbook"",""location"":""Biopower!L125"",""dollar_year"":2019},{""file"":""deflator.csv"",""url"":""https://github.com/ReEDS-Model/ReEDS/blob/db6a1ba95836b649176fca50030e82a6b4cf9bb5/inputs/financials/deflator.csv"",""sha256"":""538d3afb409a3c89ce0f96a70867855f9bb64afa82776e875129b2547e329315"",""location"":""value_target=value_source*deflator[source_dollar_year]/deflator[target_dollar_year]"",""dollar_year"":""""}]",ATB 2021 Moderate base-year estimate; year=release-2. Converted with the ReEDS deflator.,2021
reeds,biopower,biopower,Moderate,{},fom,2020,170.5751461497721,USD/kW-yr,2022,atb,atb_2022_workbook.xlsx | deflator.csv,https://data.openei.org/files/5716/2022 v3 Annual Technology Baseline Workbook Mid-year update 2-15-2023.xlsx | https://github.com/ReEDS-Model/ReEDS/blob/db6a1ba95836b649176fca50030e82a6b4cf9bb5/inputs/financials/deflator.csv,[2020],"[{""file"":""atb_2022_workbook.xlsx"",""url"":""https://data.openei.org/files/5716/2022 v3 Annual Technology Baseline Workbook Mid-year update 2-15-2023.xlsx"",""sha256"":""5ad5e47373f0dea32991d5828831bb407550397f1956abda6870e6786134b87e"",""format"":""workbook"",""location"":""Biopower!M103"",""dollar_year"":2020},{""file"":""deflator.csv"",""url"":""https://github.com/ReEDS-Model/ReEDS/blob/db6a1ba95836b649176fca50030e82a6b4cf9bb5/inputs/financials/deflator.csv"",""sha256"":""538d3afb409a3c89ce0f96a70867855f9bb64afa82776e875129b2547e329315"",""location"":""value_target=value_source*deflator[source_dollar_year]/deflator[target_dollar_year]"",""dollar_year"":""""}]",ATB 2022 Moderate base-year estimate; year=release-2. Converted with the ReEDS deflator.,2022
reeds,biopower,biopower,Moderate,{},fom,2021,169.79760015583363,USD/kW-yr,2022,atb,atb_2023_flat_file.csv | deflator.csv,https://oedi-data-lake.s3.amazonaws.com/ATB/electricity/csv/2023/ATBe.csv | https://github.com/ReEDS-Model/ReEDS/blob/db6a1ba95836b649176fca50030e82a6b4cf9bb5/inputs/financials/deflator.csv,[2021],"[{""file"":""atb_2023_flat_file.csv"",""url"":""https://oedi-data-lake.s3.amazonaws.com/ATB/electricity/csv/2023/ATBe.csv"",""sha256"":""5073733a55c84facceb25ec56b83d05d9c990155486111fff137854ccd2fab71"",""format"":""flat"",""location"":""CSV row 136774"",""dollar_year"":2021},{""file"":""deflator.csv"",""url"":""https://github.com/ReEDS-Model/ReEDS/blob/db6a1ba95836b649176fca50030e82a6b4cf9bb5/inputs/financials/deflator.csv"",""sha256"":""538d3afb409a3c89ce0f96a70867855f9bb64afa82776e875129b2547e329315"",""location"":""value_target=value_source*deflator[source_dollar_year]/deflator[target_dollar_year]"",""dollar_year"":""""}]",ATB 2023 Moderate base-year estimate; year=release-2. Case: Market. Converted with the ReEDS deflator.,2023
reeds,biopower,biopower,Moderate,{},fom,2022,163.66601999999995,USD/kW-yr,2022,atb,atb_2024_flat_file.csv | deflator.csv,https://oedi-data-lake.s3.amazonaws.com/ATB/electricity/csv/2024/v3.0.0/ATBe.csv | https://github.com/ReEDS-Model/ReEDS/blob/db6a1ba95836b649176fca50030e82a6b4cf9bb5/inputs/financials/deflator.csv,[2022],"[{""file"":""atb_2024_flat_file.csv"",""url"":""https://oedi-data-lake.s3.amazonaws.com/ATB/electricity/csv/2024/v3.0.0/ATBe.csv"",""sha256"":""b0f0de40786350ba8dd5eec9023540f72ceeb8ab4478bc31abaf1c0d5eb20959"",""format"":""flat"",""location"":""CSV row 77168"",""dollar_year"":2022},{""file"":""deflator.csv"",""url"":""https://github.com/ReEDS-Model/ReEDS/blob/db6a1ba95836b649176fca50030e82a6b4cf9bb5/inputs/financials/deflator.csv"",""sha256"":""538d3afb409a3c89ce0f96a70867855f9bb64afa82776e875129b2547e329315"",""location"":""value_target=value_source*deflator[source_dollar_year]/deflator[target_dollar_year]"",""dollar_year"":""""}]",ATB 2024 Moderate base-year estimate; year=release-2. Case: Market. Unit from ATB parameter definition; CSV unit blank. Converted with the ReEDS deflator.,2024
reeds,biopower,biopower,Moderate,{},heatrate,2013,13.5,MMBtu/MWh,,atb,atb_2015_workbook.xlsm,https://docs.nlr.gov/docs/fy15osti/64077-DA.xlsm,[2013],"[{""file"":""atb_2015_workbook.xlsm"",""url"":""https://docs.nlr.gov/docs/fy15osti/64077-DA.xlsm"",""sha256"":""1f5e9a1d81f766d8c0a4e320dba9c27953321df5321ae3d04a854a23f7ca48df"",""format"":""workbook"",""location"":""Conventional - Biopower!L20"",""dollar_year"":2013}]",ATB 2015 Moderate base-year estimate; year=release-2.,2015
reeds,biopower,biopower,Moderate,{},heatrate,2014,13.5,MMBtu/MWh,,atb,atb_2016_workbook.xlsm,https://docs.nlr.gov/docs/fy16osti/66944-DA.xlsm,[2014],"[{""file"":""atb_2016_workbook.xlsm"",""url"":""https://docs.nlr.gov/docs/fy16osti/66944-DA.xlsm"",""sha256"":""e622248d457ee99cba45474a7a7218a2bfd96f95d698d5a1099e3e2ea1b3b555"",""format"":""workbook"",""location"":""Conventional - Biopower!L20"",""dollar_year"":2014}]",ATB 2016 Moderate base-year estimate; year=release-2.,2016
reeds,biopower,biopower,Moderate,{},heatrate,2015,13.5,MMBtu/MWh,,atb,atb_2017_workbook.xlsm,https://data.nlr.gov/system/files/71/2017-ATB-data.xlsm,[2015],"[{""file"":""atb_2017_workbook.xlsm"",""url"":""https://data.nlr.gov/system/files/71/2017-ATB-data.xlsm"",""sha256"":""5712fc8d062ccb40aa6930edbf60ba1f8f4a13c08f7e4e532b78e24fa23ba55d"",""format"":""workbook"",""location"":""Biopower!L20"",""dollar_year"":2015}]",ATB 2017 Moderate base-year estimate; year=release-2.,2017
reeds,biopower,biopower,Moderate,{},heatrate,2016,13.5,MMBtu/MWh,,atb,atb_2018_workbook.xlsm,https://data.nlr.gov/system/files/89/2018-ATB-data-interim-geo.xlsm,[2016],"[{""file"":""atb_2018_workbook.xlsm"",""url"":""https://data.nlr.gov/system/files/89/2018-ATB-data-interim-geo.xlsm"",""sha256"":""975f5a963c817b0da3f9e762a3458fdbee58f11b3d80656eb3ba528d2901fbdf"",""format"":""workbook"",""location"":""Biopower!L20"",""dollar_year"":2016}]",ATB 2018 Moderate base-year estimate; year=release-2.,2018
reeds,biopower,biopower,Moderate,{},heatrate,2017,13.5,MMBtu/MWh,,atb,atb_2019_workbook.xlsm,https://data.nlr.gov/system/files/115/2019-ATB-data.xlsm,[2017],"[{""file"":""atb_2019_workbook.xlsm"",""url"":""https://data.nlr.gov/system/files/115/2019-ATB-data.xlsm"",""sha256"":""f7807beb3496c1cfde28ed2a3115abd1d88e968273eb90f52cfe89f1845de42b"",""format"":""workbook"",""location"":""Biopower!L20"",""dollar_year"":2017}]",ATB 2019 Moderate base-year estimate; year=release-2.,2019
reeds,biopower,biopower,Moderate,{},heatrate,2018,13.5,MMBtu/MWh,,atb,atb_2020_workbook.xlsm,https://atb-archive.nlr.gov/electricity/2020/files/2020-ATB-Data.xlsm,[2018],"[{""file"":""atb_2020_workbook.xlsm"",""url"":""https://atb-archive.nlr.gov/electricity/2020/files/2020-ATB-Data.xlsm"",""sha256"":""2fc2ccf72853304e45803959c77d82806debe8b686eec294838a7ac5219a7a13"",""format"":""workbook"",""location"":""Biopower!L20"",""dollar_year"":2018}]",ATB 2020 Moderate base-year estimate; year=release-2.,2020
reeds,biopower,biopower,Moderate,{},heatrate,2019,13.5,MMBtu/MWh,,atb,atb_2021_workbook.xlsm,https://data.openei.org/files/4129/2021-ATB-Data_Master_new.xlsm,[2019],"[{""file"":""atb_2021_workbook.xlsm"",""url"":""https://data.openei.org/files/4129/2021-ATB-Data_Master_new.xlsm"",""sha256"":""211bc492df941a58acac912edea27c2ac2abf6d74fb2a24355fda6660c055632"",""format"":""workbook"",""location"":""Biopower!L105"",""dollar_year"":2019}]",ATB 2021 Moderate base-year estimate; year=release-2.,2021
reeds,biopower,biopower,Moderate,{},heatrate,2020,13.5,MMBtu/MWh,,atb,atb_2022_workbook.xlsx,https://data.openei.org/files/5716/2022 v3 Annual Technology Baseline Workbook Mid-year update 2-15-2023.xlsx,[2020],"[{""file"":""atb_2022_workbook.xlsx"",""url"":""https://data.openei.org/files/5716/2022 v3 Annual Technology Baseline Workbook Mid-year update 2-15-2023.xlsx"",""sha256"":""5ad5e47373f0dea32991d5828831bb407550397f1956abda6870e6786134b87e"",""format"":""workbook"",""location"":""Biopower!M83"",""dollar_year"":2020}]",ATB 2022 Moderate base-year estimate; year=release-2.,2022
reeds,biopower,biopower,Moderate,{},heatrate,2021,13.5,MMBtu/MWh,,atb,atb_2023_flat_file.csv,https://oedi-data-lake.s3.amazonaws.com/ATB/electricity/csv/2023/ATBe.csv,[2021],"[{""file"":""atb_2023_flat_file.csv"",""url"":""https://oedi-data-lake.s3.amazonaws.com/ATB/electricity/csv/2023/ATBe.csv"",""sha256"":""5073733a55c84facceb25ec56b83d05d9c990155486111fff137854ccd2fab71"",""format"":""flat"",""location"":""CSV row 153518"",""dollar_year"":2021}]",ATB 2023 Moderate base-year estimate; year=release-2. Case: Market.,2023
reeds,biopower,biopower,Moderate,{},heatrate,2022,13.5,MMBtu/MWh,,atb,atb_2024_flat_file.csv,https://oedi-data-lake.s3.amazonaws.com/ATB/electricity/csv/2024/v3.0.0/ATBe.csv,[2022],"[{""file"":""atb_2024_flat_file.csv"",""url"":""https://oedi-data-lake.s3.amazonaws.com/ATB/electricity/csv/2024/v3.0.0/ATBe.csv"",""sha256"":""b0f0de40786350ba8dd5eec9023540f72ceeb8ab4478bc31abaf1c0d5eb20959"",""format"":""flat"",""location"":""CSV row 77248"",""dollar_year"":2022}]",ATB 2024 Moderate base-year estimate; year=release-2. Case: Market. Unit from ATB parameter definition; CSV unit blank.,2024
reeds,biopower,biopower,Moderate,{},vom,2013,6.70043370092661,USD/MWh,2022,atb,atb_2015_workbook.xlsm | deflator.csv,https://docs.nlr.gov/docs/fy15osti/64077-DA.xlsm | https://github.com/ReEDS-Model/ReEDS/blob/db6a1ba95836b649176fca50030e82a6b4cf9bb5/inputs/financials/deflator.csv,[2013],"[{""file"":""atb_2015_workbook.xlsm"",""url"":""https://docs.nlr.gov/docs/fy15osti/64077-DA.xlsm"",""sha256"":""1f5e9a1d81f766d8c0a4e320dba9c27953321df5321ae3d04a854a23f7ca48df"",""format"":""workbook"",""location"":""Conventional - Biopower!L40"",""dollar_year"":2013},{""file"":""deflator.csv"",""url"":""https://github.com/ReEDS-Model/ReEDS/blob/db6a1ba95836b649176fca50030e82a6b4cf9bb5/inputs/financials/deflator.csv"",""sha256"":""538d3afb409a3c89ce0f96a70867855f9bb64afa82776e875129b2547e329315"",""location"":""value_target=value_source*deflator[source_dollar_year]/deflator[target_dollar_year]"",""dollar_year"":""""}]",ATB 2015 Moderate base-year estimate; year=release-2. Converted with the ReEDS deflator.,2015
reeds,biopower,biopower,Moderate,{},vom,2014,6.594915060032257,USD/MWh,2022,atb,atb_2016_workbook.xlsm | deflator.csv,https://docs.nlr.gov/docs/fy16osti/66944-DA.xlsm | https://github.com/ReEDS-Model/ReEDS/blob/db6a1ba95836b649176fca50030e82a6b4cf9bb5/inputs/financials/deflator.csv,[2014],"[{""file"":""atb_2016_workbook.xlsm"",""url"":""https://docs.nlr.gov/docs/fy16osti/66944-DA.xlsm"",""sha256"":""e622248d457ee99cba45474a7a7218a2bfd96f95d698d5a1099e3e2ea1b3b555"",""format"":""workbook"",""location"":""Conventional - Biopower!L40"",""dollar_year"":2014},{""file"":""deflator.csv"",""url"":""https://github.com/ReEDS-Model/ReEDS/blob/db6a1ba95836b649176fca50030e82a6b4cf9bb5/inputs/financials/deflator.csv"",""sha256"":""538d3afb409a3c89ce0f96a70867855f9bb64afa82776e875129b2547e329315"",""location"":""value_target=value_source*deflator[source_dollar_year]/deflator[target_dollar_year]"",""dollar_year"":""""}]",ATB 2016 Moderate base-year estimate; year=release-2. Converted with the ReEDS deflator.,2016
reeds,biopower,biopower,Moderate,{},vom,2015,6.634076491467263,USD/MWh,2022,atb,atb_2017_workbook.xlsm | deflator.csv,https://data.nlr.gov/system/files/71/2017-ATB-data.xlsm | https://github.com/ReEDS-Model/ReEDS/blob/db6a1ba95836b649176fca50030e82a6b4cf9bb5/inputs/financials/deflator.csv,[2015],"[{""file"":""atb_2017_workbook.xlsm"",""url"":""https://data.nlr.gov/system/files/71/2017-ATB-data.xlsm"",""sha256"":""5712fc8d062ccb40aa6930edbf60ba1f8f4a13c08f7e4e532b78e24fa23ba55d"",""format"":""workbook"",""location"":""Biopower!L40"",""dollar_year"":2015},{""file"":""deflator.csv"",""url"":""https://github.com/ReEDS-Model/ReEDS/blob/db6a1ba95836b649176fca50030e82a6b4cf9bb5/inputs/financials/deflator.csv"",""sha256"":""538d3afb409a3c89ce0f96a70867855f9bb64afa82776e875129b2547e329315"",""location"":""value_target=value_source*deflator[source_dollar_year]/deflator[target_dollar_year]"",""dollar_year"":""""}]",ATB 2017 Moderate base-year estimate; year=release-2. Converted with the ReEDS deflator.,2017
reeds,biopower,biopower,Moderate,{},vom,2016,6.656299940756178,USD/MWh,2022,atb,atb_2018_workbook.xlsm | deflator.csv,https://data.nlr.gov/system/files/89/2018-ATB-data-interim-geo.xlsm | https://github.com/ReEDS-Model/ReEDS/blob/db6a1ba95836b649176fca50030e82a6b4cf9bb5/inputs/financials/deflator.csv,[2016],"[{""file"":""atb_2018_workbook.xlsm"",""url"":""https://data.nlr.gov/system/files/89/2018-ATB-data-interim-geo.xlsm"",""sha256"":""975f5a963c817b0da3f9e762a3458fdbee58f11b3d80656eb3ba528d2901fbdf"",""format"":""workbook"",""location"":""Biopower!L40"",""dollar_year"":2016},{""file"":""deflator.csv"",""url"":""https://github.com/ReEDS-Model/ReEDS/blob/db6a1ba95836b649176fca50030e82a6b4cf9bb5/inputs/financials/deflator.csv"",""sha256"":""538d3afb409a3c89ce0f96a70867855f9bb64afa82776e875129b2547e329315"",""location"":""value_target=value_source*deflator[source_dollar_year]/deflator[target_dollar_year]"",""dollar_year"":""""}]",ATB 2018 Moderate base-year estimate; year=release-2. Converted with the ReEDS deflator.,2018
reeds,biopower,biopower,Moderate,{},vom,2017,6.640084154770458,USD/MWh,2022,atb,atb_2019_workbook.xlsm | deflator.csv,https://data.nlr.gov/system/files/115/2019-ATB-data.xlsm | https://github.com/ReEDS-Model/ReEDS/blob/db6a1ba95836b649176fca50030e82a6b4cf9bb5/inputs/financials/deflator.csv,[2017],"[{""file"":""atb_2019_workbook.xlsm"",""url"":""https://data.nlr.gov/system/files/115/2019-ATB-data.xlsm"",""sha256"":""f7807beb3496c1cfde28ed2a3115abd1d88e968273eb90f52cfe89f1845de42b"",""format"":""workbook"",""location"":""Biopower!L40"",""dollar_year"":2017},{""file"":""deflator.csv"",""url"":""https://github.com/ReEDS-Model/ReEDS/blob/db6a1ba95836b649176fca50030e82a6b4cf9bb5/inputs/financials/deflator.csv"",""sha256"":""538d3afb409a3c89ce0f96a70867855f9bb64afa82776e875129b2547e329315"",""location"":""value_target=value_source*deflator[source_dollar_year]/deflator[target_dollar_year]"",""dollar_year"":""""}]",ATB 2019 Moderate base-year estimate; year=release-2. Converted with the ReEDS deflator.,2019
reeds,biopower,biopower,Moderate,{},vom,2018,5.504223069506598,USD/MWh,2022,atb,atb_2020_workbook.xlsm | deflator.csv,https://atb-archive.nlr.gov/electricity/2020/files/2020-ATB-Data.xlsm | https://github.com/ReEDS-Model/ReEDS/blob/db6a1ba95836b649176fca50030e82a6b4cf9bb5/inputs/financials/deflator.csv,[2018],"[{""file"":""atb_2020_workbook.xlsm"",""url"":""https://atb-archive.nlr.gov/electricity/2020/files/2020-ATB-Data.xlsm"",""sha256"":""2fc2ccf72853304e45803959c77d82806debe8b686eec294838a7ac5219a7a13"",""format"":""workbook"",""location"":""Biopower!L40"",""dollar_year"":2018},{""file"":""deflator.csv"",""url"":""https://github.com/ReEDS-Model/ReEDS/blob/db6a1ba95836b649176fca50030e82a6b4cf9bb5/inputs/financials/deflator.csv"",""sha256"":""538d3afb409a3c89ce0f96a70867855f9bb64afa82776e875129b2547e329315"",""location"":""value_target=value_source*deflator[source_dollar_year]/deflator[target_dollar_year]"",""dollar_year"":""""}]",ATB 2020 Moderate base-year estimate; year=release-2. Converted with the ReEDS deflator.,2020
reeds,biopower,biopower,Moderate,{},vom,2019,5.4841860034793415,USD/MWh,2022,atb,atb_2021_workbook.xlsm | deflator.csv,https://data.openei.org/files/4129/2021-ATB-Data_Master_new.xlsm | https://github.com/ReEDS-Model/ReEDS/blob/db6a1ba95836b649176fca50030e82a6b4cf9bb5/inputs/financials/deflator.csv,[2019],"[{""file"":""atb_2021_workbook.xlsm"",""url"":""https://data.openei.org/files/4129/2021-ATB-Data_Master_new.xlsm"",""sha256"":""211bc492df941a58acac912edea27c2ac2abf6d74fb2a24355fda6660c055632"",""format"":""workbook"",""location"":""Biopower!L130"",""dollar_year"":2019},{""file"":""deflator.csv"",""url"":""https://github.com/ReEDS-Model/ReEDS/blob/db6a1ba95836b649176fca50030e82a6b4cf9bb5/inputs/financials/deflator.csv"",""sha256"":""538d3afb409a3c89ce0f96a70867855f9bb64afa82776e875129b2547e329315"",""location"":""value_target=value_source*deflator[source_dollar_year]/deflator[target_dollar_year]"",""dollar_year"":""""}]",ATB 2021 Moderate base-year estimate; year=release-2. Converted with the ReEDS deflator.,2021
reeds,biopower,biopower,Moderate,{},vom,2020,6.558408005758557,USD/MWh,2022,atb,atb_2022_workbook.xlsx | deflator.csv,https://data.openei.org/files/5716/2022 v3 Annual Technology Baseline Workbook Mid-year update 2-15-2023.xlsx | https://github.com/ReEDS-Model/ReEDS/blob/db6a1ba95836b649176fca50030e82a6b4cf9bb5/inputs/financials/deflator.csv,[2020],"[{""file"":""atb_2022_workbook.xlsx"",""url"":""https://data.openei.org/files/5716/2022 v3 Annual Technology Baseline Workbook Mid-year update 2-15-2023.xlsx"",""sha256"":""5ad5e47373f0dea32991d5828831bb407550397f1956abda6870e6786134b87e"",""format"":""workbook"",""location"":""Biopower!M108"",""dollar_year"":2020},{""file"":""deflator.csv"",""url"":""https://github.com/ReEDS-Model/ReEDS/blob/db6a1ba95836b649176fca50030e82a6b4cf9bb5/inputs/financials/deflator.csv"",""sha256"":""538d3afb409a3c89ce0f96a70867855f9bb64afa82776e875129b2547e329315"",""location"":""value_target=value_source*deflator[source_dollar_year]/deflator[target_dollar_year]"",""dollar_year"":""""}]",ATB 2022 Moderate base-year estimate; year=release-2. Converted with the ReEDS deflator.,2022
reeds,biopower,biopower,Moderate,{},vom,2021,5.443200004995558,USD/MWh,2022,atb,atb_2023_flat_file.csv | deflator.csv,https://oedi-data-lake.s3.amazonaws.com/ATB/electricity/csv/2023/ATBe.csv | https://github.com/ReEDS-Model/ReEDS/blob/db6a1ba95836b649176fca50030e82a6b4cf9bb5/inputs/financials/deflator.csv,[2021],"[{""file"":""atb_2023_flat_file.csv"",""url"":""https://oedi-data-lake.s3.amazonaws.com/ATB/electricity/csv/2023/ATBe.csv"",""sha256"":""5073733a55c84facceb25ec56b83d05d9c990155486111fff137854ccd2fab71"",""format"":""flat"",""location"":""CSV row 182806"",""dollar_year"":2021},{""file"":""deflator.csv"",""url"":""https://github.com/ReEDS-Model/ReEDS/blob/db6a1ba95836b649176fca50030e82a6b4cf9bb5/inputs/financials/deflator.csv"",""sha256"":""538d3afb409a3c89ce0f96a70867855f9bb64afa82776e875129b2547e329315"",""location"":""value_target=value_source*deflator[source_dollar_year]/deflator[target_dollar_year]"",""dollar_year"":""""}]",ATB 2023 Moderate base-year estimate; year=release-2. Case: Market. Converted with the ReEDS deflator.,2023
reeds,biopower,biopower,Moderate,{},vom,2022,5.246639999999999,USD/MWh,2022,atb,atb_2024_flat_file.csv | deflator.csv,https://oedi-data-lake.s3.amazonaws.com/ATB/electricity/csv/2024/v3.0.0/ATBe.csv | https://github.com/ReEDS-Model/ReEDS/blob/db6a1ba95836b649176fca50030e82a6b4cf9bb5/inputs/financials/deflator.csv,[2022],"[{""file"":""atb_2024_flat_file.csv"",""url"":""https://oedi-data-lake.s3.amazonaws.com/ATB/electricity/csv/2024/v3.0.0/ATBe.csv"",""sha256"":""b0f0de40786350ba8dd5eec9023540f72ceeb8ab4478bc31abaf1c0d5eb20959"",""format"":""flat"",""location"":""CSV row 77179"",""dollar_year"":2022},{""file"":""deflator.csv"",""url"":""https://github.com/ReEDS-Model/ReEDS/blob/db6a1ba95836b649176fca50030e82a6b4cf9bb5/inputs/financials/deflator.csv"",""sha256"":""538d3afb409a3c89ce0f96a70867855f9bb64afa82776e875129b2547e329315"",""location"":""value_target=value_source*deflator[source_dollar_year]/deflator[target_dollar_year]"",""dollar_year"":""""}]",ATB 2024 Moderate base-year estimate; year=release-2. Case: Market. Unit from ATB parameter definition; CSV unit blank. Converted with the ReEDS deflator.,2024
reeds,coal,Coal-IGCC,Moderate,{},capcost,2013,4802.692700497316,USD/kW,2022,atb,atb_2015_workbook.xlsm | deflator.csv,https://docs.nlr.gov/docs/fy15osti/64077-DA.xlsm | https://github.com/ReEDS-Model/ReEDS/blob/db6a1ba95836b649176fca50030e82a6b4cf9bb5/inputs/financials/deflator.csv,[2013],"[{""file"":""atb_2015_workbook.xlsm"",""url"":""https://docs.nlr.gov/docs/fy15osti/64077-DA.xlsm"",""sha256"":""1f5e9a1d81f766d8c0a4e320dba9c27953321df5321ae3d04a854a23f7ca48df"",""format"":""workbook"",""location"":""Conventional - Coal!L33"",""dollar_year"":2013},{""file"":""deflator.csv"",""url"":""https://github.com/ReEDS-Model/ReEDS/blob/db6a1ba95836b649176fca50030e82a6b4cf9bb5/inputs/financials/deflator.csv"",""sha256"":""538d3afb409a3c89ce0f96a70867855f9bb64afa82776e875129b2547e329315"",""location"":""value_target=value_source*deflator[source_dollar_year]/deflator[target_dollar_year]"",""dollar_year"":""""}]",ATB 2015 Moderate base-year estimate; year=release-2. Converted with the ReEDS deflator.,2015
reeds,coal,Coal-IGCC,Moderate,{},capcost,2014,4684.227365131339,USD/kW,2022,atb,atb_2016_workbook.xlsm | deflator.csv,https://docs.nlr.gov/docs/fy16osti/66944-DA.xlsm | https://github.com/ReEDS-Model/ReEDS/blob/db6a1ba95836b649176fca50030e82a6b4cf9bb5/inputs/financials/deflator.csv,[2014],"[{""file"":""atb_2016_workbook.xlsm"",""url"":""https://docs.nlr.gov/docs/fy16osti/66944-DA.xlsm"",""sha256"":""e622248d457ee99cba45474a7a7218a2bfd96f95d698d5a1099e3e2ea1b3b555"",""format"":""workbook"",""location"":""Conventional - Coal!L49"",""dollar_year"":2014},{""file"":""deflator.csv"",""url"":""https://github.com/ReEDS-Model/ReEDS/blob/db6a1ba95836b649176fca50030e82a6b4cf9bb5/inputs/financials/deflator.csv"",""sha256"":""538d3afb409a3c89ce0f96a70867855f9bb64afa82776e875129b2547e329315"",""location"":""value_target=value_source*deflator[source_dollar_year]/deflator[target_dollar_year]"",""dollar_year"":""""}]",ATB 2016 Moderate base-year estimate; year=release-2. Converted with the ReEDS deflator.,2016
reeds,coal,Coal-IGCC,Moderate,{},capcost,2015,4712.316602221921,USD/kW,2022,atb,atb_2017_workbook.xlsm | deflator.csv,https://data.nlr.gov/system/files/71/2017-ATB-data.xlsm | https://github.com/ReEDS-Model/ReEDS/blob/db6a1ba95836b649176fca50030e82a6b4cf9bb5/inputs/financials/deflator.csv,[2015],"[{""file"":""atb_2017_workbook.xlsm"",""url"":""https://data.nlr.gov/system/files/71/2017-ATB-data.xlsm"",""sha256"":""5712fc8d062ccb40aa6930edbf60ba1f8f4a13c08f7e4e532b78e24fa23ba55d"",""format"":""workbook"",""location"":""Coal!L59"",""dollar_year"":2015},{""file"":""deflator.csv"",""url"":""https://github.com/ReEDS-Model/ReEDS/blob/db6a1ba95836b649176fca50030e82a6b4cf9bb5/inputs/financials/deflator.csv"",""sha256"":""538d3afb409a3c89ce0f96a70867855f9bb64afa82776e875129b2547e329315"",""location"":""value_target=value_source*deflator[source_dollar_year]/deflator[target_dollar_year]"",""dollar_year"":""""}]",ATB 2017 Moderate base-year estimate; year=release-2. Converted with the ReEDS deflator.,2017
reeds,coal,Coal-IGCC,Moderate,{},capcost,2016,4749.531340727397,USD/kW,2022,atb,atb_2018_workbook.xlsm | deflator.csv,https://data.nlr.gov/system/files/89/2018-ATB-data-interim-geo.xlsm | https://github.com/ReEDS-Model/ReEDS/blob/db6a1ba95836b649176fca50030e82a6b4cf9bb5/inputs/financials/deflator.csv,[2016],"[{""file"":""atb_2018_workbook.xlsm"",""url"":""https://data.nlr.gov/system/files/89/2018-ATB-data-interim-geo.xlsm"",""sha256"":""975f5a963c817b0da3f9e762a3458fdbee58f11b3d80656eb3ba528d2901fbdf"",""format"":""workbook"",""location"":""Coal!L59"",""dollar_year"":2016},{""file"":""deflator.csv"",""url"":""https://github.com/ReEDS-Model/ReEDS/blob/db6a1ba95836b649176fca50030e82a6b4cf9bb5/inputs/financials/deflator.csv"",""sha256"":""538d3afb409a3c89ce0f96a70867855f9bb64afa82776e875129b2547e329315"",""location"":""value_target=value_source*deflator[source_dollar_year]/deflator[target_dollar_year]"",""dollar_year"":""""}]",ATB 2018 Moderate base-year estimate; year=release-2. Converted with the ReEDS deflator.,2018
reeds,coal,Coal-IGCC,Moderate,{},capcost,2017,4836.777479758544,USD/kW,2022,atb,atb_2019_workbook.xlsm | deflator.csv,https://data.nlr.gov/system/files/115/2019-ATB-data.xlsm | https://github.com/ReEDS-Model/ReEDS/blob/db6a1ba95836b649176fca50030e82a6b4cf9bb5/inputs/financials/deflator.csv,[2017],"[{""file"":""atb_2019_workbook.xlsm"",""url"":""https://data.nlr.gov/system/files/115/2019-ATB-data.xlsm"",""sha256"":""f7807beb3496c1cfde28ed2a3115abd1d88e968273eb90f52cfe89f1845de42b"",""format"":""workbook"",""location"":""Coal!L59"",""dollar_year"":2017},{""file"":""deflator.csv"",""url"":""https://github.com/ReEDS-Model/ReEDS/blob/db6a1ba95836b649176fca50030e82a6b4cf9bb5/inputs/financials/deflator.csv"",""sha256"":""538d3afb409a3c89ce0f96a70867855f9bb64afa82776e875129b2547e329315"",""location"":""value_target=value_source*deflator[source_dollar_year]/deflator[target_dollar_year]"",""dollar_year"":""""}]",ATB 2019 Moderate base-year estimate; year=release-2. Converted with the ReEDS deflator.,2019
reeds,coal,Coal-IGCC,Moderate,{},capcost,2018,4794.4654746487,USD/kW,2022,atb,atb_2020_workbook.xlsm | deflator.csv,https://atb-archive.nlr.gov/electricity/2020/files/2020-ATB-Data.xlsm | https://github.com/ReEDS-Model/ReEDS/blob/db6a1ba95836b649176fca50030e82a6b4cf9bb5/inputs/financials/deflator.csv,[2018],"[{""file"":""atb_2020_workbook.xlsm"",""url"":""https://atb-archive.nlr.gov/electricity/2020/files/2020-ATB-Data.xlsm"",""sha256"":""2fc2ccf72853304e45803959c77d82806debe8b686eec294838a7ac5219a7a13"",""format"":""workbook"",""location"":""Coal!L59"",""dollar_year"":2018},{""file"":""deflator.csv"",""url"":""https://github.com/ReEDS-Model/ReEDS/blob/db6a1ba95836b649176fca50030e82a6b4cf9bb5/inputs/financials/deflator.csv"",""sha256"":""538d3afb409a3c89ce0f96a70867855f9bb64afa82776e875129b2547e329315"",""location"":""value_target=value_source*deflator[source_dollar_year]/deflator[target_dollar_year]"",""dollar_year"":""""}]",ATB 2020 Moderate base-year estimate; year=release-2. Converted with the ReEDS deflator.,2020
reeds,coal,Coal-IGCC,Moderate,{},capcost,2019,5417.254057516879,USD/kW,2022,atb,atb_2021_workbook.xlsm | deflator.csv,https://data.openei.org/files/4129/2021-ATB-Data_Master_new.xlsm | https://github.com/ReEDS-Model/ReEDS/blob/db6a1ba95836b649176fca50030e82a6b4cf9bb5/inputs/financials/deflator.csv,[2019],"[{""file"":""atb_2021_workbook.xlsm"",""url"":""https://data.openei.org/files/4129/2021-ATB-Data_Master_new.xlsm"",""sha256"":""211bc492df941a58acac912edea27c2ac2abf6d74fb2a24355fda6660c055632"",""format"":""workbook"",""location"":""Coal_FE!L187"",""dollar_year"":2019},{""file"":""deflator.csv"",""url"":""https://github.com/ReEDS-Model/ReEDS/blob/db6a1ba95836b649176fca50030e82a6b4cf9bb5/inputs/financials/deflator.csv"",""sha256"":""538d3afb409a3c89ce0f96a70867855f9bb64afa82776e875129b2547e329315"",""location"":""value_target=value_source*deflator[source_dollar_year]/deflator[target_dollar_year]"",""dollar_year"":""""}]",ATB 2021 Moderate base-year estimate; year=release-2. Converted with the ReEDS deflator.,2021
reeds,coal,Coal-IGCC,Moderate,{},capcost,2021,5402.592004958289,USD/kW,2022,atb,atb_2023_flat_file.csv | deflator.csv,https://oedi-data-lake.s3.amazonaws.com/ATB/electricity/csv/2023/ATBe.csv | https://github.com/ReEDS-Model/ReEDS/blob/db6a1ba95836b649176fca50030e82a6b4cf9bb5/inputs/financials/deflator.csv,[2021],"[{""file"":""atb_2023_flat_file.csv"",""url"":""https://oedi-data-lake.s3.amazonaws.com/ATB/electricity/csv/2023/ATBe.csv"",""sha256"":""5073733a55c84facceb25ec56b83d05d9c990155486111fff137854ccd2fab71"",""format"":""flat"",""location"":""CSV row 168642"",""dollar_year"":2021},{""file"":""deflator.csv"",""url"":""https://github.com/ReEDS-Model/ReEDS/blob/db6a1ba95836b649176fca50030e82a6b4cf9bb5/inputs/financials/deflator.csv"",""sha256"":""538d3afb409a3c89ce0f96a70867855f9bb64afa82776e875129b2547e329315"",""location"":""value_target=value_source*deflator[source_dollar_year]/deflator[target_dollar_year]"",""dollar_year"":""""}]",ATB 2023 Moderate base-year estimate; year=release-2. Case: Market. Converted with the ReEDS deflator.,2023
reeds,coal,Coal-IGCC,Moderate,{},capcost,2022,5603.2,USD/kW,2022,atb,atb_2024_flat_file.csv | deflator.csv,https://oedi-data-lake.s3.amazonaws.com/ATB/electricity/csv/2024/v3.0.0/ATBe.csv | https://github.com/ReEDS-Model/ReEDS/blob/db6a1ba95836b649176fca50030e82a6b4cf9bb5/inputs/financials/deflator.csv,[2022],"[{""file"":""atb_2024_flat_file.csv"",""url"":""https://oedi-data-lake.s3.amazonaws.com/ATB/electricity/csv/2024/v3.0.0/ATBe.csv"",""sha256"":""b0f0de40786350ba8dd5eec9023540f72ceeb8ab4478bc31abaf1c0d5eb20959"",""format"":""flat"",""location"":""CSV row 56013"",""dollar_year"":2022},{""file"":""deflator.csv"",""url"":""https://github.com/ReEDS-Model/ReEDS/blob/db6a1ba95836b649176fca50030e82a6b4cf9bb5/inputs/financials/deflator.csv"",""sha256"":""538d3afb409a3c89ce0f96a70867855f9bb64afa82776e875129b2547e329315"",""location"":""value_target=value_source*deflator[source_dollar_year]/deflator[target_dollar_year]"",""dollar_year"":""""}]",ATB 2024 Moderate base-year estimate; year=release-2. Case: Market. Unit from ATB parameter definition; CSV unit blank. Converted with the ReEDS deflator.,2024
reeds,coal,Coal-IGCC,Moderate,{},cf_improvement,2013,0.597,fraction,,atb,atb_2015_workbook.xlsm,https://docs.nlr.gov/docs/fy15osti/64077-DA.xlsm,[2013],"[{""file"":""atb_2015_workbook.xlsm"",""url"":""https://docs.nlr.gov/docs/fy15osti/64077-DA.xlsm"",""sha256"":""1f5e9a1d81f766d8c0a4e320dba9c27953321df5321ae3d04a854a23f7ca48df"",""format"":""workbook"",""location"":""Conventional - Coal!L13"",""dollar_year"":2013}]",ATB 2015 Moderate base-year estimate; year=release-2.,2015
reeds,coal,Coal-IGCC,Moderate,{},cf_improvement,2014,0.609,fraction,,atb,atb_2016_workbook.xlsm,https://docs.nlr.gov/docs/fy16osti/66944-DA.xlsm,[2014],"[{""file"":""atb_2016_workbook.xlsm"",""url"":""https://docs.nlr.gov/docs/fy16osti/66944-DA.xlsm"",""sha256"":""e622248d457ee99cba45474a7a7218a2bfd96f95d698d5a1099e3e2ea1b3b555"",""format"":""workbook"",""location"":""Conventional - Coal!L14"",""dollar_year"":2014}]",ATB 2016 Moderate base-year estimate; year=release-2.,2016
reeds,coal,Coal-IGCC,Moderate,{},cf_improvement,2015,0.55,fraction,,atb,atb_2017_workbook.xlsm,https://data.nlr.gov/system/files/71/2017-ATB-data.xlsm,[2015],"[{""file"":""atb_2017_workbook.xlsm"",""url"":""https://data.nlr.gov/system/files/71/2017-ATB-data.xlsm"",""sha256"":""5712fc8d062ccb40aa6930edbf60ba1f8f4a13c08f7e4e532b78e24fa23ba55d"",""format"":""workbook"",""location"":""Coal!L14"",""dollar_year"":2015}]",ATB 2017 Moderate base-year estimate; year=release-2.,2017
reeds,coal,Coal-IGCC,Moderate,{},cf_improvement,2016,0.533,fraction,,atb,atb_2018_workbook.xlsm,https://data.nlr.gov/system/files/89/2018-ATB-data-interim-geo.xlsm,[2016],"[{""file"":""atb_2018_workbook.xlsm"",""url"":""https://data.nlr.gov/system/files/89/2018-ATB-data-interim-geo.xlsm"",""sha256"":""975f5a963c817b0da3f9e762a3458fdbee58f11b3d80656eb3ba528d2901fbdf"",""format"":""workbook"",""location"":""Coal!L14"",""dollar_year"":2016}]",ATB 2018 Moderate base-year estimate; year=release-2.,2018
reeds,coal,Coal-IGCC,Moderate,{},cf_improvement,2017,0.537,fraction,,atb,atb_2019_workbook.xlsm,https://data.nlr.gov/system/files/115/2019-ATB-data.xlsm,[2017],"[{""file"":""atb_2019_workbook.xlsm"",""url"":""https://data.nlr.gov/system/files/115/2019-ATB-data.xlsm"",""sha256"":""f7807beb3496c1cfde28ed2a3115abd1d88e968273eb90f52cfe89f1845de42b"",""format"":""workbook"",""location"":""Coal!L14"",""dollar_year"":2017}]",ATB 2019 Moderate base-year estimate; year=release-2.,2019
reeds,coal,Coal-IGCC,Moderate,{},cf_improvement,2018,0.536,fraction,,atb,atb_2020_workbook.xlsm,https://atb-archive.nlr.gov/electricity/2020/files/2020-ATB-Data.xlsm,[2018],"[{""file"":""atb_2020_workbook.xlsm"",""url"":""https://atb-archive.nlr.gov/electricity/2020/files/2020-ATB-Data.xlsm"",""sha256"":""2fc2ccf72853304e45803959c77d82806debe8b686eec294838a7ac5219a7a13"",""format"":""workbook"",""location"":""Coal!L14"",""dollar_year"":2018}]",ATB 2020 Moderate base-year estimate; year=release-2.,2020
reeds,coal,Coal-IGCC,Moderate,{},fom,2013,65.44843105624194,USD/kW-yr,2022,atb,atb_2015_workbook.xlsm | deflator.csv,https://docs.nlr.gov/docs/fy15osti/64077-DA.xlsm | https://github.com/ReEDS-Model/ReEDS/blob/db6a1ba95836b649176fca50030e82a6b4cf9bb5/inputs/financials/deflator.csv,[2013],"[{""file"":""atb_2015_workbook.xlsm"",""url"":""https://docs.nlr.gov/docs/fy15osti/64077-DA.xlsm"",""sha256"":""1f5e9a1d81f766d8c0a4e320dba9c27953321df5321ae3d04a854a23f7ca48df"",""format"":""workbook"",""location"":""Conventional - Coal!L37"",""dollar_year"":2013},{""file"":""deflator.csv"",""url"":""https://github.com/ReEDS-Model/ReEDS/blob/db6a1ba95836b649176fca50030e82a6b4cf9bb5/inputs/financials/deflator.csv"",""sha256"":""538d3afb409a3c89ce0f96a70867855f9bb64afa82776e875129b2547e329315"",""location"":""value_target=value_source*deflator[source_dollar_year]/deflator[target_dollar_year]"",""dollar_year"":""""}]",ATB 2015 Moderate base-year estimate; year=release-2. Converted with the ReEDS deflator.,2015
reeds,coal,Coal-IGCC,Moderate,{},fom,2014,65.44843105688821,USD/kW-yr,2022,atb,atb_2016_workbook.xlsm | deflator.csv,https://docs.nlr.gov/docs/fy16osti/66944-DA.xlsm | https://github.com/ReEDS-Model/ReEDS/blob/db6a1ba95836b649176fca50030e82a6b4cf9bb5/inputs/financials/deflator.csv,[2014],"[{""file"":""atb_2016_workbook.xlsm"",""url"":""https://docs.nlr.gov/docs/fy16osti/66944-DA.xlsm"",""sha256"":""e622248d457ee99cba45474a7a7218a2bfd96f95d698d5a1099e3e2ea1b3b555"",""format"":""workbook"",""location"":""Conventional - Coal!L56"",""dollar_year"":2014},{""file"":""deflator.csv"",""url"":""https://github.com/ReEDS-Model/ReEDS/blob/db6a1ba95836b649176fca50030e82a6b4cf9bb5/inputs/financials/deflator.csv"",""sha256"":""538d3afb409a3c89ce0f96a70867855f9bb64afa82776e875129b2547e329315"",""location"":""value_target=value_source*deflator[source_dollar_year]/deflator[target_dollar_year]"",""dollar_year"":""""}]",ATB 2016 Moderate base-year estimate; year=release-2. Converted with the ReEDS deflator.,2016
reeds,coal,Coal-IGCC,Moderate,{},fom,2015,64.80644440415426,USD/kW-yr,2022,atb,atb_2017_workbook.xlsm | deflator.csv,https://data.nlr.gov/system/files/71/2017-ATB-data.xlsm | https://github.com/ReEDS-Model/ReEDS/blob/db6a1ba95836b649176fca50030e82a6b4cf9bb5/inputs/financials/deflator.csv,[2015],"[{""file"":""atb_2017_workbook.xlsm"",""url"":""https://data.nlr.gov/system/files/71/2017-ATB-data.xlsm"",""sha256"":""5712fc8d062ccb40aa6930edbf60ba1f8f4a13c08f7e4e532b78e24fa23ba55d"",""format"":""workbook"",""location"":""Coal!L68"",""dollar_year"":2015},{""file"":""deflator.csv"",""url"":""https://github.com/ReEDS-Model/ReEDS/blob/db6a1ba95836b649176fca50030e82a6b4cf9bb5/inputs/financials/deflator.csv"",""sha256"":""538d3afb409a3c89ce0f96a70867855f9bb64afa82776e875129b2547e329315"",""location"":""value_target=value_source*deflator[source_dollar_year]/deflator[target_dollar_year]"",""dollar_year"":""""}]",ATB 2017 Moderate base-year estimate; year=release-2. Converted with the ReEDS deflator.,2017
reeds,coal,Coal-IGCC,Moderate,{},fom,2016,65.31824254624706,USD/kW-yr,2022,atb,atb_2018_workbook.xlsm | deflator.csv,https://data.nlr.gov/system/files/89/2018-ATB-data-interim-geo.xlsm | https://github.com/ReEDS-Model/ReEDS/blob/db6a1ba95836b649176fca50030e82a6b4cf9bb5/inputs/financials/deflator.csv,[2016],"[{""file"":""atb_2018_workbook.xlsm"",""url"":""https://data.nlr.gov/system/files/89/2018-ATB-data-interim-geo.xlsm"",""sha256"":""975f5a963c817b0da3f9e762a3458fdbee58f11b3d80656eb3ba528d2901fbdf"",""format"":""workbook"",""location"":""Coal!L68"",""dollar_year"":2016},{""file"":""deflator.csv"",""url"":""https://github.com/ReEDS-Model/ReEDS/blob/db6a1ba95836b649176fca50030e82a6b4cf9bb5/inputs/financials/deflator.csv"",""sha256"":""538d3afb409a3c89ce0f96a70867855f9bb64afa82776e875129b2547e329315"",""location"":""value_target=value_source*deflator[source_dollar_year]/deflator[target_dollar_year]"",""dollar_year"":""""}]",ATB 2018 Moderate base-year estimate; year=release-2. Converted with the ReEDS deflator.,2018
reeds,coal,Coal-IGCC,Moderate,{},fom,2017,64.41580586354162,USD/kW-yr,2022,atb,atb_2019_workbook.xlsm | deflator.csv,https://data.nlr.gov/system/files/115/2019-ATB-data.xlsm | https://github.com/ReEDS-Model/ReEDS/blob/db6a1ba95836b649176fca50030e82a6b4cf9bb5/inputs/financials/deflator.csv,[2017],"[{""file"":""atb_2019_workbook.xlsm"",""url"":""https://data.nlr.gov/system/files/115/2019-ATB-data.xlsm"",""sha256"":""f7807beb3496c1cfde28ed2a3115abd1d88e968273eb90f52cfe89f1845de42b"",""format"":""workbook"",""location"":""Coal!L68"",""dollar_year"":2017},{""file"":""deflator.csv"",""url"":""https://github.com/ReEDS-Model/ReEDS/blob/db6a1ba95836b649176fca50030e82a6b4cf9bb5/inputs/financials/deflator.csv"",""sha256"":""538d3afb409a3c89ce0f96a70867855f9bb64afa82776e875129b2547e329315"",""location"":""value_target=value_source*deflator[source_dollar_year]/deflator[target_dollar_year]"",""dollar_year"":""""}]",ATB 2019 Moderate base-year estimate; year=release-2. Converted with the ReEDS deflator.,2019
reeds,coal,Coal-IGCC,Moderate,{},fom,2018,65.31824252858287,USD/kW-yr,2022,atb,atb_2020_workbook.xlsm | deflator.csv,https://atb-archive.nlr.gov/electricity/2020/files/2020-ATB-Data.xlsm | https://github.com/ReEDS-Model/ReEDS/blob/db6a1ba95836b649176fca50030e82a6b4cf9bb5/inputs/financials/deflator.csv,[2018],"[{""file"":""atb_2020_workbook.xlsm"",""url"":""https://atb-archive.nlr.gov/electricity/2020/files/2020-ATB-Data.xlsm"",""sha256"":""2fc2ccf72853304e45803959c77d82806debe8b686eec294838a7ac5219a7a13"",""format"":""workbook"",""location"":""Coal!L68"",""dollar_year"":2018},{""file"":""deflator.csv"",""url"":""https://github.com/ReEDS-Model/ReEDS/blob/db6a1ba95836b649176fca50030e82a6b4cf9bb5/inputs/financials/deflator.csv"",""sha256"":""538d3afb409a3c89ce0f96a70867855f9bb64afa82776e875129b2547e329315"",""location"":""value_target=value_source*deflator[source_dollar_year]/deflator[target_dollar_year]"",""dollar_year"":""""}]",ATB 2020 Moderate base-year estimate; year=release-2. Converted with the ReEDS deflator.,2020
reeds,coal,Coal-IGCC,Moderate,{},fom,2019,163.52463135174526,USD/kW-yr,2022,atb,atb_2021_workbook.xlsm | deflator.csv,https://data.openei.org/files/4129/2021-ATB-Data_Master_new.xlsm | https://github.com/ReEDS-Model/ReEDS/blob/db6a1ba95836b649176fca50030e82a6b4cf9bb5/inputs/financials/deflator.csv,[2019],"[{""file"":""atb_2021_workbook.xlsm"",""url"":""https://data.openei.org/files/4129/2021-ATB-Data_Master_new.xlsm"",""sha256"":""211bc492df941a58acac912edea27c2ac2abf6d74fb2a24355fda6660c055632"",""format"":""workbook"",""location"":""Coal_FE!L213"",""dollar_year"":2019},{""file"":""deflator.csv"",""url"":""https://github.com/ReEDS-Model/ReEDS/blob/db6a1ba95836b649176fca50030e82a6b4cf9bb5/inputs/financials/deflator.csv"",""sha256"":""538d3afb409a3c89ce0f96a70867855f9bb64afa82776e875129b2547e329315"",""location"":""value_target=value_source*deflator[source_dollar_year]/deflator[target_dollar_year]"",""dollar_year"":""""}]",ATB 2021 Moderate base-year estimate; year=release-2. Converted with the ReEDS deflator.,2021
reeds,coal,Coal-IGCC,Moderate,{},fom,2021,162.10800014877643,USD/kW-yr,2022,atb,atb_2023_flat_file.csv | deflator.csv,https://oedi-data-lake.s3.amazonaws.com/ATB/electricity/csv/2023/ATBe.csv | https://github.com/ReEDS-Model/ReEDS/blob/db6a1ba95836b649176fca50030e82a6b4cf9bb5/inputs/financials/deflator.csv,[2021],"[{""file"":""atb_2023_flat_file.csv"",""url"":""https://oedi-data-lake.s3.amazonaws.com/ATB/electricity/csv/2023/ATBe.csv"",""sha256"":""5073733a55c84facceb25ec56b83d05d9c990155486111fff137854ccd2fab71"",""format"":""flat"",""location"":""CSV row 137554"",""dollar_year"":2021},{""file"":""deflator.csv"",""url"":""https://github.com/ReEDS-Model/ReEDS/blob/db6a1ba95836b649176fca50030e82a6b4cf9bb5/inputs/financials/deflator.csv"",""sha256"":""538d3afb409a3c89ce0f96a70867855f9bb64afa82776e875129b2547e329315"",""location"":""value_target=value_source*deflator[source_dollar_year]/deflator[target_dollar_year]"",""dollar_year"":""""}]",ATB 2023 Moderate base-year estimate; year=release-2. Case: Market. Converted with the ReEDS deflator.,2023
reeds,coal,Coal-IGCC,Moderate,{},fom,2022,167.5,USD/kW-yr,2022,atb,atb_2024_flat_file.csv | deflator.csv,https://oedi-data-lake.s3.amazonaws.com/ATB/electricity/csv/2024/v3.0.0/ATBe.csv | https://github.com/ReEDS-Model/ReEDS/blob/db6a1ba95836b649176fca50030e82a6b4cf9bb5/inputs/financials/deflator.csv,[2022],"[{""file"":""atb_2024_flat_file.csv"",""url"":""https://oedi-data-lake.s3.amazonaws.com/ATB/electricity/csv/2024/v3.0.0/ATBe.csv"",""sha256"":""b0f0de40786350ba8dd5eec9023540f72ceeb8ab4478bc31abaf1c0d5eb20959"",""format"":""flat"",""location"":""CSV row 56246"",""dollar_year"":2022},{""file"":""deflator.csv"",""url"":""https://github.com/ReEDS-Model/ReEDS/blob/db6a1ba95836b649176fca50030e82a6b4cf9bb5/inputs/financials/deflator.csv"",""sha256"":""538d3afb409a3c89ce0f96a70867855f9bb64afa82776e875129b2547e329315"",""location"":""value_target=value_source*deflator[source_dollar_year]/deflator[target_dollar_year]"",""dollar_year"":""""}]",ATB 2024 Moderate base-year estimate; year=release-2. Case: Market. Unit from ATB parameter definition; CSV unit blank. Converted with the ReEDS deflator.,2024
reeds,coal,Coal-IGCC,Moderate,{},heatrate,2013,8.7,MMBtu/MWh,,atb,atb_2015_workbook.xlsm,https://docs.nlr.gov/docs/fy15osti/64077-DA.xlsm,[2013],"[{""file"":""atb_2015_workbook.xlsm"",""url"":""https://docs.nlr.gov/docs/fy15osti/64077-DA.xlsm"",""sha256"":""1f5e9a1d81f766d8c0a4e320dba9c27953321df5321ae3d04a854a23f7ca48df"",""format"":""workbook"",""location"":""Conventional - Coal!L21"",""dollar_year"":2013}]",ATB 2015 Moderate base-year estimate; year=release-2.,2015
reeds,coal,Coal-IGCC,Moderate,{},heatrate,2014,8.366666666666665,MMBtu/MWh,,atb,atb_2016_workbook.xlsm,https://docs.nlr.gov/docs/fy16osti/66944-DA.xlsm,[2014],"[{""file"":""atb_2016_workbook.xlsm"",""url"":""https://docs.nlr.gov/docs/fy16osti/66944-DA.xlsm"",""sha256"":""e622248d457ee99cba45474a7a7218a2bfd96f95d698d5a1099e3e2ea1b3b555"",""format"":""workbook"",""location"":""Conventional - Coal!L28"",""dollar_year"":2014}]",ATB 2016 Moderate base-year estimate; year=release-2.,2016
reeds,coal,Coal-IGCC,Moderate,{},heatrate,2015,8.789285714285715,MMBtu/MWh,,atb,atb_2017_workbook.xlsm,https://data.nlr.gov/system/files/71/2017-ATB-data.xlsm,[2015],"[{""file"":""atb_2017_workbook.xlsm"",""url"":""https://data.nlr.gov/system/files/71/2017-ATB-data.xlsm"",""sha256"":""5712fc8d062ccb40aa6930edbf60ba1f8f4a13c08f7e4e532b78e24fa23ba55d"",""format"":""workbook"",""location"":""Coal!L32"",""dollar_year"":2015}]",ATB 2017 Moderate base-year estimate; year=release-2.,2017
reeds,coal,Coal-IGCC,Moderate,{},heatrate,2016,8.789285714285715,MMBtu/MWh,,atb,atb_2018_workbook.xlsm,https://data.nlr.gov/system/files/89/2018-ATB-data-interim-geo.xlsm,[2016],"[{""file"":""atb_2018_workbook.xlsm"",""url"":""https://data.nlr.gov/system/files/89/2018-ATB-data-interim-geo.xlsm"",""sha256"":""975f5a963c817b0da3f9e762a3458fdbee58f11b3d80656eb3ba528d2901fbdf"",""format"":""workbook"",""location"":""Coal!L32"",""dollar_year"":2016}]",ATB 2018 Moderate base-year estimate; year=release-2.,2018
reeds,coal,Coal-IGCC,Moderate,{},heatrate,2017,8.7,MMBtu/MWh,,atb,atb_2019_workbook.xlsm,https://data.nlr.gov/system/files/115/2019-ATB-data.xlsm,[2017],"[{""file"":""atb_2019_workbook.xlsm"",""url"":""https://data.nlr.gov/system/files/115/2019-ATB-data.xlsm"",""sha256"":""f7807beb3496c1cfde28ed2a3115abd1d88e968273eb90f52cfe89f1845de42b"",""format"":""workbook"",""location"":""Coal!L32"",""dollar_year"":2017}]",ATB 2019 Moderate base-year estimate; year=release-2.,2019
reeds,coal,Coal-IGCC,Moderate,{},heatrate,2018,8.7,MMBtu/MWh,,atb,atb_2020_workbook.xlsm,https://atb-archive.nlr.gov/electricity/2020/files/2020-ATB-Data.xlsm,[2018],"[{""file"":""atb_2020_workbook.xlsm"",""url"":""https://atb-archive.nlr.gov/electricity/2020/files/2020-ATB-Data.xlsm"",""sha256"":""2fc2ccf72853304e45803959c77d82806debe8b686eec294838a7ac5219a7a13"",""format"":""workbook"",""location"":""Coal!L32"",""dollar_year"":2018}]",ATB 2020 Moderate base-year estimate; year=release-2.,2020
reeds,coal,Coal-IGCC,Moderate,{},heatrate,2019,8.554,MMBtu/MWh,,atb,atb_2021_workbook.xlsm,https://data.openei.org/files/4129/2021-ATB-Data_Master_new.xlsm,[2019],"[{""file"":""atb_2021_workbook.xlsm"",""url"":""https://data.openei.org/files/4129/2021-ATB-Data_Master_new.xlsm"",""sha256"":""211bc492df941a58acac912edea27c2ac2abf6d74fb2a24355fda6660c055632"",""format"":""workbook"",""location"":""Coal_FE!L109"",""dollar_year"":2019}]",ATB 2021 Moderate base-year estimate; year=release-2.,2021
reeds,coal,Coal-IGCC,Moderate,{},heatrate,2020,8.308,MMBtu/MWh,,atb,atb_2022_workbook.xlsx,https://data.openei.org/files/5716/2022 v3 Annual Technology Baseline Workbook Mid-year update 2-15-2023.xlsx,[2020],"[{""file"":""atb_2022_workbook.xlsx"",""url"":""https://data.openei.org/files/5716/2022 v3 Annual Technology Baseline Workbook Mid-year update 2-15-2023.xlsx"",""sha256"":""5ad5e47373f0dea32991d5828831bb407550397f1956abda6870e6786134b87e"",""format"":""workbook"",""location"":""Coal_FE!M89"",""dollar_year"":2020}]",ATB 2022 Moderate base-year estimate; year=release-2.,2022
reeds,coal,Coal-IGCC,Moderate,{},heatrate,2021,8.308,MMBtu/MWh,,atb,atb_2023_flat_file.csv,https://oedi-data-lake.s3.amazonaws.com/ATB/electricity/csv/2023/ATBe.csv,[2021],"[{""file"":""atb_2023_flat_file.csv"",""url"":""https://oedi-data-lake.s3.amazonaws.com/ATB/electricity/csv/2023/ATBe.csv"",""sha256"":""5073733a55c84facceb25ec56b83d05d9c990155486111fff137854ccd2fab71"",""format"":""flat"",""location"":""CSV row 153848"",""dollar_year"":2021}]",ATB 2023 Moderate base-year estimate; year=release-2. Case: Market.,2023
reeds,coal,Coal-IGCC,Moderate,{},heatrate,2022,8.308,MMBtu/MWh,,atb,atb_2024_flat_file.csv,https://oedi-data-lake.s3.amazonaws.com/ATB/electricity/csv/2024/v3.0.0/ATBe.csv,[2022],"[{""file"":""atb_2024_flat_file.csv"",""url"":""https://oedi-data-lake.s3.amazonaws.com/ATB/electricity/csv/2024/v3.0.0/ATBe.csv"",""sha256"":""b0f0de40786350ba8dd5eec9023540f72ceeb8ab4478bc31abaf1c0d5eb20959"",""format"":""flat"",""location"":""CSV row 55892"",""dollar_year"":2022}]",ATB 2024 Moderate base-year estimate; year=release-2. Case: Market. Unit from ATB parameter definition; CSV unit blank.,2024
reeds,coal,Coal-IGCC,Moderate,{},vom,2013,9.197411802957314,USD/MWh,2022,atb,atb_2015_workbook.xlsm | deflator.csv,https://docs.nlr.gov/docs/fy15osti/64077-DA.xlsm | https://github.com/ReEDS-Model/ReEDS/blob/db6a1ba95836b649176fca50030e82a6b4cf9bb5/inputs/financials/deflator.csv,[2013],"[{""file"":""atb_2015_workbook.xlsm"",""url"":""https://docs.nlr.gov/docs/fy15osti/64077-DA.xlsm"",""sha256"":""1f5e9a1d81f766d8c0a4e320dba9c27953321df5321ae3d04a854a23f7ca48df"",""format"":""workbook"",""location"":""Conventional - Coal!L41"",""dollar_year"":2013},{""file"":""deflator.csv"",""url"":""https://github.com/ReEDS-Model/ReEDS/blob/db6a1ba95836b649176fca50030e82a6b4cf9bb5/inputs/financials/deflator.csv"",""sha256"":""538d3afb409a3c89ce0f96a70867855f9bb64afa82776e875129b2547e329315"",""location"":""value_target=value_source*deflator[source_dollar_year]/deflator[target_dollar_year]"",""dollar_year"":""""}]",ATB 2015 Moderate base-year estimate; year=release-2. Converted with the ReEDS deflator.,2015
reeds,coal,Coal-IGCC,Moderate,{},vom,2014,9.197411803048132,USD/MWh,2022,atb,atb_2016_workbook.xlsm | deflator.csv,https://docs.nlr.gov/docs/fy16osti/66944-DA.xlsm | https://github.com/ReEDS-Model/ReEDS/blob/db6a1ba95836b649176fca50030e82a6b4cf9bb5/inputs/financials/deflator.csv,[2014],"[{""file"":""atb_2016_workbook.xlsm"",""url"":""https://docs.nlr.gov/docs/fy16osti/66944-DA.xlsm"",""sha256"":""e622248d457ee99cba45474a7a7218a2bfd96f95d698d5a1099e3e2ea1b3b555"",""format"":""workbook"",""location"":""Conventional - Coal!L63"",""dollar_year"":2014},{""file"":""deflator.csv"",""url"":""https://github.com/ReEDS-Model/ReEDS/blob/db6a1ba95836b649176fca50030e82a6b4cf9bb5/inputs/financials/deflator.csv"",""sha256"":""538d3afb409a3c89ce0f96a70867855f9bb64afa82776e875129b2547e329315"",""location"":""value_target=value_source*deflator[source_dollar_year]/deflator[target_dollar_year]"",""dollar_year"":""""}]",ATB 2016 Moderate base-year estimate; year=release-2. Converted with the ReEDS deflator.,2016
reeds,coal,Coal-IGCC,Moderate,{},vom,2015,9.108478267432233,USD/MWh,2022,atb,atb_2017_workbook.xlsm | deflator.csv,https://data.nlr.gov/system/files/71/2017-ATB-data.xlsm | https://github.com/ReEDS-Model/ReEDS/blob/db6a1ba95836b649176fca50030e82a6b4cf9bb5/inputs/financials/deflator.csv,[2015],"[{""file"":""atb_2017_workbook.xlsm"",""url"":""https://data.nlr.gov/system/files/71/2017-ATB-data.xlsm"",""sha256"":""5712fc8d062ccb40aa6930edbf60ba1f8f4a13c08f7e4e532b78e24fa23ba55d"",""format"":""workbook"",""location"":""Coal!L77"",""dollar_year"":2015},{""file"":""deflator.csv"",""url"":""https://github.com/ReEDS-Model/ReEDS/blob/db6a1ba95836b649176fca50030e82a6b4cf9bb5/inputs/financials/deflator.csv"",""sha256"":""538d3afb409a3c89ce0f96a70867855f9bb64afa82776e875129b2547e329315"",""location"":""value_target=value_source*deflator[source_dollar_year]/deflator[target_dollar_year]"",""dollar_year"":""""}]",ATB 2017 Moderate base-year estimate; year=release-2. Converted with the ReEDS deflator.,2017
reeds,coal,Coal-IGCC,Moderate,{},vom,2016,9.180410963284093,USD/MWh,2022,atb,atb_2018_workbook.xlsm | deflator.csv,https://data.nlr.gov/system/files/89/2018-ATB-data-interim-geo.xlsm | https://github.com/ReEDS-Model/ReEDS/blob/db6a1ba95836b649176fca50030e82a6b4cf9bb5/inputs/financials/deflator.csv,[2016],"[{""file"":""atb_2018_workbook.xlsm"",""url"":""https://data.nlr.gov/system/files/89/2018-ATB-data-interim-geo.xlsm"",""sha256"":""975f5a963c817b0da3f9e762a3458fdbee58f11b3d80656eb3ba528d2901fbdf"",""format"":""workbook"",""location"":""Coal!L77"",""dollar_year"":2016},{""file"":""deflator.csv"",""url"":""https://github.com/ReEDS-Model/ReEDS/blob/db6a1ba95836b649176fca50030e82a6b4cf9bb5/inputs/financials/deflator.csv"",""sha256"":""538d3afb409a3c89ce0f96a70867855f9bb64afa82776e875129b2547e329315"",""location"":""value_target=value_source*deflator[source_dollar_year]/deflator[target_dollar_year]"",""dollar_year"":""""}]",ATB 2018 Moderate base-year estimate; year=release-2. Converted with the ReEDS deflator.,2018
reeds,coal,Coal-IGCC,Moderate,{},vom,2017,9.543082350154314,USD/MWh,2022,atb,atb_2019_workbook.xlsm | deflator.csv,https://data.nlr.gov/system/files/115/2019-ATB-data.xlsm | https://github.com/ReEDS-Model/ReEDS/blob/db6a1ba95836b649176fca50030e82a6b4cf9bb5/inputs/financials/deflator.csv,[2017],"[{""file"":""atb_2019_workbook.xlsm"",""url"":""https://data.nlr.gov/system/files/115/2019-ATB-data.xlsm"",""sha256"":""f7807beb3496c1cfde28ed2a3115abd1d88e968273eb90f52cfe89f1845de42b"",""format"":""workbook"",""location"":""Coal!L77"",""dollar_year"":2017},{""file"":""deflator.csv"",""url"":""https://github.com/ReEDS-Model/ReEDS/blob/db6a1ba95836b649176fca50030e82a6b4cf9bb5/inputs/financials/deflator.csv"",""sha256"":""538d3afb409a3c89ce0f96a70867855f9bb64afa82776e875129b2547e329315"",""location"":""value_target=value_source*deflator[source_dollar_year]/deflator[target_dollar_year]"",""dollar_year"":""""}]",ATB 2019 Moderate base-year estimate; year=release-2. Converted with the ReEDS deflator.,2019
reeds,coal,Coal-IGCC,Moderate,{},vom,2018,9.180410960801408,USD/MWh,2022,atb,atb_2020_workbook.xlsm | deflator.csv,https://atb-archive.nlr.gov/electricity/2020/files/2020-ATB-Data.xlsm | https://github.com/ReEDS-Model/ReEDS/blob/db6a1ba95836b649176fca50030e82a6b4cf9bb5/inputs/financials/deflator.csv,[2018],"[{""file"":""atb_2020_workbook.xlsm"",""url"":""https://atb-archive.nlr.gov/electricity/2020/files/2020-ATB-Data.xlsm"",""sha256"":""2fc2ccf72853304e45803959c77d82806debe8b686eec294838a7ac5219a7a13"",""format"":""workbook"",""location"":""Coal!L77"",""dollar_year"":2018},{""file"":""deflator.csv"",""url"":""https://github.com/ReEDS-Model/ReEDS/blob/db6a1ba95836b649176fca50030e82a6b4cf9bb5/inputs/financials/deflator.csv"",""sha256"":""538d3afb409a3c89ce0f96a70867855f9bb64afa82776e875129b2547e329315"",""location"":""value_target=value_source*deflator[source_dollar_year]/deflator[target_dollar_year]"",""dollar_year"":""""}]",ATB 2020 Moderate base-year estimate; year=release-2. Converted with the ReEDS deflator.,2020
reeds,coal,Coal-IGCC,Moderate,{},vom,2019,16.432566173625343,USD/MWh,2022,atb,atb_2021_workbook.xlsm | deflator.csv,https://data.openei.org/files/4129/2021-ATB-Data_Master_new.xlsm | https://github.com/ReEDS-Model/ReEDS/blob/db6a1ba95836b649176fca50030e82a6b4cf9bb5/inputs/financials/deflator.csv,[2019],"[{""file"":""atb_2021_workbook.xlsm"",""url"":""https://data.openei.org/files/4129/2021-ATB-Data_Master_new.xlsm"",""sha256"":""211bc492df941a58acac912edea27c2ac2abf6d74fb2a24355fda6660c055632"",""format"":""workbook"",""location"":""Coal_FE!L239"",""dollar_year"":2019},{""file"":""deflator.csv"",""url"":""https://github.com/ReEDS-Model/ReEDS/blob/db6a1ba95836b649176fca50030e82a6b4cf9bb5/inputs/financials/deflator.csv"",""sha256"":""538d3afb409a3c89ce0f96a70867855f9bb64afa82776e875129b2547e329315"",""location"":""value_target=value_source*deflator[source_dollar_year]/deflator[target_dollar_year]"",""dollar_year"":""""}]",ATB 2021 Moderate base-year estimate; year=release-2. Converted with the ReEDS deflator.,2021
reeds,coal,Coal-IGCC,Moderate,{},vom,2021,15.951600014639759,USD/MWh,2022,atb,atb_2023_flat_file.csv | deflator.csv,https://oedi-data-lake.s3.amazonaws.com/ATB/electricity/csv/2023/ATBe.csv | https://github.com/ReEDS-Model/ReEDS/blob/db6a1ba95836b649176fca50030e82a6b4cf9bb5/inputs/financials/deflator.csv,[2021],"[{""file"":""atb_2023_flat_file.csv"",""url"":""https://oedi-data-lake.s3.amazonaws.com/ATB/electricity/csv/2023/ATBe.csv"",""sha256"":""5073733a55c84facceb25ec56b83d05d9c990155486111fff137854ccd2fab71"",""format"":""flat"",""location"":""CSV row 183136"",""dollar_year"":2021},{""file"":""deflator.csv"",""url"":""https://github.com/ReEDS-Model/ReEDS/blob/db6a1ba95836b649176fca50030e82a6b4cf9bb5/inputs/financials/deflator.csv"",""sha256"":""538d3afb409a3c89ce0f96a70867855f9bb64afa82776e875129b2547e329315"",""location"":""value_target=value_source*deflator[source_dollar_year]/deflator[target_dollar_year]"",""dollar_year"":""""}]",ATB 2023 Moderate base-year estimate; year=release-2. Case: Market. Converted with the ReEDS deflator.,2023
reeds,coal,Coal-IGCC,Moderate,{},vom,2022,16.44,USD/MWh,2022,atb,atb_2024_flat_file.csv | deflator.csv,https://oedi-data-lake.s3.amazonaws.com/ATB/electricity/csv/2024/v3.0.0/ATBe.csv | https://github.com/ReEDS-Model/ReEDS/blob/db6a1ba95836b649176fca50030e82a6b4cf9bb5/inputs/financials/deflator.csv,[2022],"[{""file"":""atb_2024_flat_file.csv"",""url"":""https://oedi-data-lake.s3.amazonaws.com/ATB/electricity/csv/2024/v3.0.0/ATBe.csv"",""sha256"":""b0f0de40786350ba8dd5eec9023540f72ceeb8ab4478bc31abaf1c0d5eb20959"",""format"":""flat"",""location"":""CSV row 56376"",""dollar_year"":2022},{""file"":""deflator.csv"",""url"":""https://github.com/ReEDS-Model/ReEDS/blob/db6a1ba95836b649176fca50030e82a6b4cf9bb5/inputs/financials/deflator.csv"",""sha256"":""538d3afb409a3c89ce0f96a70867855f9bb64afa82776e875129b2547e329315"",""location"":""value_target=value_source*deflator[source_dollar_year]/deflator[target_dollar_year]"",""dollar_year"":""""}]",ATB 2024 Moderate base-year estimate; year=release-2. Case: Market. Unit from ATB parameter definition; CSV unit blank. Converted with the ReEDS deflator.,2024
reeds,coal,Coal-new,Moderate,{},capcost,2013,3725.240375656741,USD/kW,2022,atb,atb_2015_workbook.xlsm | deflator.csv,https://docs.nlr.gov/docs/fy15osti/64077-DA.xlsm | https://github.com/ReEDS-Model/ReEDS/blob/db6a1ba95836b649176fca50030e82a6b4cf9bb5/inputs/financials/deflator.csv,[2013],"[{""file"":""atb_2015_workbook.xlsm"",""url"":""https://docs.nlr.gov/docs/fy15osti/64077-DA.xlsm"",""sha256"":""1f5e9a1d81f766d8c0a4e320dba9c27953321df5321ae3d04a854a23f7ca48df"",""format"":""workbook"",""location"":""Conventional - Coal!L32"",""dollar_year"":2013},{""file"":""deflator.csv"",""url"":""https://github.com/ReEDS-Model/ReEDS/blob/db6a1ba95836b649176fca50030e82a6b4cf9bb5/inputs/financials/deflator.csv"",""sha256"":""538d3afb409a3c89ce0f96a70867855f9bb64afa82776e875129b2547e329315"",""location"":""value_target=value_source*deflator[source_dollar_year]/deflator[target_dollar_year]"",""dollar_year"":""""}]",ATB 2015 Moderate base-year estimate; year=release-2. Converted with the ReEDS deflator.,2015
reeds,coal,Coal-new,Moderate,{},capcost,2014,4365.314801302246,USD/kW,2022,atb,atb_2016_workbook.xlsm | deflator.csv,https://docs.nlr.gov/docs/fy16osti/66944-DA.xlsm | https://github.com/ReEDS-Model/ReEDS/blob/db6a1ba95836b649176fca50030e82a6b4cf9bb5/inputs/financials/deflator.csv,[2014],"[{""file"":""atb_2016_workbook.xlsm"",""url"":""https://docs.nlr.gov/docs/fy16osti/66944-DA.xlsm"",""sha256"":""e622248d457ee99cba45474a7a7218a2bfd96f95d698d5a1099e3e2ea1b3b555"",""format"":""workbook"",""location"":""Conventional - Coal!L47"",""dollar_year"":2014},{""file"":""deflator.csv"",""url"":""https://github.com/ReEDS-Model/ReEDS/blob/db6a1ba95836b649176fca50030e82a6b4cf9bb5/inputs/financials/deflator.csv"",""sha256"":""538d3afb409a3c89ce0f96a70867855f9bb64afa82776e875129b2547e329315"",""location"":""value_target=value_source*deflator[source_dollar_year]/deflator[target_dollar_year]"",""dollar_year"":""""}]",ATB 2016 Moderate base-year estimate; year=release-2. Converted with the ReEDS deflator.,2016
reeds,coal,Coal-new,Moderate,{},capcost,2015,4391.491660978521,USD/kW,2022,atb,atb_2017_workbook.xlsm | deflator.csv,https://data.nlr.gov/system/files/71/2017-ATB-data.xlsm | https://github.com/ReEDS-Model/ReEDS/blob/db6a1ba95836b649176fca50030e82a6b4cf9bb5/inputs/financials/deflator.csv,[2015],"[{""file"":""atb_2017_workbook.xlsm"",""url"":""https://data.nlr.gov/system/files/71/2017-ATB-data.xlsm"",""sha256"":""5712fc8d062ccb40aa6930edbf60ba1f8f4a13c08f7e4e532b78e24fa23ba55d"",""format"":""workbook"",""location"":""Coal!L57"",""dollar_year"":2015},{""file"":""deflator.csv"",""url"":""https://github.com/ReEDS-Model/ReEDS/blob/db6a1ba95836b649176fca50030e82a6b4cf9bb5/inputs/financials/deflator.csv"",""sha256"":""538d3afb409a3c89ce0f96a70867855f9bb64afa82776e875129b2547e329315"",""location"":""value_target=value_source*deflator[source_dollar_year]/deflator[target_dollar_year]"",""dollar_year"":""""}]",ATB 2017 Moderate base-year estimate; year=release-2. Converted with the ReEDS deflator.,2017
reeds,coal,Coal-new,Moderate,{},capcost,2016,4426.172737741324,USD/kW,2022,atb,atb_2018_workbook.xlsm | deflator.csv,https://data.nlr.gov/system/files/89/2018-ATB-data-interim-geo.xlsm | https://github.com/ReEDS-Model/ReEDS/blob/db6a1ba95836b649176fca50030e82a6b4cf9bb5/inputs/financials/deflator.csv,[2016],"[{""file"":""atb_2018_workbook.xlsm"",""url"":""https://data.nlr.gov/system/files/89/2018-ATB-data-interim-geo.xlsm"",""sha256"":""975f5a963c817b0da3f9e762a3458fdbee58f11b3d80656eb3ba528d2901fbdf"",""format"":""workbook"",""location"":""Coal!L57"",""dollar_year"":2016},{""file"":""deflator.csv"",""url"":""https://github.com/ReEDS-Model/ReEDS/blob/db6a1ba95836b649176fca50030e82a6b4cf9bb5/inputs/financials/deflator.csv"",""sha256"":""538d3afb409a3c89ce0f96a70867855f9bb64afa82776e875129b2547e329315"",""location"":""value_target=value_source*deflator[source_dollar_year]/deflator[target_dollar_year]"",""dollar_year"":""""}]",ATB 2018 Moderate base-year estimate; year=release-2. Converted with the ReEDS deflator.,2018
reeds,coal,Coal-new,Moderate,{},capcost,2017,4426.835032738655,USD/kW,2022,atb,atb_2019_workbook.xlsm | deflator.csv,https://data.nlr.gov/system/files/115/2019-ATB-data.xlsm | https://github.com/ReEDS-Model/ReEDS/blob/db6a1ba95836b649176fca50030e82a6b4cf9bb5/inputs/financials/deflator.csv,[2017],"[{""file"":""atb_2019_workbook.xlsm"",""url"":""https://data.nlr.gov/system/files/115/2019-ATB-data.xlsm"",""sha256"":""f7807beb3496c1cfde28ed2a3115abd1d88e968273eb90f52cfe89f1845de42b"",""format"":""workbook"",""location"":""Coal!L57"",""dollar_year"":2017},{""file"":""deflator.csv"",""url"":""https://github.com/ReEDS-Model/ReEDS/blob/db6a1ba95836b649176fca50030e82a6b4cf9bb5/inputs/financials/deflator.csv"",""sha256"":""538d3afb409a3c89ce0f96a70867855f9bb64afa82776e875129b2547e329315"",""location"":""value_target=value_source*deflator[source_dollar_year]/deflator[target_dollar_year]"",""dollar_year"":""""}]",ATB 2019 Moderate base-year estimate; year=release-2. Converted with the ReEDS deflator.,2019
reeds,coal,Coal-new,Moderate,{},capcost,2018,4197.4032608443995,USD/kW,2022,atb,atb_2020_workbook.xlsm | deflator.csv,https://atb-archive.nlr.gov/electricity/2020/files/2020-ATB-Data.xlsm | https://github.com/ReEDS-Model/ReEDS/blob/db6a1ba95836b649176fca50030e82a6b4cf9bb5/inputs/financials/deflator.csv,[2018],"[{""file"":""atb_2020_workbook.xlsm"",""url"":""https://atb-archive.nlr.gov/electricity/2020/files/2020-ATB-Data.xlsm"",""sha256"":""2fc2ccf72853304e45803959c77d82806debe8b686eec294838a7ac5219a7a13"",""format"":""workbook"",""location"":""Coal!L57"",""dollar_year"":2018},{""file"":""deflator.csv"",""url"":""https://github.com/ReEDS-Model/ReEDS/blob/db6a1ba95836b649176fca50030e82a6b4cf9bb5/inputs/financials/deflator.csv"",""sha256"":""538d3afb409a3c89ce0f96a70867855f9bb64afa82776e875129b2547e329315"",""location"":""value_target=value_source*deflator[source_dollar_year]/deflator[target_dollar_year]"",""dollar_year"":""""}]",ATB 2020 Moderate base-year estimate; year=release-2. Converted with the ReEDS deflator.,2020
reeds,coal,Coal-new,Moderate,{},capcost,2019,2983.2660177326793,USD/kW,2022,atb,atb_2021_workbook.xlsm | deflator.csv,https://data.openei.org/files/4129/2021-ATB-Data_Master_new.xlsm | https://github.com/ReEDS-Model/ReEDS/blob/db6a1ba95836b649176fca50030e82a6b4cf9bb5/inputs/financials/deflator.csv,[2019],"[{""file"":""atb_2021_workbook.xlsm"",""url"":""https://data.openei.org/files/4129/2021-ATB-Data_Master_new.xlsm"",""sha256"":""211bc492df941a58acac912edea27c2ac2abf6d74fb2a24355fda6660c055632"",""format"":""workbook"",""location"":""Coal_FE!L181"",""dollar_year"":2019},{""file"":""deflator.csv"",""url"":""https://github.com/ReEDS-Model/ReEDS/blob/db6a1ba95836b649176fca50030e82a6b4cf9bb5/inputs/financials/deflator.csv"",""sha256"":""538d3afb409a3c89ce0f96a70867855f9bb64afa82776e875129b2547e329315"",""location"":""value_target=value_source*deflator[source_dollar_year]/deflator[target_dollar_year]"",""dollar_year"":""""}]",ATB 2021 Moderate base-year estimate; year=release-2. Converted with the ReEDS deflator.,2021
reeds,coal,Coal-new,Moderate,{},capcost,2020,2903.791682549651,USD/kW,2022,atb,atb_2022_workbook.xlsx | deflator.csv,https://data.openei.org/files/5716/2022 v3 Annual Technology Baseline Workbook Mid-year update 2-15-2023.xlsx | https://github.com/ReEDS-Model/ReEDS/blob/db6a1ba95836b649176fca50030e82a6b4cf9bb5/inputs/financials/deflator.csv,[2020],"[{""file"":""atb_2022_workbook.xlsx"",""url"":""https://data.openei.org/files/5716/2022 v3 Annual Technology Baseline Workbook Mid-year update 2-15-2023.xlsx"",""sha256"":""5ad5e47373f0dea32991d5828831bb407550397f1956abda6870e6786134b87e"",""format"":""workbook"",""location"":""Coal_FE!M122"",""dollar_year"":2020},{""file"":""deflator.csv"",""url"":""https://github.com/ReEDS-Model/ReEDS/blob/db6a1ba95836b649176fca50030e82a6b4cf9bb5/inputs/financials/deflator.csv"",""sha256"":""538d3afb409a3c89ce0f96a70867855f9bb64afa82776e875129b2547e329315"",""location"":""value_target=value_source*deflator[source_dollar_year]/deflator[target_dollar_year]"",""dollar_year"":""""}]",ATB 2022 Moderate base-year estimate; year=release-2. Converted with the ReEDS deflator.,2022
reeds,coal,Coal-new,Moderate,{},capcost,2021,3085.2360028315097,USD/kW,2022,atb,atb_2023_flat_file.csv | deflator.csv,https://oedi-data-lake.s3.amazonaws.com/ATB/electricity/csv/2023/ATBe.csv | https://github.com/ReEDS-Model/ReEDS/blob/db6a1ba95836b649176fca50030e82a6b4cf9bb5/inputs/financials/deflator.csv,[2021],"[{""file"":""atb_2023_flat_file.csv"",""url"":""https://oedi-data-lake.s3.amazonaws.com/ATB/electricity/csv/2023/ATBe.csv"",""sha256"":""5073733a55c84facceb25ec56b83d05d9c990155486111fff137854ccd2fab71"",""format"":""flat"",""location"":""CSV row 168672"",""dollar_year"":2021},{""file"":""deflator.csv"",""url"":""https://github.com/ReEDS-Model/ReEDS/blob/db6a1ba95836b649176fca50030e82a6b4cf9bb5/inputs/financials/deflator.csv"",""sha256"":""538d3afb409a3c89ce0f96a70867855f9bb64afa82776e875129b2547e329315"",""location"":""value_target=value_source*deflator[source_dollar_year]/deflator[target_dollar_year]"",""dollar_year"":""""}]",ATB 2023 Moderate base-year estimate; year=release-2. Case: Market. Converted with the ReEDS deflator.,2023
reeds,coal,Coal-new,Moderate,{},capcost,2022,3201.2,USD/kW,2022,atb,atb_2024_flat_file.csv | deflator.csv,https://oedi-data-lake.s3.amazonaws.com/ATB/electricity/csv/2024/v3.0.0/ATBe.csv | https://github.com/ReEDS-Model/ReEDS/blob/db6a1ba95836b649176fca50030e82a6b4cf9bb5/inputs/financials/deflator.csv,[2022],"[{""file"":""atb_2024_flat_file.csv"",""url"":""https://oedi-data-lake.s3.amazonaws.com/ATB/electricity/csv/2024/v3.0.0/ATBe.csv"",""sha256"":""b0f0de40786350ba8dd5eec9023540f72ceeb8ab4478bc31abaf1c0d5eb20959"",""format"":""flat"",""location"":""CSV row 55943"",""dollar_year"":2022},{""file"":""deflator.csv"",""url"":""https://github.com/ReEDS-Model/ReEDS/blob/db6a1ba95836b649176fca50030e82a6b4cf9bb5/inputs/financials/deflator.csv"",""sha256"":""538d3afb409a3c89ce0f96a70867855f9bb64afa82776e875129b2547e329315"",""location"":""value_target=value_source*deflator[source_dollar_year]/deflator[target_dollar_year]"",""dollar_year"":""""}]",ATB 2024 Moderate base-year estimate; year=release-2. Case: Market. Unit from ATB parameter definition; CSV unit blank. Converted with the ReEDS deflator.,2024
reeds,coal,Coal-new,Moderate,{},cf_improvement,2013,0.597,fraction,,atb,atb_2015_workbook.xlsm,https://docs.nlr.gov/docs/fy15osti/64077-DA.xlsm,[2013],"[{""file"":""atb_2015_workbook.xlsm"",""url"":""https://docs.nlr.gov/docs/fy15osti/64077-DA.xlsm"",""sha256"":""1f5e9a1d81f766d8c0a4e320dba9c27953321df5321ae3d04a854a23f7ca48df"",""format"":""workbook"",""location"":""Conventional - Coal!L12"",""dollar_year"":2013}]",ATB 2015 Moderate base-year estimate; year=release-2.,2015
reeds,coal,Coal-new,Moderate,{},cf_improvement,2014,0.609,fraction,,atb,atb_2016_workbook.xlsm,https://docs.nlr.gov/docs/fy16osti/66944-DA.xlsm,[2014],"[{""file"":""atb_2016_workbook.xlsm"",""url"":""https://docs.nlr.gov/docs/fy16osti/66944-DA.xlsm"",""sha256"":""e622248d457ee99cba45474a7a7218a2bfd96f95d698d5a1099e3e2ea1b3b555"",""format"":""workbook"",""location"":""Conventional - Coal!L12"",""dollar_year"":2014}]",ATB 2016 Moderate base-year estimate; year=release-2.,2016
reeds,coal,Coal-new,Moderate,{},cf_improvement,2015,0.55,fraction,,atb,atb_2017_workbook.xlsm,https://data.nlr.gov/system/files/71/2017-ATB-data.xlsm,[2015],"[{""file"":""atb_2017_workbook.xlsm"",""url"":""https://data.nlr.gov/system/files/71/2017-ATB-data.xlsm"",""sha256"":""5712fc8d062ccb40aa6930edbf60ba1f8f4a13c08f7e4e532b78e24fa23ba55d"",""format"":""workbook"",""location"":""Coal!L12"",""dollar_year"":2015}]",ATB 2017 Moderate base-year estimate; year=release-2.,2017
reeds,coal,Coal-new,Moderate,{},cf_improvement,2016,0.533,fraction,,atb,atb_2018_workbook.xlsm,https://data.nlr.gov/system/files/89/2018-ATB-data-interim-geo.xlsm,[2016],"[{""file"":""atb_2018_workbook.xlsm"",""url"":""https://data.nlr.gov/system/files/89/2018-ATB-data-interim-geo.xlsm"",""sha256"":""975f5a963c817b0da3f9e762a3458fdbee58f11b3d80656eb3ba528d2901fbdf"",""format"":""workbook"",""location"":""Coal!L12"",""dollar_year"":2016}]",ATB 2018 Moderate base-year estimate; year=release-2.,2018
reeds,coal,Coal-new,Moderate,{},cf_improvement,2017,0.537,fraction,,atb,atb_2019_workbook.xlsm,https://data.nlr.gov/system/files/115/2019-ATB-data.xlsm,[2017],"[{""file"":""atb_2019_workbook.xlsm"",""url"":""https://data.nlr.gov/system/files/115/2019-ATB-data.xlsm"",""sha256"":""f7807beb3496c1cfde28ed2a3115abd1d88e968273eb90f52cfe89f1845de42b"",""format"":""workbook"",""location"":""Coal!L12"",""dollar_year"":2017}]",ATB 2019 Moderate base-year estimate; year=release-2.,2019
reeds,coal,Coal-new,Moderate,{},cf_improvement,2018,0.536,fraction,,atb,atb_2020_workbook.xlsm,https://atb-archive.nlr.gov/electricity/2020/files/2020-ATB-Data.xlsm,[2018],"[{""file"":""atb_2020_workbook.xlsm"",""url"":""https://atb-archive.nlr.gov/electricity/2020/files/2020-ATB-Data.xlsm"",""sha256"":""2fc2ccf72853304e45803959c77d82806debe8b686eec294838a7ac5219a7a13"",""format"":""workbook"",""location"":""Coal!L12"",""dollar_year"":2018}]",ATB 2020 Moderate base-year estimate; year=release-2.,2020
reeds,coal,Coal-new,Moderate,{},fom,2013,39.71324468807626,USD/kW-yr,2022,atb,atb_2015_workbook.xlsm | deflator.csv,https://docs.nlr.gov/docs/fy15osti/64077-DA.xlsm | https://github.com/ReEDS-Model/ReEDS/blob/db6a1ba95836b649176fca50030e82a6b4cf9bb5/inputs/financials/deflator.csv,[2013],"[{""file"":""atb_2015_workbook.xlsm"",""url"":""https://docs.nlr.gov/docs/fy15osti/64077-DA.xlsm"",""sha256"":""1f5e9a1d81f766d8c0a4e320dba9c27953321df5321ae3d04a854a23f7ca48df"",""format"":""workbook"",""location"":""Conventional - Coal!L36"",""dollar_year"":2013},{""file"":""deflator.csv"",""url"":""https://github.com/ReEDS-Model/ReEDS/blob/db6a1ba95836b649176fca50030e82a6b4cf9bb5/inputs/financials/deflator.csv"",""sha256"":""538d3afb409a3c89ce0f96a70867855f9bb64afa82776e875129b2547e329315"",""location"":""value_target=value_source*deflator[source_dollar_year]/deflator[target_dollar_year]"",""dollar_year"":""""}]",ATB 2015 Moderate base-year estimate; year=release-2. Converted with the ReEDS deflator.,2015
reeds,coal,Coal-new,Moderate,{},fom,2014,39.7132446884684,USD/kW-yr,2022,atb,atb_2016_workbook.xlsm | deflator.csv,https://docs.nlr.gov/docs/fy16osti/66944-DA.xlsm | https://github.com/ReEDS-Model/ReEDS/blob/db6a1ba95836b649176fca50030e82a6b4cf9bb5/inputs/financials/deflator.csv,[2014],"[{""file"":""atb_2016_workbook.xlsm"",""url"":""https://docs.nlr.gov/docs/fy16osti/66944-DA.xlsm"",""sha256"":""e622248d457ee99cba45474a7a7218a2bfd96f95d698d5a1099e3e2ea1b3b555"",""format"":""workbook"",""location"":""Conventional - Coal!L54"",""dollar_year"":2014},{""file"":""deflator.csv"",""url"":""https://github.com/ReEDS-Model/ReEDS/blob/db6a1ba95836b649176fca50030e82a6b4cf9bb5/inputs/financials/deflator.csv"",""sha256"":""538d3afb409a3c89ce0f96a70867855f9bb64afa82776e875129b2547e329315"",""location"":""value_target=value_source*deflator[source_dollar_year]/deflator[target_dollar_year]"",""dollar_year"":""""}]",ATB 2016 Moderate base-year estimate; year=release-2. Converted with the ReEDS deflator.,2016
reeds,coal,Coal-new,Moderate,{},fom,2015,39.310274627865425,USD/kW-yr,2022,atb,atb_2017_workbook.xlsm | deflator.csv,https://data.nlr.gov/system/files/71/2017-ATB-data.xlsm | https://github.com/ReEDS-Model/ReEDS/blob/db6a1ba95836b649176fca50030e82a6b4cf9bb5/inputs/financials/deflator.csv,[2015],"[{""file"":""atb_2017_workbook.xlsm"",""url"":""https://data.nlr.gov/system/files/71/2017-ATB-data.xlsm"",""sha256"":""5712fc8d062ccb40aa6930edbf60ba1f8f4a13c08f7e4e532b78e24fa23ba55d"",""format"":""workbook"",""location"":""Coal!L66"",""dollar_year"":2015},{""file"":""deflator.csv"",""url"":""https://github.com/ReEDS-Model/ReEDS/blob/db6a1ba95836b649176fca50030e82a6b4cf9bb5/inputs/financials/deflator.csv"",""sha256"":""538d3afb409a3c89ce0f96a70867855f9bb64afa82776e875129b2547e329315"",""location"":""value_target=value_source*deflator[source_dollar_year]/deflator[target_dollar_year]"",""dollar_year"":""""}]",ATB 2017 Moderate base-year estimate; year=release-2. Converted with the ReEDS deflator.,2017
reeds,coal,Coal-new,Moderate,{},fom,2016,39.620720999436614,USD/kW-yr,2022,atb,atb_2018_workbook.xlsm | deflator.csv,https://data.nlr.gov/system/files/89/2018-ATB-data-interim-geo.xlsm | https://github.com/ReEDS-Model/ReEDS/blob/db6a1ba95836b649176fca50030e82a6b4cf9bb5/inputs/financials/deflator.csv,[2016],"[{""file"":""atb_2018_workbook.xlsm"",""url"":""https://data.nlr.gov/system/files/89/2018-ATB-data-interim-geo.xlsm"",""sha256"":""975f5a963c817b0da3f9e762a3458fdbee58f11b3d80656eb3ba528d2901fbdf"",""format"":""workbook"",""location"":""Coal!L66"",""dollar_year"":2016},{""file"":""deflator.csv"",""url"":""https://github.com/ReEDS-Model/ReEDS/blob/db6a1ba95836b649176fca50030e82a6b4cf9bb5/inputs/financials/deflator.csv"",""sha256"":""538d3afb409a3c89ce0f96a70867855f9bb64afa82776e875129b2547e329315"",""location"":""value_target=value_source*deflator[source_dollar_year]/deflator[target_dollar_year]"",""dollar_year"":""""}]",ATB 2018 Moderate base-year estimate; year=release-2. Converted with the ReEDS deflator.,2018
reeds,coal,Coal-new,Moderate,{},fom,2017,39.365214694386545,USD/kW-yr,2022,atb,atb_2019_workbook.xlsm | deflator.csv,https://data.nlr.gov/system/files/115/2019-ATB-data.xlsm | https://github.com/ReEDS-Model/ReEDS/blob/db6a1ba95836b649176fca50030e82a6b4cf9bb5/inputs/financials/deflator.csv,[2017],"[{""file"":""atb_2019_workbook.xlsm"",""url"":""https://data.nlr.gov/system/files/115/2019-ATB-data.xlsm"",""sha256"":""f7807beb3496c1cfde28ed2a3115abd1d88e968273eb90f52cfe89f1845de42b"",""format"":""workbook"",""location"":""Coal!L66"",""dollar_year"":2017},{""file"":""deflator.csv"",""url"":""https://github.com/ReEDS-Model/ReEDS/blob/db6a1ba95836b649176fca50030e82a6b4cf9bb5/inputs/financials/deflator.csv"",""sha256"":""538d3afb409a3c89ce0f96a70867855f9bb64afa82776e875129b2547e329315"",""location"":""value_target=value_source*deflator[source_dollar_year]/deflator[target_dollar_year]"",""dollar_year"":""""}]",ATB 2019 Moderate base-year estimate; year=release-2. Converted with the ReEDS deflator.,2019
reeds,coal,Coal-new,Moderate,{},fom,2018,46.242339758578304,USD/kW-yr,2022,atb,atb_2020_workbook.xlsm | deflator.csv,https://atb-archive.nlr.gov/electricity/2020/files/2020-ATB-Data.xlsm | https://github.com/ReEDS-Model/ReEDS/blob/db6a1ba95836b649176fca50030e82a6b4cf9bb5/inputs/financials/deflator.csv,[2018],"[{""file"":""atb_2020_workbook.xlsm"",""url"":""https://atb-archive.nlr.gov/electricity/2020/files/2020-ATB-Data.xlsm"",""sha256"":""2fc2ccf72853304e45803959c77d82806debe8b686eec294838a7ac5219a7a13"",""format"":""workbook"",""location"":""Coal!L66"",""dollar_year"":2018},{""file"":""deflator.csv"",""url"":""https://github.com/ReEDS-Model/ReEDS/blob/db6a1ba95836b649176fca50030e82a6b4cf9bb5/inputs/financials/deflator.csv"",""sha256"":""538d3afb409a3c89ce0f96a70867855f9bb64afa82776e875129b2547e329315"",""location"":""value_target=value_source*deflator[source_dollar_year]/deflator[target_dollar_year]"",""dollar_year"":""""}]",ATB 2020 Moderate base-year estimate; year=release-2. Converted with the ReEDS deflator.,2020
reeds,coal,Coal-new,Moderate,{},fom,2019,82.16283086812672,USD/kW-yr,2022,atb,atb_2021_workbook.xlsm | deflator.csv,https://data.openei.org/files/4129/2021-ATB-Data_Master_new.xlsm | https://github.com/ReEDS-Model/ReEDS/blob/db6a1ba95836b649176fca50030e82a6b4cf9bb5/inputs/financials/deflator.csv,[2019],"[{""file"":""atb_2021_workbook.xlsm"",""url"":""https://data.openei.org/files/4129/2021-ATB-Data_Master_new.xlsm"",""sha256"":""211bc492df941a58acac912edea27c2ac2abf6d74fb2a24355fda6660c055632"",""format"":""workbook"",""location"":""Coal_FE!L207"",""dollar_year"":2019},{""file"":""deflator.csv"",""url"":""https://github.com/ReEDS-Model/ReEDS/blob/db6a1ba95836b649176fca50030e82a6b4cf9bb5/inputs/financials/deflator.csv"",""sha256"":""538d3afb409a3c89ce0f96a70867855f9bb64afa82776e875129b2547e329315"",""location"":""value_target=value_source*deflator[source_dollar_year]/deflator[target_dollar_year]"",""dollar_year"":""""}]",ATB 2021 Moderate base-year estimate; year=release-2. Converted with the ReEDS deflator.,2021
reeds,coal,Coal-new,Moderate,{},fom,2020,83.19001327304431,USD/kW-yr,2022,atb,atb_2022_workbook.xlsx | deflator.csv,https://data.openei.org/files/5716/2022 v3 Annual Technology Baseline Workbook Mid-year update 2-15-2023.xlsx | https://github.com/ReEDS-Model/ReEDS/blob/db6a1ba95836b649176fca50030e82a6b4cf9bb5/inputs/financials/deflator.csv,[2020],"[{""file"":""atb_2022_workbook.xlsx"",""url"":""https://data.openei.org/files/5716/2022 v3 Annual Technology Baseline Workbook Mid-year update 2-15-2023.xlsx"",""sha256"":""5ad5e47373f0dea32991d5828831bb407550397f1956abda6870e6786134b87e"",""format"":""workbook"",""location"":""Coal_FE!M136"",""dollar_year"":2020},{""file"":""deflator.csv"",""url"":""https://github.com/ReEDS-Model/ReEDS/blob/db6a1ba95836b649176fca50030e82a6b4cf9bb5/inputs/financials/deflator.csv"",""sha256"":""538d3afb409a3c89ce0f96a70867855f9bb64afa82776e875129b2547e329315"",""location"":""value_target=value_source*deflator[source_dollar_year]/deflator[target_dollar_year]"",""dollar_year"":""""}]",ATB 2022 Moderate base-year estimate; year=release-2. Converted with the ReEDS deflator.,2022
reeds,coal,Coal-new,Moderate,{},fom,2021,83.80800007691572,USD/kW-yr,2022,atb,atb_2023_flat_file.csv | deflator.csv,https://oedi-data-lake.s3.amazonaws.com/ATB/electricity/csv/2023/ATBe.csv | https://github.com/ReEDS-Model/ReEDS/blob/db6a1ba95836b649176fca50030e82a6b4cf9bb5/inputs/financials/deflator.csv,[2021],"[{""file"":""atb_2023_flat_file.csv"",""url"":""https://oedi-data-lake.s3.amazonaws.com/ATB/electricity/csv/2023/ATBe.csv"",""sha256"":""5073733a55c84facceb25ec56b83d05d9c990155486111fff137854ccd2fab71"",""format"":""flat"",""location"":""CSV row 137584"",""dollar_year"":2021},{""file"":""deflator.csv"",""url"":""https://github.com/ReEDS-Model/ReEDS/blob/db6a1ba95836b649176fca50030e82a6b4cf9bb5/inputs/financials/deflator.csv"",""sha256"":""538d3afb409a3c89ce0f96a70867855f9bb64afa82776e875129b2547e329315"",""location"":""value_target=value_source*deflator[source_dollar_year]/deflator[target_dollar_year]"",""dollar_year"":""""}]",ATB 2023 Moderate base-year estimate; year=release-2. Case: Market. Converted with the ReEDS deflator.,2023
reeds,coal,Coal-new,Moderate,{},fom,2022,86.5,USD/kW-yr,2022,atb,atb_2024_flat_file.csv | deflator.csv,https://oedi-data-lake.s3.amazonaws.com/ATB/electricity/csv/2024/v3.0.0/ATBe.csv | https://github.com/ReEDS-Model/ReEDS/blob/db6a1ba95836b649176fca50030e82a6b4cf9bb5/inputs/financials/deflator.csv,[2022],"[{""file"":""atb_2024_flat_file.csv"",""url"":""https://oedi-data-lake.s3.amazonaws.com/ATB/electricity/csv/2024/v3.0.0/ATBe.csv"",""sha256"":""b0f0de40786350ba8dd5eec9023540f72ceeb8ab4478bc31abaf1c0d5eb20959"",""format"":""flat"",""location"":""CSV row 56179"",""dollar_year"":2022},{""file"":""deflator.csv"",""url"":""https://github.com/ReEDS-Model/ReEDS/blob/db6a1ba95836b649176fca50030e82a6b4cf9bb5/inputs/financials/deflator.csv"",""sha256"":""538d3afb409a3c89ce0f96a70867855f9bb64afa82776e875129b2547e329315"",""location"":""value_target=value_source*deflator[source_dollar_year]/deflator[target_dollar_year]"",""dollar_year"":""""}]",ATB 2024 Moderate base-year estimate; year=release-2. Case: Market. Unit from ATB parameter definition; CSV unit blank. Converted with the ReEDS deflator.,2024
reeds,coal,Coal-new,Moderate,{},heatrate,2013,8.8,MMBtu/MWh,,atb,atb_2015_workbook.xlsm,https://docs.nlr.gov/docs/fy15osti/64077-DA.xlsm,[2013],"[{""file"":""atb_2015_workbook.xlsm"",""url"":""https://docs.nlr.gov/docs/fy15osti/64077-DA.xlsm"",""sha256"":""1f5e9a1d81f766d8c0a4e320dba9c27953321df5321ae3d04a854a23f7ca48df"",""format"":""workbook"",""location"":""Conventional - Coal!L20"",""dollar_year"":2013}]",ATB 2015 Moderate base-year estimate; year=release-2.,2015
reeds,coal,Coal-new,Moderate,{},heatrate,2014,8.784,MMBtu/MWh,,atb,atb_2016_workbook.xlsm,https://docs.nlr.gov/docs/fy16osti/66944-DA.xlsm,[2014],"[{""file"":""atb_2016_workbook.xlsm"",""url"":""https://docs.nlr.gov/docs/fy16osti/66944-DA.xlsm"",""sha256"":""e622248d457ee99cba45474a7a7218a2bfd96f95d698d5a1099e3e2ea1b3b555"",""format"":""workbook"",""location"":""Conventional - Coal!L26"",""dollar_year"":2014}]",ATB 2016 Moderate base-year estimate; year=release-2.,2016
reeds,coal,Coal-new,Moderate,{},heatrate,2015,8.804285714285713,MMBtu/MWh,,atb,atb_2017_workbook.xlsm,https://data.nlr.gov/system/files/71/2017-ATB-data.xlsm,[2015],"[{""file"":""atb_2017_workbook.xlsm"",""url"":""https://data.nlr.gov/system/files/71/2017-ATB-data.xlsm"",""sha256"":""5712fc8d062ccb40aa6930edbf60ba1f8f4a13c08f7e4e532b78e24fa23ba55d"",""format"":""workbook"",""location"":""Coal!L30"",""dollar_year"":2015}]",ATB 2017 Moderate base-year estimate; year=release-2.,2017
reeds,coal,Coal-new,Moderate,{},heatrate,2016,8.804285714285713,MMBtu/MWh,,atb,atb_2018_workbook.xlsm,https://data.nlr.gov/system/files/89/2018-ATB-data-interim-geo.xlsm,[2016],"[{""file"":""atb_2018_workbook.xlsm"",""url"":""https://data.nlr.gov/system/files/89/2018-ATB-data-interim-geo.xlsm"",""sha256"":""975f5a963c817b0da3f9e762a3458fdbee58f11b3d80656eb3ba528d2901fbdf"",""format"":""workbook"",""location"":""Coal!L30"",""dollar_year"":2016}]",ATB 2018 Moderate base-year estimate; year=release-2.,2018
reeds,coal,Coal-new,Moderate,{},heatrate,2017,8.8,MMBtu/MWh,,atb,atb_2019_workbook.xlsm,https://data.nlr.gov/system/files/115/2019-ATB-data.xlsm,[2017],"[{""file"":""atb_2019_workbook.xlsm"",""url"":""https://data.nlr.gov/system/files/115/2019-ATB-data.xlsm"",""sha256"":""f7807beb3496c1cfde28ed2a3115abd1d88e968273eb90f52cfe89f1845de42b"",""format"":""workbook"",""location"":""Coal!L30"",""dollar_year"":2017}]",ATB 2019 Moderate base-year estimate; year=release-2.,2019
reeds,coal,Coal-new,Moderate,{},heatrate,2018,8.638,MMBtu/MWh,,atb,atb_2020_workbook.xlsm,https://atb-archive.nlr.gov/electricity/2020/files/2020-ATB-Data.xlsm,[2018],"[{""file"":""atb_2020_workbook.xlsm"",""url"":""https://atb-archive.nlr.gov/electricity/2020/files/2020-ATB-Data.xlsm"",""sha256"":""2fc2ccf72853304e45803959c77d82806debe8b686eec294838a7ac5219a7a13"",""format"":""workbook"",""location"":""Coal!L30"",""dollar_year"":2018}]",ATB 2020 Moderate base-year estimate; year=release-2.,2020
reeds,coal,Coal-new,Moderate,{},heatrate,2019,8.473,MMBtu/MWh,,atb,atb_2021_workbook.xlsm,https://data.openei.org/files/4129/2021-ATB-Data_Master_new.xlsm,[2019],"[{""file"":""atb_2021_workbook.xlsm"",""url"":""https://data.openei.org/files/4129/2021-ATB-Data_Master_new.xlsm"",""sha256"":""211bc492df941a58acac912edea27c2ac2abf6d74fb2a24355fda6660c055632"",""format"":""workbook"",""location"":""Coal_FE!L103"",""dollar_year"":2019}]",ATB 2021 Moderate base-year estimate; year=release-2.,2021
reeds,coal,Coal-new,Moderate,{},heatrate,2020,8.489,MMBtu/MWh,,atb,atb_2022_workbook.xlsx,https://data.openei.org/files/5716/2022 v3 Annual Technology Baseline Workbook Mid-year update 2-15-2023.xlsx,[2020],"[{""file"":""atb_2022_workbook.xlsx"",""url"":""https://data.openei.org/files/5716/2022 v3 Annual Technology Baseline Workbook Mid-year update 2-15-2023.xlsx"",""sha256"":""5ad5e47373f0dea32991d5828831bb407550397f1956abda6870e6786134b87e"",""format"":""workbook"",""location"":""Coal_FE!M80"",""dollar_year"":2020}]",ATB 2022 Moderate base-year estimate; year=release-2.,2022
reeds,coal,Coal-new,Moderate,{},heatrate,2021,8.49,MMBtu/MWh,,atb,atb_2023_flat_file.csv,https://oedi-data-lake.s3.amazonaws.com/ATB/electricity/csv/2023/ATBe.csv,[2021],"[{""file"":""atb_2023_flat_file.csv"",""url"":""https://oedi-data-lake.s3.amazonaws.com/ATB/electricity/csv/2023/ATBe.csv"",""sha256"":""5073733a55c84facceb25ec56b83d05d9c990155486111fff137854ccd2fab71"",""format"":""flat"",""location"":""CSV row 153878"",""dollar_year"":2021}]",ATB 2023 Moderate base-year estimate; year=release-2. Case: Market.,2023
reeds,coal,Coal-new,Moderate,{},heatrate,2022,8.49,MMBtu/MWh,,atb,atb_2024_flat_file.csv,https://oedi-data-lake.s3.amazonaws.com/ATB/electricity/csv/2024/v3.0.0/ATBe.csv,[2022],"[{""file"":""atb_2024_flat_file.csv"",""url"":""https://oedi-data-lake.s3.amazonaws.com/ATB/electricity/csv/2024/v3.0.0/ATBe.csv"",""sha256"":""b0f0de40786350ba8dd5eec9023540f72ceeb8ab4478bc31abaf1c0d5eb20959"",""format"":""flat"",""location"":""CSV row 55807"",""dollar_year"":2022}]",ATB 2024 Moderate base-year estimate; year=release-2. Case: Market. Unit from ATB parameter definition; CSV unit blank.,2024
reeds,coal,Coal-new,Moderate,{},vom,2013,5.696623408652961,USD/MWh,2022,atb,atb_2015_workbook.xlsm | deflator.csv,https://docs.nlr.gov/docs/fy15osti/64077-DA.xlsm | https://github.com/ReEDS-Model/ReEDS/blob/db6a1ba95836b649176fca50030e82a6b4cf9bb5/inputs/financials/deflator.csv,[2013],"[{""file"":""atb_2015_workbook.xlsm"",""url"":""https://docs.nlr.gov/docs/fy15osti/64077-DA.xlsm"",""sha256"":""1f5e9a1d81f766d8c0a4e320dba9c27953321df5321ae3d04a854a23f7ca48df"",""format"":""workbook"",""location"":""Conventional - Coal!L40"",""dollar_year"":2013},{""file"":""deflator.csv"",""url"":""https://github.com/ReEDS-Model/ReEDS/blob/db6a1ba95836b649176fca50030e82a6b4cf9bb5/inputs/financials/deflator.csv"",""sha256"":""538d3afb409a3c89ce0f96a70867855f9bb64afa82776e875129b2547e329315"",""location"":""value_target=value_source*deflator[source_dollar_year]/deflator[target_dollar_year]"",""dollar_year"":""""}]",ATB 2015 Moderate base-year estimate; year=release-2. Converted with the ReEDS deflator.,2015
reeds,coal,Coal-new,Moderate,{},vom,2014,5.696623408709211,USD/MWh,2022,atb,atb_2016_workbook.xlsm | deflator.csv,https://docs.nlr.gov/docs/fy16osti/66944-DA.xlsm | https://github.com/ReEDS-Model/ReEDS/blob/db6a1ba95836b649176fca50030e82a6b4cf9bb5/inputs/financials/deflator.csv,[2014],"[{""file"":""atb_2016_workbook.xlsm"",""url"":""https://docs.nlr.gov/docs/fy16osti/66944-DA.xlsm"",""sha256"":""e622248d457ee99cba45474a7a7218a2bfd96f95d698d5a1099e3e2ea1b3b555"",""format"":""workbook"",""location"":""Conventional - Coal!L61"",""dollar_year"":2014},{""file"":""deflator.csv"",""url"":""https://github.com/ReEDS-Model/ReEDS/blob/db6a1ba95836b649176fca50030e82a6b4cf9bb5/inputs/financials/deflator.csv"",""sha256"":""538d3afb409a3c89ce0f96a70867855f9bb64afa82776e875129b2547e329315"",""location"":""value_target=value_source*deflator[source_dollar_year]/deflator[target_dollar_year]"",""dollar_year"":""""}]",ATB 2016 Moderate base-year estimate; year=release-2. Converted with the ReEDS deflator.,2016
reeds,coal,Coal-new,Moderate,{},vom,2015,5.639182528451811,USD/MWh,2022,atb,atb_2017_workbook.xlsm | deflator.csv,https://data.nlr.gov/system/files/71/2017-ATB-data.xlsm | https://github.com/ReEDS-Model/ReEDS/blob/db6a1ba95836b649176fca50030e82a6b4cf9bb5/inputs/financials/deflator.csv,[2015],"[{""file"":""atb_2017_workbook.xlsm"",""url"":""https://data.nlr.gov/system/files/71/2017-ATB-data.xlsm"",""sha256"":""5712fc8d062ccb40aa6930edbf60ba1f8f4a13c08f7e4e532b78e24fa23ba55d"",""format"":""workbook"",""location"":""Coal!L75"",""dollar_year"":2015},{""file"":""deflator.csv"",""url"":""https://github.com/ReEDS-Model/ReEDS/blob/db6a1ba95836b649176fca50030e82a6b4cf9bb5/inputs/financials/deflator.csv"",""sha256"":""538d3afb409a3c89ce0f96a70867855f9bb64afa82776e875129b2547e329315"",""location"":""value_target=value_source*deflator[source_dollar_year]/deflator[target_dollar_year]"",""dollar_year"":""""}]",ATB 2017 Moderate base-year estimate; year=release-2. Converted with the ReEDS deflator.,2017
reeds,coal,Coal-new,Moderate,{},vom,2016,5.68371703682547,USD/MWh,2022,atb,atb_2018_workbook.xlsm | deflator.csv,https://data.nlr.gov/system/files/89/2018-ATB-data-interim-geo.xlsm | https://github.com/ReEDS-Model/ReEDS/blob/db6a1ba95836b649176fca50030e82a6b4cf9bb5/inputs/financials/deflator.csv,[2016],"[{""file"":""atb_2018_workbook.xlsm"",""url"":""https://data.nlr.gov/system/files/89/2018-ATB-data-interim-geo.xlsm"",""sha256"":""975f5a963c817b0da3f9e762a3458fdbee58f11b3d80656eb3ba528d2901fbdf"",""format"":""workbook"",""location"":""Coal!L75"",""dollar_year"":2016},{""file"":""deflator.csv"",""url"":""https://github.com/ReEDS-Model/ReEDS/blob/db6a1ba95836b649176fca50030e82a6b4cf9bb5/inputs/financials/deflator.csv"",""sha256"":""538d3afb409a3c89ce0f96a70867855f9bb64afa82776e875129b2547e329315"",""location"":""value_target=value_source*deflator[source_dollar_year]/deflator[target_dollar_year]"",""dollar_year"":""""}]",ATB 2018 Moderate base-year estimate; year=release-2. Converted with the ReEDS deflator.,2018
reeds,coal,Coal-new,Moderate,{},vom,2017,5.964426468846447,USD/MWh,2022,atb,atb_2019_workbook.xlsm | deflator.csv,https://data.nlr.gov/system/files/115/2019-ATB-data.xlsm | https://github.com/ReEDS-Model/ReEDS/blob/db6a1ba95836b649176fca50030e82a6b4cf9bb5/inputs/financials/deflator.csv,[2017],"[{""file"":""atb_2019_workbook.xlsm"",""url"":""https://data.nlr.gov/system/files/115/2019-ATB-data.xlsm"",""sha256"":""f7807beb3496c1cfde28ed2a3115abd1d88e968273eb90f52cfe89f1845de42b"",""format"":""workbook"",""location"":""Coal!L75"",""dollar_year"":2017},{""file"":""deflator.csv"",""url"":""https://github.com/ReEDS-Model/ReEDS/blob/db6a1ba95836b649176fca50030e82a6b4cf9bb5/inputs/financials/deflator.csv"",""sha256"":""538d3afb409a3c89ce0f96a70867855f9bb64afa82776e875129b2547e329315"",""location"":""value_target=value_source*deflator[source_dollar_year]/deflator[target_dollar_year]"",""dollar_year"":""""}]",ATB 2019 Moderate base-year estimate; year=release-2. Converted with the ReEDS deflator.,2019
reeds,coal,Coal-new,Moderate,{},vom,2018,5.12659445974835,USD/MWh,2022,atb,atb_2020_workbook.xlsm | deflator.csv,https://atb-archive.nlr.gov/electricity/2020/files/2020-ATB-Data.xlsm | https://github.com/ReEDS-Model/ReEDS/blob/db6a1ba95836b649176fca50030e82a6b4cf9bb5/inputs/financials/deflator.csv,[2018],"[{""file"":""atb_2020_workbook.xlsm"",""url"":""https://atb-archive.nlr.gov/electricity/2020/files/2020-ATB-Data.xlsm"",""sha256"":""2fc2ccf72853304e45803959c77d82806debe8b686eec294838a7ac5219a7a13"",""format"":""workbook"",""location"":""Coal!L75"",""dollar_year"":2018},{""file"":""deflator.csv"",""url"":""https://github.com/ReEDS-Model/ReEDS/blob/db6a1ba95836b649176fca50030e82a6b4cf9bb5/inputs/financials/deflator.csv"",""sha256"":""538d3afb409a3c89ce0f96a70867855f9bb64afa82776e875129b2547e329315"",""location"":""value_target=value_source*deflator[source_dollar_year]/deflator[target_dollar_year]"",""dollar_year"":""""}]",ATB 2020 Moderate base-year estimate; year=release-2. Converted with the ReEDS deflator.,2020
reeds,coal,Coal-new,Moderate,{},vom,2019,8.994426888906352,USD/MWh,2022,atb,atb_2021_workbook.xlsm | deflator.csv,https://data.openei.org/files/4129/2021-ATB-Data_Master_new.xlsm | https://github.com/ReEDS-Model/ReEDS/blob/db6a1ba95836b649176fca50030e82a6b4cf9bb5/inputs/financials/deflator.csv,[2019],"[{""file"":""atb_2021_workbook.xlsm"",""url"":""https://data.openei.org/files/4129/2021-ATB-Data_Master_new.xlsm"",""sha256"":""211bc492df941a58acac912edea27c2ac2abf6d74fb2a24355fda6660c055632"",""format"":""workbook"",""location"":""Coal_FE!L233"",""dollar_year"":2019},{""file"":""deflator.csv"",""url"":""https://github.com/ReEDS-Model/ReEDS/blob/db6a1ba95836b649176fca50030e82a6b4cf9bb5/inputs/financials/deflator.csv"",""sha256"":""538d3afb409a3c89ce0f96a70867855f9bb64afa82776e875129b2547e329315"",""location"":""value_target=value_source*deflator[source_dollar_year]/deflator[target_dollar_year]"",""dollar_year"":""""}]",ATB 2021 Moderate base-year estimate; year=release-2. Converted with the ReEDS deflator.,2021
reeds,coal,Coal-new,Moderate,{},vom,2020,9.000849607903124,USD/MWh,2022,atb,atb_2022_workbook.xlsx | deflator.csv,https://data.openei.org/files/5716/2022 v3 Annual Technology Baseline Workbook Mid-year update 2-15-2023.xlsx | https://github.com/ReEDS-Model/ReEDS/blob/db6a1ba95836b649176fca50030e82a6b4cf9bb5/inputs/financials/deflator.csv,[2020],"[{""file"":""atb_2022_workbook.xlsx"",""url"":""https://data.openei.org/files/5716/2022 v3 Annual Technology Baseline Workbook Mid-year update 2-15-2023.xlsx"",""sha256"":""5ad5e47373f0dea32991d5828831bb407550397f1956abda6870e6786134b87e"",""format"":""workbook"",""location"":""Coal_FE!M150"",""dollar_year"":2020},{""file"":""deflator.csv"",""url"":""https://github.com/ReEDS-Model/ReEDS/blob/db6a1ba95836b649176fca50030e82a6b4cf9bb5/inputs/financials/deflator.csv"",""sha256"":""538d3afb409a3c89ce0f96a70867855f9bb64afa82776e875129b2547e329315"",""location"":""value_target=value_source*deflator[source_dollar_year]/deflator[target_dollar_year]"",""dollar_year"":""""}]",ATB 2022 Moderate base-year estimate; year=release-2. Converted with the ReEDS deflator.,2022
reeds,coal,Coal-new,Moderate,{},vom,2021,9.136800008385402,USD/MWh,2022,atb,atb_2023_flat_file.csv | deflator.csv,https://oedi-data-lake.s3.amazonaws.com/ATB/electricity/csv/2023/ATBe.csv | https://github.com/ReEDS-Model/ReEDS/blob/db6a1ba95836b649176fca50030e82a6b4cf9bb5/inputs/financials/deflator.csv,[2021],"[{""file"":""atb_2023_flat_file.csv"",""url"":""https://oedi-data-lake.s3.amazonaws.com/ATB/electricity/csv/2023/ATBe.csv"",""sha256"":""5073733a55c84facceb25ec56b83d05d9c990155486111fff137854ccd2fab71"",""format"":""flat"",""location"":""CSV row 183166"",""dollar_year"":2021},{""file"":""deflator.csv"",""url"":""https://github.com/ReEDS-Model/ReEDS/blob/db6a1ba95836b649176fca50030e82a6b4cf9bb5/inputs/financials/deflator.csv"",""sha256"":""538d3afb409a3c89ce0f96a70867855f9bb64afa82776e875129b2547e329315"",""location"":""value_target=value_source*deflator[source_dollar_year]/deflator[target_dollar_year]"",""dollar_year"":""""}]",ATB 2023 Moderate base-year estimate; year=release-2. Case: Market. Converted with the ReEDS deflator.,2023
reeds,coal,Coal-new,Moderate,{},vom,2022,9.3,USD/MWh,2022,atb,atb_2024_flat_file.csv | deflator.csv,https://oedi-data-lake.s3.amazonaws.com/ATB/electricity/csv/2024/v3.0.0/ATBe.csv | https://github.com/ReEDS-Model/ReEDS/blob/db6a1ba95836b649176fca50030e82a6b4cf9bb5/inputs/financials/deflator.csv,[2022],"[{""file"":""atb_2024_flat_file.csv"",""url"":""https://oedi-data-lake.s3.amazonaws.com/ATB/electricity/csv/2024/v3.0.0/ATBe.csv"",""sha256"":""b0f0de40786350ba8dd5eec9023540f72ceeb8ab4478bc31abaf1c0d5eb20959"",""format"":""flat"",""location"":""CSV row 56295"",""dollar_year"":2022},{""file"":""deflator.csv"",""url"":""https://github.com/ReEDS-Model/ReEDS/blob/db6a1ba95836b649176fca50030e82a6b4cf9bb5/inputs/financials/deflator.csv"",""sha256"":""538d3afb409a3c89ce0f96a70867855f9bb64afa82776e875129b2547e329315"",""location"":""value_target=value_source*deflator[source_dollar_year]/deflator[target_dollar_year]"",""dollar_year"":""""}]",ATB 2024 Moderate base-year estimate; year=release-2. Case: Market. Unit from ATB parameter definition; CSV unit blank. Converted with the ReEDS deflator.,2024
reeds,coal,CofireNew,Moderate,{},capcost,2013,4089.3223686643937,USD/kW,2022,atb,atb_2015_workbook.xlsm | deflator.csv,https://docs.nlr.gov/docs/fy15osti/64077-DA.xlsm | https://github.com/ReEDS-Model/ReEDS/blob/db6a1ba95836b649176fca50030e82a6b4cf9bb5/inputs/financials/deflator.csv,[2013],"[{""file"":""atb_2015_workbook.xlsm"",""url"":""https://docs.nlr.gov/docs/fy15osti/64077-DA.xlsm"",""sha256"":""1f5e9a1d81f766d8c0a4e320dba9c27953321df5321ae3d04a854a23f7ca48df"",""format"":""workbook"",""location"":""Conventional - Biopower!L34"",""dollar_year"":2013},{""file"":""deflator.csv"",""url"":""https://github.com/ReEDS-Model/ReEDS/blob/db6a1ba95836b649176fca50030e82a6b4cf9bb5/inputs/financials/deflator.csv"",""sha256"":""538d3afb409a3c89ce0f96a70867855f9bb64afa82776e875129b2547e329315"",""location"":""value_target=value_source*deflator[source_dollar_year]/deflator[target_dollar_year]"",""dollar_year"":""""}]",ATB 2015 Moderate base-year estimate; year=release-2. Converted with the ReEDS deflator.,2015
reeds,coal,CofireNew,Moderate,{},capcost,2014,4729.40708336899,USD/kW,2022,atb,atb_2016_workbook.xlsm | deflator.csv,https://docs.nlr.gov/docs/fy16osti/66944-DA.xlsm | https://github.com/ReEDS-Model/ReEDS/blob/db6a1ba95836b649176fca50030e82a6b4cf9bb5/inputs/financials/deflator.csv,[2014],"[{""file"":""atb_2016_workbook.xlsm"",""url"":""https://docs.nlr.gov/docs/fy16osti/66944-DA.xlsm"",""sha256"":""e622248d457ee99cba45474a7a7218a2bfd96f95d698d5a1099e3e2ea1b3b555"",""format"":""workbook"",""location"":""Conventional - Biopower!L34"",""dollar_year"":2014},{""file"":""deflator.csv"",""url"":""https://github.com/ReEDS-Model/ReEDS/blob/db6a1ba95836b649176fca50030e82a6b4cf9bb5/inputs/financials/deflator.csv"",""sha256"":""538d3afb409a3c89ce0f96a70867855f9bb64afa82776e875129b2547e329315"",""location"":""value_target=value_source*deflator[source_dollar_year]/deflator[target_dollar_year]"",""dollar_year"":""""}]",ATB 2016 Moderate base-year estimate; year=release-2. Converted with the ReEDS deflator.,2016
reeds,coal,CofireNew,Moderate,{},capcost,2015,4757.76067957057,USD/kW,2022,atb,atb_2017_workbook.xlsm | deflator.csv,https://data.nlr.gov/system/files/71/2017-ATB-data.xlsm | https://github.com/ReEDS-Model/ReEDS/blob/db6a1ba95836b649176fca50030e82a6b4cf9bb5/inputs/financials/deflator.csv,[2015],"[{""file"":""atb_2017_workbook.xlsm"",""url"":""https://data.nlr.gov/system/files/71/2017-ATB-data.xlsm"",""sha256"":""5712fc8d062ccb40aa6930edbf60ba1f8f4a13c08f7e4e532b78e24fa23ba55d"",""format"":""workbook"",""location"":""Biopower!L34"",""dollar_year"":2015},{""file"":""deflator.csv"",""url"":""https://github.com/ReEDS-Model/ReEDS/blob/db6a1ba95836b649176fca50030e82a6b4cf9bb5/inputs/financials/deflator.csv"",""sha256"":""538d3afb409a3c89ce0f96a70867855f9bb64afa82776e875129b2547e329315"",""location"":""value_target=value_source*deflator[source_dollar_year]/deflator[target_dollar_year]"",""dollar_year"":""""}]",ATB 2017 Moderate base-year estimate; year=release-2. Converted with the ReEDS deflator.,2017
reeds,coal,CofireNew,Moderate,{},capcost,2016,4790.265019969035,USD/kW,2022,atb,atb_2018_workbook.xlsm | deflator.csv,https://data.nlr.gov/system/files/89/2018-ATB-data-interim-geo.xlsm | https://github.com/ReEDS-Model/ReEDS/blob/db6a1ba95836b649176fca50030e82a6b4cf9bb5/inputs/financials/deflator.csv,[2016],"[{""file"":""atb_2018_workbook.xlsm"",""url"":""https://data.nlr.gov/system/files/89/2018-ATB-data-interim-geo.xlsm"",""sha256"":""975f5a963c817b0da3f9e762a3458fdbee58f11b3d80656eb3ba528d2901fbdf"",""format"":""workbook"",""location"":""Biopower!L34"",""dollar_year"":2016},{""file"":""deflator.csv"",""url"":""https://github.com/ReEDS-Model/ReEDS/blob/db6a1ba95836b649176fca50030e82a6b4cf9bb5/inputs/financials/deflator.csv"",""sha256"":""538d3afb409a3c89ce0f96a70867855f9bb64afa82776e875129b2547e329315"",""location"":""value_target=value_source*deflator[source_dollar_year]/deflator[target_dollar_year]"",""dollar_year"":""""}]",ATB 2018 Moderate base-year estimate; year=release-2. Converted with the ReEDS deflator.,2018
reeds,coal,CofireNew,Moderate,{},capcost,2017,4787.2507277325985,USD/kW,2022,atb,atb_2019_workbook.xlsm | deflator.csv,https://data.nlr.gov/system/files/115/2019-ATB-data.xlsm | https://github.com/ReEDS-Model/ReEDS/blob/db6a1ba95836b649176fca50030e82a6b4cf9bb5/inputs/financials/deflator.csv,[2017],"[{""file"":""atb_2019_workbook.xlsm"",""url"":""https://data.nlr.gov/system/files/115/2019-ATB-data.xlsm"",""sha256"":""f7807beb3496c1cfde28ed2a3115abd1d88e968273eb90f52cfe89f1845de42b"",""format"":""workbook"",""location"":""Biopower!L34"",""dollar_year"":2017},{""file"":""deflator.csv"",""url"":""https://github.com/ReEDS-Model/ReEDS/blob/db6a1ba95836b649176fca50030e82a6b4cf9bb5/inputs/financials/deflator.csv"",""sha256"":""538d3afb409a3c89ce0f96a70867855f9bb64afa82776e875129b2547e329315"",""location"":""value_target=value_source*deflator[source_dollar_year]/deflator[target_dollar_year]"",""dollar_year"":""""}]",ATB 2019 Moderate base-year estimate; year=release-2. Converted with the ReEDS deflator.,2019
reeds,coal,CofireNew,Moderate,{},capcost,2018,4561.495542896492,USD/kW,2022,atb,atb_2020_workbook.xlsm | deflator.csv,https://atb-archive.nlr.gov/electricity/2020/files/2020-ATB-Data.xlsm | https://github.com/ReEDS-Model/ReEDS/blob/db6a1ba95836b649176fca50030e82a6b4cf9bb5/inputs/financials/deflator.csv,[2018],"[{""file"":""atb_2020_workbook.xlsm"",""url"":""https://atb-archive.nlr.gov/electricity/2020/files/2020-ATB-Data.xlsm"",""sha256"":""2fc2ccf72853304e45803959c77d82806debe8b686eec294838a7ac5219a7a13"",""format"":""workbook"",""location"":""Biopower!L34"",""dollar_year"":2018},{""file"":""deflator.csv"",""url"":""https://github.com/ReEDS-Model/ReEDS/blob/db6a1ba95836b649176fca50030e82a6b4cf9bb5/inputs/financials/deflator.csv"",""sha256"":""538d3afb409a3c89ce0f96a70867855f9bb64afa82776e875129b2547e329315"",""location"":""value_target=value_source*deflator[source_dollar_year]/deflator[target_dollar_year]"",""dollar_year"":""""}]",ATB 2020 Moderate base-year estimate; year=release-2. Converted with the ReEDS deflator.,2020
reeds,coal,CofireNew,Moderate,{},cf_improvement,2013,0.508,fraction,,atb,atb_2015_workbook.xlsm,https://docs.nlr.gov/docs/fy15osti/64077-DA.xlsm,[2013],"[{""file"":""atb_2015_workbook.xlsm"",""url"":""https://docs.nlr.gov/docs/fy15osti/64077-DA.xlsm"",""sha256"":""1f5e9a1d81f766d8c0a4e320dba9c27953321df5321ae3d04a854a23f7ca48df"",""format"":""workbook"",""location"":""Conventional - Biopower!L14"",""dollar_year"":2013}]",ATB 2015 Moderate base-year estimate; year=release-2.,2015
reeds,coal,CofireNew,Moderate,{},cf_improvement,2014,0.521,fraction,,atb,atb_2016_workbook.xlsm,https://docs.nlr.gov/docs/fy16osti/66944-DA.xlsm,[2014],"[{""file"":""atb_2016_workbook.xlsm"",""url"":""https://docs.nlr.gov/docs/fy16osti/66944-DA.xlsm"",""sha256"":""e622248d457ee99cba45474a7a7218a2bfd96f95d698d5a1099e3e2ea1b3b555"",""format"":""workbook"",""location"":""Conventional - Biopower!L14"",""dollar_year"":2014}]",ATB 2016 Moderate base-year estimate; year=release-2.,2016
reeds,coal,CofireNew,Moderate,{},cf_improvement,2015,0.521,fraction,,atb,atb_2017_workbook.xlsm,https://data.nlr.gov/system/files/71/2017-ATB-data.xlsm,[2015],"[{""file"":""atb_2017_workbook.xlsm"",""url"":""https://data.nlr.gov/system/files/71/2017-ATB-data.xlsm"",""sha256"":""5712fc8d062ccb40aa6930edbf60ba1f8f4a13c08f7e4e532b78e24fa23ba55d"",""format"":""workbook"",""location"":""Biopower!L14"",""dollar_year"":2015}]",ATB 2017 Moderate base-year estimate; year=release-2.,2017
reeds,coal,CofireNew,Moderate,{},cf_improvement,2016,0.556,fraction,,atb,atb_2018_workbook.xlsm,https://data.nlr.gov/system/files/89/2018-ATB-data-interim-geo.xlsm,[2016],"[{""file"":""atb_2018_workbook.xlsm"",""url"":""https://data.nlr.gov/system/files/89/2018-ATB-data-interim-geo.xlsm"",""sha256"":""975f5a963c817b0da3f9e762a3458fdbee58f11b3d80656eb3ba528d2901fbdf"",""format"":""workbook"",""location"":""Biopower!L14"",""dollar_year"":2016}]",ATB 2018 Moderate base-year estimate; year=release-2.,2018
reeds,coal,CofireNew,Moderate,{},cf_improvement,2017,0.556,fraction,,atb,atb_2019_workbook.xlsm,https://data.nlr.gov/system/files/115/2019-ATB-data.xlsm,[2017],"[{""file"":""atb_2019_workbook.xlsm"",""url"":""https://data.nlr.gov/system/files/115/2019-ATB-data.xlsm"",""sha256"":""f7807beb3496c1cfde28ed2a3115abd1d88e968273eb90f52cfe89f1845de42b"",""format"":""workbook"",""location"":""Biopower!L14"",""dollar_year"":2017}]",ATB 2019 Moderate base-year estimate; year=release-2.,2019
reeds,coal,CofireNew,Moderate,{},cf_improvement,2018,0.606,fraction,,atb,atb_2020_workbook.xlsm,https://atb-archive.nlr.gov/electricity/2020/files/2020-ATB-Data.xlsm,[2018],"[{""file"":""atb_2020_workbook.xlsm"",""url"":""https://atb-archive.nlr.gov/electricity/2020/files/2020-ATB-Data.xlsm"",""sha256"":""2fc2ccf72853304e45803959c77d82806debe8b686eec294838a7ac5219a7a13"",""format"":""workbook"",""location"":""Biopower!L14"",""dollar_year"":2018}]",ATB 2020 Moderate base-year estimate; year=release-2.,2020
reeds,coal,CofireNew,Moderate,{},fom,2013,39.71324468807626,USD/kW-yr,2022,atb,atb_2015_workbook.xlsm | deflator.csv,https://docs.nlr.gov/docs/fy15osti/64077-DA.xlsm | https://github.com/ReEDS-Model/ReEDS/blob/db6a1ba95836b649176fca50030e82a6b4cf9bb5/inputs/financials/deflator.csv,[2013],"[{""file"":""atb_2015_workbook.xlsm"",""url"":""https://docs.nlr.gov/docs/fy15osti/64077-DA.xlsm"",""sha256"":""1f5e9a1d81f766d8c0a4e320dba9c27953321df5321ae3d04a854a23f7ca48df"",""format"":""workbook"",""location"":""Conventional - Biopower!L38"",""dollar_year"":2013},{""file"":""deflator.csv"",""url"":""https://github.com/ReEDS-Model/ReEDS/blob/db6a1ba95836b649176fca50030e82a6b4cf9bb5/inputs/financials/deflator.csv"",""sha256"":""538d3afb409a3c89ce0f96a70867855f9bb64afa82776e875129b2547e329315"",""location"":""value_target=value_source*deflator[source_dollar_year]/deflator[target_dollar_year]"",""dollar_year"":""""}]",ATB 2015 Moderate base-year estimate; year=release-2. Converted with the ReEDS deflator.,2015
reeds,coal,CofireNew,Moderate,{},fom,2014,39.09841088444472,USD/kW-yr,2022,atb,atb_2016_workbook.xlsm | deflator.csv,https://docs.nlr.gov/docs/fy16osti/66944-DA.xlsm | https://github.com/ReEDS-Model/ReEDS/blob/db6a1ba95836b649176fca50030e82a6b4cf9bb5/inputs/financials/deflator.csv,[2014],"[{""file"":""atb_2016_workbook.xlsm"",""url"":""https://docs.nlr.gov/docs/fy16osti/66944-DA.xlsm"",""sha256"":""e622248d457ee99cba45474a7a7218a2bfd96f95d698d5a1099e3e2ea1b3b555"",""format"":""workbook"",""location"":""Conventional - Biopower!L38"",""dollar_year"":2014},{""file"":""deflator.csv"",""url"":""https://github.com/ReEDS-Model/ReEDS/blob/db6a1ba95836b649176fca50030e82a6b4cf9bb5/inputs/financials/deflator.csv"",""sha256"":""538d3afb409a3c89ce0f96a70867855f9bb64afa82776e875129b2547e329315"",""location"":""value_target=value_source*deflator[source_dollar_year]/deflator[target_dollar_year]"",""dollar_year"":""""}]",ATB 2016 Moderate base-year estimate; year=release-2. Converted with the ReEDS deflator.,2016
reeds,coal,CofireNew,Moderate,{},fom,2015,39.310274627865425,USD/kW-yr,2022,atb,atb_2017_workbook.xlsm | deflator.csv,https://data.nlr.gov/system/files/71/2017-ATB-data.xlsm | https://github.com/ReEDS-Model/ReEDS/blob/db6a1ba95836b649176fca50030e82a6b4cf9bb5/inputs/financials/deflator.csv,[2015],"[{""file"":""atb_2017_workbook.xlsm"",""url"":""https://data.nlr.gov/system/files/71/2017-ATB-data.xlsm"",""sha256"":""5712fc8d062ccb40aa6930edbf60ba1f8f4a13c08f7e4e532b78e24fa23ba55d"",""format"":""workbook"",""location"":""Biopower!L38"",""dollar_year"":2015},{""file"":""deflator.csv"",""url"":""https://github.com/ReEDS-Model/ReEDS/blob/db6a1ba95836b649176fca50030e82a6b4cf9bb5/inputs/financials/deflator.csv"",""sha256"":""538d3afb409a3c89ce0f96a70867855f9bb64afa82776e875129b2547e329315"",""location"":""value_target=value_source*deflator[source_dollar_year]/deflator[target_dollar_year]"",""dollar_year"":""""}]",ATB 2017 Moderate base-year estimate; year=release-2. Converted with the ReEDS deflator.,2017
reeds,coal,CofireNew,Moderate,{},fom,2016,39.620720999436614,USD/kW-yr,2022,atb,atb_2018_workbook.xlsm | deflator.csv,https://data.nlr.gov/system/files/89/2018-ATB-data-interim-geo.xlsm | https://github.com/ReEDS-Model/ReEDS/blob/db6a1ba95836b649176fca50030e82a6b4cf9bb5/inputs/financials/deflator.csv,[2016],"[{""file"":""atb_2018_workbook.xlsm"",""url"":""https://data.nlr.gov/system/files/89/2018-ATB-data-interim-geo.xlsm"",""sha256"":""975f5a963c817b0da3f9e762a3458fdbee58f11b3d80656eb3ba528d2901fbdf"",""format"":""workbook"",""location"":""Biopower!L38"",""dollar_year"":2016},{""file"":""deflator.csv"",""url"":""https://github.com/ReEDS-Model/ReEDS/blob/db6a1ba95836b649176fca50030e82a6b4cf9bb5/inputs/financials/deflator.csv"",""sha256"":""538d3afb409a3c89ce0f96a70867855f9bb64afa82776e875129b2547e329315"",""location"":""value_target=value_source*deflator[source_dollar_year]/deflator[target_dollar_year]"",""dollar_year"":""""}]",ATB 2018 Moderate base-year estimate; year=release-2. Converted with the ReEDS deflator.,2018
reeds,coal,CofireNew,Moderate,{},fom,2017,39.62072099036793,USD/kW-yr,2022,atb,atb_2019_workbook.xlsm | deflator.csv,https://data.nlr.gov/system/files/115/2019-ATB-data.xlsm | https://github.com/ReEDS-Model/ReEDS/blob/db6a1ba95836b649176fca50030e82a6b4cf9bb5/inputs/financials/deflator.csv,[2017],"[{""file"":""atb_2019_workbook.xlsm"",""url"":""https://data.nlr.gov/system/files/115/2019-ATB-data.xlsm"",""sha256"":""f7807beb3496c1cfde28ed2a3115abd1d88e968273eb90f52cfe89f1845de42b"",""format"":""workbook"",""location"":""Biopower!L38"",""dollar_year"":2017},{""file"":""deflator.csv"",""url"":""https://github.com/ReEDS-Model/ReEDS/blob/db6a1ba95836b649176fca50030e82a6b4cf9bb5/inputs/financials/deflator.csv"",""sha256"":""538d3afb409a3c89ce0f96a70867855f9bb64afa82776e875129b2547e329315"",""location"":""value_target=value_source*deflator[source_dollar_year]/deflator[target_dollar_year]"",""dollar_year"":""""}]",ATB 2019 Moderate base-year estimate; year=release-2. Converted with the ReEDS deflator.,2019
reeds,coal,CofireNew,Moderate,{},fom,2018,46.242339758578304,USD/kW-yr,2022,atb,atb_2020_workbook.xlsm | deflator.csv,https://atb-archive.nlr.gov/electricity/2020/files/2020-ATB-Data.xlsm | https://github.com/ReEDS-Model/ReEDS/blob/db6a1ba95836b649176fca50030e82a6b4cf9bb5/inputs/financials/deflator.csv,[2018],"[{""file"":""atb_2020_workbook.xlsm"",""url"":""https://atb-archive.nlr.gov/electricity/2020/files/2020-ATB-Data.xlsm"",""sha256"":""2fc2ccf72853304e45803959c77d82806debe8b686eec294838a7ac5219a7a13"",""format"":""workbook"",""location"":""Biopower!L38"",""dollar_year"":2018},{""file"":""deflator.csv"",""url"":""https://github.com/ReEDS-Model/ReEDS/blob/db6a1ba95836b649176fca50030e82a6b4cf9bb5/inputs/financials/deflator.csv"",""sha256"":""538d3afb409a3c89ce0f96a70867855f9bb64afa82776e875129b2547e329315"",""location"":""value_target=value_source*deflator[source_dollar_year]/deflator[target_dollar_year]"",""dollar_year"":""""}]",ATB 2020 Moderate base-year estimate; year=release-2. Converted with the ReEDS deflator.,2020
reeds,coal,CofireNew,Moderate,{},heatrate,2013,10.08,MMBtu/MWh,,atb,atb_2015_workbook.xlsm,https://docs.nlr.gov/docs/fy15osti/64077-DA.xlsm,[2013],"[{""file"":""atb_2015_workbook.xlsm"",""url"":""https://docs.nlr.gov/docs/fy15osti/64077-DA.xlsm"",""sha256"":""1f5e9a1d81f766d8c0a4e320dba9c27953321df5321ae3d04a854a23f7ca48df"",""format"":""workbook"",""location"":""Conventional - Biopower!L22"",""dollar_year"":2013}]",ATB 2015 Moderate base-year estimate; year=release-2.,2015
reeds,coal,CofireNew,Moderate,{},heatrate,2014,9.876160990712076,MMBtu/MWh,,atb,atb_2016_workbook.xlsm,https://docs.nlr.gov/docs/fy16osti/66944-DA.xlsm,[2014],"[{""file"":""atb_2016_workbook.xlsm"",""url"":""https://docs.nlr.gov/docs/fy16osti/66944-DA.xlsm"",""sha256"":""e622248d457ee99cba45474a7a7218a2bfd96f95d698d5a1099e3e2ea1b3b555"",""format"":""workbook"",""location"":""Conventional - Biopower!L22"",""dollar_year"":2014}]",ATB 2016 Moderate base-year estimate; year=release-2.,2016
reeds,coal,CofireNew,Moderate,{},heatrate,2015,8.804285714285713,MMBtu/MWh,,atb,atb_2017_workbook.xlsm,https://data.nlr.gov/system/files/71/2017-ATB-data.xlsm,[2015],"[{""file"":""atb_2017_workbook.xlsm"",""url"":""https://data.nlr.gov/system/files/71/2017-ATB-data.xlsm"",""sha256"":""5712fc8d062ccb40aa6930edbf60ba1f8f4a13c08f7e4e532b78e24fa23ba55d"",""format"":""workbook"",""location"":""Biopower!L22"",""dollar_year"":2015}]",ATB 2017 Moderate base-year estimate; year=release-2.,2017
reeds,coal,CofireNew,Moderate,{},heatrate,2016,9.669762641898863,MMBtu/MWh,,atb,atb_2018_workbook.xlsm,https://data.nlr.gov/system/files/89/2018-ATB-data-interim-geo.xlsm,[2016],"[{""file"":""atb_2018_workbook.xlsm"",""url"":""https://data.nlr.gov/system/files/89/2018-ATB-data-interim-geo.xlsm"",""sha256"":""975f5a963c817b0da3f9e762a3458fdbee58f11b3d80656eb3ba528d2901fbdf"",""format"":""workbook"",""location"":""Biopower!L22"",""dollar_year"":2016}]",ATB 2018 Moderate base-year estimate; year=release-2.,2018
reeds,coal,CofireNew,Moderate,{},heatrate,2017,9.669762641898863,MMBtu/MWh,,atb,atb_2019_workbook.xlsm,https://data.nlr.gov/system/files/115/2019-ATB-data.xlsm,[2017],"[{""file"":""atb_2019_workbook.xlsm"",""url"":""https://data.nlr.gov/system/files/115/2019-ATB-data.xlsm"",""sha256"":""f7807beb3496c1cfde28ed2a3115abd1d88e968273eb90f52cfe89f1845de42b"",""format"":""workbook"",""location"":""Biopower!L22"",""dollar_year"":2017}]",ATB 2019 Moderate base-year estimate; year=release-2.,2019
reeds,coal,CofireNew,Moderate,{},heatrate,2018,9.669762641898863,MMBtu/MWh,,atb,atb_2020_workbook.xlsm,https://atb-archive.nlr.gov/electricity/2020/files/2020-ATB-Data.xlsm,[2018],"[{""file"":""atb_2020_workbook.xlsm"",""url"":""https://atb-archive.nlr.gov/electricity/2020/files/2020-ATB-Data.xlsm"",""sha256"":""2fc2ccf72853304e45803959c77d82806debe8b686eec294838a7ac5219a7a13"",""format"":""workbook"",""location"":""Biopower!L22"",""dollar_year"":2018}]",ATB 2020 Moderate base-year estimate; year=release-2.,2020
reeds,coal,CofireNew,Moderate,{},vom,2013,5.696623408652961,USD/MWh,2022,atb,atb_2015_workbook.xlsm | deflator.csv,https://docs.nlr.gov/docs/fy15osti/64077-DA.xlsm | https://github.com/ReEDS-Model/ReEDS/blob/db6a1ba95836b649176fca50030e82a6b4cf9bb5/inputs/financials/deflator.csv,[2013],"[{""file"":""atb_2015_workbook.xlsm"",""url"":""https://docs.nlr.gov/docs/fy15osti/64077-DA.xlsm"",""sha256"":""1f5e9a1d81f766d8c0a4e320dba9c27953321df5321ae3d04a854a23f7ca48df"",""format"":""workbook"",""location"":""Conventional - Biopower!L42"",""dollar_year"":2013},{""file"":""deflator.csv"",""url"":""https://github.com/ReEDS-Model/ReEDS/blob/db6a1ba95836b649176fca50030e82a6b4cf9bb5/inputs/financials/deflator.csv"",""sha256"":""538d3afb409a3c89ce0f96a70867855f9bb64afa82776e875129b2547e329315"",""location"":""value_target=value_source*deflator[source_dollar_year]/deflator[target_dollar_year]"",""dollar_year"":""""}]",ATB 2015 Moderate base-year estimate; year=release-2. Converted with the ReEDS deflator.,2015
reeds,coal,CofireNew,Moderate,{},vom,2014,5.6087900081344,USD/MWh,2022,atb,atb_2016_workbook.xlsm | deflator.csv,https://docs.nlr.gov/docs/fy16osti/66944-DA.xlsm | https://github.com/ReEDS-Model/ReEDS/blob/db6a1ba95836b649176fca50030e82a6b4cf9bb5/inputs/financials/deflator.csv,[2014],"[{""file"":""atb_2016_workbook.xlsm"",""url"":""https://docs.nlr.gov/docs/fy16osti/66944-DA.xlsm"",""sha256"":""e622248d457ee99cba45474a7a7218a2bfd96f95d698d5a1099e3e2ea1b3b555"",""format"":""workbook"",""location"":""Conventional - Biopower!L42"",""dollar_year"":2014},{""file"":""deflator.csv"",""url"":""https://github.com/ReEDS-Model/ReEDS/blob/db6a1ba95836b649176fca50030e82a6b4cf9bb5/inputs/financials/deflator.csv"",""sha256"":""538d3afb409a3c89ce0f96a70867855f9bb64afa82776e875129b2547e329315"",""location"":""value_target=value_source*deflator[source_dollar_year]/deflator[target_dollar_year]"",""dollar_year"":""""}]",ATB 2016 Moderate base-year estimate; year=release-2. Converted with the ReEDS deflator.,2016
reeds,coal,CofireNew,Moderate,{},vom,2015,5.639182528451811,USD/MWh,2022,atb,atb_2017_workbook.xlsm | deflator.csv,https://data.nlr.gov/system/files/71/2017-ATB-data.xlsm | https://github.com/ReEDS-Model/ReEDS/blob/db6a1ba95836b649176fca50030e82a6b4cf9bb5/inputs/financials/deflator.csv,[2015],"[{""file"":""atb_2017_workbook.xlsm"",""url"":""https://data.nlr.gov/system/files/71/2017-ATB-data.xlsm"",""sha256"":""5712fc8d062ccb40aa6930edbf60ba1f8f4a13c08f7e4e532b78e24fa23ba55d"",""format"":""workbook"",""location"":""Biopower!L42"",""dollar_year"":2015},{""file"":""deflator.csv"",""url"":""https://github.com/ReEDS-Model/ReEDS/blob/db6a1ba95836b649176fca50030e82a6b4cf9bb5/inputs/financials/deflator.csv"",""sha256"":""538d3afb409a3c89ce0f96a70867855f9bb64afa82776e875129b2547e329315"",""location"":""value_target=value_source*deflator[source_dollar_year]/deflator[target_dollar_year]"",""dollar_year"":""""}]",ATB 2017 Moderate base-year estimate; year=release-2. Converted with the ReEDS deflator.,2017
reeds,coal,CofireNew,Moderate,{},vom,2016,5.68371703682547,USD/MWh,2022,atb,atb_2018_workbook.xlsm | deflator.csv,https://data.nlr.gov/system/files/89/2018-ATB-data-interim-geo.xlsm | https://github.com/ReEDS-Model/ReEDS/blob/db6a1ba95836b649176fca50030e82a6b4cf9bb5/inputs/financials/deflator.csv,[2016],"[{""file"":""atb_2018_workbook.xlsm"",""url"":""https://data.nlr.gov/system/files/89/2018-ATB-data-interim-geo.xlsm"",""sha256"":""975f5a963c817b0da3f9e762a3458fdbee58f11b3d80656eb3ba528d2901fbdf"",""format"":""workbook"",""location"":""Biopower!L42"",""dollar_year"":2016},{""file"":""deflator.csv"",""url"":""https://github.com/ReEDS-Model/ReEDS/blob/db6a1ba95836b649176fca50030e82a6b4cf9bb5/inputs/financials/deflator.csv"",""sha256"":""538d3afb409a3c89ce0f96a70867855f9bb64afa82776e875129b2547e329315"",""location"":""value_target=value_source*deflator[source_dollar_year]/deflator[target_dollar_year]"",""dollar_year"":""""}]",ATB 2018 Moderate base-year estimate; year=release-2. Converted with the ReEDS deflator.,2018
reeds,coal,CofireNew,Moderate,{},vom,2017,5.6837170355245386,USD/MWh,2022,atb,atb_2019_workbook.xlsm | deflator.csv,https://data.nlr.gov/system/files/115/2019-ATB-data.xlsm | https://github.com/ReEDS-Model/ReEDS/blob/db6a1ba95836b649176fca50030e82a6b4cf9bb5/inputs/financials/deflator.csv,[2017],"[{""file"":""atb_2019_workbook.xlsm"",""url"":""https://data.nlr.gov/system/files/115/2019-ATB-data.xlsm"",""sha256"":""f7807beb3496c1cfde28ed2a3115abd1d88e968273eb90f52cfe89f1845de42b"",""format"":""workbook"",""location"":""Biopower!L42"",""dollar_year"":2017},{""file"":""deflator.csv"",""url"":""https://github.com/ReEDS-Model/ReEDS/blob/db6a1ba95836b649176fca50030e82a6b4cf9bb5/inputs/financials/deflator.csv"",""sha256"":""538d3afb409a3c89ce0f96a70867855f9bb64afa82776e875129b2547e329315"",""location"":""value_target=value_source*deflator[source_dollar_year]/deflator[target_dollar_year]"",""dollar_year"":""""}]",ATB 2019 Moderate base-year estimate; year=release-2. Converted with the ReEDS deflator.,2019
reeds,coal,CofireNew,Moderate,{},vom,2018,5.12659445974835,USD/MWh,2022,atb,atb_2020_workbook.xlsm | deflator.csv,https://atb-archive.nlr.gov/electricity/2020/files/2020-ATB-Data.xlsm | https://github.com/ReEDS-Model/ReEDS/blob/db6a1ba95836b649176fca50030e82a6b4cf9bb5/inputs/financials/deflator.csv,[2018],"[{""file"":""atb_2020_workbook.xlsm"",""url"":""https://atb-archive.nlr.gov/electricity/2020/files/2020-ATB-Data.xlsm"",""sha256"":""2fc2ccf72853304e45803959c77d82806debe8b686eec294838a7ac5219a7a13"",""format"":""workbook"",""location"":""Biopower!L42"",""dollar_year"":2018},{""file"":""deflator.csv"",""url"":""https://github.com/ReEDS-Model/ReEDS/blob/db6a1ba95836b649176fca50030e82a6b4cf9bb5/inputs/financials/deflator.csv"",""sha256"":""538d3afb409a3c89ce0f96a70867855f9bb64afa82776e875129b2547e329315"",""location"":""value_target=value_source*deflator[source_dollar_year]/deflator[target_dollar_year]"",""dollar_year"":""""}]",ATB 2020 Moderate base-year estimate; year=release-2. Converted with the ReEDS deflator.,2020
reeds,coal,CofireOld,Moderate,{},capcost,2013,4789.116166294315,USD/kW,2022,atb,atb_2015_workbook.xlsm | deflator.csv,https://docs.nlr.gov/docs/fy15osti/64077-DA.xlsm | https://github.com/ReEDS-Model/ReEDS/blob/db6a1ba95836b649176fca50030e82a6b4cf9bb5/inputs/financials/deflator.csv,[2013],"[{""file"":""atb_2015_workbook.xlsm"",""url"":""https://docs.nlr.gov/docs/fy15osti/64077-DA.xlsm"",""sha256"":""1f5e9a1d81f766d8c0a4e320dba9c27953321df5321ae3d04a854a23f7ca48df"",""format"":""workbook"",""location"":""Conventional - Biopower!L33"",""dollar_year"":2013},{""file"":""deflator.csv"",""url"":""https://github.com/ReEDS-Model/ReEDS/blob/db6a1ba95836b649176fca50030e82a6b4cf9bb5/inputs/financials/deflator.csv"",""sha256"":""538d3afb409a3c89ce0f96a70867855f9bb64afa82776e875129b2547e329315"",""location"":""value_target=value_source*deflator[source_dollar_year]/deflator[target_dollar_year]"",""dollar_year"":""""}]",ATB 2015 Moderate base-year estimate; year=release-2. Converted with the ReEDS deflator.,2015
reeds,coal,CofireOld,Moderate,{},capcost,2014,4729.40708336899,USD/kW,2022,atb,atb_2016_workbook.xlsm | deflator.csv,https://docs.nlr.gov/docs/fy16osti/66944-DA.xlsm | https://github.com/ReEDS-Model/ReEDS/blob/db6a1ba95836b649176fca50030e82a6b4cf9bb5/inputs/financials/deflator.csv,[2014],"[{""file"":""atb_2016_workbook.xlsm"",""url"":""https://docs.nlr.gov/docs/fy16osti/66944-DA.xlsm"",""sha256"":""e622248d457ee99cba45474a7a7218a2bfd96f95d698d5a1099e3e2ea1b3b555"",""format"":""workbook"",""location"":""Conventional - Biopower!L33"",""dollar_year"":2014},{""file"":""deflator.csv"",""url"":""https://github.com/ReEDS-Model/ReEDS/blob/db6a1ba95836b649176fca50030e82a6b4cf9bb5/inputs/financials/deflator.csv"",""sha256"":""538d3afb409a3c89ce0f96a70867855f9bb64afa82776e875129b2547e329315"",""location"":""value_target=value_source*deflator[source_dollar_year]/deflator[target_dollar_year]"",""dollar_year"":""""}]",ATB 2016 Moderate base-year estimate; year=release-2. Converted with the ReEDS deflator.,2016
reeds,coal,CofireOld,Moderate,{},capcost,2015,4757.76067957057,USD/kW,2022,atb,atb_2017_workbook.xlsm | deflator.csv,https://data.nlr.gov/system/files/71/2017-ATB-data.xlsm | https://github.com/ReEDS-Model/ReEDS/blob/db6a1ba95836b649176fca50030e82a6b4cf9bb5/inputs/financials/deflator.csv,[2015],"[{""file"":""atb_2017_workbook.xlsm"",""url"":""https://data.nlr.gov/system/files/71/2017-ATB-data.xlsm"",""sha256"":""5712fc8d062ccb40aa6930edbf60ba1f8f4a13c08f7e4e532b78e24fa23ba55d"",""format"":""workbook"",""location"":""Biopower!L33"",""dollar_year"":2015},{""file"":""deflator.csv"",""url"":""https://github.com/ReEDS-Model/ReEDS/blob/db6a1ba95836b649176fca50030e82a6b4cf9bb5/inputs/financials/deflator.csv"",""sha256"":""538d3afb409a3c89ce0f96a70867855f9bb64afa82776e875129b2547e329315"",""location"":""value_target=value_source*deflator[source_dollar_year]/deflator[target_dollar_year]"",""dollar_year"":""""}]",ATB 2017 Moderate base-year estimate; year=release-2. Converted with the ReEDS deflator.,2017
reeds,coal,CofireOld,Moderate,{},capcost,2016,4790.265019969035,USD/kW,2022,atb,atb_2018_workbook.xlsm | deflator.csv,https://data.nlr.gov/system/files/89/2018-ATB-data-interim-geo.xlsm | https://github.com/ReEDS-Model/ReEDS/blob/db6a1ba95836b649176fca50030e82a6b4cf9bb5/inputs/financials/deflator.csv,[2016],"[{""file"":""atb_2018_workbook.xlsm"",""url"":""https://data.nlr.gov/system/files/89/2018-ATB-data-interim-geo.xlsm"",""sha256"":""975f5a963c817b0da3f9e762a3458fdbee58f11b3d80656eb3ba528d2901fbdf"",""format"":""workbook"",""location"":""Biopower!L33"",""dollar_year"":2016},{""file"":""deflator.csv"",""url"":""https://github.com/ReEDS-Model/ReEDS/blob/db6a1ba95836b649176fca50030e82a6b4cf9bb5/inputs/financials/deflator.csv"",""sha256"":""538d3afb409a3c89ce0f96a70867855f9bb64afa82776e875129b2547e329315"",""location"":""value_target=value_source*deflator[source_dollar_year]/deflator[target_dollar_year]"",""dollar_year"":""""}]",ATB 2018 Moderate base-year estimate; year=release-2. Converted with the ReEDS deflator.,2018
reeds,coal,CofireOld,Moderate,{},capcost,2017,4787.2507277325985,USD/kW,2022,atb,atb_2019_workbook.xlsm | deflator.csv,https://data.nlr.gov/system/files/115/2019-ATB-data.xlsm | https://github.com/ReEDS-Model/ReEDS/blob/db6a1ba95836b649176fca50030e82a6b4cf9bb5/inputs/financials/deflator.csv,[2017],"[{""file"":""atb_2019_workbook.xlsm"",""url"":""https://data.nlr.gov/system/files/115/2019-ATB-data.xlsm"",""sha256"":""f7807beb3496c1cfde28ed2a3115abd1d88e968273eb90f52cfe89f1845de42b"",""format"":""workbook"",""location"":""Biopower!L33"",""dollar_year"":2017},{""file"":""deflator.csv"",""url"":""https://github.com/ReEDS-Model/ReEDS/blob/db6a1ba95836b649176fca50030e82a6b4cf9bb5/inputs/financials/deflator.csv"",""sha256"":""538d3afb409a3c89ce0f96a70867855f9bb64afa82776e875129b2547e329315"",""location"":""value_target=value_source*deflator[source_dollar_year]/deflator[target_dollar_year]"",""dollar_year"":""""}]",ATB 2019 Moderate base-year estimate; year=release-2. Converted with the ReEDS deflator.,2019
reeds,coal,CofireOld,Moderate,{},capcost,2018,4561.495542896492,USD/kW,2022,atb,atb_2020_workbook.xlsm | deflator.csv,https://atb-archive.nlr.gov/electricity/2020/files/2020-ATB-Data.xlsm | https://github.com/ReEDS-Model/ReEDS/blob/db6a1ba95836b649176fca50030e82a6b4cf9bb5/inputs/financials/deflator.csv,[2018],"[{""file"":""atb_2020_workbook.xlsm"",""url"":""https://atb-archive.nlr.gov/electricity/2020/files/2020-ATB-Data.xlsm"",""sha256"":""2fc2ccf72853304e45803959c77d82806debe8b686eec294838a7ac5219a7a13"",""format"":""workbook"",""location"":""Biopower!L33"",""dollar_year"":2018},{""file"":""deflator.csv"",""url"":""https://github.com/ReEDS-Model/ReEDS/blob/db6a1ba95836b649176fca50030e82a6b4cf9bb5/inputs/financials/deflator.csv"",""sha256"":""538d3afb409a3c89ce0f96a70867855f9bb64afa82776e875129b2547e329315"",""location"":""value_target=value_source*deflator[source_dollar_year]/deflator[target_dollar_year]"",""dollar_year"":""""}]",ATB 2020 Moderate base-year estimate; year=release-2. Converted with the ReEDS deflator.,2020
reeds,coal,CofireOld,Moderate,{},cf_improvement,2013,0.508,fraction,,atb,atb_2015_workbook.xlsm,https://docs.nlr.gov/docs/fy15osti/64077-DA.xlsm,[2013],"[{""file"":""atb_2015_workbook.xlsm"",""url"":""https://docs.nlr.gov/docs/fy15osti/64077-DA.xlsm"",""sha256"":""1f5e9a1d81f766d8c0a4e320dba9c27953321df5321ae3d04a854a23f7ca48df"",""format"":""workbook"",""location"":""Conventional - Biopower!L13"",""dollar_year"":2013}]",ATB 2015 Moderate base-year estimate; year=release-2.,2015
reeds,coal,CofireOld,Moderate,{},cf_improvement,2014,0.521,fraction,,atb,atb_2016_workbook.xlsm,https://docs.nlr.gov/docs/fy16osti/66944-DA.xlsm,[2014],"[{""file"":""atb_2016_workbook.xlsm"",""url"":""https://docs.nlr.gov/docs/fy16osti/66944-DA.xlsm"",""sha256"":""e622248d457ee99cba45474a7a7218a2bfd96f95d698d5a1099e3e2ea1b3b555"",""format"":""workbook"",""location"":""Conventional - Biopower!L13"",""dollar_year"":2014}]",ATB 2016 Moderate base-year estimate; year=release-2.,2016
reeds,coal,CofireOld,Moderate,{},cf_improvement,2015,0.521,fraction,,atb,atb_2017_workbook.xlsm,https://data.nlr.gov/system/files/71/2017-ATB-data.xlsm,[2015],"[{""file"":""atb_2017_workbook.xlsm"",""url"":""https://data.nlr.gov/system/files/71/2017-ATB-data.xlsm"",""sha256"":""5712fc8d062ccb40aa6930edbf60ba1f8f4a13c08f7e4e532b78e24fa23ba55d"",""format"":""workbook"",""location"":""Biopower!L13"",""dollar_year"":2015}]",ATB 2017 Moderate base-year estimate; year=release-2.,2017
reeds,coal,CofireOld,Moderate,{},cf_improvement,2016,0.556,fraction,,atb,atb_2018_workbook.xlsm,https://data.nlr.gov/system/files/89/2018-ATB-data-interim-geo.xlsm,[2016],"[{""file"":""atb_2018_workbook.xlsm"",""url"":""https://data.nlr.gov/system/files/89/2018-ATB-data-interim-geo.xlsm"",""sha256"":""975f5a963c817b0da3f9e762a3458fdbee58f11b3d80656eb3ba528d2901fbdf"",""format"":""workbook"",""location"":""Biopower!L13"",""dollar_year"":2016}]",ATB 2018 Moderate base-year estimate; year=release-2.,2018
reeds,coal,CofireOld,Moderate,{},cf_improvement,2017,0.556,fraction,,atb,atb_2019_workbook.xlsm,https://data.nlr.gov/system/files/115/2019-ATB-data.xlsm,[2017],"[{""file"":""atb_2019_workbook.xlsm"",""url"":""https://data.nlr.gov/system/files/115/2019-ATB-data.xlsm"",""sha256"":""f7807beb3496c1cfde28ed2a3115abd1d88e968273eb90f52cfe89f1845de42b"",""format"":""workbook"",""location"":""Biopower!L13"",""dollar_year"":2017}]",ATB 2019 Moderate base-year estimate; year=release-2.,2019
reeds,coal,CofireOld,Moderate,{},cf_improvement,2018,0.606,fraction,,atb,atb_2020_workbook.xlsm,https://atb-archive.nlr.gov/electricity/2020/files/2020-ATB-Data.xlsm,[2018],"[{""file"":""atb_2020_workbook.xlsm"",""url"":""https://atb-archive.nlr.gov/electricity/2020/files/2020-ATB-Data.xlsm"",""sha256"":""2fc2ccf72853304e45803959c77d82806debe8b686eec294838a7ac5219a7a13"",""format"":""workbook"",""location"":""Biopower!L13"",""dollar_year"":2018}]",ATB 2020 Moderate base-year estimate; year=release-2.,2020
reeds,coal,CofireOld,Moderate,{},fom,2013,42.05965124626592,USD/kW-yr,2022,atb,atb_2015_workbook.xlsm | deflator.csv,https://docs.nlr.gov/docs/fy15osti/64077-DA.xlsm | https://github.com/ReEDS-Model/ReEDS/blob/db6a1ba95836b649176fca50030e82a6b4cf9bb5/inputs/financials/deflator.csv,[2013],"[{""file"":""atb_2015_workbook.xlsm"",""url"":""https://docs.nlr.gov/docs/fy15osti/64077-DA.xlsm"",""sha256"":""1f5e9a1d81f766d8c0a4e320dba9c27953321df5321ae3d04a854a23f7ca48df"",""format"":""workbook"",""location"":""Conventional - Biopower!L37"",""dollar_year"":2013},{""file"":""deflator.csv"",""url"":""https://github.com/ReEDS-Model/ReEDS/blob/db6a1ba95836b649176fca50030e82a6b4cf9bb5/inputs/financials/deflator.csv"",""sha256"":""538d3afb409a3c89ce0f96a70867855f9bb64afa82776e875129b2547e329315"",""location"":""value_target=value_source*deflator[source_dollar_year]/deflator[target_dollar_year]"",""dollar_year"":""""}]",ATB 2015 Moderate base-year estimate; year=release-2. Converted with the ReEDS deflator.,2015
reeds,coal,CofireOld,Moderate,{},fom,2014,42.059651246681234,USD/kW-yr,2022,atb,atb_2016_workbook.xlsm | deflator.csv,https://docs.nlr.gov/docs/fy16osti/66944-DA.xlsm | https://github.com/ReEDS-Model/ReEDS/blob/db6a1ba95836b649176fca50030e82a6b4cf9bb5/inputs/financials/deflator.csv,[2014],"[{""file"":""atb_2016_workbook.xlsm"",""url"":""https://docs.nlr.gov/docs/fy16osti/66944-DA.xlsm"",""sha256"":""e622248d457ee99cba45474a7a7218a2bfd96f95d698d5a1099e3e2ea1b3b555"",""format"":""workbook"",""location"":""Conventional - Biopower!L37"",""dollar_year"":2014},{""file"":""deflator.csv"",""url"":""https://github.com/ReEDS-Model/ReEDS/blob/db6a1ba95836b649176fca50030e82a6b4cf9bb5/inputs/financials/deflator.csv"",""sha256"":""538d3afb409a3c89ce0f96a70867855f9bb64afa82776e875129b2547e329315"",""location"":""value_target=value_source*deflator[source_dollar_year]/deflator[target_dollar_year]"",""dollar_year"":""""}]",ATB 2016 Moderate base-year estimate; year=release-2. Converted with the ReEDS deflator.,2016
reeds,coal,CofireOld,Moderate,{},fom,2015,39.310274627865425,USD/kW-yr,2022,atb,atb_2017_workbook.xlsm | deflator.csv,https://data.nlr.gov/system/files/71/2017-ATB-data.xlsm | https://github.com/ReEDS-Model/ReEDS/blob/db6a1ba95836b649176fca50030e82a6b4cf9bb5/inputs/financials/deflator.csv,[2015],"[{""file"":""atb_2017_workbook.xlsm"",""url"":""https://data.nlr.gov/system/files/71/2017-ATB-data.xlsm"",""sha256"":""5712fc8d062ccb40aa6930edbf60ba1f8f4a13c08f7e4e532b78e24fa23ba55d"",""format"":""workbook"",""location"":""Biopower!L37"",""dollar_year"":2015},{""file"":""deflator.csv"",""url"":""https://github.com/ReEDS-Model/ReEDS/blob/db6a1ba95836b649176fca50030e82a6b4cf9bb5/inputs/financials/deflator.csv"",""sha256"":""538d3afb409a3c89ce0f96a70867855f9bb64afa82776e875129b2547e329315"",""location"":""value_target=value_source*deflator[source_dollar_year]/deflator[target_dollar_year]"",""dollar_year"":""""}]",ATB 2017 Moderate base-year estimate; year=release-2. Converted with the ReEDS deflator.,2017
reeds,coal,CofireOld,Moderate,{},fom,2016,39.620720999436614,USD/kW-yr,2022,atb,atb_2018_workbook.xlsm | deflator.csv,https://data.nlr.gov/system/files/89/2018-ATB-data-interim-geo.xlsm | https://github.com/ReEDS-Model/ReEDS/blob/db6a1ba95836b649176fca50030e82a6b4cf9bb5/inputs/financials/deflator.csv,[2016],"[{""file"":""atb_2018_workbook.xlsm"",""url"":""https://data.nlr.gov/system/files/89/2018-ATB-data-interim-geo.xlsm"",""sha256"":""975f5a963c817b0da3f9e762a3458fdbee58f11b3d80656eb3ba528d2901fbdf"",""format"":""workbook"",""location"":""Biopower!L37"",""dollar_year"":2016},{""file"":""deflator.csv"",""url"":""https://github.com/ReEDS-Model/ReEDS/blob/db6a1ba95836b649176fca50030e82a6b4cf9bb5/inputs/financials/deflator.csv"",""sha256"":""538d3afb409a3c89ce0f96a70867855f9bb64afa82776e875129b2547e329315"",""location"":""value_target=value_source*deflator[source_dollar_year]/deflator[target_dollar_year]"",""dollar_year"":""""}]",ATB 2018 Moderate base-year estimate; year=release-2. Converted with the ReEDS deflator.,2018
reeds,coal,CofireOld,Moderate,{},fom,2017,39.62072099036793,USD/kW-yr,2022,atb,atb_2019_workbook.xlsm | deflator.csv,https://data.nlr.gov/system/files/115/2019-ATB-data.xlsm | https://github.com/ReEDS-Model/ReEDS/blob/db6a1ba95836b649176fca50030e82a6b4cf9bb5/inputs/financials/deflator.csv,[2017],"[{""file"":""atb_2019_workbook.xlsm"",""url"":""https://data.nlr.gov/system/files/115/2019-ATB-data.xlsm"",""sha256"":""f7807beb3496c1cfde28ed2a3115abd1d88e968273eb90f52cfe89f1845de42b"",""format"":""workbook"",""location"":""Biopower!L37"",""dollar_year"":2017},{""file"":""deflator.csv"",""url"":""https://github.com/ReEDS-Model/ReEDS/blob/db6a1ba95836b649176fca50030e82a6b4cf9bb5/inputs/financials/deflator.csv"",""sha256"":""538d3afb409a3c89ce0f96a70867855f9bb64afa82776e875129b2547e329315"",""location"":""value_target=value_source*deflator[source_dollar_year]/deflator[target_dollar_year]"",""dollar_year"":""""}]",ATB 2019 Moderate base-year estimate; year=release-2. Converted with the ReEDS deflator.,2019
reeds,coal,CofireOld,Moderate,{},fom,2018,46.242339758578304,USD/kW-yr,2022,atb,atb_2020_workbook.xlsm | deflator.csv,https://atb-archive.nlr.gov/electricity/2020/files/2020-ATB-Data.xlsm | https://github.com/ReEDS-Model/ReEDS/blob/db6a1ba95836b649176fca50030e82a6b4cf9bb5/inputs/financials/deflator.csv,[2018],"[{""file"":""atb_2020_workbook.xlsm"",""url"":""https://atb-archive.nlr.gov/electricity/2020/files/2020-ATB-Data.xlsm"",""sha256"":""2fc2ccf72853304e45803959c77d82806debe8b686eec294838a7ac5219a7a13"",""format"":""workbook"",""location"":""Biopower!L37"",""dollar_year"":2018},{""file"":""deflator.csv"",""url"":""https://github.com/ReEDS-Model/ReEDS/blob/db6a1ba95836b649176fca50030e82a6b4cf9bb5/inputs/financials/deflator.csv"",""sha256"":""538d3afb409a3c89ce0f96a70867855f9bb64afa82776e875129b2547e329315"",""location"":""value_target=value_source*deflator[source_dollar_year]/deflator[target_dollar_year]"",""dollar_year"":""""}]",ATB 2020 Moderate base-year estimate; year=release-2. Converted with the ReEDS deflator.,2020
reeds,coal,CofireOld,Moderate,{},heatrate,2013,10.74,MMBtu/MWh,,atb,atb_2015_workbook.xlsm,https://docs.nlr.gov/docs/fy15osti/64077-DA.xlsm,[2013],"[{""file"":""atb_2015_workbook.xlsm"",""url"":""https://docs.nlr.gov/docs/fy15osti/64077-DA.xlsm"",""sha256"":""1f5e9a1d81f766d8c0a4e320dba9c27953321df5321ae3d04a854a23f7ca48df"",""format"":""workbook"",""location"":""Conventional - Biopower!L21"",""dollar_year"":2013}]",ATB 2015 Moderate base-year estimate; year=release-2.,2015
reeds,coal,CofireOld,Moderate,{},heatrate,2014,10.74,MMBtu/MWh,,atb,atb_2016_workbook.xlsm,https://docs.nlr.gov/docs/fy16osti/66944-DA.xlsm,[2014],"[{""file"":""atb_2016_workbook.xlsm"",""url"":""https://docs.nlr.gov/docs/fy16osti/66944-DA.xlsm"",""sha256"":""e622248d457ee99cba45474a7a7218a2bfd96f95d698d5a1099e3e2ea1b3b555"",""format"":""workbook"",""location"":""Conventional - Biopower!L21"",""dollar_year"":2014}]",ATB 2016 Moderate base-year estimate; year=release-2.,2016
reeds,coal,CofireOld,Moderate,{},heatrate,2015,8.804285714285713,MMBtu/MWh,,atb,atb_2017_workbook.xlsm,https://data.nlr.gov/system/files/71/2017-ATB-data.xlsm,[2015],"[{""file"":""atb_2017_workbook.xlsm"",""url"":""https://data.nlr.gov/system/files/71/2017-ATB-data.xlsm"",""sha256"":""5712fc8d062ccb40aa6930edbf60ba1f8f4a13c08f7e4e532b78e24fa23ba55d"",""format"":""workbook"",""location"":""Biopower!L21"",""dollar_year"":2015}]",ATB 2017 Moderate base-year estimate; year=release-2.,2017
reeds,coal,CofireOld,Moderate,{},heatrate,2016,9.669762641898863,MMBtu/MWh,,atb,atb_2018_workbook.xlsm,https://data.nlr.gov/system/files/89/2018-ATB-data-interim-geo.xlsm,[2016],"[{""file"":""atb_2018_workbook.xlsm"",""url"":""https://data.nlr.gov/system/files/89/2018-ATB-data-interim-geo.xlsm"",""sha256"":""975f5a963c817b0da3f9e762a3458fdbee58f11b3d80656eb3ba528d2901fbdf"",""format"":""workbook"",""location"":""Biopower!L21"",""dollar_year"":2016}]",ATB 2018 Moderate base-year estimate; year=release-2.,2018
reeds,coal,CofireOld,Moderate,{},heatrate,2017,9.669762641898863,MMBtu/MWh,,atb,atb_2019_workbook.xlsm,https://data.nlr.gov/system/files/115/2019-ATB-data.xlsm,[2017],"[{""file"":""atb_2019_workbook.xlsm"",""url"":""https://data.nlr.gov/system/files/115/2019-ATB-data.xlsm"",""sha256"":""f7807beb3496c1cfde28ed2a3115abd1d88e968273eb90f52cfe89f1845de42b"",""format"":""workbook"",""location"":""Biopower!L21"",""dollar_year"":2017}]",ATB 2019 Moderate base-year estimate; year=release-2.,2019
reeds,coal,CofireOld,Moderate,{},heatrate,2018,9.669762641898863,MMBtu/MWh,,atb,atb_2020_workbook.xlsm,https://atb-archive.nlr.gov/electricity/2020/files/2020-ATB-Data.xlsm,[2018],"[{""file"":""atb_2020_workbook.xlsm"",""url"":""https://atb-archive.nlr.gov/electricity/2020/files/2020-ATB-Data.xlsm"",""sha256"":""2fc2ccf72853304e45803959c77d82806debe8b686eec294838a7ac5219a7a13"",""format"":""workbook"",""location"":""Biopower!L21"",""dollar_year"":2018}]",ATB 2020 Moderate base-year estimate; year=release-2.,2020
reeds,coal,CofireOld,Moderate,{},vom,2013,7.90500605165499,USD/MWh,2022,atb,atb_2015_workbook.xlsm | deflator.csv,https://docs.nlr.gov/docs/fy15osti/64077-DA.xlsm | https://github.com/ReEDS-Model/ReEDS/blob/db6a1ba95836b649176fca50030e82a6b4cf9bb5/inputs/financials/deflator.csv,[2013],"[{""file"":""atb_2015_workbook.xlsm"",""url"":""https://docs.nlr.gov/docs/fy15osti/64077-DA.xlsm"",""sha256"":""1f5e9a1d81f766d8c0a4e320dba9c27953321df5321ae3d04a854a23f7ca48df"",""format"":""workbook"",""location"":""Conventional - Biopower!L41"",""dollar_year"":2013},{""file"":""deflator.csv"",""url"":""https://github.com/ReEDS-Model/ReEDS/blob/db6a1ba95836b649176fca50030e82a6b4cf9bb5/inputs/financials/deflator.csv"",""sha256"":""538d3afb409a3c89ce0f96a70867855f9bb64afa82776e875129b2547e329315"",""location"":""value_target=value_source*deflator[source_dollar_year]/deflator[target_dollar_year]"",""dollar_year"":""""}]",ATB 2015 Moderate base-year estimate; year=release-2. Converted with the ReEDS deflator.,2015
reeds,coal,CofireOld,Moderate,{},vom,2014,7.905006051733047,USD/MWh,2022,atb,atb_2016_workbook.xlsm | deflator.csv,https://docs.nlr.gov/docs/fy16osti/66944-DA.xlsm | https://github.com/ReEDS-Model/ReEDS/blob/db6a1ba95836b649176fca50030e82a6b4cf9bb5/inputs/financials/deflator.csv,[2014],"[{""file"":""atb_2016_workbook.xlsm"",""url"":""https://docs.nlr.gov/docs/fy16osti/66944-DA.xlsm"",""sha256"":""e622248d457ee99cba45474a7a7218a2bfd96f95d698d5a1099e3e2ea1b3b555"",""format"":""workbook"",""location"":""Conventional - Biopower!L41"",""dollar_year"":2014},{""file"":""deflator.csv"",""url"":""https://github.com/ReEDS-Model/ReEDS/blob/db6a1ba95836b649176fca50030e82a6b4cf9bb5/inputs/financials/deflator.csv"",""sha256"":""538d3afb409a3c89ce0f96a70867855f9bb64afa82776e875129b2547e329315"",""location"":""value_target=value_source*deflator[source_dollar_year]/deflator[target_dollar_year]"",""dollar_year"":""""}]",ATB 2016 Moderate base-year estimate; year=release-2. Converted with the ReEDS deflator.,2016
reeds,coal,CofireOld,Moderate,{},vom,2015,5.639182528451811,USD/MWh,2022,atb,atb_2017_workbook.xlsm | deflator.csv,https://data.nlr.gov/system/files/71/2017-ATB-data.xlsm | https://github.com/ReEDS-Model/ReEDS/blob/db6a1ba95836b649176fca50030e82a6b4cf9bb5/inputs/financials/deflator.csv,[2015],"[{""file"":""atb_2017_workbook.xlsm"",""url"":""https://data.nlr.gov/system/files/71/2017-ATB-data.xlsm"",""sha256"":""5712fc8d062ccb40aa6930edbf60ba1f8f4a13c08f7e4e532b78e24fa23ba55d"",""format"":""workbook"",""location"":""Biopower!L41"",""dollar_year"":2015},{""file"":""deflator.csv"",""url"":""https://github.com/ReEDS-Model/ReEDS/blob/db6a1ba95836b649176fca50030e82a6b4cf9bb5/inputs/financials/deflator.csv"",""sha256"":""538d3afb409a3c89ce0f96a70867855f9bb64afa82776e875129b2547e329315"",""location"":""value_target=value_source*deflator[source_dollar_year]/deflator[target_dollar_year]"",""dollar_year"":""""}]",ATB 2017 Moderate base-year estimate; year=release-2. Converted with the ReEDS deflator.,2017
reeds,coal,CofireOld,Moderate,{},vom,2016,5.68371703682547,USD/MWh,2022,atb,atb_2018_workbook.xlsm | deflator.csv,https://data.nlr.gov/system/files/89/2018-ATB-data-interim-geo.xlsm | https://github.com/ReEDS-Model/ReEDS/blob/db6a1ba95836b649176fca50030e82a6b4cf9bb5/inputs/financials/deflator.csv,[2016],"[{""file"":""atb_2018_workbook.xlsm"",""url"":""https://data.nlr.gov/system/files/89/2018-ATB-data-interim-geo.xlsm"",""sha256"":""975f5a963c817b0da3f9e762a3458fdbee58f11b3d80656eb3ba528d2901fbdf"",""format"":""workbook"",""location"":""Biopower!L41"",""dollar_year"":2016},{""file"":""deflator.csv"",""url"":""https://github.com/ReEDS-Model/ReEDS/blob/db6a1ba95836b649176fca50030e82a6b4cf9bb5/inputs/financials/deflator.csv"",""sha256"":""538d3afb409a3c89ce0f96a70867855f9bb64afa82776e875129b2547e329315"",""location"":""value_target=value_source*deflator[source_dollar_year]/deflator[target_dollar_year]"",""dollar_year"":""""}]",ATB 2018 Moderate base-year estimate; year=release-2. Converted with the ReEDS deflator.,2018
reeds,coal,CofireOld,Moderate,{},vom,2017,5.6837170355245386,USD/MWh,2022,atb,atb_2019_workbook.xlsm | deflator.csv,https://data.nlr.gov/system/files/115/2019-ATB-data.xlsm | https://github.com/ReEDS-Model/ReEDS/blob/db6a1ba95836b649176fca50030e82a6b4cf9bb5/inputs/financials/deflator.csv,[2017],"[{""file"":""atb_2019_workbook.xlsm"",""url"":""https://data.nlr.gov/system/files/115/2019-ATB-data.xlsm"",""sha256"":""f7807beb3496c1cfde28ed2a3115abd1d88e968273eb90f52cfe89f1845de42b"",""format"":""workbook"",""location"":""Biopower!L41"",""dollar_year"":2017},{""file"":""deflator.csv"",""url"":""https://github.com/ReEDS-Model/ReEDS/blob/db6a1ba95836b649176fca50030e82a6b4cf9bb5/inputs/financials/deflator.csv"",""sha256"":""538d3afb409a3c89ce0f96a70867855f9bb64afa82776e875129b2547e329315"",""location"":""value_target=value_source*deflator[source_dollar_year]/deflator[target_dollar_year]"",""dollar_year"":""""}]",ATB 2019 Moderate base-year estimate; year=release-2. Converted with the ReEDS deflator.,2019
reeds,coal,CofireOld,Moderate,{},vom,2018,5.12659445974835,USD/MWh,2022,atb,atb_2020_workbook.xlsm | deflator.csv,https://atb-archive.nlr.gov/electricity/2020/files/2020-ATB-Data.xlsm | https://github.com/ReEDS-Model/ReEDS/blob/db6a1ba95836b649176fca50030e82a6b4cf9bb5/inputs/financials/deflator.csv,[2018],"[{""file"":""atb_2020_workbook.xlsm"",""url"":""https://atb-archive.nlr.gov/electricity/2020/files/2020-ATB-Data.xlsm"",""sha256"":""2fc2ccf72853304e45803959c77d82806debe8b686eec294838a7ac5219a7a13"",""format"":""workbook"",""location"":""Biopower!L41"",""dollar_year"":2018},{""file"":""deflator.csv"",""url"":""https://github.com/ReEDS-Model/ReEDS/blob/db6a1ba95836b649176fca50030e82a6b4cf9bb5/inputs/financials/deflator.csv"",""sha256"":""538d3afb409a3c89ce0f96a70867855f9bb64afa82776e875129b2547e329315"",""location"":""value_target=value_source*deflator[source_dollar_year]/deflator[target_dollar_year]"",""dollar_year"":""""}]",ATB 2020 Moderate base-year estimate; year=release-2. Converted with the ReEDS deflator.,2020
reeds,coal-ccs,coal-CCS_mod,Moderate,{},capcost,2020,4845.306604254382,USD/kW,2022,atb,atb_2022_workbook.xlsx | deflator.csv,https://data.openei.org/files/5716/2022 v3 Annual Technology Baseline Workbook Mid-year update 2-15-2023.xlsx | https://github.com/ReEDS-Model/ReEDS/blob/db6a1ba95836b649176fca50030e82a6b4cf9bb5/inputs/financials/deflator.csv,[2020],"[{""file"":""atb_2022_workbook.xlsx"",""url"":""https://data.openei.org/files/5716/2022 v3 Annual Technology Baseline Workbook Mid-year update 2-15-2023.xlsx"",""sha256"":""5ad5e47373f0dea32991d5828831bb407550397f1956abda6870e6786134b87e"",""format"":""workbook"",""location"":""Coal_FE!M125"",""dollar_year"":2020},{""file"":""deflator.csv"",""url"":""https://github.com/ReEDS-Model/ReEDS/blob/db6a1ba95836b649176fca50030e82a6b4cf9bb5/inputs/financials/deflator.csv"",""sha256"":""538d3afb409a3c89ce0f96a70867855f9bb64afa82776e875129b2547e329315"",""location"":""value_target=value_source*deflator[source_dollar_year]/deflator[target_dollar_year]"",""dollar_year"":""""}]",ATB 2022 Moderate base-year estimate; year=release-2. Converted with the ReEDS deflator.,2022
reeds,coal-ccs,coal-CCS_mod,Moderate,{},capcost,2021,5125.032004703555,USD/kW,2022,atb,atb_2023_flat_file.csv | deflator.csv,https://oedi-data-lake.s3.amazonaws.com/ATB/electricity/csv/2023/ATBe.csv | https://github.com/ReEDS-Model/ReEDS/blob/db6a1ba95836b649176fca50030e82a6b4cf9bb5/inputs/financials/deflator.csv,[2021],"[{""file"":""atb_2023_flat_file.csv"",""url"":""https://oedi-data-lake.s3.amazonaws.com/ATB/electricity/csv/2023/ATBe.csv"",""sha256"":""5073733a55c84facceb25ec56b83d05d9c990155486111fff137854ccd2fab71"",""format"":""flat"",""location"":""CSV row 168402"",""dollar_year"":2021},{""file"":""deflator.csv"",""url"":""https://github.com/ReEDS-Model/ReEDS/blob/db6a1ba95836b649176fca50030e82a6b4cf9bb5/inputs/financials/deflator.csv"",""sha256"":""538d3afb409a3c89ce0f96a70867855f9bb64afa82776e875129b2547e329315"",""location"":""value_target=value_source*deflator[source_dollar_year]/deflator[target_dollar_year]"",""dollar_year"":""""}]",ATB 2023 Moderate base-year estimate; year=release-2. Case: Market. Converted with the ReEDS deflator.,2023
reeds,coal-ccs,coal-CCS_mod,Moderate,{},capcost,2022,5312.5,USD/kW,2022,atb,atb_2024_flat_file.csv | deflator.csv,https://oedi-data-lake.s3.amazonaws.com/ATB/electricity/csv/2024/v3.0.0/ATBe.csv | https://github.com/ReEDS-Model/ReEDS/blob/db6a1ba95836b649176fca50030e82a6b4cf9bb5/inputs/financials/deflator.csv,[2022],"[{""file"":""atb_2024_flat_file.csv"",""url"":""https://oedi-data-lake.s3.amazonaws.com/ATB/electricity/csv/2024/v3.0.0/ATBe.csv"",""sha256"":""b0f0de40786350ba8dd5eec9023540f72ceeb8ab4478bc31abaf1c0d5eb20959"",""format"":""flat"",""location"":""CSV row 55970"",""dollar_year"":2022},{""file"":""deflator.csv"",""url"":""https://github.com/ReEDS-Model/ReEDS/blob/db6a1ba95836b649176fca50030e82a6b4cf9bb5/inputs/financials/deflator.csv"",""sha256"":""538d3afb409a3c89ce0f96a70867855f9bb64afa82776e875129b2547e329315"",""location"":""value_target=value_source*deflator[source_dollar_year]/deflator[target_dollar_year]"",""dollar_year"":""""}]",ATB 2024 Moderate base-year estimate; year=release-2. Case: Market. Unit from ATB parameter definition; CSV unit blank. Converted with the ReEDS deflator.,2024
reeds,coal-ccs,coal-CCS_mod,Moderate,{},fom,2020,129.94693931409887,USD/kW-yr,2022,atb,atb_2022_workbook.xlsx | deflator.csv,https://data.openei.org/files/5716/2022 v3 Annual Technology Baseline Workbook Mid-year update 2-15-2023.xlsx | https://github.com/ReEDS-Model/ReEDS/blob/db6a1ba95836b649176fca50030e82a6b4cf9bb5/inputs/financials/deflator.csv,[2020],"[{""file"":""atb_2022_workbook.xlsx"",""url"":""https://data.openei.org/files/5716/2022 v3 Annual Technology Baseline Workbook Mid-year update 2-15-2023.xlsx"",""sha256"":""5ad5e47373f0dea32991d5828831bb407550397f1956abda6870e6786134b87e"",""format"":""workbook"",""location"":""Coal_FE!M139"",""dollar_year"":2020},{""file"":""deflator.csv"",""url"":""https://github.com/ReEDS-Model/ReEDS/blob/db6a1ba95836b649176fca50030e82a6b4cf9bb5/inputs/financials/deflator.csv"",""sha256"":""538d3afb409a3c89ce0f96a70867855f9bb64afa82776e875129b2547e329315"",""location"":""value_target=value_source*deflator[source_dollar_year]/deflator[target_dollar_year]"",""dollar_year"":""""}]",ATB 2022 Moderate base-year estimate; year=release-2. Converted with the ReEDS deflator.,2022
reeds,coal-ccs,coal-CCS_mod,Moderate,{},fom,2021,131.86800012102333,USD/kW-yr,2022,atb,atb_2023_flat_file.csv | deflator.csv,https://oedi-data-lake.s3.amazonaws.com/ATB/electricity/csv/2023/ATBe.csv | https://github.com/ReEDS-Model/ReEDS/blob/db6a1ba95836b649176fca50030e82a6b4cf9bb5/inputs/financials/deflator.csv,[2021],"[{""file"":""atb_2023_flat_file.csv"",""url"":""https://oedi-data-lake.s3.amazonaws.com/ATB/electricity/csv/2023/ATBe.csv"",""sha256"":""5073733a55c84facceb25ec56b83d05d9c990155486111fff137854ccd2fab71"",""format"":""flat"",""location"":""CSV row 137314"",""dollar_year"":2021},{""file"":""deflator.csv"",""url"":""https://github.com/ReEDS-Model/ReEDS/blob/db6a1ba95836b649176fca50030e82a6b4cf9bb5/inputs/financials/deflator.csv"",""sha256"":""538d3afb409a3c89ce0f96a70867855f9bb64afa82776e875129b2547e329315"",""location"":""value_target=value_source*deflator[source_dollar_year]/deflator[target_dollar_year]"",""dollar_year"":""""}]",ATB 2023 Moderate base-year estimate; year=release-2. Case: Market. Converted with the ReEDS deflator.,2023
reeds,coal-ccs,coal-CCS_mod,Moderate,{},fom,2022,137.2,USD/kW-yr,2022,atb,atb_2024_flat_file.csv | deflator.csv,https://oedi-data-lake.s3.amazonaws.com/ATB/electricity/csv/2024/v3.0.0/ATBe.csv | https://github.com/ReEDS-Model/ReEDS/blob/db6a1ba95836b649176fca50030e82a6b4cf9bb5/inputs/financials/deflator.csv,[2022],"[{""file"":""atb_2024_flat_file.csv"",""url"":""https://oedi-data-lake.s3.amazonaws.com/ATB/electricity/csv/2024/v3.0.0/ATBe.csv"",""sha256"":""b0f0de40786350ba8dd5eec9023540f72ceeb8ab4478bc31abaf1c0d5eb20959"",""format"":""flat"",""location"":""CSV row 56198"",""dollar_year"":2022},{""file"":""deflator.csv"",""url"":""https://github.com/ReEDS-Model/ReEDS/blob/db6a1ba95836b649176fca50030e82a6b4cf9bb5/inputs/financials/deflator.csv"",""sha256"":""538d3afb409a3c89ce0f96a70867855f9bb64afa82776e875129b2547e329315"",""location"":""value_target=value_source*deflator[source_dollar_year]/deflator[target_dollar_year]"",""dollar_year"":""""}]",ATB 2024 Moderate base-year estimate; year=release-2. Case: Market. Unit from ATB parameter definition; CSV unit blank. Converted with the ReEDS deflator.,2024
reeds,coal-ccs,coal-CCS_mod,Moderate,{},heatrate,2020,10.938,MMBtu/MWh,,atb,atb_2022_workbook.xlsx,https://data.openei.org/files/5716/2022 v3 Annual Technology Baseline Workbook Mid-year update 2-15-2023.xlsx,[2020],"[{""file"":""atb_2022_workbook.xlsx"",""url"":""https://data.openei.org/files/5716/2022 v3 Annual Technology Baseline Workbook Mid-year update 2-15-2023.xlsx"",""sha256"":""5ad5e47373f0dea32991d5828831bb407550397f1956abda6870e6786134b87e"",""format"":""workbook"",""location"":""Coal_FE!M83"",""dollar_year"":2020}]",ATB 2022 Moderate base-year estimate; year=release-2.,2022
reeds,coal-ccs,coal-CCS_mod,Moderate,{},heatrate,2021,10.938,MMBtu/MWh,,atb,atb_2023_flat_file.csv,https://oedi-data-lake.s3.amazonaws.com/ATB/electricity/csv/2023/ATBe.csv,[2021],"[{""file"":""atb_2023_flat_file.csv"",""url"":""https://oedi-data-lake.s3.amazonaws.com/ATB/electricity/csv/2023/ATBe.csv"",""sha256"":""5073733a55c84facceb25ec56b83d05d9c990155486111fff137854ccd2fab71"",""format"":""flat"",""location"":""CSV row 153608"",""dollar_year"":2021}]",ATB 2023 Moderate base-year estimate; year=release-2. Case: Market.,2023
reeds,coal-ccs,coal-CCS_mod,Moderate,{},heatrate,2022,10.938,MMBtu/MWh,,atb,atb_2024_flat_file.csv,https://oedi-data-lake.s3.amazonaws.com/ATB/electricity/csv/2024/v3.0.0/ATBe.csv,[2022],"[{""file"":""atb_2024_flat_file.csv"",""url"":""https://oedi-data-lake.s3.amazonaws.com/ATB/electricity/csv/2024/v3.0.0/ATBe.csv"",""sha256"":""b0f0de40786350ba8dd5eec9023540f72ceeb8ab4478bc31abaf1c0d5eb20959"",""format"":""flat"",""location"":""CSV row 55833"",""dollar_year"":2022}]",ATB 2024 Moderate base-year estimate; year=release-2. Case: Market. Unit from ATB parameter definition; CSV unit blank.,2024
reeds,coal-ccs,coal-CCS_mod,Moderate,{},vom,2020,15.86456281392975,USD/MWh,2022,atb,atb_2022_workbook.xlsx | deflator.csv,https://data.openei.org/files/5716/2022 v3 Annual Technology Baseline Workbook Mid-year update 2-15-2023.xlsx | https://github.com/ReEDS-Model/ReEDS/blob/db6a1ba95836b649176fca50030e82a6b4cf9bb5/inputs/financials/deflator.csv,[2020],"[{""file"":""atb_2022_workbook.xlsx"",""url"":""https://data.openei.org/files/5716/2022 v3 Annual Technology Baseline Workbook Mid-year update 2-15-2023.xlsx"",""sha256"":""5ad5e47373f0dea32991d5828831bb407550397f1956abda6870e6786134b87e"",""format"":""workbook"",""location"":""Coal_FE!M153"",""dollar_year"":2020},{""file"":""deflator.csv"",""url"":""https://github.com/ReEDS-Model/ReEDS/blob/db6a1ba95836b649176fca50030e82a6b4cf9bb5/inputs/financials/deflator.csv"",""sha256"":""538d3afb409a3c89ce0f96a70867855f9bb64afa82776e875129b2547e329315"",""location"":""value_target=value_source*deflator[source_dollar_year]/deflator[target_dollar_year]"",""dollar_year"":""""}]",ATB 2022 Moderate base-year estimate; year=release-2. Converted with the ReEDS deflator.,2022
reeds,coal-ccs,coal-CCS_mod,Moderate,{},vom,2021,15.865200014560465,USD/MWh,2022,atb,atb_2023_flat_file.csv | deflator.csv,https://oedi-data-lake.s3.amazonaws.com/ATB/electricity/csv/2023/ATBe.csv | https://github.com/ReEDS-Model/ReEDS/blob/db6a1ba95836b649176fca50030e82a6b4cf9bb5/inputs/financials/deflator.csv,[2021],"[{""file"":""atb_2023_flat_file.csv"",""url"":""https://oedi-data-lake.s3.amazonaws.com/ATB/electricity/csv/2023/ATBe.csv"",""sha256"":""5073733a55c84facceb25ec56b83d05d9c990155486111fff137854ccd2fab71"",""format"":""flat"",""location"":""CSV row 182896"",""dollar_year"":2021},{""file"":""deflator.csv"",""url"":""https://github.com/ReEDS-Model/ReEDS/blob/db6a1ba95836b649176fca50030e82a6b4cf9bb5/inputs/financials/deflator.csv"",""sha256"":""538d3afb409a3c89ce0f96a70867855f9bb64afa82776e875129b2547e329315"",""location"":""value_target=value_source*deflator[source_dollar_year]/deflator[target_dollar_year]"",""dollar_year"":""""}]",ATB 2023 Moderate base-year estimate; year=release-2. Case: Market. Converted with the ReEDS deflator.,2023
reeds,coal-ccs,coal-CCS_mod,Moderate,{},vom,2022,16.12,USD/MWh,2022,atb,atb_2024_flat_file.csv | deflator.csv,https://oedi-data-lake.s3.amazonaws.com/ATB/electricity/csv/2024/v3.0.0/ATBe.csv | https://github.com/ReEDS-Model/ReEDS/blob/db6a1ba95836b649176fca50030e82a6b4cf9bb5/inputs/financials/deflator.csv,[2022],"[{""file"":""atb_2024_flat_file.csv"",""url"":""https://oedi-data-lake.s3.amazonaws.com/ATB/electricity/csv/2024/v3.0.0/ATBe.csv"",""sha256"":""b0f0de40786350ba8dd5eec9023540f72ceeb8ab4478bc31abaf1c0d5eb20959"",""format"":""flat"",""location"":""CSV row 56320"",""dollar_year"":2022},{""file"":""deflator.csv"",""url"":""https://github.com/ReEDS-Model/ReEDS/blob/db6a1ba95836b649176fca50030e82a6b4cf9bb5/inputs/financials/deflator.csv"",""sha256"":""538d3afb409a3c89ce0f96a70867855f9bb64afa82776e875129b2547e329315"",""location"":""value_target=value_source*deflator[source_dollar_year]/deflator[target_dollar_year]"",""dollar_year"":""""}]",ATB 2024 Moderate base-year estimate; year=release-2. Case: Market. Unit from ATB parameter definition; CSV unit blank. Converted with the ReEDS deflator.,2024
reeds,csp,csp1,Moderate,{},capcost,2014,11106.30005035766,USD/kW,2022,calculated,atb_2016_workbook.xlsm | deflator.csv | csp_cost_ratios_2024.csv,https://docs.nlr.gov/docs/fy16osti/66944-DA.xlsm | https://github.com/ReEDS-Model/ReEDS/blob/db6a1ba95836b649176fca50030e82a6b4cf9bb5/inputs/financials/deflator.csv | https://github.com/ReEDS-Model/ReEDS,[2014],"[{""file"":""atb_2016_workbook.xlsm"",""url"":""https://docs.nlr.gov/docs/fy16osti/66944-DA.xlsm"",""sha256"":""e622248d457ee99cba45474a7a7218a2bfd96f95d698d5a1099e3e2ea1b3b555"",""format"":""workbook"",""location"":""Solar - CSP!L59"",""dollar_year"":2014},{""file"":""deflator.csv"",""url"":""https://github.com/ReEDS-Model/ReEDS/blob/db6a1ba95836b649176fca50030e82a6b4cf9bb5/inputs/financials/deflator.csv"",""sha256"":""538d3afb409a3c89ce0f96a70867855f9bb64afa82776e875129b2547e329315"",""location"":""value_target=value_source*deflator[source_dollar_year]/deflator[target_dollar_year]"",""dollar_year"":""""},{""file"":""csp_cost_ratios_2024.csv"",""url"":""https://github.com/ReEDS-Model/ReEDS"",""sha256"":""169f3e4245529c4eebfaa78691d6de4584d56893be5a6fe3dd650050bb5cc9fa"",""location"":""CSP configuration ratios"",""dollar_year"":""""}]",ATB 2016 Moderate base-year estimate; year=release-2. Converted with the ReEDS deflator. CSP configuration ratio=1.120642878353.,2016
reeds,csp,csp1,Moderate,{},capcost,2015,11010.25707582726,USD/kW,2022,calculated,atb_2017_workbook.xlsm | deflator.csv | csp_cost_ratios_2024.csv,https://data.nlr.gov/system/files/71/2017-ATB-data.xlsm | https://github.com/ReEDS-Model/ReEDS/blob/db6a1ba95836b649176fca50030e82a6b4cf9bb5/inputs/financials/deflator.csv | https://github.com/ReEDS-Model/ReEDS,[2015],"[{""file"":""atb_2017_workbook.xlsm"",""url"":""https://data.nlr.gov/system/files/71/2017-ATB-data.xlsm"",""sha256"":""5712fc8d062ccb40aa6930edbf60ba1f8f4a13c08f7e4e532b78e24fa23ba55d"",""format"":""workbook"",""location"":""Solar - CSP!L59"",""dollar_year"":2015},{""file"":""deflator.csv"",""url"":""https://github.com/ReEDS-Model/ReEDS/blob/db6a1ba95836b649176fca50030e82a6b4cf9bb5/inputs/financials/deflator.csv"",""sha256"":""538d3afb409a3c89ce0f96a70867855f9bb64afa82776e875129b2547e329315"",""location"":""value_target=value_source*deflator[source_dollar_year]/deflator[target_dollar_year]"",""dollar_year"":""""},{""file"":""csp_cost_ratios_2024.csv"",""url"":""https://github.com/ReEDS-Model/ReEDS"",""sha256"":""169f3e4245529c4eebfaa78691d6de4584d56893be5a6fe3dd650050bb5cc9fa"",""location"":""CSP configuration ratios"",""dollar_year"":""""}]",ATB 2017 Moderate base-year estimate; year=release-2. Converted with the ReEDS deflator. CSP configuration ratio=1.120642878353.,2017
reeds,csp,csp1,Moderate,{},capcost,2016,10510.26299340074,USD/kW,2022,calculated,atb_2018_workbook.xlsm | deflator.csv | csp_cost_ratios_2024.csv,https://data.nlr.gov/system/files/89/2018-ATB-data-interim-geo.xlsm | https://github.com/ReEDS-Model/ReEDS/blob/db6a1ba95836b649176fca50030e82a6b4cf9bb5/inputs/financials/deflator.csv | https://github.com/ReEDS-Model/ReEDS,[2016],"[{""file"":""atb_2018_workbook.xlsm"",""url"":""https://data.nlr.gov/system/files/89/2018-ATB-data-interim-geo.xlsm"",""sha256"":""975f5a963c817b0da3f9e762a3458fdbee58f11b3d80656eb3ba528d2901fbdf"",""format"":""workbook"",""location"":""Solar - CSP!L59"",""dollar_year"":2016},{""file"":""deflator.csv"",""url"":""https://github.com/ReEDS-Model/ReEDS/blob/db6a1ba95836b649176fca50030e82a6b4cf9bb5/inputs/financials/deflator.csv"",""sha256"":""538d3afb409a3c89ce0f96a70867855f9bb64afa82776e875129b2547e329315"",""location"":""value_target=value_source*deflator[source_dollar_year]/deflator[target_dollar_year]"",""dollar_year"":""""},{""file"":""csp_cost_ratios_2024.csv"",""url"":""https://github.com/ReEDS-Model/ReEDS"",""sha256"":""169f3e4245529c4eebfaa78691d6de4584d56893be5a6fe3dd650050bb5cc9fa"",""location"":""CSP configuration ratios"",""dollar_year"":""""}]",ATB 2018 Moderate base-year estimate; year=release-2. Converted with the ReEDS deflator. CSP configuration ratio=1.120642878353.,2018
reeds,csp,csp1,Moderate,{},capcost,2017,8434.196171455365,USD/kW,2022,calculated,atb_2019_workbook.xlsm | deflator.csv | csp_cost_ratios_2024.csv,https://data.nlr.gov/system/files/115/2019-ATB-data.xlsm | https://github.com/ReEDS-Model/ReEDS/blob/db6a1ba95836b649176fca50030e82a6b4cf9bb5/inputs/financials/deflator.csv | https://github.com/ReEDS-Model/ReEDS,[2017],"[{""file"":""atb_2019_workbook.xlsm"",""url"":""https://data.nlr.gov/system/files/115/2019-ATB-data.xlsm"",""sha256"":""f7807beb3496c1cfde28ed2a3115abd1d88e968273eb90f52cfe89f1845de42b"",""format"":""workbook"",""location"":""Solar - CSP!L59"",""dollar_year"":2017},{""file"":""deflator.csv"",""url"":""https://github.com/ReEDS-Model/ReEDS/blob/db6a1ba95836b649176fca50030e82a6b4cf9bb5/inputs/financials/deflator.csv"",""sha256"":""538d3afb409a3c89ce0f96a70867855f9bb64afa82776e875129b2547e329315"",""location"":""value_target=value_source*deflator[source_dollar_year]/deflator[target_dollar_year]"",""dollar_year"":""""},{""file"":""csp_cost_ratios_2024.csv"",""url"":""https://github.com/ReEDS-Model/ReEDS"",""sha256"":""169f3e4245529c4eebfaa78691d6de4584d56893be5a6fe3dd650050bb5cc9fa"",""location"":""CSP configuration ratios"",""dollar_year"":""""}]",ATB 2019 Moderate base-year estimate; year=release-2. Converted with the ReEDS deflator. CSP configuration ratio=1.120642878353.,2019
reeds,csp,csp1,Moderate,{},capcost,2018,8452.639003158672,USD/kW,2022,calculated,atb_2020_workbook.xlsm | deflator.csv | csp_cost_ratios_2024.csv,https://atb-archive.nlr.gov/electricity/2020/files/2020-ATB-Data.xlsm | https://github.com/ReEDS-Model/ReEDS/blob/db6a1ba95836b649176fca50030e82a6b4cf9bb5/inputs/financials/deflator.csv | https://github.com/ReEDS-Model/ReEDS,[2018],"[{""file"":""atb_2020_workbook.xlsm"",""url"":""https://atb-archive.nlr.gov/electricity/2020/files/2020-ATB-Data.xlsm"",""sha256"":""2fc2ccf72853304e45803959c77d82806debe8b686eec294838a7ac5219a7a13"",""format"":""workbook"",""location"":""Solar - CSP!L59"",""dollar_year"":2018},{""file"":""deflator.csv"",""url"":""https://github.com/ReEDS-Model/ReEDS/blob/db6a1ba95836b649176fca50030e82a6b4cf9bb5/inputs/financials/deflator.csv"",""sha256"":""538d3afb409a3c89ce0f96a70867855f9bb64afa82776e875129b2547e329315"",""location"":""value_target=value_source*deflator[source_dollar_year]/deflator[target_dollar_year]"",""dollar_year"":""""},{""file"":""csp_cost_ratios_2024.csv"",""url"":""https://github.com/ReEDS-Model/ReEDS"",""sha256"":""169f3e4245529c4eebfaa78691d6de4584d56893be5a6fe3dd650050bb5cc9fa"",""location"":""CSP configuration ratios"",""dollar_year"":""""}]",ATB 2020 Moderate base-year estimate; year=release-2. Converted with the ReEDS deflator. CSP configuration ratio=1.120642878353.,2020
reeds,csp,csp1,Moderate,{},capcost,2019,8344.474507575453,USD/kW,2022,calculated,atb_2021_workbook.xlsm | deflator.csv | csp_cost_ratios_2024.csv,https://data.openei.org/files/4129/2021-ATB-Data_Master_new.xlsm | https://github.com/ReEDS-Model/ReEDS/blob/db6a1ba95836b649176fca50030e82a6b4cf9bb5/inputs/financials/deflator.csv | https://github.com/ReEDS-Model/ReEDS,[2019],"[{""file"":""atb_2021_workbook.xlsm"",""url"":""https://data.openei.org/files/4129/2021-ATB-Data_Master_new.xlsm"",""sha256"":""211bc492df941a58acac912edea27c2ac2abf6d74fb2a24355fda6660c055632"",""format"":""workbook"",""location"":""Solar - CSP!L140"",""dollar_year"":2019},{""file"":""deflator.csv"",""url"":""https://github.com/ReEDS-Model/ReEDS/blob/db6a1ba95836b649176fca50030e82a6b4cf9bb5/inputs/financials/deflator.csv"",""sha256"":""538d3afb409a3c89ce0f96a70867855f9bb64afa82776e875129b2547e329315"",""location"":""value_target=value_source*deflator[source_dollar_year]/deflator[target_dollar_year]"",""dollar_year"":""""},{""file"":""csp_cost_ratios_2024.csv"",""url"":""https://github.com/ReEDS-Model/ReEDS"",""sha256"":""169f3e4245529c4eebfaa78691d6de4584d56893be5a6fe3dd650050bb5cc9fa"",""location"":""CSP configuration ratios"",""dollar_year"":""""}]",ATB 2021 Moderate base-year estimate; year=release-2. Converted with the ReEDS deflator. CSP configuration ratio=1.120642878353.,2021
reeds,csp,csp1,Moderate,{},capcost,2020,7909.725963856298,USD/kW,2022,calculated,atb_2022_workbook.xlsx | deflator.csv | csp_cost_ratios_2024.csv,https://data.openei.org/files/5716/2022 v3 Annual Technology Baseline Workbook Mid-year update 2-15-2023.xlsx | https://github.com/ReEDS-Model/ReEDS/blob/db6a1ba95836b649176fca50030e82a6b4cf9bb5/inputs/financials/deflator.csv | https://github.com/ReEDS-Model/ReEDS,[2020],"[{""file"":""atb_2022_workbook.xlsx"",""url"":""https://data.openei.org/files/5716/2022 v3 Annual Technology Baseline Workbook Mid-year update 2-15-2023.xlsx"",""sha256"":""5ad5e47373f0dea32991d5828831bb407550397f1956abda6870e6786134b87e"",""format"":""workbook"",""location"":""Solar - CSP!M123"",""dollar_year"":2020},{""file"":""deflator.csv"",""url"":""https://github.com/ReEDS-Model/ReEDS/blob/db6a1ba95836b649176fca50030e82a6b4cf9bb5/inputs/financials/deflator.csv"",""sha256"":""538d3afb409a3c89ce0f96a70867855f9bb64afa82776e875129b2547e329315"",""location"":""value_target=value_source*deflator[source_dollar_year]/deflator[target_dollar_year]"",""dollar_year"":""""},{""file"":""csp_cost_ratios_2024.csv"",""url"":""https://github.com/ReEDS-Model/ReEDS"",""sha256"":""169f3e4245529c4eebfaa78691d6de4584d56893be5a6fe3dd650050bb5cc9fa"",""location"":""CSP configuration ratios"",""dollar_year"":""""}]",ATB 2022 Moderate base-year estimate; year=release-2. Converted with the ReEDS deflator. CSP configuration ratio=1.120642878353.,2022
reeds,csp,csp1,Moderate,{},capcost,2021,8256.631628928335,USD/kW,2022,calculated,atb_2023_flat_file.csv | deflator.csv | csp_cost_ratios_2024.csv,https://oedi-data-lake.s3.amazonaws.com/ATB/electricity/csv/2023/ATBe.csv | https://github.com/ReEDS-Model/ReEDS/blob/db6a1ba95836b649176fca50030e82a6b4cf9bb5/inputs/financials/deflator.csv | https://github.com/ReEDS-Model/ReEDS,[2021],"[{""file"":""atb_2023_flat_file.csv"",""url"":""https://oedi-data-lake.s3.amazonaws.com/ATB/electricity/csv/2023/ATBe.csv"",""sha256"":""5073733a55c84facceb25ec56b83d05d9c990155486111fff137854ccd2fab71"",""format"":""flat"",""location"":""CSV row 169662"",""dollar_year"":2021},{""file"":""deflator.csv"",""url"":""https://github.com/ReEDS-Model/ReEDS/blob/db6a1ba95836b649176fca50030e82a6b4cf9bb5/inputs/financials/deflator.csv"",""sha256"":""538d3afb409a3c89ce0f96a70867855f9bb64afa82776e875129b2547e329315"",""location"":""value_target=value_source*deflator[source_dollar_year]/deflator[target_dollar_year]"",""dollar_year"":""""},{""file"":""csp_cost_ratios_2024.csv"",""url"":""https://github.com/ReEDS-Model/ReEDS"",""sha256"":""169f3e4245529c4eebfaa78691d6de4584d56893be5a6fe3dd650050bb5cc9fa"",""location"":""CSP configuration ratios"",""dollar_year"":""""}]",ATB 2023 Moderate base-year estimate; year=release-2. Case: Market. Converted with the ReEDS deflator. CSP configuration ratio=1.120642878353.,2023
reeds,csp,csp1,Moderate,{},capcost,2022,8233.260435944014,USD/kW,2022,calculated,atb_2024_flat_file.csv | deflator.csv | csp_cost_ratios_2024.csv,https://oedi-data-lake.s3.amazonaws.com/ATB/electricity/csv/2024/v3.0.0/ATBe.csv | https://github.com/ReEDS-Model/ReEDS/blob/db6a1ba95836b649176fca50030e82a6b4cf9bb5/inputs/financials/deflator.csv | https://github.com/ReEDS-Model/ReEDS,[2022],"[{""file"":""atb_2024_flat_file.csv"",""url"":""https://oedi-data-lake.s3.amazonaws.com/ATB/electricity/csv/2024/v3.0.0/ATBe.csv"",""sha256"":""b0f0de40786350ba8dd5eec9023540f72ceeb8ab4478bc31abaf1c0d5eb20959"",""format"":""flat"",""location"":""CSV row 13082"",""dollar_year"":2022},{""file"":""deflator.csv"",""url"":""https://github.com/ReEDS-Model/ReEDS/blob/db6a1ba95836b649176fca50030e82a6b4cf9bb5/inputs/financials/deflator.csv"",""sha256"":""538d3afb409a3c89ce0f96a70867855f9bb64afa82776e875129b2547e329315"",""location"":""value_target=value_source*deflator[source_dollar_year]/deflator[target_dollar_year]"",""dollar_year"":""""},{""file"":""csp_cost_ratios_2024.csv"",""url"":""https://github.com/ReEDS-Model/ReEDS"",""sha256"":""169f3e4245529c4eebfaa78691d6de4584d56893be5a6fe3dd650050bb5cc9fa"",""location"":""CSP configuration ratios"",""dollar_year"":""""}]",ATB 2024 Moderate base-year estimate; year=release-2. Case: Market. Unit from ATB parameter definition; CSV unit blank. Converted with the ReEDS deflator. CSP configuration ratio=1.120642878353.,2024
reeds,csp,csp1,Moderate,{},cf_improvement,2014,0.56,fraction,,atb,atb_2016_workbook.xlsm | csp_cost_ratios_2024.csv,https://docs.nlr.gov/docs/fy16osti/66944-DA.xlsm | https://github.com/ReEDS-Model/ReEDS,[2014],"[{""file"":""atb_2016_workbook.xlsm"",""url"":""https://docs.nlr.gov/docs/fy16osti/66944-DA.xlsm"",""sha256"":""e622248d457ee99cba45474a7a7218a2bfd96f95d698d5a1099e3e2ea1b3b555"",""format"":""workbook"",""location"":""Solar - CSP!L19"",""dollar_year"":2014},{""file"":""csp_cost_ratios_2024.csv"",""url"":""https://github.com/ReEDS-Model/ReEDS"",""sha256"":""169f3e4245529c4eebfaa78691d6de4584d56893be5a6fe3dd650050bb5cc9fa"",""location"":""CSP configuration ratios"",""dollar_year"":""""}]",ATB 2016 Moderate base-year estimate; year=release-2. CSP configuration ratio=1.,2016
reeds,csp,csp1,Moderate,{},cf_improvement,2015,0.56,fraction,,atb,atb_2017_workbook.xlsm | csp_cost_ratios_2024.csv,https://data.nlr.gov/system/files/71/2017-ATB-data.xlsm | https://github.com/ReEDS-Model/ReEDS,[2015],"[{""file"":""atb_2017_workbook.xlsm"",""url"":""https://data.nlr.gov/system/files/71/2017-ATB-data.xlsm"",""sha256"":""5712fc8d062ccb40aa6930edbf60ba1f8f4a13c08f7e4e532b78e24fa23ba55d"",""format"":""workbook"",""location"":""Solar - CSP!L19"",""dollar_year"":2015},{""file"":""csp_cost_ratios_2024.csv"",""url"":""https://github.com/ReEDS-Model/ReEDS"",""sha256"":""169f3e4245529c4eebfaa78691d6de4584d56893be5a6fe3dd650050bb5cc9fa"",""location"":""CSP configuration ratios"",""dollar_year"":""""}]",ATB 2017 Moderate base-year estimate; year=release-2. CSP configuration ratio=1.,2017
reeds,csp,csp1,Moderate,{},cf_improvement,2016,0.559,fraction,,atb,atb_2018_workbook.xlsm | csp_cost_ratios_2024.csv,https://data.nlr.gov/system/files/89/2018-ATB-data-interim-geo.xlsm | https://github.com/ReEDS-Model/ReEDS,[2016],"[{""file"":""atb_2018_workbook.xlsm"",""url"":""https://data.nlr.gov/system/files/89/2018-ATB-data-interim-geo.xlsm"",""sha256"":""975f5a963c817b0da3f9e762a3458fdbee58f11b3d80656eb3ba528d2901fbdf"",""format"":""workbook"",""location"":""Solar - CSP!L19"",""dollar_year"":2016},{""file"":""csp_cost_ratios_2024.csv"",""url"":""https://github.com/ReEDS-Model/ReEDS"",""sha256"":""169f3e4245529c4eebfaa78691d6de4584d56893be5a6fe3dd650050bb5cc9fa"",""location"":""CSP configuration ratios"",""dollar_year"":""""}]",ATB 2018 Moderate base-year estimate; year=release-2. CSP configuration ratio=1.,2018
reeds,csp,csp1,Moderate,{},cf_improvement,2017,0.612,fraction,,atb,atb_2019_workbook.xlsm | csp_cost_ratios_2024.csv,https://data.nlr.gov/system/files/115/2019-ATB-data.xlsm | https://github.com/ReEDS-Model/ReEDS,[2017],"[{""file"":""atb_2019_workbook.xlsm"",""url"":""https://data.nlr.gov/system/files/115/2019-ATB-data.xlsm"",""sha256"":""f7807beb3496c1cfde28ed2a3115abd1d88e968273eb90f52cfe89f1845de42b"",""format"":""workbook"",""location"":""Solar - CSP!L19"",""dollar_year"":2017},{""file"":""csp_cost_ratios_2024.csv"",""url"":""https://github.com/ReEDS-Model/ReEDS"",""sha256"":""169f3e4245529c4eebfaa78691d6de4584d56893be5a6fe3dd650050bb5cc9fa"",""location"":""CSP configuration ratios"",""dollar_year"":""""}]",ATB 2019 Moderate base-year estimate; year=release-2. CSP configuration ratio=1.,2019
reeds,csp,csp1,Moderate,{},cf_improvement,2018,0.612,fraction,,atb,atb_2020_workbook.xlsm | csp_cost_ratios_2024.csv,https://atb-archive.nlr.gov/electricity/2020/files/2020-ATB-Data.xlsm | https://github.com/ReEDS-Model/ReEDS,[2018],"[{""file"":""atb_2020_workbook.xlsm"",""url"":""https://atb-archive.nlr.gov/electricity/2020/files/2020-ATB-Data.xlsm"",""sha256"":""2fc2ccf72853304e45803959c77d82806debe8b686eec294838a7ac5219a7a13"",""format"":""workbook"",""location"":""Solar - CSP!L19"",""dollar_year"":2018},{""file"":""csp_cost_ratios_2024.csv"",""url"":""https://github.com/ReEDS-Model/ReEDS"",""sha256"":""169f3e4245529c4eebfaa78691d6de4584d56893be5a6fe3dd650050bb5cc9fa"",""location"":""CSP configuration ratios"",""dollar_year"":""""}]",ATB 2020 Moderate base-year estimate; year=release-2. CSP configuration ratio=1.,2020
reeds,csp,csp1,Moderate,{},cf_improvement,2019,0.638,fraction,,atb,atb_2021_workbook.xlsm | csp_cost_ratios_2024.csv,https://data.openei.org/files/4129/2021-ATB-Data_Master_new.xlsm | https://github.com/ReEDS-Model/ReEDS,[2019],"[{""file"":""atb_2021_workbook.xlsm"",""url"":""https://data.openei.org/files/4129/2021-ATB-Data_Master_new.xlsm"",""sha256"":""211bc492df941a58acac912edea27c2ac2abf6d74fb2a24355fda6660c055632"",""format"":""workbook"",""location"":""Solar - CSP!L96"",""dollar_year"":2019},{""file"":""csp_cost_ratios_2024.csv"",""url"":""https://github.com/ReEDS-Model/ReEDS"",""sha256"":""169f3e4245529c4eebfaa78691d6de4584d56893be5a6fe3dd650050bb5cc9fa"",""location"":""CSP configuration ratios"",""dollar_year"":""""}]",ATB 2021 Moderate base-year estimate; year=release-2. CSP configuration ratio=1.,2021
reeds,csp,csp1,Moderate,{},cf_improvement,2020,0.63,fraction,,atb,atb_2022_workbook.xlsx | csp_cost_ratios_2024.csv,https://data.openei.org/files/5716/2022 v3 Annual Technology Baseline Workbook Mid-year update 2-15-2023.xlsx | https://github.com/ReEDS-Model/ReEDS,[2020],"[{""file"":""atb_2022_workbook.xlsx"",""url"":""https://data.openei.org/files/5716/2022 v3 Annual Technology Baseline Workbook Mid-year update 2-15-2023.xlsx"",""sha256"":""5ad5e47373f0dea32991d5828831bb407550397f1956abda6870e6786134b87e"",""format"":""workbook"",""location"":""Solar - CSP!M79"",""dollar_year"":2020},{""file"":""csp_cost_ratios_2024.csv"",""url"":""https://github.com/ReEDS-Model/ReEDS"",""sha256"":""169f3e4245529c4eebfaa78691d6de4584d56893be5a6fe3dd650050bb5cc9fa"",""location"":""CSP configuration ratios"",""dollar_year"":""""}]",ATB 2022 Moderate base-year estimate; year=release-2. CSP configuration ratio=1.,2022
reeds,csp,csp1,Moderate,{},cf_improvement,2021,0.666,fraction,,atb,atb_2023_flat_file.csv | csp_cost_ratios_2024.csv,https://oedi-data-lake.s3.amazonaws.com/ATB/electricity/csv/2023/ATBe.csv | https://github.com/ReEDS-Model/ReEDS,[2021],"[{""file"":""atb_2023_flat_file.csv"",""url"":""https://oedi-data-lake.s3.amazonaws.com/ATB/electricity/csv/2023/ATBe.csv"",""sha256"":""5073733a55c84facceb25ec56b83d05d9c990155486111fff137854ccd2fab71"",""format"":""flat"",""location"":""CSV row 124294"",""dollar_year"":2021},{""file"":""csp_cost_ratios_2024.csv"",""url"":""https://github.com/ReEDS-Model/ReEDS"",""sha256"":""169f3e4245529c4eebfaa78691d6de4584d56893be5a6fe3dd650050bb5cc9fa"",""location"":""CSP configuration ratios"",""dollar_year"":""""}]",ATB 2023 Moderate base-year estimate; year=release-2. Case: Market. Unit from ATB parameter definition; CSV unit blank. CSP configuration ratio=1.,2023
reeds,csp,csp1,Moderate,{},cf_improvement,2022,0.666,fraction,,atb,atb_2024_flat_file.csv | csp_cost_ratios_2024.csv,https://oedi-data-lake.s3.amazonaws.com/ATB/electricity/csv/2024/v3.0.0/ATBe.csv | https://github.com/ReEDS-Model/ReEDS,[2022],"[{""file"":""atb_2024_flat_file.csv"",""url"":""https://oedi-data-lake.s3.amazonaws.com/ATB/electricity/csv/2024/v3.0.0/ATBe.csv"",""sha256"":""b0f0de40786350ba8dd5eec9023540f72ceeb8ab4478bc31abaf1c0d5eb20959"",""format"":""flat"",""location"":""CSV row 13029"",""dollar_year"":2022},{""file"":""csp_cost_ratios_2024.csv"",""url"":""https://github.com/ReEDS-Model/ReEDS"",""sha256"":""169f3e4245529c4eebfaa78691d6de4584d56893be5a6fe3dd650050bb5cc9fa"",""location"":""CSP configuration ratios"",""dollar_year"":""""}]",ATB 2024 Moderate base-year estimate; year=release-2. Case: Market. Unit from ATB parameter definition; CSV unit blank. CSP configuration ratio=1.,2024
reeds,csp,csp1,Moderate,{},fom,2014,91.3438096056731,USD/kW-yr,2022,calculated,atb_2016_workbook.xlsm | deflator.csv | csp_cost_ratios_2024.csv,https://docs.nlr.gov/docs/fy16osti/66944-DA.xlsm | https://github.com/ReEDS-Model/ReEDS/blob/db6a1ba95836b649176fca50030e82a6b4cf9bb5/inputs/financials/deflator.csv | https://github.com/ReEDS-Model/ReEDS,[2014],"[{""file"":""atb_2016_workbook.xlsm"",""url"":""https://docs.nlr.gov/docs/fy16osti/66944-DA.xlsm"",""sha256"":""e622248d457ee99cba45474a7a7218a2bfd96f95d698d5a1099e3e2ea1b3b555"",""format"":""workbook"",""location"":""Solar - CSP!L69"",""dollar_year"":2014},{""file"":""deflator.csv"",""url"":""https://github.com/ReEDS-Model/ReEDS/blob/db6a1ba95836b649176fca50030e82a6b4cf9bb5/inputs/financials/deflator.csv"",""sha256"":""538d3afb409a3c89ce0f96a70867855f9bb64afa82776e875129b2547e329315"",""location"":""value_target=value_source*deflator[source_dollar_year]/deflator[target_dollar_year]"",""dollar_year"":""""},{""file"":""csp_cost_ratios_2024.csv"",""url"":""https://github.com/ReEDS-Model/ReEDS"",""sha256"":""169f3e4245529c4eebfaa78691d6de4584d56893be5a6fe3dd650050bb5cc9fa"",""location"":""CSP configuration ratios"",""dollar_year"":""""}]",ATB 2016 Moderate base-year estimate; year=release-2. Converted with the ReEDS deflator. CSP configuration ratio=1.120642878353.,2016
reeds,csp,csp1,Moderate,{},fom,2015,91.25255714039959,USD/kW-yr,2022,calculated,atb_2017_workbook.xlsm | deflator.csv | csp_cost_ratios_2024.csv,https://data.nlr.gov/system/files/71/2017-ATB-data.xlsm | https://github.com/ReEDS-Model/ReEDS/blob/db6a1ba95836b649176fca50030e82a6b4cf9bb5/inputs/financials/deflator.csv | https://github.com/ReEDS-Model/ReEDS,[2015],"[{""file"":""atb_2017_workbook.xlsm"",""url"":""https://data.nlr.gov/system/files/71/2017-ATB-data.xlsm"",""sha256"":""5712fc8d062ccb40aa6930edbf60ba1f8f4a13c08f7e4e532b78e24fa23ba55d"",""format"":""workbook"",""location"":""Solar - CSP!L69"",""dollar_year"":2015},{""file"":""deflator.csv"",""url"":""https://github.com/ReEDS-Model/ReEDS/blob/db6a1ba95836b649176fca50030e82a6b4cf9bb5/inputs/financials/deflator.csv"",""sha256"":""538d3afb409a3c89ce0f96a70867855f9bb64afa82776e875129b2547e329315"",""location"":""value_target=value_source*deflator[source_dollar_year]/deflator[target_dollar_year]"",""dollar_year"":""""},{""file"":""csp_cost_ratios_2024.csv"",""url"":""https://github.com/ReEDS-Model/ReEDS"",""sha256"":""169f3e4245529c4eebfaa78691d6de4584d56893be5a6fe3dd650050bb5cc9fa"",""location"":""CSP configuration ratios"",""dollar_year"":""""}]",ATB 2017 Moderate base-year estimate; year=release-2. Converted with the ReEDS deflator. CSP configuration ratio=1.120642878353.,2017
reeds,csp,csp1,Moderate,{},fom,2016,91.23100832480155,USD/kW-yr,2022,calculated,atb_2018_workbook.xlsm | deflator.csv | csp_cost_ratios_2024.csv,https://data.nlr.gov/system/files/89/2018-ATB-data-interim-geo.xlsm | https://github.com/ReEDS-Model/ReEDS/blob/db6a1ba95836b649176fca50030e82a6b4cf9bb5/inputs/financials/deflator.csv | https://github.com/ReEDS-Model/ReEDS,[2016],"[{""file"":""atb_2018_workbook.xlsm"",""url"":""https://data.nlr.gov/system/files/89/2018-ATB-data-interim-geo.xlsm"",""sha256"":""975f5a963c817b0da3f9e762a3458fdbee58f11b3d80656eb3ba528d2901fbdf"",""format"":""workbook"",""location"":""Solar - CSP!L69"",""dollar_year"":2016},{""file"":""deflator.csv"",""url"":""https://github.com/ReEDS-Model/ReEDS/blob/db6a1ba95836b649176fca50030e82a6b4cf9bb5/inputs/financials/deflator.csv"",""sha256"":""538d3afb409a3c89ce0f96a70867855f9bb64afa82776e875129b2547e329315"",""location"":""value_target=value_source*deflator[source_dollar_year]/deflator[target_dollar_year]"",""dollar_year"":""""},{""file"":""csp_cost_ratios_2024.csv"",""url"":""https://github.com/ReEDS-Model/ReEDS"",""sha256"":""169f3e4245529c4eebfaa78691d6de4584d56893be5a6fe3dd650050bb5cc9fa"",""location"":""CSP configuration ratios"",""dollar_year"":""""}]",ATB 2018 Moderate base-year estimate; year=release-2. Converted with the ReEDS deflator. CSP configuration ratio=1.120642878353.,2018
reeds,csp,csp1,Moderate,{},fom,2017,88.2286950042023,USD/kW-yr,2022,calculated,atb_2019_workbook.xlsm | deflator.csv | csp_cost_ratios_2024.csv,https://data.nlr.gov/system/files/115/2019-ATB-data.xlsm | https://github.com/ReEDS-Model/ReEDS/blob/db6a1ba95836b649176fca50030e82a6b4cf9bb5/inputs/financials/deflator.csv | https://github.com/ReEDS-Model/ReEDS,[2017],"[{""file"":""atb_2019_workbook.xlsm"",""url"":""https://data.nlr.gov/system/files/115/2019-ATB-data.xlsm"",""sha256"":""f7807beb3496c1cfde28ed2a3115abd1d88e968273eb90f52cfe89f1845de42b"",""format"":""workbook"",""location"":""Solar - CSP!L69"",""dollar_year"":2017},{""file"":""deflator.csv"",""url"":""https://github.com/ReEDS-Model/ReEDS/blob/db6a1ba95836b649176fca50030e82a6b4cf9bb5/inputs/financials/deflator.csv"",""sha256"":""538d3afb409a3c89ce0f96a70867855f9bb64afa82776e875129b2547e329315"",""location"":""value_target=value_source*deflator[source_dollar_year]/deflator[target_dollar_year]"",""dollar_year"":""""},{""file"":""csp_cost_ratios_2024.csv"",""url"":""https://github.com/ReEDS-Model/ReEDS"",""sha256"":""169f3e4245529c4eebfaa78691d6de4584d56893be5a6fe3dd650050bb5cc9fa"",""location"":""CSP configuration ratios"",""dollar_year"":""""}]",ATB 2019 Moderate base-year estimate; year=release-2. Converted with the ReEDS deflator. CSP configuration ratio=1.120642878353.,2019
reeds,csp,csp1,Moderate,{},fom,2018,88.77176935423329,USD/kW-yr,2022,calculated,atb_2020_workbook.xlsm | deflator.csv | csp_cost_ratios_2024.csv,https://atb-archive.nlr.gov/electricity/2020/files/2020-ATB-Data.xlsm | https://github.com/ReEDS-Model/ReEDS/blob/db6a1ba95836b649176fca50030e82a6b4cf9bb5/inputs/financials/deflator.csv | https://github.com/ReEDS-Model/ReEDS,[2018],"[{""file"":""atb_2020_workbook.xlsm"",""url"":""https://atb-archive.nlr.gov/electricity/2020/files/2020-ATB-Data.xlsm"",""sha256"":""2fc2ccf72853304e45803959c77d82806debe8b686eec294838a7ac5219a7a13"",""format"":""workbook"",""location"":""Solar - CSP!L69"",""dollar_year"":2018},{""file"":""deflator.csv"",""url"":""https://github.com/ReEDS-Model/ReEDS/blob/db6a1ba95836b649176fca50030e82a6b4cf9bb5/inputs/financials/deflator.csv"",""sha256"":""538d3afb409a3c89ce0f96a70867855f9bb64afa82776e875129b2547e329315"",""location"":""value_target=value_source*deflator[source_dollar_year]/deflator[target_dollar_year]"",""dollar_year"":""""},{""file"":""csp_cost_ratios_2024.csv"",""url"":""https://github.com/ReEDS-Model/ReEDS"",""sha256"":""169f3e4245529c4eebfaa78691d6de4584d56893be5a6fe3dd650050bb5cc9fa"",""location"":""CSP configuration ratios"",""dollar_year"":""""}]",ATB 2020 Moderate base-year estimate; year=release-2. Converted with the ReEDS deflator. CSP configuration ratio=1.120642878353.,2020
reeds,csp,csp1,Moderate,{},fom,2019,84.13986147452988,USD/kW-yr,2022,calculated,atb_2021_workbook.xlsm | deflator.csv | csp_cost_ratios_2024.csv,https://data.openei.org/files/4129/2021-ATB-Data_Master_new.xlsm | https://github.com/ReEDS-Model/ReEDS/blob/db6a1ba95836b649176fca50030e82a6b4cf9bb5/inputs/financials/deflator.csv | https://github.com/ReEDS-Model/ReEDS,[2019],"[{""file"":""atb_2021_workbook.xlsm"",""url"":""https://data.openei.org/files/4129/2021-ATB-Data_Master_new.xlsm"",""sha256"":""211bc492df941a58acac912edea27c2ac2abf6d74fb2a24355fda6660c055632"",""format"":""workbook"",""location"":""Solar - CSP!L151"",""dollar_year"":2019},{""file"":""deflator.csv"",""url"":""https://github.com/ReEDS-Model/ReEDS/blob/db6a1ba95836b649176fca50030e82a6b4cf9bb5/inputs/financials/deflator.csv"",""sha256"":""538d3afb409a3c89ce0f96a70867855f9bb64afa82776e875129b2547e329315"",""location"":""value_target=value_source*deflator[source_dollar_year]/deflator[target_dollar_year]"",""dollar_year"":""""},{""file"":""csp_cost_ratios_2024.csv"",""url"":""https://github.com/ReEDS-Model/ReEDS"",""sha256"":""169f3e4245529c4eebfaa78691d6de4584d56893be5a6fe3dd650050bb5cc9fa"",""location"":""CSP configuration ratios"",""dollar_year"":""""}]",ATB 2021 Moderate base-year estimate; year=release-2. Converted with the ReEDS deflator. CSP configuration ratio=1.120642878353.,2021
reeds,csp,csp1,Moderate,{},fom,2020,83.63375738777889,USD/kW-yr,2022,calculated,atb_2022_workbook.xlsx | deflator.csv | csp_cost_ratios_2024.csv,https://data.openei.org/files/5716/2022 v3 Annual Technology Baseline Workbook Mid-year update 2-15-2023.xlsx | https://github.com/ReEDS-Model/ReEDS/blob/db6a1ba95836b649176fca50030e82a6b4cf9bb5/inputs/financials/deflator.csv | https://github.com/ReEDS-Model/ReEDS,[2020],"[{""file"":""atb_2022_workbook.xlsx"",""url"":""https://data.openei.org/files/5716/2022 v3 Annual Technology Baseline Workbook Mid-year update 2-15-2023.xlsx"",""sha256"":""5ad5e47373f0dea32991d5828831bb407550397f1956abda6870e6786134b87e"",""format"":""workbook"",""location"":""Solar - CSP!M134"",""dollar_year"":2020},{""file"":""deflator.csv"",""url"":""https://github.com/ReEDS-Model/ReEDS/blob/db6a1ba95836b649176fca50030e82a6b4cf9bb5/inputs/financials/deflator.csv"",""sha256"":""538d3afb409a3c89ce0f96a70867855f9bb64afa82776e875129b2547e329315"",""location"":""value_target=value_source*deflator[source_dollar_year]/deflator[target_dollar_year]"",""dollar_year"":""""},{""file"":""csp_cost_ratios_2024.csv"",""url"":""https://github.com/ReEDS-Model/ReEDS"",""sha256"":""169f3e4245529c4eebfaa78691d6de4584d56893be5a6fe3dd650050bb5cc9fa"",""location"":""CSP configuration ratios"",""dollar_year"":""""}]",ATB 2022 Moderate base-year estimate; year=release-2. Converted with the ReEDS deflator. CSP configuration ratio=1.120642878353.,2022
reeds,csp,csp1,Moderate,{},fom,2021,83.63375739110076,USD/kW-yr,2022,calculated,atb_2023_flat_file.csv | deflator.csv | csp_cost_ratios_2024.csv,https://oedi-data-lake.s3.amazonaws.com/ATB/electricity/csv/2023/ATBe.csv | https://github.com/ReEDS-Model/ReEDS/blob/db6a1ba95836b649176fca50030e82a6b4cf9bb5/inputs/financials/deflator.csv | https://github.com/ReEDS-Model/ReEDS,[2021],"[{""file"":""atb_2023_flat_file.csv"",""url"":""https://oedi-data-lake.s3.amazonaws.com/ATB/electricity/csv/2023/ATBe.csv"",""sha256"":""5073733a55c84facceb25ec56b83d05d9c990155486111fff137854ccd2fab71"",""format"":""flat"",""location"":""CSV row 138754"",""dollar_year"":2021},{""file"":""deflator.csv"",""url"":""https://github.com/ReEDS-Model/ReEDS/blob/db6a1ba95836b649176fca50030e82a6b4cf9bb5/inputs/financials/deflator.csv"",""sha256"":""538d3afb409a3c89ce0f96a70867855f9bb64afa82776e875129b2547e329315"",""location"":""value_target=value_source*deflator[source_dollar_year]/deflator[target_dollar_year]"",""dollar_year"":""""},{""file"":""csp_cost_ratios_2024.csv"",""url"":""https://github.com/ReEDS-Model/ReEDS"",""sha256"":""169f3e4245529c4eebfaa78691d6de4584d56893be5a6fe3dd650050bb5cc9fa"",""location"":""CSP configuration ratios"",""dollar_year"":""""}]",ATB 2023 Moderate base-year estimate; year=release-2. Case: Market. Converted with the ReEDS deflator. CSP configuration ratio=1.120642878353.,2023
reeds,csp,csp1,Moderate,{},fom,2022,83.63375731434493,USD/kW-yr,2022,calculated,atb_2024_flat_file.csv | deflator.csv | csp_cost_ratios_2024.csv,https://oedi-data-lake.s3.amazonaws.com/ATB/electricity/csv/2024/v3.0.0/ATBe.csv | https://github.com/ReEDS-Model/ReEDS/blob/db6a1ba95836b649176fca50030e82a6b4cf9bb5/inputs/financials/deflator.csv | https://github.com/ReEDS-Model/ReEDS,[2022],"[{""file"":""atb_2024_flat_file.csv"",""url"":""https://oedi-data-lake.s3.amazonaws.com/ATB/electricity/csv/2024/v3.0.0/ATBe.csv"",""sha256"":""b0f0de40786350ba8dd5eec9023540f72ceeb8ab4478bc31abaf1c0d5eb20959"",""format"":""flat"",""location"":""CSV row 13236"",""dollar_year"":2022},{""file"":""deflator.csv"",""url"":""https://github.com/ReEDS-Model/ReEDS/blob/db6a1ba95836b649176fca50030e82a6b4cf9bb5/inputs/financials/deflator.csv"",""sha256"":""538d3afb409a3c89ce0f96a70867855f9bb64afa82776e875129b2547e329315"",""location"":""value_target=value_source*deflator[source_dollar_year]/deflator[target_dollar_year]"",""dollar_year"":""""},{""file"":""csp_cost_ratios_2024.csv"",""url"":""https://github.com/ReEDS-Model/ReEDS"",""sha256"":""169f3e4245529c4eebfaa78691d6de4584d56893be5a6fe3dd650050bb5cc9fa"",""location"":""CSP configuration ratios"",""dollar_year"":""""}]",ATB 2024 Moderate base-year estimate; year=release-2. Case: Market. Unit from ATB parameter definition; CSV unit blank. Converted with the ReEDS deflator. CSP configuration ratio=1.120642878353.,2024
reeds,csp,csp1,Moderate,{},vom,2014,5.535988460949885,USD/MWh,2022,calculated,atb_2016_workbook.xlsm | deflator.csv | csp_cost_ratios_2024.csv,https://docs.nlr.gov/docs/fy16osti/66944-DA.xlsm | https://github.com/ReEDS-Model/ReEDS/blob/db6a1ba95836b649176fca50030e82a6b4cf9bb5/inputs/financials/deflator.csv | https://github.com/ReEDS-Model/ReEDS,[2014],"[{""file"":""atb_2016_workbook.xlsm"",""url"":""https://docs.nlr.gov/docs/fy16osti/66944-DA.xlsm"",""sha256"":""e622248d457ee99cba45474a7a7218a2bfd96f95d698d5a1099e3e2ea1b3b555"",""format"":""workbook"",""location"":""Solar - CSP!L79"",""dollar_year"":2014},{""file"":""deflator.csv"",""url"":""https://github.com/ReEDS-Model/ReEDS/blob/db6a1ba95836b649176fca50030e82a6b4cf9bb5/inputs/financials/deflator.csv"",""sha256"":""538d3afb409a3c89ce0f96a70867855f9bb64afa82776e875129b2547e329315"",""location"":""value_target=value_source*deflator[source_dollar_year]/deflator[target_dollar_year]"",""dollar_year"":""""},{""file"":""csp_cost_ratios_2024.csv"",""url"":""https://github.com/ReEDS-Model/ReEDS"",""sha256"":""169f3e4245529c4eebfaa78691d6de4584d56893be5a6fe3dd650050bb5cc9fa"",""location"":""CSP configuration ratios"",""dollar_year"":""""}]",ATB 2016 Moderate base-year estimate; year=release-2. Converted with the ReEDS deflator. CSP configuration ratio=1.120642878353.,2016
reeds,csp,csp1,Moderate,{},vom,2015,5.530458008509066,USD/MWh,2022,calculated,atb_2017_workbook.xlsm | deflator.csv | csp_cost_ratios_2024.csv,https://data.nlr.gov/system/files/71/2017-ATB-data.xlsm | https://github.com/ReEDS-Model/ReEDS/blob/db6a1ba95836b649176fca50030e82a6b4cf9bb5/inputs/financials/deflator.csv | https://github.com/ReEDS-Model/ReEDS,[2015],"[{""file"":""atb_2017_workbook.xlsm"",""url"":""https://data.nlr.gov/system/files/71/2017-ATB-data.xlsm"",""sha256"":""5712fc8d062ccb40aa6930edbf60ba1f8f4a13c08f7e4e532b78e24fa23ba55d"",""format"":""workbook"",""location"":""Solar - CSP!L79"",""dollar_year"":2015},{""file"":""deflator.csv"",""url"":""https://github.com/ReEDS-Model/ReEDS/blob/db6a1ba95836b649176fca50030e82a6b4cf9bb5/inputs/financials/deflator.csv"",""sha256"":""538d3afb409a3c89ce0f96a70867855f9bb64afa82776e875129b2547e329315"",""location"":""value_target=value_source*deflator[source_dollar_year]/deflator[target_dollar_year]"",""dollar_year"":""""},{""file"":""csp_cost_ratios_2024.csv"",""url"":""https://github.com/ReEDS-Model/ReEDS"",""sha256"":""169f3e4245529c4eebfaa78691d6de4584d56893be5a6fe3dd650050bb5cc9fa"",""location"":""CSP configuration ratios"",""dollar_year"":""""}]",ATB 2017 Moderate base-year estimate; year=release-2. Converted with the ReEDS deflator. CSP configuration ratio=1.120642878353.,2017
reeds,csp,csp1,Moderate,{},vom,2016,5.529152019684942,USD/MWh,2022,calculated,atb_2018_workbook.xlsm | deflator.csv | csp_cost_ratios_2024.csv,https://data.nlr.gov/system/files/89/2018-ATB-data-interim-geo.xlsm | https://github.com/ReEDS-Model/ReEDS/blob/db6a1ba95836b649176fca50030e82a6b4cf9bb5/inputs/financials/deflator.csv | https://github.com/ReEDS-Model/ReEDS,[2016],"[{""file"":""atb_2018_workbook.xlsm"",""url"":""https://data.nlr.gov/system/files/89/2018-ATB-data-interim-geo.xlsm"",""sha256"":""975f5a963c817b0da3f9e762a3458fdbee58f11b3d80656eb3ba528d2901fbdf"",""format"":""workbook"",""location"":""Solar - CSP!L79"",""dollar_year"":2016},{""file"":""deflator.csv"",""url"":""https://github.com/ReEDS-Model/ReEDS/blob/db6a1ba95836b649176fca50030e82a6b4cf9bb5/inputs/financials/deflator.csv"",""sha256"":""538d3afb409a3c89ce0f96a70867855f9bb64afa82776e875129b2547e329315"",""location"":""value_target=value_source*deflator[source_dollar_year]/deflator[target_dollar_year]"",""dollar_year"":""""},{""file"":""csp_cost_ratios_2024.csv"",""url"":""https://github.com/ReEDS-Model/ReEDS"",""sha256"":""169f3e4245529c4eebfaa78691d6de4584d56893be5a6fe3dd650050bb5cc9fa"",""location"":""CSP configuration ratios"",""dollar_year"":""""}]",ATB 2018 Moderate base-year estimate; year=release-2. Converted with the ReEDS deflator. CSP configuration ratio=1.120642878353.,2018
reeds,csp,csp1,Moderate,{},vom,2017,4.67879443204103,USD/MWh,2022,calculated,atb_2019_workbook.xlsm | deflator.csv | csp_cost_ratios_2024.csv,https://data.nlr.gov/system/files/115/2019-ATB-data.xlsm | https://github.com/ReEDS-Model/ReEDS/blob/db6a1ba95836b649176fca50030e82a6b4cf9bb5/inputs/financials/deflator.csv | https://github.com/ReEDS-Model/ReEDS,[2017],"[{""file"":""atb_2019_workbook.xlsm"",""url"":""https://data.nlr.gov/system/files/115/2019-ATB-data.xlsm"",""sha256"":""f7807beb3496c1cfde28ed2a3115abd1d88e968273eb90f52cfe89f1845de42b"",""format"":""workbook"",""location"":""Solar - CSP!L79"",""dollar_year"":2017},{""file"":""deflator.csv"",""url"":""https://github.com/ReEDS-Model/ReEDS/blob/db6a1ba95836b649176fca50030e82a6b4cf9bb5/inputs/financials/deflator.csv"",""sha256"":""538d3afb409a3c89ce0f96a70867855f9bb64afa82776e875129b2547e329315"",""location"":""value_target=value_source*deflator[source_dollar_year]/deflator[target_dollar_year]"",""dollar_year"":""""},{""file"":""csp_cost_ratios_2024.csv"",""url"":""https://github.com/ReEDS-Model/ReEDS"",""sha256"":""169f3e4245529c4eebfaa78691d6de4584d56893be5a6fe3dd650050bb5cc9fa"",""location"":""CSP configuration ratios"",""dollar_year"":""""}]",ATB 2019 Moderate base-year estimate; year=release-2. Converted with the ReEDS deflator. CSP configuration ratio=1.120642878353.,2019
reeds,csp,csp1,Moderate,{},vom,2018,5.482962224820292,USD/MWh,2022,calculated,atb_2020_workbook.xlsm | deflator.csv | csp_cost_ratios_2024.csv,https://atb-archive.nlr.gov/electricity/2020/files/2020-ATB-Data.xlsm | https://github.com/ReEDS-Model/ReEDS/blob/db6a1ba95836b649176fca50030e82a6b4cf9bb5/inputs/financials/deflator.csv | https://github.com/ReEDS-Model/ReEDS,[2018],"[{""file"":""atb_2020_workbook.xlsm"",""url"":""https://atb-archive.nlr.gov/electricity/2020/files/2020-ATB-Data.xlsm"",""sha256"":""2fc2ccf72853304e45803959c77d82806debe8b686eec294838a7ac5219a7a13"",""format"":""workbook"",""location"":""Solar - CSP!L79"",""dollar_year"":2018},{""file"":""deflator.csv"",""url"":""https://github.com/ReEDS-Model/ReEDS/blob/db6a1ba95836b649176fca50030e82a6b4cf9bb5/inputs/financials/deflator.csv"",""sha256"":""538d3afb409a3c89ce0f96a70867855f9bb64afa82776e875129b2547e329315"",""location"":""value_target=value_source*deflator[source_dollar_year]/deflator[target_dollar_year]"",""dollar_year"":""""},{""file"":""csp_cost_ratios_2024.csv"",""url"":""https://github.com/ReEDS-Model/ReEDS"",""sha256"":""169f3e4245529c4eebfaa78691d6de4584d56893be5a6fe3dd650050bb5cc9fa"",""location"":""CSP configuration ratios"",""dollar_year"":""""}]",ATB 2020 Moderate base-year estimate; year=release-2. Converted with the ReEDS deflator. CSP configuration ratio=1.120642878353.,2020
reeds,csp,csp1,Moderate,{},vom,2019,4.488527718477241,USD/MWh,2022,calculated,atb_2021_workbook.xlsm | deflator.csv | csp_cost_ratios_2024.csv,https://data.openei.org/files/4129/2021-ATB-Data_Master_new.xlsm | https://github.com/ReEDS-Model/ReEDS/blob/db6a1ba95836b649176fca50030e82a6b4cf9bb5/inputs/financials/deflator.csv | https://github.com/ReEDS-Model/ReEDS,[2019],"[{""file"":""atb_2021_workbook.xlsm"",""url"":""https://data.openei.org/files/4129/2021-ATB-Data_Master_new.xlsm"",""sha256"":""211bc492df941a58acac912edea27c2ac2abf6d74fb2a24355fda6660c055632"",""format"":""workbook"",""location"":""Solar - CSP!L162"",""dollar_year"":2019},{""file"":""deflator.csv"",""url"":""https://github.com/ReEDS-Model/ReEDS/blob/db6a1ba95836b649176fca50030e82a6b4cf9bb5/inputs/financials/deflator.csv"",""sha256"":""538d3afb409a3c89ce0f96a70867855f9bb64afa82776e875129b2547e329315"",""location"":""value_target=value_source*deflator[source_dollar_year]/deflator[target_dollar_year]"",""dollar_year"":""""},{""file"":""csp_cost_ratios_2024.csv"",""url"":""https://github.com/ReEDS-Model/ReEDS"",""sha256"":""169f3e4245529c4eebfaa78691d6de4584d56893be5a6fe3dd650050bb5cc9fa"",""location"":""CSP configuration ratios"",""dollar_year"":""""}]",ATB 2021 Moderate base-year estimate; year=release-2. Converted with the ReEDS deflator. CSP configuration ratio=1.120642878353.,2021
reeds,csp,csp1,Moderate,{},vom,2020,4.435123497836758,USD/MWh,2022,calculated,atb_2022_workbook.xlsx | deflator.csv | csp_cost_ratios_2024.csv,https://data.openei.org/files/5716/2022 v3 Annual Technology Baseline Workbook Mid-year update 2-15-2023.xlsx | https://github.com/ReEDS-Model/ReEDS/blob/db6a1ba95836b649176fca50030e82a6b4cf9bb5/inputs/financials/deflator.csv | https://github.com/ReEDS-Model/ReEDS,[2020],"[{""file"":""atb_2022_workbook.xlsx"",""url"":""https://data.openei.org/files/5716/2022 v3 Annual Technology Baseline Workbook Mid-year update 2-15-2023.xlsx"",""sha256"":""5ad5e47373f0dea32991d5828831bb407550397f1956abda6870e6786134b87e"",""format"":""workbook"",""location"":""Solar - CSP!M145"",""dollar_year"":2020},{""file"":""deflator.csv"",""url"":""https://github.com/ReEDS-Model/ReEDS/blob/db6a1ba95836b649176fca50030e82a6b4cf9bb5/inputs/financials/deflator.csv"",""sha256"":""538d3afb409a3c89ce0f96a70867855f9bb64afa82776e875129b2547e329315"",""location"":""value_target=value_source*deflator[source_dollar_year]/deflator[target_dollar_year]"",""dollar_year"":""""},{""file"":""csp_cost_ratios_2024.csv"",""url"":""https://github.com/ReEDS-Model/ReEDS"",""sha256"":""169f3e4245529c4eebfaa78691d6de4584d56893be5a6fe3dd650050bb5cc9fa"",""location"":""CSP configuration ratios"",""dollar_year"":""""}]",ATB 2022 Moderate base-year estimate; year=release-2. Converted with the ReEDS deflator. CSP configuration ratio=1.120642878353.,2022
reeds,csp,csp1,Moderate,{},vom,2021,4.435123498012918,USD/MWh,2022,calculated,atb_2023_flat_file.csv | deflator.csv | csp_cost_ratios_2024.csv,https://oedi-data-lake.s3.amazonaws.com/ATB/electricity/csv/2023/ATBe.csv | https://github.com/ReEDS-Model/ReEDS/blob/db6a1ba95836b649176fca50030e82a6b4cf9bb5/inputs/financials/deflator.csv | https://github.com/ReEDS-Model/ReEDS,[2021],"[{""file"":""atb_2023_flat_file.csv"",""url"":""https://oedi-data-lake.s3.amazonaws.com/ATB/electricity/csv/2023/ATBe.csv"",""sha256"":""5073733a55c84facceb25ec56b83d05d9c990155486111fff137854ccd2fab71"",""format"":""flat"",""location"":""CSV row 183436"",""dollar_year"":2021},{""file"":""deflator.csv"",""url"":""https://github.com/ReEDS-Model/ReEDS/blob/db6a1ba95836b649176fca50030e82a6b4cf9bb5/inputs/financials/deflator.csv"",""sha256"":""538d3afb409a3c89ce0f96a70867855f9bb64afa82776e875129b2547e329315"",""location"":""value_target=value_source*deflator[source_dollar_year]/deflator[target_dollar_year]"",""dollar_year"":""""},{""file"":""csp_cost_ratios_2024.csv"",""url"":""https://github.com/ReEDS-Model/ReEDS"",""sha256"":""169f3e4245529c4eebfaa78691d6de4584d56893be5a6fe3dd650050bb5cc9fa"",""location"":""CSP configuration ratios"",""dollar_year"":""""}]",ATB 2023 Moderate base-year estimate; year=release-2. Case: Market. Converted with the ReEDS deflator. CSP configuration ratio=1.120642878353.,2023
reeds,csp,csp1,Moderate,{},vom,2022,4.435123493942534,USD/MWh,2022,calculated,atb_2024_flat_file.csv | deflator.csv | csp_cost_ratios_2024.csv,https://oedi-data-lake.s3.amazonaws.com/ATB/electricity/csv/2024/v3.0.0/ATBe.csv | https://github.com/ReEDS-Model/ReEDS/blob/db6a1ba95836b649176fca50030e82a6b4cf9bb5/inputs/financials/deflator.csv | https://github.com/ReEDS-Model/ReEDS,[2022],"[{""file"":""atb_2024_flat_file.csv"",""url"":""https://oedi-data-lake.s3.amazonaws.com/ATB/electricity/csv/2024/v3.0.0/ATBe.csv"",""sha256"":""b0f0de40786350ba8dd5eec9023540f72ceeb8ab4478bc31abaf1c0d5eb20959"",""format"":""flat"",""location"":""CSV row 13289"",""dollar_year"":2022},{""file"":""deflator.csv"",""url"":""https://github.com/ReEDS-Model/ReEDS/blob/db6a1ba95836b649176fca50030e82a6b4cf9bb5/inputs/financials/deflator.csv"",""sha256"":""538d3afb409a3c89ce0f96a70867855f9bb64afa82776e875129b2547e329315"",""location"":""value_target=value_source*deflator[source_dollar_year]/deflator[target_dollar_year]"",""dollar_year"":""""},{""file"":""csp_cost_ratios_2024.csv"",""url"":""https://github.com/ReEDS-Model/ReEDS"",""sha256"":""169f3e4245529c4eebfaa78691d6de4584d56893be5a6fe3dd650050bb5cc9fa"",""location"":""CSP configuration ratios"",""dollar_year"":""""}]",ATB 2024 Moderate base-year estimate; year=release-2. Case: Market. Unit from ATB parameter definition; CSV unit blank. Converted with the ReEDS deflator. CSP configuration ratio=1.120642878353.,2024
reeds,csp,csp2,Moderate,{},capcost,2014,9910.650631787801,USD/kW,2022,atb,atb_2016_workbook.xlsm | deflator.csv | csp_cost_ratios_2024.csv,https://docs.nlr.gov/docs/fy16osti/66944-DA.xlsm | https://github.com/ReEDS-Model/ReEDS/blob/db6a1ba95836b649176fca50030e82a6b4cf9bb5/inputs/financials/deflator.csv | https://github.com/ReEDS-Model/ReEDS,[2014],"[{""file"":""atb_2016_workbook.xlsm"",""url"":""https://docs.nlr.gov/docs/fy16osti/66944-DA.xlsm"",""sha256"":""e622248d457ee99cba45474a7a7218a2bfd96f95d698d5a1099e3e2ea1b3b555"",""format"":""workbook"",""location"":""Solar - CSP!L59"",""dollar_year"":2014},{""file"":""deflator.csv"",""url"":""https://github.com/ReEDS-Model/ReEDS/blob/db6a1ba95836b649176fca50030e82a6b4cf9bb5/inputs/financials/deflator.csv"",""sha256"":""538d3afb409a3c89ce0f96a70867855f9bb64afa82776e875129b2547e329315"",""location"":""value_target=value_source*deflator[source_dollar_year]/deflator[target_dollar_year]"",""dollar_year"":""""},{""file"":""csp_cost_ratios_2024.csv"",""url"":""https://github.com/ReEDS-Model/ReEDS"",""sha256"":""169f3e4245529c4eebfaa78691d6de4584d56893be5a6fe3dd650050bb5cc9fa"",""location"":""CSP configuration ratios"",""dollar_year"":""""}]",ATB 2016 Moderate base-year estimate; year=release-2. Converted with the ReEDS deflator. CSP configuration ratio=1.0.,2016
reeds,csp,csp2,Moderate,{},capcost,2015,9824.947169618343,USD/kW,2022,atb,atb_2017_workbook.xlsm | deflator.csv | csp_cost_ratios_2024.csv,https://data.nlr.gov/system/files/71/2017-ATB-data.xlsm | https://github.com/ReEDS-Model/ReEDS/blob/db6a1ba95836b649176fca50030e82a6b4cf9bb5/inputs/financials/deflator.csv | https://github.com/ReEDS-Model/ReEDS,[2015],"[{""file"":""atb_2017_workbook.xlsm"",""url"":""https://data.nlr.gov/system/files/71/2017-ATB-data.xlsm"",""sha256"":""5712fc8d062ccb40aa6930edbf60ba1f8f4a13c08f7e4e532b78e24fa23ba55d"",""format"":""workbook"",""location"":""Solar - CSP!L59"",""dollar_year"":2015},{""file"":""deflator.csv"",""url"":""https://github.com/ReEDS-Model/ReEDS/blob/db6a1ba95836b649176fca50030e82a6b4cf9bb5/inputs/financials/deflator.csv"",""sha256"":""538d3afb409a3c89ce0f96a70867855f9bb64afa82776e875129b2547e329315"",""location"":""value_target=value_source*deflator[source_dollar_year]/deflator[target_dollar_year]"",""dollar_year"":""""},{""file"":""csp_cost_ratios_2024.csv"",""url"":""https://github.com/ReEDS-Model/ReEDS"",""sha256"":""169f3e4245529c4eebfaa78691d6de4584d56893be5a6fe3dd650050bb5cc9fa"",""location"":""CSP configuration ratios"",""dollar_year"":""""}]",ATB 2017 Moderate base-year estimate; year=release-2. Converted with the ReEDS deflator. CSP configuration ratio=1.0.,2017
reeds,csp,csp2,Moderate,{},capcost,2016,9378.779981047655,USD/kW,2022,atb,atb_2018_workbook.xlsm | deflator.csv | csp_cost_ratios_2024.csv,https://data.nlr.gov/system/files/89/2018-ATB-data-interim-geo.xlsm | https://github.com/ReEDS-Model/ReEDS/blob/db6a1ba95836b649176fca50030e82a6b4cf9bb5/inputs/financials/deflator.csv | https://github.com/ReEDS-Model/ReEDS,[2016],"[{""file"":""atb_2018_workbook.xlsm"",""url"":""https://data.nlr.gov/system/files/89/2018-ATB-data-interim-geo.xlsm"",""sha256"":""975f5a963c817b0da3f9e762a3458fdbee58f11b3d80656eb3ba528d2901fbdf"",""format"":""workbook"",""location"":""Solar - CSP!L59"",""dollar_year"":2016},{""file"":""deflator.csv"",""url"":""https://github.com/ReEDS-Model/ReEDS/blob/db6a1ba95836b649176fca50030e82a6b4cf9bb5/inputs/financials/deflator.csv"",""sha256"":""538d3afb409a3c89ce0f96a70867855f9bb64afa82776e875129b2547e329315"",""location"":""value_target=value_source*deflator[source_dollar_year]/deflator[target_dollar_year]"",""dollar_year"":""""},{""file"":""csp_cost_ratios_2024.csv"",""url"":""https://github.com/ReEDS-Model/ReEDS"",""sha256"":""169f3e4245529c4eebfaa78691d6de4584d56893be5a6fe3dd650050bb5cc9fa"",""location"":""CSP configuration ratios"",""dollar_year"":""""}]",ATB 2018 Moderate base-year estimate; year=release-2. Converted with the ReEDS deflator. CSP configuration ratio=1.0.,2018
reeds,csp,csp2,Moderate,{},capcost,2017,7526.212261171942,USD/kW,2022,atb,atb_2019_workbook.xlsm | deflator.csv | csp_cost_ratios_2024.csv,https://data.nlr.gov/system/files/115/2019-ATB-data.xlsm | https://github.com/ReEDS-Model/ReEDS/blob/db6a1ba95836b649176fca50030e82a6b4cf9bb5/inputs/financials/deflator.csv | https://github.com/ReEDS-Model/ReEDS,[2017],"[{""file"":""atb_2019_workbook.xlsm"",""url"":""https://data.nlr.gov/system/files/115/2019-ATB-data.xlsm"",""sha256"":""f7807beb3496c1cfde28ed2a3115abd1d88e968273eb90f52cfe89f1845de42b"",""format"":""workbook"",""location"":""Solar - CSP!L59"",""dollar_year"":2017},{""file"":""deflator.csv"",""url"":""https://github.com/ReEDS-Model/ReEDS/blob/db6a1ba95836b649176fca50030e82a6b4cf9bb5/inputs/financials/deflator.csv"",""sha256"":""538d3afb409a3c89ce0f96a70867855f9bb64afa82776e875129b2547e329315"",""location"":""value_target=value_source*deflator[source_dollar_year]/deflator[target_dollar_year]"",""dollar_year"":""""},{""file"":""csp_cost_ratios_2024.csv"",""url"":""https://github.com/ReEDS-Model/ReEDS"",""sha256"":""169f3e4245529c4eebfaa78691d6de4584d56893be5a6fe3dd650050bb5cc9fa"",""location"":""CSP configuration ratios"",""dollar_year"":""""}]",ATB 2019 Moderate base-year estimate; year=release-2. Converted with the ReEDS deflator. CSP configuration ratio=1.0.,2019
reeds,csp,csp2,Moderate,{},capcost,2018,7542.669628687998,USD/kW,2022,atb,atb_2020_workbook.xlsm | deflator.csv | csp_cost_ratios_2024.csv,https://atb-archive.nlr.gov/electricity/2020/files/2020-ATB-Data.xlsm | https://github.com/ReEDS-Model/ReEDS/blob/db6a1ba95836b649176fca50030e82a6b4cf9bb5/inputs/financials/deflator.csv | https://github.com/ReEDS-Model/ReEDS,[2018],"[{""file"":""atb_2020_workbook.xlsm"",""url"":""https://atb-archive.nlr.gov/electricity/2020/files/2020-ATB-Data.xlsm"",""sha256"":""2fc2ccf72853304e45803959c77d82806debe8b686eec294838a7ac5219a7a13"",""format"":""workbook"",""location"":""Solar - CSP!L59"",""dollar_year"":2018},{""file"":""deflator.csv"",""url"":""https://github.com/ReEDS-Model/ReEDS/blob/db6a1ba95836b649176fca50030e82a6b4cf9bb5/inputs/financials/deflator.csv"",""sha256"":""538d3afb409a3c89ce0f96a70867855f9bb64afa82776e875129b2547e329315"",""location"":""value_target=value_source*deflator[source_dollar_year]/deflator[target_dollar_year]"",""dollar_year"":""""},{""file"":""csp_cost_ratios_2024.csv"",""url"":""https://github.com/ReEDS-Model/ReEDS"",""sha256"":""169f3e4245529c4eebfaa78691d6de4584d56893be5a6fe3dd650050bb5cc9fa"",""location"":""CSP configuration ratios"",""dollar_year"":""""}]",ATB 2020 Moderate base-year estimate; year=release-2. Converted with the ReEDS deflator. CSP configuration ratio=1.0.,2020
reeds,csp,csp2,Moderate,{},capcost,2019,7446.149588564075,USD/kW,2022,atb,atb_2021_workbook.xlsm | deflator.csv | csp_cost_ratios_2024.csv,https://data.openei.org/files/4129/2021-ATB-Data_Master_new.xlsm | https://github.com/ReEDS-Model/ReEDS/blob/db6a1ba95836b649176fca50030e82a6b4cf9bb5/inputs/financials/deflator.csv | https://github.com/ReEDS-Model/ReEDS,[2019],"[{""file"":""atb_2021_workbook.xlsm"",""url"":""https://data.openei.org/files/4129/2021-ATB-Data_Master_new.xlsm"",""sha256"":""211bc492df941a58acac912edea27c2ac2abf6d74fb2a24355fda6660c055632"",""format"":""workbook"",""location"":""Solar - CSP!L140"",""dollar_year"":2019},{""file"":""deflator.csv"",""url"":""https://github.com/ReEDS-Model/ReEDS/blob/db6a1ba95836b649176fca50030e82a6b4cf9bb5/inputs/financials/deflator.csv"",""sha256"":""538d3afb409a3c89ce0f96a70867855f9bb64afa82776e875129b2547e329315"",""location"":""value_target=value_source*deflator[source_dollar_year]/deflator[target_dollar_year]"",""dollar_year"":""""},{""file"":""csp_cost_ratios_2024.csv"",""url"":""https://github.com/ReEDS-Model/ReEDS"",""sha256"":""169f3e4245529c4eebfaa78691d6de4584d56893be5a6fe3dd650050bb5cc9fa"",""location"":""CSP configuration ratios"",""dollar_year"":""""}]",ATB 2021 Moderate base-year estimate; year=release-2. Converted with the ReEDS deflator. CSP configuration ratio=1.0.,2021
reeds,csp,csp2,Moderate,{},capcost,2020,7058.203926197399,USD/kW,2022,atb,atb_2022_workbook.xlsx | deflator.csv | csp_cost_ratios_2024.csv,https://data.openei.org/files/5716/2022 v3 Annual Technology Baseline Workbook Mid-year update 2-15-2023.xlsx | https://github.com/ReEDS-Model/ReEDS/blob/db6a1ba95836b649176fca50030e82a6b4cf9bb5/inputs/financials/deflator.csv | https://github.com/ReEDS-Model/ReEDS,[2020],"[{""file"":""atb_2022_workbook.xlsx"",""url"":""https://data.openei.org/files/5716/2022 v3 Annual Technology Baseline Workbook Mid-year update 2-15-2023.xlsx"",""sha256"":""5ad5e47373f0dea32991d5828831bb407550397f1956abda6870e6786134b87e"",""format"":""workbook"",""location"":""Solar - CSP!M123"",""dollar_year"":2020},{""file"":""deflator.csv"",""url"":""https://github.com/ReEDS-Model/ReEDS/blob/db6a1ba95836b649176fca50030e82a6b4cf9bb5/inputs/financials/deflator.csv"",""sha256"":""538d3afb409a3c89ce0f96a70867855f9bb64afa82776e875129b2547e329315"",""location"":""value_target=value_source*deflator[source_dollar_year]/deflator[target_dollar_year]"",""dollar_year"":""""},{""file"":""csp_cost_ratios_2024.csv"",""url"":""https://github.com/ReEDS-Model/ReEDS"",""sha256"":""169f3e4245529c4eebfaa78691d6de4584d56893be5a6fe3dd650050bb5cc9fa"",""location"":""CSP configuration ratios"",""dollar_year"":""""}]",ATB 2022 Moderate base-year estimate; year=release-2. Converted with the ReEDS deflator. CSP configuration ratio=1.0.,2022
reeds,csp,csp2,Moderate,{},capcost,2021,7367.763440448612,USD/kW,2022,atb,atb_2023_flat_file.csv | deflator.csv | csp_cost_ratios_2024.csv,https://oedi-data-lake.s3.amazonaws.com/ATB/electricity/csv/2023/ATBe.csv | https://github.com/ReEDS-Model/ReEDS/blob/db6a1ba95836b649176fca50030e82a6b4cf9bb5/inputs/financials/deflator.csv | https://github.com/ReEDS-Model/ReEDS,[2021],"[{""file"":""atb_2023_flat_file.csv"",""url"":""https://oedi-data-lake.s3.amazonaws.com/ATB/electricity/csv/2023/ATBe.csv"",""sha256"":""5073733a55c84facceb25ec56b83d05d9c990155486111fff137854ccd2fab71"",""format"":""flat"",""location"":""CSV row 169662"",""dollar_year"":2021},{""file"":""deflator.csv"",""url"":""https://github.com/ReEDS-Model/ReEDS/blob/db6a1ba95836b649176fca50030e82a6b4cf9bb5/inputs/financials/deflator.csv"",""sha256"":""538d3afb409a3c89ce0f96a70867855f9bb64afa82776e875129b2547e329315"",""location"":""value_target=value_source*deflator[source_dollar_year]/deflator[target_dollar_year]"",""dollar_year"":""""},{""file"":""csp_cost_ratios_2024.csv"",""url"":""https://github.com/ReEDS-Model/ReEDS"",""sha256"":""169f3e4245529c4eebfaa78691d6de4584d56893be5a6fe3dd650050bb5cc9fa"",""location"":""CSP configuration ratios"",""dollar_year"":""""}]",ATB 2023 Moderate base-year estimate; year=release-2. Case: Market. Converted with the ReEDS deflator. CSP configuration ratio=1.0.,2023
reeds,csp,csp2,Moderate,{},capcost,2022,7346.908274689946,USD/kW,2022,atb,atb_2024_flat_file.csv | deflator.csv | csp_cost_ratios_2024.csv,https://oedi-data-lake.s3.amazonaws.com/ATB/electricity/csv/2024/v3.0.0/ATBe.csv | https://github.com/ReEDS-Model/ReEDS/blob/db6a1ba95836b649176fca50030e82a6b4cf9bb5/inputs/financials/deflator.csv | https://github.com/ReEDS-Model/ReEDS,[2022],"[{""file"":""atb_2024_flat_file.csv"",""url"":""https://oedi-data-lake.s3.amazonaws.com/ATB/electricity/csv/2024/v3.0.0/ATBe.csv"",""sha256"":""b0f0de40786350ba8dd5eec9023540f72ceeb8ab4478bc31abaf1c0d5eb20959"",""format"":""flat"",""location"":""CSV row 13082"",""dollar_year"":2022},{""file"":""deflator.csv"",""url"":""https://github.com/ReEDS-Model/ReEDS/blob/db6a1ba95836b649176fca50030e82a6b4cf9bb5/inputs/financials/deflator.csv"",""sha256"":""538d3afb409a3c89ce0f96a70867855f9bb64afa82776e875129b2547e329315"",""location"":""value_target=value_source*deflator[source_dollar_year]/deflator[target_dollar_year]"",""dollar_year"":""""},{""file"":""csp_cost_ratios_2024.csv"",""url"":""https://github.com/ReEDS-Model/ReEDS"",""sha256"":""169f3e4245529c4eebfaa78691d6de4584d56893be5a6fe3dd650050bb5cc9fa"",""location"":""CSP configuration ratios"",""dollar_year"":""""}]",ATB 2024 Moderate base-year estimate; year=release-2. Case: Market. Unit from ATB parameter definition; CSV unit blank. Converted with the ReEDS deflator. CSP configuration ratio=1.0.,2024
reeds,csp,csp2,Moderate,{},cf_improvement,2014,0.56,fraction,,atb,atb_2016_workbook.xlsm | csp_cost_ratios_2024.csv,https://docs.nlr.gov/docs/fy16osti/66944-DA.xlsm | https://github.com/ReEDS-Model/ReEDS,[2014],"[{""file"":""atb_2016_workbook.xlsm"",""url"":""https://docs.nlr.gov/docs/fy16osti/66944-DA.xlsm"",""sha256"":""e622248d457ee99cba45474a7a7218a2bfd96f95d698d5a1099e3e2ea1b3b555"",""format"":""workbook"",""location"":""Solar - CSP!L19"",""dollar_year"":2014},{""file"":""csp_cost_ratios_2024.csv"",""url"":""https://github.com/ReEDS-Model/ReEDS"",""sha256"":""169f3e4245529c4eebfaa78691d6de4584d56893be5a6fe3dd650050bb5cc9fa"",""location"":""CSP configuration ratios"",""dollar_year"":""""}]",ATB 2016 Moderate base-year estimate; year=release-2. CSP configuration ratio=1.,2016
reeds,csp,csp2,Moderate,{},cf_improvement,2015,0.56,fraction,,atb,atb_2017_workbook.xlsm | csp_cost_ratios_2024.csv,https://data.nlr.gov/system/files/71/2017-ATB-data.xlsm | https://github.com/ReEDS-Model/ReEDS,[2015],"[{""file"":""atb_2017_workbook.xlsm"",""url"":""https://data.nlr.gov/system/files/71/2017-ATB-data.xlsm"",""sha256"":""5712fc8d062ccb40aa6930edbf60ba1f8f4a13c08f7e4e532b78e24fa23ba55d"",""format"":""workbook"",""location"":""Solar - CSP!L19"",""dollar_year"":2015},{""file"":""csp_cost_ratios_2024.csv"",""url"":""https://github.com/ReEDS-Model/ReEDS"",""sha256"":""169f3e4245529c4eebfaa78691d6de4584d56893be5a6fe3dd650050bb5cc9fa"",""location"":""CSP configuration ratios"",""dollar_year"":""""}]",ATB 2017 Moderate base-year estimate; year=release-2. CSP configuration ratio=1.,2017
reeds,csp,csp2,Moderate,{},cf_improvement,2016,0.559,fraction,,atb,atb_2018_workbook.xlsm | csp_cost_ratios_2024.csv,https://data.nlr.gov/system/files/89/2018-ATB-data-interim-geo.xlsm | https://github.com/ReEDS-Model/ReEDS,[2016],"[{""file"":""atb_2018_workbook.xlsm"",""url"":""https://data.nlr.gov/system/files/89/2018-ATB-data-interim-geo.xlsm"",""sha256"":""975f5a963c817b0da3f9e762a3458fdbee58f11b3d80656eb3ba528d2901fbdf"",""format"":""workbook"",""location"":""Solar - CSP!L19"",""dollar_year"":2016},{""file"":""csp_cost_ratios_2024.csv"",""url"":""https://github.com/ReEDS-Model/ReEDS"",""sha256"":""169f3e4245529c4eebfaa78691d6de4584d56893be5a6fe3dd650050bb5cc9fa"",""location"":""CSP configuration ratios"",""dollar_year"":""""}]",ATB 2018 Moderate base-year estimate; year=release-2. CSP configuration ratio=1.,2018
reeds,csp,csp2,Moderate,{},cf_improvement,2017,0.612,fraction,,atb,atb_2019_workbook.xlsm | csp_cost_ratios_2024.csv,https://data.nlr.gov/system/files/115/2019-ATB-data.xlsm | https://github.com/ReEDS-Model/ReEDS,[2017],"[{""file"":""atb_2019_workbook.xlsm"",""url"":""https://data.nlr.gov/system/files/115/2019-ATB-data.xlsm"",""sha256"":""f7807beb3496c1cfde28ed2a3115abd1d88e968273eb90f52cfe89f1845de42b"",""format"":""workbook"",""location"":""Solar - CSP!L19"",""dollar_year"":2017},{""file"":""csp_cost_ratios_2024.csv"",""url"":""https://github.com/ReEDS-Model/ReEDS"",""sha256"":""169f3e4245529c4eebfaa78691d6de4584d56893be5a6fe3dd650050bb5cc9fa"",""location"":""CSP configuration ratios"",""dollar_year"":""""}]",ATB 2019 Moderate base-year estimate; year=release-2. CSP configuration ratio=1.,2019
reeds,csp,csp2,Moderate,{},cf_improvement,2018,0.612,fraction,,atb,atb_2020_workbook.xlsm | csp_cost_ratios_2024.csv,https://atb-archive.nlr.gov/electricity/2020/files/2020-ATB-Data.xlsm | https://github.com/ReEDS-Model/ReEDS,[2018],"[{""file"":""atb_2020_workbook.xlsm"",""url"":""https://atb-archive.nlr.gov/electricity/2020/files/2020-ATB-Data.xlsm"",""sha256"":""2fc2ccf72853304e45803959c77d82806debe8b686eec294838a7ac5219a7a13"",""format"":""workbook"",""location"":""Solar - CSP!L19"",""dollar_year"":2018},{""file"":""csp_cost_ratios_2024.csv"",""url"":""https://github.com/ReEDS-Model/ReEDS"",""sha256"":""169f3e4245529c4eebfaa78691d6de4584d56893be5a6fe3dd650050bb5cc9fa"",""location"":""CSP configuration ratios"",""dollar_year"":""""}]",ATB 2020 Moderate base-year estimate; year=release-2. CSP configuration ratio=1.,2020
reeds,csp,csp2,Moderate,{},cf_improvement,2019,0.638,fraction,,atb,atb_2021_workbook.xlsm | csp_cost_ratios_2024.csv,https://data.openei.org/files/4129/2021-ATB-Data_Master_new.xlsm | https://github.com/ReEDS-Model/ReEDS,[2019],"[{""file"":""atb_2021_workbook.xlsm"",""url"":""https://data.openei.org/files/4129/2021-ATB-Data_Master_new.xlsm"",""sha256"":""211bc492df941a58acac912edea27c2ac2abf6d74fb2a24355fda6660c055632"",""format"":""workbook"",""location"":""Solar - CSP!L96"",""dollar_year"":2019},{""file"":""csp_cost_ratios_2024.csv"",""url"":""https://github.com/ReEDS-Model/ReEDS"",""sha256"":""169f3e4245529c4eebfaa78691d6de4584d56893be5a6fe3dd650050bb5cc9fa"",""location"":""CSP configuration ratios"",""dollar_year"":""""}]",ATB 2021 Moderate base-year estimate; year=release-2. CSP configuration ratio=1.,2021
reeds,csp,csp2,Moderate,{},cf_improvement,2020,0.63,fraction,,atb,atb_2022_workbook.xlsx | csp_cost_ratios_2024.csv,https://data.openei.org/files/5716/2022 v3 Annual Technology Baseline Workbook Mid-year update 2-15-2023.xlsx | https://github.com/ReEDS-Model/ReEDS,[2020],"[{""file"":""atb_2022_workbook.xlsx"",""url"":""https://data.openei.org/files/5716/2022 v3 Annual Technology Baseline Workbook Mid-year update 2-15-2023.xlsx"",""sha256"":""5ad5e47373f0dea32991d5828831bb407550397f1956abda6870e6786134b87e"",""format"":""workbook"",""location"":""Solar - CSP!M79"",""dollar_year"":2020},{""file"":""csp_cost_ratios_2024.csv"",""url"":""https://github.com/ReEDS-Model/ReEDS"",""sha256"":""169f3e4245529c4eebfaa78691d6de4584d56893be5a6fe3dd650050bb5cc9fa"",""location"":""CSP configuration ratios"",""dollar_year"":""""}]",ATB 2022 Moderate base-year estimate; year=release-2. CSP configuration ratio=1.,2022
reeds,csp,csp2,Moderate,{},cf_improvement,2021,0.666,fraction,,atb,atb_2023_flat_file.csv | csp_cost_ratios_2024.csv,https://oedi-data-lake.s3.amazonaws.com/ATB/electricity/csv/2023/ATBe.csv | https://github.com/ReEDS-Model/ReEDS,[2021],"[{""file"":""atb_2023_flat_file.csv"",""url"":""https://oedi-data-lake.s3.amazonaws.com/ATB/electricity/csv/2023/ATBe.csv"",""sha256"":""5073733a55c84facceb25ec56b83d05d9c990155486111fff137854ccd2fab71"",""format"":""flat"",""location"":""CSV row 124294"",""dollar_year"":2021},{""file"":""csp_cost_ratios_2024.csv"",""url"":""https://github.com/ReEDS-Model/ReEDS"",""sha256"":""169f3e4245529c4eebfaa78691d6de4584d56893be5a6fe3dd650050bb5cc9fa"",""location"":""CSP configuration ratios"",""dollar_year"":""""}]",ATB 2023 Moderate base-year estimate; year=release-2. Case: Market. Unit from ATB parameter definition; CSV unit blank. CSP configuration ratio=1.,2023
reeds,csp,csp2,Moderate,{},cf_improvement,2022,0.666,fraction,,atb,atb_2024_flat_file.csv | csp_cost_ratios_2024.csv,https://oedi-data-lake.s3.amazonaws.com/ATB/electricity/csv/2024/v3.0.0/ATBe.csv | https://github.com/ReEDS-Model/ReEDS,[2022],"[{""file"":""atb_2024_flat_file.csv"",""url"":""https://oedi-data-lake.s3.amazonaws.com/ATB/electricity/csv/2024/v3.0.0/ATBe.csv"",""sha256"":""b0f0de40786350ba8dd5eec9023540f72ceeb8ab4478bc31abaf1c0d5eb20959"",""format"":""flat"",""location"":""CSV row 13029"",""dollar_year"":2022},{""file"":""csp_cost_ratios_2024.csv"",""url"":""https://github.com/ReEDS-Model/ReEDS"",""sha256"":""169f3e4245529c4eebfaa78691d6de4584d56893be5a6fe3dd650050bb5cc9fa"",""location"":""CSP configuration ratios"",""dollar_year"":""""}]",ATB 2024 Moderate base-year estimate; year=release-2. Case: Market. Unit from ATB parameter definition; CSV unit blank. CSP configuration ratio=1.,2024
reeds,csp,csp2,Moderate,{},fom,2014,81.51018613523014,USD/kW-yr,2022,atb,atb_2016_workbook.xlsm | deflator.csv | csp_cost_ratios_2024.csv,https://docs.nlr.gov/docs/fy16osti/66944-DA.xlsm | https://github.com/ReEDS-Model/ReEDS/blob/db6a1ba95836b649176fca50030e82a6b4cf9bb5/inputs/financials/deflator.csv | https://github.com/ReEDS-Model/ReEDS,[2014],"[{""file"":""atb_2016_workbook.xlsm"",""url"":""https://docs.nlr.gov/docs/fy16osti/66944-DA.xlsm"",""sha256"":""e622248d457ee99cba45474a7a7218a2bfd96f95d698d5a1099e3e2ea1b3b555"",""format"":""workbook"",""location"":""Solar - CSP!L69"",""dollar_year"":2014},{""file"":""deflator.csv"",""url"":""https://github.com/ReEDS-Model/ReEDS/blob/db6a1ba95836b649176fca50030e82a6b4cf9bb5/inputs/financials/deflator.csv"",""sha256"":""538d3afb409a3c89ce0f96a70867855f9bb64afa82776e875129b2547e329315"",""location"":""value_target=value_source*deflator[source_dollar_year]/deflator[target_dollar_year]"",""dollar_year"":""""},{""file"":""csp_cost_ratios_2024.csv"",""url"":""https://github.com/ReEDS-Model/ReEDS"",""sha256"":""169f3e4245529c4eebfaa78691d6de4584d56893be5a6fe3dd650050bb5cc9fa"",""location"":""CSP configuration ratios"",""dollar_year"":""""}]",ATB 2016 Moderate base-year estimate; year=release-2. Converted with the ReEDS deflator. CSP configuration ratio=1.0.,2016
reeds,csp,csp2,Moderate,{},fom,2015,81.42875745974735,USD/kW-yr,2022,atb,atb_2017_workbook.xlsm | deflator.csv | csp_cost_ratios_2024.csv,https://data.nlr.gov/system/files/71/2017-ATB-data.xlsm | https://github.com/ReEDS-Model/ReEDS/blob/db6a1ba95836b649176fca50030e82a6b4cf9bb5/inputs/financials/deflator.csv | https://github.com/ReEDS-Model/ReEDS,[2015],"[{""file"":""atb_2017_workbook.xlsm"",""url"":""https://data.nlr.gov/system/files/71/2017-ATB-data.xlsm"",""sha256"":""5712fc8d062ccb40aa6930edbf60ba1f8f4a13c08f7e4e532b78e24fa23ba55d"",""format"":""workbook"",""location"":""Solar - CSP!L69"",""dollar_year"":2015},{""file"":""deflator.csv"",""url"":""https://github.com/ReEDS-Model/ReEDS/blob/db6a1ba95836b649176fca50030e82a6b4cf9bb5/inputs/financials/deflator.csv"",""sha256"":""538d3afb409a3c89ce0f96a70867855f9bb64afa82776e875129b2547e329315"",""location"":""value_target=value_source*deflator[source_dollar_year]/deflator[target_dollar_year]"",""dollar_year"":""""},{""file"":""csp_cost_ratios_2024.csv"",""url"":""https://github.com/ReEDS-Model/ReEDS"",""sha256"":""169f3e4245529c4eebfaa78691d6de4584d56893be5a6fe3dd650050bb5cc9fa"",""location"":""CSP configuration ratios"",""dollar_year"":""""}]",ATB 2017 Moderate base-year estimate; year=release-2. Converted with the ReEDS deflator. CSP configuration ratio=1.0.,2017
reeds,csp,csp2,Moderate,{},fom,2016,81.40952848322478,USD/kW-yr,2022,atb,atb_2018_workbook.xlsm | deflator.csv | csp_cost_ratios_2024.csv,https://data.nlr.gov/system/files/89/2018-ATB-data-interim-geo.xlsm | https://github.com/ReEDS-Model/ReEDS/blob/db6a1ba95836b649176fca50030e82a6b4cf9bb5/inputs/financials/deflator.csv | https://github.com/ReEDS-Model/ReEDS,[2016],"[{""file"":""atb_2018_workbook.xlsm"",""url"":""https://data.nlr.gov/system/files/89/2018-ATB-data-interim-geo.xlsm"",""sha256"":""975f5a963c817b0da3f9e762a3458fdbee58f11b3d80656eb3ba528d2901fbdf"",""format"":""workbook"",""location"":""Solar - CSP!L69"",""dollar_year"":2016},{""file"":""deflator.csv"",""url"":""https://github.com/ReEDS-Model/ReEDS/blob/db6a1ba95836b649176fca50030e82a6b4cf9bb5/inputs/financials/deflator.csv"",""sha256"":""538d3afb409a3c89ce0f96a70867855f9bb64afa82776e875129b2547e329315"",""location"":""value_target=value_source*deflator[source_dollar_year]/deflator[target_dollar_year]"",""dollar_year"":""""},{""file"":""csp_cost_ratios_2024.csv"",""url"":""https://github.com/ReEDS-Model/ReEDS"",""sha256"":""169f3e4245529c4eebfaa78691d6de4584d56893be5a6fe3dd650050bb5cc9fa"",""location"":""CSP configuration ratios"",""dollar_year"":""""}]",ATB 2018 Moderate base-year estimate; year=release-2. Converted with the ReEDS deflator. CSP configuration ratio=1.0.,2018
reeds,csp,csp2,Moderate,{},fom,2017,78.73042938877309,USD/kW-yr,2022,atb,atb_2019_workbook.xlsm | deflator.csv | csp_cost_ratios_2024.csv,https://data.nlr.gov/system/files/115/2019-ATB-data.xlsm | https://github.com/ReEDS-Model/ReEDS/blob/db6a1ba95836b649176fca50030e82a6b4cf9bb5/inputs/financials/deflator.csv | https://github.com/ReEDS-Model/ReEDS,[2017],"[{""file"":""atb_2019_workbook.xlsm"",""url"":""https://data.nlr.gov/system/files/115/2019-ATB-data.xlsm"",""sha256"":""f7807beb3496c1cfde28ed2a3115abd1d88e968273eb90f52cfe89f1845de42b"",""format"":""workbook"",""location"":""Solar - CSP!L69"",""dollar_year"":2017},{""file"":""deflator.csv"",""url"":""https://github.com/ReEDS-Model/ReEDS/blob/db6a1ba95836b649176fca50030e82a6b4cf9bb5/inputs/financials/deflator.csv"",""sha256"":""538d3afb409a3c89ce0f96a70867855f9bb64afa82776e875129b2547e329315"",""location"":""value_target=value_source*deflator[source_dollar_year]/deflator[target_dollar_year]"",""dollar_year"":""""},{""file"":""csp_cost_ratios_2024.csv"",""url"":""https://github.com/ReEDS-Model/ReEDS"",""sha256"":""169f3e4245529c4eebfaa78691d6de4584d56893be5a6fe3dd650050bb5cc9fa"",""location"":""CSP configuration ratios"",""dollar_year"":""""}]",ATB 2019 Moderate base-year estimate; year=release-2. Converted with the ReEDS deflator. CSP configuration ratio=1.0.,2019
reeds,csp,csp2,Moderate,{},fom,2018,79.21503903607584,USD/kW-yr,2022,atb,atb_2020_workbook.xlsm | deflator.csv | csp_cost_ratios_2024.csv,https://atb-archive.nlr.gov/electricity/2020/files/2020-ATB-Data.xlsm | https://github.com/ReEDS-Model/ReEDS/blob/db6a1ba95836b649176fca50030e82a6b4cf9bb5/inputs/financials/deflator.csv | https://github.com/ReEDS-Model/ReEDS,[2018],"[{""file"":""atb_2020_workbook.xlsm"",""url"":""https://atb-archive.nlr.gov/electricity/2020/files/2020-ATB-Data.xlsm"",""sha256"":""2fc2ccf72853304e45803959c77d82806debe8b686eec294838a7ac5219a7a13"",""format"":""workbook"",""location"":""Solar - CSP!L69"",""dollar_year"":2018},{""file"":""deflator.csv"",""url"":""https://github.com/ReEDS-Model/ReEDS/blob/db6a1ba95836b649176fca50030e82a6b4cf9bb5/inputs/financials/deflator.csv"",""sha256"":""538d3afb409a3c89ce0f96a70867855f9bb64afa82776e875129b2547e329315"",""location"":""value_target=value_source*deflator[source_dollar_year]/deflator[target_dollar_year]"",""dollar_year"":""""},{""file"":""csp_cost_ratios_2024.csv"",""url"":""https://github.com/ReEDS-Model/ReEDS"",""sha256"":""169f3e4245529c4eebfaa78691d6de4584d56893be5a6fe3dd650050bb5cc9fa"",""location"":""CSP configuration ratios"",""dollar_year"":""""}]",ATB 2020 Moderate base-year estimate; year=release-2. Converted with the ReEDS deflator. CSP configuration ratio=1.0.,2020
reeds,csp,csp2,Moderate,{},fom,2019,75.08177948553028,USD/kW-yr,2022,atb,atb_2021_workbook.xlsm | deflator.csv | csp_cost_ratios_2024.csv,https://data.openei.org/files/4129/2021-ATB-Data_Master_new.xlsm | https://github.com/ReEDS-Model/ReEDS/blob/db6a1ba95836b649176fca50030e82a6b4cf9bb5/inputs/financials/deflator.csv | https://github.com/ReEDS-Model/ReEDS,[2019],"[{""file"":""atb_2021_workbook.xlsm"",""url"":""https://data.openei.org/files/4129/2021-ATB-Data_Master_new.xlsm"",""sha256"":""211bc492df941a58acac912edea27c2ac2abf6d74fb2a24355fda6660c055632"",""format"":""workbook"",""location"":""Solar - CSP!L151"",""dollar_year"":2019},{""file"":""deflator.csv"",""url"":""https://github.com/ReEDS-Model/ReEDS/blob/db6a1ba95836b649176fca50030e82a6b4cf9bb5/inputs/financials/deflator.csv"",""sha256"":""538d3afb409a3c89ce0f96a70867855f9bb64afa82776e875129b2547e329315"",""location"":""value_target=value_source*deflator[source_dollar_year]/deflator[target_dollar_year]"",""dollar_year"":""""},{""file"":""csp_cost_ratios_2024.csv"",""url"":""https://github.com/ReEDS-Model/ReEDS"",""sha256"":""169f3e4245529c4eebfaa78691d6de4584d56893be5a6fe3dd650050bb5cc9fa"",""location"":""CSP configuration ratios"",""dollar_year"":""""}]",ATB 2021 Moderate base-year estimate; year=release-2. Converted with the ReEDS deflator. CSP configuration ratio=1.0.,2021
reeds,csp,csp2,Moderate,{},fom,2020,74.63016006552841,USD/kW-yr,2022,atb,atb_2022_workbook.xlsx | deflator.csv | csp_cost_ratios_2024.csv,https://data.openei.org/files/5716/2022 v3 Annual Technology Baseline Workbook Mid-year update 2-15-2023.xlsx | https://github.com/ReEDS-Model/ReEDS/blob/db6a1ba95836b649176fca50030e82a6b4cf9bb5/inputs/financials/deflator.csv | https://github.com/ReEDS-Model/ReEDS,[2020],"[{""file"":""atb_2022_workbook.xlsx"",""url"":""https://data.openei.org/files/5716/2022 v3 Annual Technology Baseline Workbook Mid-year update 2-15-2023.xlsx"",""sha256"":""5ad5e47373f0dea32991d5828831bb407550397f1956abda6870e6786134b87e"",""format"":""workbook"",""location"":""Solar - CSP!M134"",""dollar_year"":2020},{""file"":""deflator.csv"",""url"":""https://github.com/ReEDS-Model/ReEDS/blob/db6a1ba95836b649176fca50030e82a6b4cf9bb5/inputs/financials/deflator.csv"",""sha256"":""538d3afb409a3c89ce0f96a70867855f9bb64afa82776e875129b2547e329315"",""location"":""value_target=value_source*deflator[source_dollar_year]/deflator[target_dollar_year]"",""dollar_year"":""""},{""file"":""csp_cost_ratios_2024.csv"",""url"":""https://github.com/ReEDS-Model/ReEDS"",""sha256"":""169f3e4245529c4eebfaa78691d6de4584d56893be5a6fe3dd650050bb5cc9fa"",""location"":""CSP configuration ratios"",""dollar_year"":""""}]",ATB 2022 Moderate base-year estimate; year=release-2. Converted with the ReEDS deflator. CSP configuration ratio=1.0.,2022
reeds,csp,csp2,Moderate,{},fom,2021,74.63016006849267,USD/kW-yr,2022,atb,atb_2023_flat_file.csv | deflator.csv | csp_cost_ratios_2024.csv,https://oedi-data-lake.s3.amazonaws.com/ATB/electricity/csv/2023/ATBe.csv | https://github.com/ReEDS-Model/ReEDS/blob/db6a1ba95836b649176fca50030e82a6b4cf9bb5/inputs/financials/deflator.csv | https://github.com/ReEDS-Model/ReEDS,[2021],"[{""file"":""atb_2023_flat_file.csv"",""url"":""https://oedi-data-lake.s3.amazonaws.com/ATB/electricity/csv/2023/ATBe.csv"",""sha256"":""5073733a55c84facceb25ec56b83d05d9c990155486111fff137854ccd2fab71"",""format"":""flat"",""location"":""CSV row 138754"",""dollar_year"":2021},{""file"":""deflator.csv"",""url"":""https://github.com/ReEDS-Model/ReEDS/blob/db6a1ba95836b649176fca50030e82a6b4cf9bb5/inputs/financials/deflator.csv"",""sha256"":""538d3afb409a3c89ce0f96a70867855f9bb64afa82776e875129b2547e329315"",""location"":""value_target=value_source*deflator[source_dollar_year]/deflator[target_dollar_year]"",""dollar_year"":""""},{""file"":""csp_cost_ratios_2024.csv"",""url"":""https://github.com/ReEDS-Model/ReEDS"",""sha256"":""169f3e4245529c4eebfaa78691d6de4584d56893be5a6fe3dd650050bb5cc9fa"",""location"":""CSP configuration ratios"",""dollar_year"":""""}]",ATB 2023 Moderate base-year estimate; year=release-2. Case: Market. Converted with the ReEDS deflator. CSP configuration ratio=1.0.,2023
reeds,csp,csp2,Moderate,{},fom,2022,74.63016,USD/kW-yr,2022,atb,atb_2024_flat_file.csv | deflator.csv | csp_cost_ratios_2024.csv,https://oedi-data-lake.s3.amazonaws.com/ATB/electricity/csv/2024/v3.0.0/ATBe.csv | https://github.com/ReEDS-Model/ReEDS/blob/db6a1ba95836b649176fca50030e82a6b4cf9bb5/inputs/financials/deflator.csv | https://github.com/ReEDS-Model/ReEDS,[2022],"[{""file"":""atb_2024_flat_file.csv"",""url"":""https://oedi-data-lake.s3.amazonaws.com/ATB/electricity/csv/2024/v3.0.0/ATBe.csv"",""sha256"":""b0f0de40786350ba8dd5eec9023540f72ceeb8ab4478bc31abaf1c0d5eb20959"",""format"":""flat"",""location"":""CSV row 13236"",""dollar_year"":2022},{""file"":""deflator.csv"",""url"":""https://github.com/ReEDS-Model/ReEDS/blob/db6a1ba95836b649176fca50030e82a6b4cf9bb5/inputs/financials/deflator.csv"",""sha256"":""538d3afb409a3c89ce0f96a70867855f9bb64afa82776e875129b2547e329315"",""location"":""value_target=value_source*deflator[source_dollar_year]/deflator[target_dollar_year]"",""dollar_year"":""""},{""file"":""csp_cost_ratios_2024.csv"",""url"":""https://github.com/ReEDS-Model/ReEDS"",""sha256"":""169f3e4245529c4eebfaa78691d6de4584d56893be5a6fe3dd650050bb5cc9fa"",""location"":""CSP configuration ratios"",""dollar_year"":""""}]",ATB 2024 Moderate base-year estimate; year=release-2. Case: Market. Unit from ATB parameter definition; CSV unit blank. Converted with the ReEDS deflator. CSP configuration ratio=1.0.,2024
reeds,csp,csp2,Moderate,{},vom,2014,4.940011280923039,USD/MWh,2022,atb,atb_2016_workbook.xlsm | deflator.csv | csp_cost_ratios_2024.csv,https://docs.nlr.gov/docs/fy16osti/66944-DA.xlsm | https://github.com/ReEDS-Model/ReEDS/blob/db6a1ba95836b649176fca50030e82a6b4cf9bb5/inputs/financials/deflator.csv | https://github.com/ReEDS-Model/ReEDS,[2014],"[{""file"":""atb_2016_workbook.xlsm"",""url"":""https://docs.nlr.gov/docs/fy16osti/66944-DA.xlsm"",""sha256"":""e622248d457ee99cba45474a7a7218a2bfd96f95d698d5a1099e3e2ea1b3b555"",""format"":""workbook"",""location"":""Solar - CSP!L79"",""dollar_year"":2014},{""file"":""deflator.csv"",""url"":""https://github.com/ReEDS-Model/ReEDS/blob/db6a1ba95836b649176fca50030e82a6b4cf9bb5/inputs/financials/deflator.csv"",""sha256"":""538d3afb409a3c89ce0f96a70867855f9bb64afa82776e875129b2547e329315"",""location"":""value_target=value_source*deflator[source_dollar_year]/deflator[target_dollar_year]"",""dollar_year"":""""},{""file"":""csp_cost_ratios_2024.csv"",""url"":""https://github.com/ReEDS-Model/ReEDS"",""sha256"":""169f3e4245529c4eebfaa78691d6de4584d56893be5a6fe3dd650050bb5cc9fa"",""location"":""CSP configuration ratios"",""dollar_year"":""""}]",ATB 2016 Moderate base-year estimate; year=release-2. Converted with the ReEDS deflator. CSP configuration ratio=1.0.,2016
reeds,csp,csp2,Moderate,{},vom,2015,4.935076209681657,USD/MWh,2022,atb,atb_2017_workbook.xlsm | deflator.csv | csp_cost_ratios_2024.csv,https://data.nlr.gov/system/files/71/2017-ATB-data.xlsm | https://github.com/ReEDS-Model/ReEDS/blob/db6a1ba95836b649176fca50030e82a6b4cf9bb5/inputs/financials/deflator.csv | https://github.com/ReEDS-Model/ReEDS,[2015],"[{""file"":""atb_2017_workbook.xlsm"",""url"":""https://data.nlr.gov/system/files/71/2017-ATB-data.xlsm"",""sha256"":""5712fc8d062ccb40aa6930edbf60ba1f8f4a13c08f7e4e532b78e24fa23ba55d"",""format"":""workbook"",""location"":""Solar - CSP!L79"",""dollar_year"":2015},{""file"":""deflator.csv"",""url"":""https://github.com/ReEDS-Model/ReEDS/blob/db6a1ba95836b649176fca50030e82a6b4cf9bb5/inputs/financials/deflator.csv"",""sha256"":""538d3afb409a3c89ce0f96a70867855f9bb64afa82776e875129b2547e329315"",""location"":""value_target=value_source*deflator[source_dollar_year]/deflator[target_dollar_year]"",""dollar_year"":""""},{""file"":""csp_cost_ratios_2024.csv"",""url"":""https://github.com/ReEDS-Model/ReEDS"",""sha256"":""169f3e4245529c4eebfaa78691d6de4584d56893be5a6fe3dd650050bb5cc9fa"",""location"":""CSP configuration ratios"",""dollar_year"":""""}]",ATB 2017 Moderate base-year estimate; year=release-2. Converted with the ReEDS deflator. CSP configuration ratio=1.0.,2017
reeds,csp,csp2,Moderate,{},vom,2016,4.933910817165137,USD/MWh,2022,atb,atb_2018_workbook.xlsm | deflator.csv | csp_cost_ratios_2024.csv,https://data.nlr.gov/system/files/89/2018-ATB-data-interim-geo.xlsm | https://github.com/ReEDS-Model/ReEDS/blob/db6a1ba95836b649176fca50030e82a6b4cf9bb5/inputs/financials/deflator.csv | https://github.com/ReEDS-Model/ReEDS,[2016],"[{""file"":""atb_2018_workbook.xlsm"",""url"":""https://data.nlr.gov/system/files/89/2018-ATB-data-interim-geo.xlsm"",""sha256"":""975f5a963c817b0da3f9e762a3458fdbee58f11b3d80656eb3ba528d2901fbdf"",""format"":""workbook"",""location"":""Solar - CSP!L79"",""dollar_year"":2016},{""file"":""deflator.csv"",""url"":""https://github.com/ReEDS-Model/ReEDS/blob/db6a1ba95836b649176fca50030e82a6b4cf9bb5/inputs/financials/deflator.csv"",""sha256"":""538d3afb409a3c89ce0f96a70867855f9bb64afa82776e875129b2547e329315"",""location"":""value_target=value_source*deflator[source_dollar_year]/deflator[target_dollar_year]"",""dollar_year"":""""},{""file"":""csp_cost_ratios_2024.csv"",""url"":""https://github.com/ReEDS-Model/ReEDS"",""sha256"":""169f3e4245529c4eebfaa78691d6de4584d56893be5a6fe3dd650050bb5cc9fa"",""location"":""CSP configuration ratios"",""dollar_year"":""""}]",ATB 2018 Moderate base-year estimate; year=release-2. Converted with the ReEDS deflator. CSP configuration ratio=1.0.,2018
reeds,csp,csp2,Moderate,{},vom,2017,4.175098528192512,USD/MWh,2022,atb,atb_2019_workbook.xlsm | deflator.csv | csp_cost_ratios_2024.csv,https://data.nlr.gov/system/files/115/2019-ATB-data.xlsm | https://github.com/ReEDS-Model/ReEDS/blob/db6a1ba95836b649176fca50030e82a6b4cf9bb5/inputs/financials/deflator.csv | https://github.com/ReEDS-Model/ReEDS,[2017],"[{""file"":""atb_2019_workbook.xlsm"",""url"":""https://data.nlr.gov/system/files/115/2019-ATB-data.xlsm"",""sha256"":""f7807beb3496c1cfde28ed2a3115abd1d88e968273eb90f52cfe89f1845de42b"",""format"":""workbook"",""location"":""Solar - CSP!L79"",""dollar_year"":2017},{""file"":""deflator.csv"",""url"":""https://github.com/ReEDS-Model/ReEDS/blob/db6a1ba95836b649176fca50030e82a6b4cf9bb5/inputs/financials/deflator.csv"",""sha256"":""538d3afb409a3c89ce0f96a70867855f9bb64afa82776e875129b2547e329315"",""location"":""value_target=value_source*deflator[source_dollar_year]/deflator[target_dollar_year]"",""dollar_year"":""""},{""file"":""csp_cost_ratios_2024.csv"",""url"":""https://github.com/ReEDS-Model/ReEDS"",""sha256"":""169f3e4245529c4eebfaa78691d6de4584d56893be5a6fe3dd650050bb5cc9fa"",""location"":""CSP configuration ratios"",""dollar_year"":""""}]",ATB 2019 Moderate base-year estimate; year=release-2. Converted with the ReEDS deflator. CSP configuration ratio=1.0.,2019
reeds,csp,csp2,Moderate,{},vom,2018,4.892693587522332,USD/MWh,2022,atb,atb_2020_workbook.xlsm | deflator.csv | csp_cost_ratios_2024.csv,https://atb-archive.nlr.gov/electricity/2020/files/2020-ATB-Data.xlsm | https://github.com/ReEDS-Model/ReEDS/blob/db6a1ba95836b649176fca50030e82a6b4cf9bb5/inputs/financials/deflator.csv | https://github.com/ReEDS-Model/ReEDS,[2018],"[{""file"":""atb_2020_workbook.xlsm"",""url"":""https://atb-archive.nlr.gov/electricity/2020/files/2020-ATB-Data.xlsm"",""sha256"":""2fc2ccf72853304e45803959c77d82806debe8b686eec294838a7ac5219a7a13"",""format"":""workbook"",""location"":""Solar - CSP!L79"",""dollar_year"":2018},{""file"":""deflator.csv"",""url"":""https://github.com/ReEDS-Model/ReEDS/blob/db6a1ba95836b649176fca50030e82a6b4cf9bb5/inputs/financials/deflator.csv"",""sha256"":""538d3afb409a3c89ce0f96a70867855f9bb64afa82776e875129b2547e329315"",""location"":""value_target=value_source*deflator[source_dollar_year]/deflator[target_dollar_year]"",""dollar_year"":""""},{""file"":""csp_cost_ratios_2024.csv"",""url"":""https://github.com/ReEDS-Model/ReEDS"",""sha256"":""169f3e4245529c4eebfaa78691d6de4584d56893be5a6fe3dd650050bb5cc9fa"",""location"":""CSP configuration ratios"",""dollar_year"":""""}]",ATB 2020 Moderate base-year estimate; year=release-2. Converted with the ReEDS deflator. CSP configuration ratio=1.0.,2020
reeds,csp,csp2,Moderate,{},vom,2019,4.0053149894406985,USD/MWh,2022,atb,atb_2021_workbook.xlsm | deflator.csv | csp_cost_ratios_2024.csv,https://data.openei.org/files/4129/2021-ATB-Data_Master_new.xlsm | https://github.com/ReEDS-Model/ReEDS/blob/db6a1ba95836b649176fca50030e82a6b4cf9bb5/inputs/financials/deflator.csv | https://github.com/ReEDS-Model/ReEDS,[2019],"[{""file"":""atb_2021_workbook.xlsm"",""url"":""https://data.openei.org/files/4129/2021-ATB-Data_Master_new.xlsm"",""sha256"":""211bc492df941a58acac912edea27c2ac2abf6d74fb2a24355fda6660c055632"",""format"":""workbook"",""location"":""Solar - CSP!L162"",""dollar_year"":2019},{""file"":""deflator.csv"",""url"":""https://github.com/ReEDS-Model/ReEDS/blob/db6a1ba95836b649176fca50030e82a6b4cf9bb5/inputs/financials/deflator.csv"",""sha256"":""538d3afb409a3c89ce0f96a70867855f9bb64afa82776e875129b2547e329315"",""location"":""value_target=value_source*deflator[source_dollar_year]/deflator[target_dollar_year]"",""dollar_year"":""""},{""file"":""csp_cost_ratios_2024.csv"",""url"":""https://github.com/ReEDS-Model/ReEDS"",""sha256"":""169f3e4245529c4eebfaa78691d6de4584d56893be5a6fe3dd650050bb5cc9fa"",""location"":""CSP configuration ratios"",""dollar_year"":""""}]",ATB 2021 Moderate base-year estimate; year=release-2. Converted with the ReEDS deflator. CSP configuration ratio=1.0.,2021
reeds,csp,csp2,Moderate,{},vom,2020,3.9576600034749916,USD/MWh,2022,atb,atb_2022_workbook.xlsx | deflator.csv | csp_cost_ratios_2024.csv,https://data.openei.org/files/5716/2022 v3 Annual Technology Baseline Workbook Mid-year update 2-15-2023.xlsx | https://github.com/ReEDS-Model/ReEDS/blob/db6a1ba95836b649176fca50030e82a6b4cf9bb5/inputs/financials/deflator.csv | https://github.com/ReEDS-Model/ReEDS,[2020],"[{""file"":""atb_2022_workbook.xlsx"",""url"":""https://data.openei.org/files/5716/2022 v3 Annual Technology Baseline Workbook Mid-year update 2-15-2023.xlsx"",""sha256"":""5ad5e47373f0dea32991d5828831bb407550397f1956abda6870e6786134b87e"",""format"":""workbook"",""location"":""Solar - CSP!M145"",""dollar_year"":2020},{""file"":""deflator.csv"",""url"":""https://github.com/ReEDS-Model/ReEDS/blob/db6a1ba95836b649176fca50030e82a6b4cf9bb5/inputs/financials/deflator.csv"",""sha256"":""538d3afb409a3c89ce0f96a70867855f9bb64afa82776e875129b2547e329315"",""location"":""value_target=value_source*deflator[source_dollar_year]/deflator[target_dollar_year]"",""dollar_year"":""""},{""file"":""csp_cost_ratios_2024.csv"",""url"":""https://github.com/ReEDS-Model/ReEDS"",""sha256"":""169f3e4245529c4eebfaa78691d6de4584d56893be5a6fe3dd650050bb5cc9fa"",""location"":""CSP configuration ratios"",""dollar_year"":""""}]",ATB 2022 Moderate base-year estimate; year=release-2. Converted with the ReEDS deflator. CSP configuration ratio=1.0.,2022
reeds,csp,csp2,Moderate,{},vom,2021,3.9576600036321867,USD/MWh,2022,atb,atb_2023_flat_file.csv | deflator.csv | csp_cost_ratios_2024.csv,https://oedi-data-lake.s3.amazonaws.com/ATB/electricity/csv/2023/ATBe.csv | https://github.com/ReEDS-Model/ReEDS/blob/db6a1ba95836b649176fca50030e82a6b4cf9bb5/inputs/financials/deflator.csv | https://github.com/ReEDS-Model/ReEDS,[2021],"[{""file"":""atb_2023_flat_file.csv"",""url"":""https://oedi-data-lake.s3.amazonaws.com/ATB/electricity/csv/2023/ATBe.csv"",""sha256"":""5073733a55c84facceb25ec56b83d05d9c990155486111fff137854ccd2fab71"",""format"":""flat"",""location"":""CSV row 183436"",""dollar_year"":2021},{""file"":""deflator.csv"",""url"":""https://github.com/ReEDS-Model/ReEDS/blob/db6a1ba95836b649176fca50030e82a6b4cf9bb5/inputs/financials/deflator.csv"",""sha256"":""538d3afb409a3c89ce0f96a70867855f9bb64afa82776e875129b2547e329315"",""location"":""value_target=value_source*deflator[source_dollar_year]/deflator[target_dollar_year]"",""dollar_year"":""""},{""file"":""csp_cost_ratios_2024.csv"",""url"":""https://github.com/ReEDS-Model/ReEDS"",""sha256"":""169f3e4245529c4eebfaa78691d6de4584d56893be5a6fe3dd650050bb5cc9fa"",""location"":""CSP configuration ratios"",""dollar_year"":""""}]",ATB 2023 Moderate base-year estimate; year=release-2. Case: Market. Converted with the ReEDS deflator. CSP configuration ratio=1.0.,2023
reeds,csp,csp2,Moderate,{},vom,2022,3.95766,USD/MWh,2022,atb,atb_2024_flat_file.csv | deflator.csv | csp_cost_ratios_2024.csv,https://oedi-data-lake.s3.amazonaws.com/ATB/electricity/csv/2024/v3.0.0/ATBe.csv | https://github.com/ReEDS-Model/ReEDS/blob/db6a1ba95836b649176fca50030e82a6b4cf9bb5/inputs/financials/deflator.csv | https://github.com/ReEDS-Model/ReEDS,[2022],"[{""file"":""atb_2024_flat_file.csv"",""url"":""https://oedi-data-lake.s3.amazonaws.com/ATB/electricity/csv/2024/v3.0.0/ATBe.csv"",""sha256"":""b0f0de40786350ba8dd5eec9023540f72ceeb8ab4478bc31abaf1c0d5eb20959"",""format"":""flat"",""location"":""CSV row 13289"",""dollar_year"":2022},{""file"":""deflator.csv"",""url"":""https://github.com/ReEDS-Model/ReEDS/blob/db6a1ba95836b649176fca50030e82a6b4cf9bb5/inputs/financials/deflator.csv"",""sha256"":""538d3afb409a3c89ce0f96a70867855f9bb64afa82776e875129b2547e329315"",""location"":""value_target=value_source*deflator[source_dollar_year]/deflator[target_dollar_year]"",""dollar_year"":""""},{""file"":""csp_cost_ratios_2024.csv"",""url"":""https://github.com/ReEDS-Model/ReEDS"",""sha256"":""169f3e4245529c4eebfaa78691d6de4584d56893be5a6fe3dd650050bb5cc9fa"",""location"":""CSP configuration ratios"",""dollar_year"":""""}]",ATB 2024 Moderate base-year estimate; year=release-2. Case: Market. Unit from ATB parameter definition; CSV unit blank. Converted with the ReEDS deflator. CSP configuration ratio=1.0.,2024
reeds,csp,csp3,Moderate,{},capcost,2014,7029.477043834658,USD/kW,2022,calculated,atb_2016_workbook.xlsm | deflator.csv | csp_cost_ratios_2024.csv,https://docs.nlr.gov/docs/fy16osti/66944-DA.xlsm | https://github.com/ReEDS-Model/ReEDS/blob/db6a1ba95836b649176fca50030e82a6b4cf9bb5/inputs/financials/deflator.csv | https://github.com/ReEDS-Model/ReEDS,[2014],"[{""file"":""atb_2016_workbook.xlsm"",""url"":""https://docs.nlr.gov/docs/fy16osti/66944-DA.xlsm"",""sha256"":""e622248d457ee99cba45474a7a7218a2bfd96f95d698d5a1099e3e2ea1b3b555"",""format"":""workbook"",""location"":""Solar - CSP!L59"",""dollar_year"":2014},{""file"":""deflator.csv"",""url"":""https://github.com/ReEDS-Model/ReEDS/blob/db6a1ba95836b649176fca50030e82a6b4cf9bb5/inputs/financials/deflator.csv"",""sha256"":""538d3afb409a3c89ce0f96a70867855f9bb64afa82776e875129b2547e329315"",""location"":""value_target=value_source*deflator[source_dollar_year]/deflator[target_dollar_year]"",""dollar_year"":""""},{""file"":""csp_cost_ratios_2024.csv"",""url"":""https://github.com/ReEDS-Model/ReEDS"",""sha256"":""169f3e4245529c4eebfaa78691d6de4584d56893be5a6fe3dd650050bb5cc9fa"",""location"":""CSP configuration ratios"",""dollar_year"":""""}]",ATB 2016 Moderate base-year estimate; year=release-2. Converted with the ReEDS deflator. CSP configuration ratio=0.709285122138.,2016
reeds,csp,csp3,Moderate,{},capcost,2015,6968.688853202144,USD/kW,2022,calculated,atb_2017_workbook.xlsm | deflator.csv | csp_cost_ratios_2024.csv,https://data.nlr.gov/system/files/71/2017-ATB-data.xlsm | https://github.com/ReEDS-Model/ReEDS/blob/db6a1ba95836b649176fca50030e82a6b4cf9bb5/inputs/financials/deflator.csv | https://github.com/ReEDS-Model/ReEDS,[2015],"[{""file"":""atb_2017_workbook.xlsm"",""url"":""https://data.nlr.gov/system/files/71/2017-ATB-data.xlsm"",""sha256"":""5712fc8d062ccb40aa6930edbf60ba1f8f4a13c08f7e4e532b78e24fa23ba55d"",""format"":""workbook"",""location"":""Solar - CSP!L59"",""dollar_year"":2015},{""file"":""deflator.csv"",""url"":""https://github.com/ReEDS-Model/ReEDS/blob/db6a1ba95836b649176fca50030e82a6b4cf9bb5/inputs/financials/deflator.csv"",""sha256"":""538d3afb409a3c89ce0f96a70867855f9bb64afa82776e875129b2547e329315"",""location"":""value_target=value_source*deflator[source_dollar_year]/deflator[target_dollar_year]"",""dollar_year"":""""},{""file"":""csp_cost_ratios_2024.csv"",""url"":""https://github.com/ReEDS-Model/ReEDS"",""sha256"":""169f3e4245529c4eebfaa78691d6de4584d56893be5a6fe3dd650050bb5cc9fa"",""location"":""CSP configuration ratios"",""dollar_year"":""""}]",ATB 2017 Moderate base-year estimate; year=release-2. Converted with the ReEDS deflator. CSP configuration ratio=0.709285122138.,2017
reeds,csp,csp3,Moderate,{},capcost,2016,6652.229104362816,USD/kW,2022,calculated,atb_2018_workbook.xlsm | deflator.csv | csp_cost_ratios_2024.csv,https://data.nlr.gov/system/files/89/2018-ATB-data-interim-geo.xlsm | https://github.com/ReEDS-Model/ReEDS/blob/db6a1ba95836b649176fca50030e82a6b4cf9bb5/inputs/financials/deflator.csv | https://github.com/ReEDS-Model/ReEDS,[2016],"[{""file"":""atb_2018_workbook.xlsm"",""url"":""https://data.nlr.gov/system/files/89/2018-ATB-data-interim-geo.xlsm"",""sha256"":""975f5a963c817b0da3f9e762a3458fdbee58f11b3d80656eb3ba528d2901fbdf"",""format"":""workbook"",""location"":""Solar - CSP!L59"",""dollar_year"":2016},{""file"":""deflator.csv"",""url"":""https://github.com/ReEDS-Model/ReEDS/blob/db6a1ba95836b649176fca50030e82a6b4cf9bb5/inputs/financials/deflator.csv"",""sha256"":""538d3afb409a3c89ce0f96a70867855f9bb64afa82776e875129b2547e329315"",""location"":""value_target=value_source*deflator[source_dollar_year]/deflator[target_dollar_year]"",""dollar_year"":""""},{""file"":""csp_cost_ratios_2024.csv"",""url"":""https://github.com/ReEDS-Model/ReEDS"",""sha256"":""169f3e4245529c4eebfaa78691d6de4584d56893be5a6fe3dd650050bb5cc9fa"",""location"":""CSP configuration ratios"",""dollar_year"":""""}]",ATB 2018 Moderate base-year estimate; year=release-2. Converted with the ReEDS deflator. CSP configuration ratio=0.709285122138.,2018
reeds,csp,csp3,Moderate,{},capcost,2017,5338.230382901855,USD/kW,2022,calculated,atb_2019_workbook.xlsm | deflator.csv | csp_cost_ratios_2024.csv,https://data.nlr.gov/system/files/115/2019-ATB-data.xlsm | https://github.com/ReEDS-Model/ReEDS/blob/db6a1ba95836b649176fca50030e82a6b4cf9bb5/inputs/financials/deflator.csv | https://github.com/ReEDS-Model/ReEDS,[2017],"[{""file"":""atb_2019_workbook.xlsm"",""url"":""https://data.nlr.gov/system/files/115/2019-ATB-data.xlsm"",""sha256"":""f7807beb3496c1cfde28ed2a3115abd1d88e968273eb90f52cfe89f1845de42b"",""format"":""workbook"",""location"":""Solar - CSP!L59"",""dollar_year"":2017},{""file"":""deflator.csv"",""url"":""https://github.com/ReEDS-Model/ReEDS/blob/db6a1ba95836b649176fca50030e82a6b4cf9bb5/inputs/financials/deflator.csv"",""sha256"":""538d3afb409a3c89ce0f96a70867855f9bb64afa82776e875129b2547e329315"",""location"":""value_target=value_source*deflator[source_dollar_year]/deflator[target_dollar_year]"",""dollar_year"":""""},{""file"":""csp_cost_ratios_2024.csv"",""url"":""https://github.com/ReEDS-Model/ReEDS"",""sha256"":""169f3e4245529c4eebfaa78691d6de4584d56893be5a6fe3dd650050bb5cc9fa"",""location"":""CSP configuration ratios"",""dollar_year"":""""}]",ATB 2019 Moderate base-year estimate; year=release-2. Converted with the ReEDS deflator. CSP configuration ratio=0.709285122138.,2019
reeds,csp,csp3,Moderate,{},capcost,2018,5349.9033488305495,USD/kW,2022,calculated,atb_2020_workbook.xlsm | deflator.csv | csp_cost_ratios_2024.csv,https://atb-archive.nlr.gov/electricity/2020/files/2020-ATB-Data.xlsm | https://github.com/ReEDS-Model/ReEDS/blob/db6a1ba95836b649176fca50030e82a6b4cf9bb5/inputs/financials/deflator.csv | https://github.com/ReEDS-Model/ReEDS,[2018],"[{""file"":""atb_2020_workbook.xlsm"",""url"":""https://atb-archive.nlr.gov/electricity/2020/files/2020-ATB-Data.xlsm"",""sha256"":""2fc2ccf72853304e45803959c77d82806debe8b686eec294838a7ac5219a7a13"",""format"":""workbook"",""location"":""Solar - CSP!L59"",""dollar_year"":2018},{""file"":""deflator.csv"",""url"":""https://github.com/ReEDS-Model/ReEDS/blob/db6a1ba95836b649176fca50030e82a6b4cf9bb5/inputs/financials/deflator.csv"",""sha256"":""538d3afb409a3c89ce0f96a70867855f9bb64afa82776e875129b2547e329315"",""location"":""value_target=value_source*deflator[source_dollar_year]/deflator[target_dollar_year]"",""dollar_year"":""""},{""file"":""csp_cost_ratios_2024.csv"",""url"":""https://github.com/ReEDS-Model/ReEDS"",""sha256"":""169f3e4245529c4eebfaa78691d6de4584d56893be5a6fe3dd650050bb5cc9fa"",""location"":""CSP configuration ratios"",""dollar_year"":""""}]",ATB 2020 Moderate base-year estimate; year=release-2. Converted with the ReEDS deflator. CSP configuration ratio=0.709285122138.,2020
reeds,csp,csp3,Moderate,{},capcost,2019,5281.443120382489,USD/kW,2022,calculated,atb_2021_workbook.xlsm | deflator.csv | csp_cost_ratios_2024.csv,https://data.openei.org/files/4129/2021-ATB-Data_Master_new.xlsm | https://github.com/ReEDS-Model/ReEDS/blob/db6a1ba95836b649176fca50030e82a6b4cf9bb5/inputs/financials/deflator.csv | https://github.com/ReEDS-Model/ReEDS,[2019],"[{""file"":""atb_2021_workbook.xlsm"",""url"":""https://data.openei.org/files/4129/2021-ATB-Data_Master_new.xlsm"",""sha256"":""211bc492df941a58acac912edea27c2ac2abf6d74fb2a24355fda6660c055632"",""format"":""workbook"",""location"":""Solar - CSP!L140"",""dollar_year"":2019},{""file"":""deflator.csv"",""url"":""https://github.com/ReEDS-Model/ReEDS/blob/db6a1ba95836b649176fca50030e82a6b4cf9bb5/inputs/financials/deflator.csv"",""sha256"":""538d3afb409a3c89ce0f96a70867855f9bb64afa82776e875129b2547e329315"",""location"":""value_target=value_source*deflator[source_dollar_year]/deflator[target_dollar_year]"",""dollar_year"":""""},{""file"":""csp_cost_ratios_2024.csv"",""url"":""https://github.com/ReEDS-Model/ReEDS"",""sha256"":""169f3e4245529c4eebfaa78691d6de4584d56893be5a6fe3dd650050bb5cc9fa"",""location"":""CSP configuration ratios"",""dollar_year"":""""}]",ATB 2021 Moderate base-year estimate; year=release-2. Converted with the ReEDS deflator. CSP configuration ratio=0.709285122138.,2021
reeds,csp,csp3,Moderate,{},capcost,2020,5006.279033867833,USD/kW,2022,calculated,atb_2022_workbook.xlsx | deflator.csv | csp_cost_ratios_2024.csv,https://data.openei.org/files/5716/2022 v3 Annual Technology Baseline Workbook Mid-year update 2-15-2023.xlsx | https://github.com/ReEDS-Model/ReEDS/blob/db6a1ba95836b649176fca50030e82a6b4cf9bb5/inputs/financials/deflator.csv | https://github.com/ReEDS-Model/ReEDS,[2020],"[{""file"":""atb_2022_workbook.xlsx"",""url"":""https://data.openei.org/files/5716/2022 v3 Annual Technology Baseline Workbook Mid-year update 2-15-2023.xlsx"",""sha256"":""5ad5e47373f0dea32991d5828831bb407550397f1956abda6870e6786134b87e"",""format"":""workbook"",""location"":""Solar - CSP!M123"",""dollar_year"":2020},{""file"":""deflator.csv"",""url"":""https://github.com/ReEDS-Model/ReEDS/blob/db6a1ba95836b649176fca50030e82a6b4cf9bb5/inputs/financials/deflator.csv"",""sha256"":""538d3afb409a3c89ce0f96a70867855f9bb64afa82776e875129b2547e329315"",""location"":""value_target=value_source*deflator[source_dollar_year]/deflator[target_dollar_year]"",""dollar_year"":""""},{""file"":""csp_cost_ratios_2024.csv"",""url"":""https://github.com/ReEDS-Model/ReEDS"",""sha256"":""169f3e4245529c4eebfaa78691d6de4584d56893be5a6fe3dd650050bb5cc9fa"",""location"":""CSP configuration ratios"",""dollar_year"":""""}]",ATB 2022 Moderate base-year estimate; year=release-2. Converted with the ReEDS deflator. CSP configuration ratio=0.709285122138.,2022
reeds,csp,csp3,Moderate,{},capcost,2021,5225.844991742484,USD/kW,2022,calculated,atb_2023_flat_file.csv | deflator.csv | csp_cost_ratios_2024.csv,https://oedi-data-lake.s3.amazonaws.com/ATB/electricity/csv/2023/ATBe.csv | https://github.com/ReEDS-Model/ReEDS/blob/db6a1ba95836b649176fca50030e82a6b4cf9bb5/inputs/financials/deflator.csv | https://github.com/ReEDS-Model/ReEDS,[2021],"[{""file"":""atb_2023_flat_file.csv"",""url"":""https://oedi-data-lake.s3.amazonaws.com/ATB/electricity/csv/2023/ATBe.csv"",""sha256"":""5073733a55c84facceb25ec56b83d05d9c990155486111fff137854ccd2fab71"",""format"":""flat"",""location"":""CSV row 169662"",""dollar_year"":2021},{""file"":""deflator.csv"",""url"":""https://github.com/ReEDS-Model/ReEDS/blob/db6a1ba95836b649176fca50030e82a6b4cf9bb5/inputs/financials/deflator.csv"",""sha256"":""538d3afb409a3c89ce0f96a70867855f9bb64afa82776e875129b2547e329315"",""location"":""value_target=value_source*deflator[source_dollar_year]/deflator[target_dollar_year]"",""dollar_year"":""""},{""file"":""csp_cost_ratios_2024.csv"",""url"":""https://github.com/ReEDS-Model/ReEDS"",""sha256"":""169f3e4245529c4eebfaa78691d6de4584d56893be5a6fe3dd650050bb5cc9fa"",""location"":""CSP configuration ratios"",""dollar_year"":""""}]",ATB 2023 Moderate base-year estimate; year=release-2. Case: Market. Converted with the ReEDS deflator. CSP configuration ratio=0.709285122138.,2023
reeds,csp,csp3,Moderate,{},capcost,2022,5211.052732950141,USD/kW,2022,calculated,atb_2024_flat_file.csv | deflator.csv | csp_cost_ratios_2024.csv,https://oedi-data-lake.s3.amazonaws.com/ATB/electricity/csv/2024/v3.0.0/ATBe.csv | https://github.com/ReEDS-Model/ReEDS/blob/db6a1ba95836b649176fca50030e82a6b4cf9bb5/inputs/financials/deflator.csv | https://github.com/ReEDS-Model/ReEDS,[2022],"[{""file"":""atb_2024_flat_file.csv"",""url"":""https://oedi-data-lake.s3.amazonaws.com/ATB/electricity/csv/2024/v3.0.0/ATBe.csv"",""sha256"":""b0f0de40786350ba8dd5eec9023540f72ceeb8ab4478bc31abaf1c0d5eb20959"",""format"":""flat"",""location"":""CSV row 13082"",""dollar_year"":2022},{""file"":""deflator.csv"",""url"":""https://github.com/ReEDS-Model/ReEDS/blob/db6a1ba95836b649176fca50030e82a6b4cf9bb5/inputs/financials/deflator.csv"",""sha256"":""538d3afb409a3c89ce0f96a70867855f9bb64afa82776e875129b2547e329315"",""location"":""value_target=value_source*deflator[source_dollar_year]/deflator[target_dollar_year]"",""dollar_year"":""""},{""file"":""csp_cost_ratios_2024.csv"",""url"":""https://github.com/ReEDS-Model/ReEDS"",""sha256"":""169f3e4245529c4eebfaa78691d6de4584d56893be5a6fe3dd650050bb5cc9fa"",""location"":""CSP configuration ratios"",""dollar_year"":""""}]",ATB 2024 Moderate base-year estimate; year=release-2. Case: Market. Unit from ATB parameter definition; CSV unit blank. Converted with the ReEDS deflator. CSP configuration ratio=0.709285122138.,2024
reeds,csp,csp3,Moderate,{},cf_improvement,2014,0.56,fraction,,atb,atb_2016_workbook.xlsm | csp_cost_ratios_2024.csv,https://docs.nlr.gov/docs/fy16osti/66944-DA.xlsm | https://github.com/ReEDS-Model/ReEDS,[2014],"[{""file"":""atb_2016_workbook.xlsm"",""url"":""https://docs.nlr.gov/docs/fy16osti/66944-DA.xlsm"",""sha256"":""e622248d457ee99cba45474a7a7218a2bfd96f95d698d5a1099e3e2ea1b3b555"",""format"":""workbook"",""location"":""Solar - CSP!L19"",""dollar_year"":2014},{""file"":""csp_cost_ratios_2024.csv"",""url"":""https://github.com/ReEDS-Model/ReEDS"",""sha256"":""169f3e4245529c4eebfaa78691d6de4584d56893be5a6fe3dd650050bb5cc9fa"",""location"":""CSP configuration ratios"",""dollar_year"":""""}]",ATB 2016 Moderate base-year estimate; year=release-2. CSP configuration ratio=1.,2016
reeds,csp,csp3,Moderate,{},cf_improvement,2015,0.56,fraction,,atb,atb_2017_workbook.xlsm | csp_cost_ratios_2024.csv,https://data.nlr.gov/system/files/71/2017-ATB-data.xlsm | https://github.com/ReEDS-Model/ReEDS,[2015],"[{""file"":""atb_2017_workbook.xlsm"",""url"":""https://data.nlr.gov/system/files/71/2017-ATB-data.xlsm"",""sha256"":""5712fc8d062ccb40aa6930edbf60ba1f8f4a13c08f7e4e532b78e24fa23ba55d"",""format"":""workbook"",""location"":""Solar - CSP!L19"",""dollar_year"":2015},{""file"":""csp_cost_ratios_2024.csv"",""url"":""https://github.com/ReEDS-Model/ReEDS"",""sha256"":""169f3e4245529c4eebfaa78691d6de4584d56893be5a6fe3dd650050bb5cc9fa"",""location"":""CSP configuration ratios"",""dollar_year"":""""}]",ATB 2017 Moderate base-year estimate; year=release-2. CSP configuration ratio=1.,2017
reeds,csp,csp3,Moderate,{},cf_improvement,2016,0.559,fraction,,atb,atb_2018_workbook.xlsm | csp_cost_ratios_2024.csv,https://data.nlr.gov/system/files/89/2018-ATB-data-interim-geo.xlsm | https://github.com/ReEDS-Model/ReEDS,[2016],"[{""file"":""atb_2018_workbook.xlsm"",""url"":""https://data.nlr.gov/system/files/89/2018-ATB-data-interim-geo.xlsm"",""sha256"":""975f5a963c817b0da3f9e762a3458fdbee58f11b3d80656eb3ba528d2901fbdf"",""format"":""workbook"",""location"":""Solar - CSP!L19"",""dollar_year"":2016},{""file"":""csp_cost_ratios_2024.csv"",""url"":""https://github.com/ReEDS-Model/ReEDS"",""sha256"":""169f3e4245529c4eebfaa78691d6de4584d56893be5a6fe3dd650050bb5cc9fa"",""location"":""CSP configuration ratios"",""dollar_year"":""""}]",ATB 2018 Moderate base-year estimate; year=release-2. CSP configuration ratio=1.,2018
reeds,csp,csp3,Moderate,{},cf_improvement,2017,0.612,fraction,,atb,atb_2019_workbook.xlsm | csp_cost_ratios_2024.csv,https://data.nlr.gov/system/files/115/2019-ATB-data.xlsm | https://github.com/ReEDS-Model/ReEDS,[2017],"[{""file"":""atb_2019_workbook.xlsm"",""url"":""https://data.nlr.gov/system/files/115/2019-ATB-data.xlsm"",""sha256"":""f7807beb3496c1cfde28ed2a3115abd1d88e968273eb90f52cfe89f1845de42b"",""format"":""workbook"",""location"":""Solar - CSP!L19"",""dollar_year"":2017},{""file"":""csp_cost_ratios_2024.csv"",""url"":""https://github.com/ReEDS-Model/ReEDS"",""sha256"":""169f3e4245529c4eebfaa78691d6de4584d56893be5a6fe3dd650050bb5cc9fa"",""location"":""CSP configuration ratios"",""dollar_year"":""""}]",ATB 2019 Moderate base-year estimate; year=release-2. CSP configuration ratio=1.,2019
reeds,csp,csp3,Moderate,{},cf_improvement,2018,0.612,fraction,,atb,atb_2020_workbook.xlsm | csp_cost_ratios_2024.csv,https://atb-archive.nlr.gov/electricity/2020/files/2020-ATB-Data.xlsm | https://github.com/ReEDS-Model/ReEDS,[2018],"[{""file"":""atb_2020_workbook.xlsm"",""url"":""https://atb-archive.nlr.gov/electricity/2020/files/2020-ATB-Data.xlsm"",""sha256"":""2fc2ccf72853304e45803959c77d82806debe8b686eec294838a7ac5219a7a13"",""format"":""workbook"",""location"":""Solar - CSP!L19"",""dollar_year"":2018},{""file"":""csp_cost_ratios_2024.csv"",""url"":""https://github.com/ReEDS-Model/ReEDS"",""sha256"":""169f3e4245529c4eebfaa78691d6de4584d56893be5a6fe3dd650050bb5cc9fa"",""location"":""CSP configuration ratios"",""dollar_year"":""""}]",ATB 2020 Moderate base-year estimate; year=release-2. CSP configuration ratio=1.,2020
reeds,csp,csp3,Moderate,{},cf_improvement,2019,0.638,fraction,,atb,atb_2021_workbook.xlsm | csp_cost_ratios_2024.csv,https://data.openei.org/files/4129/2021-ATB-Data_Master_new.xlsm | https://github.com/ReEDS-Model/ReEDS,[2019],"[{""file"":""atb_2021_workbook.xlsm"",""url"":""https://data.openei.org/files/4129/2021-ATB-Data_Master_new.xlsm"",""sha256"":""211bc492df941a58acac912edea27c2ac2abf6d74fb2a24355fda6660c055632"",""format"":""workbook"",""location"":""Solar - CSP!L96"",""dollar_year"":2019},{""file"":""csp_cost_ratios_2024.csv"",""url"":""https://github.com/ReEDS-Model/ReEDS"",""sha256"":""169f3e4245529c4eebfaa78691d6de4584d56893be5a6fe3dd650050bb5cc9fa"",""location"":""CSP configuration ratios"",""dollar_year"":""""}]",ATB 2021 Moderate base-year estimate; year=release-2. CSP configuration ratio=1.,2021
reeds,csp,csp3,Moderate,{},cf_improvement,2020,0.63,fraction,,atb,atb_2022_workbook.xlsx | csp_cost_ratios_2024.csv,https://data.openei.org/files/5716/2022 v3 Annual Technology Baseline Workbook Mid-year update 2-15-2023.xlsx | https://github.com/ReEDS-Model/ReEDS,[2020],"[{""file"":""atb_2022_workbook.xlsx"",""url"":""https://data.openei.org/files/5716/2022 v3 Annual Technology Baseline Workbook Mid-year update 2-15-2023.xlsx"",""sha256"":""5ad5e47373f0dea32991d5828831bb407550397f1956abda6870e6786134b87e"",""format"":""workbook"",""location"":""Solar - CSP!M79"",""dollar_year"":2020},{""file"":""csp_cost_ratios_2024.csv"",""url"":""https://github.com/ReEDS-Model/ReEDS"",""sha256"":""169f3e4245529c4eebfaa78691d6de4584d56893be5a6fe3dd650050bb5cc9fa"",""location"":""CSP configuration ratios"",""dollar_year"":""""}]",ATB 2022 Moderate base-year estimate; year=release-2. CSP configuration ratio=1.,2022
reeds,csp,csp3,Moderate,{},cf_improvement,2021,0.666,fraction,,atb,atb_2023_flat_file.csv | csp_cost_ratios_2024.csv,https://oedi-data-lake.s3.amazonaws.com/ATB/electricity/csv/2023/ATBe.csv | https://github.com/ReEDS-Model/ReEDS,[2021],"[{""file"":""atb_2023_flat_file.csv"",""url"":""https://oedi-data-lake.s3.amazonaws.com/ATB/electricity/csv/2023/ATBe.csv"",""sha256"":""5073733a55c84facceb25ec56b83d05d9c990155486111fff137854ccd2fab71"",""format"":""flat"",""location"":""CSV row 124294"",""dollar_year"":2021},{""file"":""csp_cost_ratios_2024.csv"",""url"":""https://github.com/ReEDS-Model/ReEDS"",""sha256"":""169f3e4245529c4eebfaa78691d6de4584d56893be5a6fe3dd650050bb5cc9fa"",""location"":""CSP configuration ratios"",""dollar_year"":""""}]",ATB 2023 Moderate base-year estimate; year=release-2. Case: Market. Unit from ATB parameter definition; CSV unit blank. CSP configuration ratio=1.,2023
reeds,csp,csp3,Moderate,{},cf_improvement,2022,0.666,fraction,,atb,atb_2024_flat_file.csv | csp_cost_ratios_2024.csv,https://oedi-data-lake.s3.amazonaws.com/ATB/electricity/csv/2024/v3.0.0/ATBe.csv | https://github.com/ReEDS-Model/ReEDS,[2022],"[{""file"":""atb_2024_flat_file.csv"",""url"":""https://oedi-data-lake.s3.amazonaws.com/ATB/electricity/csv/2024/v3.0.0/ATBe.csv"",""sha256"":""b0f0de40786350ba8dd5eec9023540f72ceeb8ab4478bc31abaf1c0d5eb20959"",""format"":""flat"",""location"":""CSV row 13029"",""dollar_year"":2022},{""file"":""csp_cost_ratios_2024.csv"",""url"":""https://github.com/ReEDS-Model/ReEDS"",""sha256"":""169f3e4245529c4eebfaa78691d6de4584d56893be5a6fe3dd650050bb5cc9fa"",""location"":""CSP configuration ratios"",""dollar_year"":""""}]",ATB 2024 Moderate base-year estimate; year=release-2. Case: Market. Unit from ATB parameter definition; CSV unit blank. CSP configuration ratio=1.,2024
reeds,csp,csp3,Moderate,{},fom,2014,57.81396232841782,USD/kW-yr,2022,calculated,atb_2016_workbook.xlsm | deflator.csv | csp_cost_ratios_2024.csv,https://docs.nlr.gov/docs/fy16osti/66944-DA.xlsm | https://github.com/ReEDS-Model/ReEDS/blob/db6a1ba95836b649176fca50030e82a6b4cf9bb5/inputs/financials/deflator.csv | https://github.com/ReEDS-Model/ReEDS,[2014],"[{""file"":""atb_2016_workbook.xlsm"",""url"":""https://docs.nlr.gov/docs/fy16osti/66944-DA.xlsm"",""sha256"":""e622248d457ee99cba45474a7a7218a2bfd96f95d698d5a1099e3e2ea1b3b555"",""format"":""workbook"",""location"":""Solar - CSP!L69"",""dollar_year"":2014},{""file"":""deflator.csv"",""url"":""https://github.com/ReEDS-Model/ReEDS/blob/db6a1ba95836b649176fca50030e82a6b4cf9bb5/inputs/financials/deflator.csv"",""sha256"":""538d3afb409a3c89ce0f96a70867855f9bb64afa82776e875129b2547e329315"",""location"":""value_target=value_source*deflator[source_dollar_year]/deflator[target_dollar_year]"",""dollar_year"":""""},{""file"":""csp_cost_ratios_2024.csv"",""url"":""https://github.com/ReEDS-Model/ReEDS"",""sha256"":""169f3e4245529c4eebfaa78691d6de4584d56893be5a6fe3dd650050bb5cc9fa"",""location"":""CSP configuration ratios"",""dollar_year"":""""}]",ATB 2016 Moderate base-year estimate; year=release-2. Converted with the ReEDS deflator. CSP configuration ratio=0.709285122138.,2016
reeds,csp,csp3,Moderate,{},fom,2015,57.75620618038247,USD/kW-yr,2022,calculated,atb_2017_workbook.xlsm | deflator.csv | csp_cost_ratios_2024.csv,https://data.nlr.gov/system/files/71/2017-ATB-data.xlsm | https://github.com/ReEDS-Model/ReEDS/blob/db6a1ba95836b649176fca50030e82a6b4cf9bb5/inputs/financials/deflator.csv | https://github.com/ReEDS-Model/ReEDS,[2015],"[{""file"":""atb_2017_workbook.xlsm"",""url"":""https://data.nlr.gov/system/files/71/2017-ATB-data.xlsm"",""sha256"":""5712fc8d062ccb40aa6930edbf60ba1f8f4a13c08f7e4e532b78e24fa23ba55d"",""format"":""workbook"",""location"":""Solar - CSP!L69"",""dollar_year"":2015},{""file"":""deflator.csv"",""url"":""https://github.com/ReEDS-Model/ReEDS/blob/db6a1ba95836b649176fca50030e82a6b4cf9bb5/inputs/financials/deflator.csv"",""sha256"":""538d3afb409a3c89ce0f96a70867855f9bb64afa82776e875129b2547e329315"",""location"":""value_target=value_source*deflator[source_dollar_year]/deflator[target_dollar_year]"",""dollar_year"":""""},{""file"":""csp_cost_ratios_2024.csv"",""url"":""https://github.com/ReEDS-Model/ReEDS"",""sha256"":""169f3e4245529c4eebfaa78691d6de4584d56893be5a6fe3dd650050bb5cc9fa"",""location"":""CSP configuration ratios"",""dollar_year"":""""}]",ATB 2017 Moderate base-year estimate; year=release-2. Converted with the ReEDS deflator. CSP configuration ratio=0.709285122138.,2017
reeds,csp,csp3,Moderate,{},fom,2016,57.74256735342107,USD/kW-yr,2022,calculated,atb_2018_workbook.xlsm | deflator.csv | csp_cost_ratios_2024.csv,https://data.nlr.gov/system/files/89/2018-ATB-data-interim-geo.xlsm | https://github.com/ReEDS-Model/ReEDS/blob/db6a1ba95836b649176fca50030e82a6b4cf9bb5/inputs/financials/deflator.csv | https://github.com/ReEDS-Model/ReEDS,[2016],"[{""file"":""atb_2018_workbook.xlsm"",""url"":""https://data.nlr.gov/system/files/89/2018-ATB-data-interim-geo.xlsm"",""sha256"":""975f5a963c817b0da3f9e762a3458fdbee58f11b3d80656eb3ba528d2901fbdf"",""format"":""workbook"",""location"":""Solar - CSP!L69"",""dollar_year"":2016},{""file"":""deflator.csv"",""url"":""https://github.com/ReEDS-Model/ReEDS/blob/db6a1ba95836b649176fca50030e82a6b4cf9bb5/inputs/financials/deflator.csv"",""sha256"":""538d3afb409a3c89ce0f96a70867855f9bb64afa82776e875129b2547e329315"",""location"":""value_target=value_source*deflator[source_dollar_year]/deflator[target_dollar_year]"",""dollar_year"":""""},{""file"":""csp_cost_ratios_2024.csv"",""url"":""https://github.com/ReEDS-Model/ReEDS"",""sha256"":""169f3e4245529c4eebfaa78691d6de4584d56893be5a6fe3dd650050bb5cc9fa"",""location"":""CSP configuration ratios"",""dollar_year"":""""}]",ATB 2018 Moderate base-year estimate; year=release-2. Converted with the ReEDS deflator. CSP configuration ratio=0.709285122138.,2018
reeds,csp,csp3,Moderate,{},fom,2017,55.842322224993104,USD/kW-yr,2022,calculated,atb_2019_workbook.xlsm | deflator.csv | csp_cost_ratios_2024.csv,https://data.nlr.gov/system/files/115/2019-ATB-data.xlsm | https://github.com/ReEDS-Model/ReEDS/blob/db6a1ba95836b649176fca50030e82a6b4cf9bb5/inputs/financials/deflator.csv | https://github.com/ReEDS-Model/ReEDS,[2017],"[{""file"":""atb_2019_workbook.xlsm"",""url"":""https://data.nlr.gov/system/files/115/2019-ATB-data.xlsm"",""sha256"":""f7807beb3496c1cfde28ed2a3115abd1d88e968273eb90f52cfe89f1845de42b"",""format"":""workbook"",""location"":""Solar - CSP!L69"",""dollar_year"":2017},{""file"":""deflator.csv"",""url"":""https://github.com/ReEDS-Model/ReEDS/blob/db6a1ba95836b649176fca50030e82a6b4cf9bb5/inputs/financials/deflator.csv"",""sha256"":""538d3afb409a3c89ce0f96a70867855f9bb64afa82776e875129b2547e329315"",""location"":""value_target=value_source*deflator[source_dollar_year]/deflator[target_dollar_year]"",""dollar_year"":""""},{""file"":""csp_cost_ratios_2024.csv"",""url"":""https://github.com/ReEDS-Model/ReEDS"",""sha256"":""169f3e4245529c4eebfaa78691d6de4584d56893be5a6fe3dd650050bb5cc9fa"",""location"":""CSP configuration ratios"",""dollar_year"":""""}]",ATB 2019 Moderate base-year estimate; year=release-2. Converted with the ReEDS deflator. CSP configuration ratio=0.709285122138.,2019
reeds,csp,csp3,Moderate,{},fom,2018,56.18604863786949,USD/kW-yr,2022,calculated,atb_2020_workbook.xlsm | deflator.csv | csp_cost_ratios_2024.csv,https://atb-archive.nlr.gov/electricity/2020/files/2020-ATB-Data.xlsm | https://github.com/ReEDS-Model/ReEDS/blob/db6a1ba95836b649176fca50030e82a6b4cf9bb5/inputs/financials/deflator.csv | https://github.com/ReEDS-Model/ReEDS,[2018],"[{""file"":""atb_2020_workbook.xlsm"",""url"":""https://atb-archive.nlr.gov/electricity/2020/files/2020-ATB-Data.xlsm"",""sha256"":""2fc2ccf72853304e45803959c77d82806debe8b686eec294838a7ac5219a7a13"",""format"":""workbook"",""location"":""Solar - CSP!L69"",""dollar_year"":2018},{""file"":""deflator.csv"",""url"":""https://github.com/ReEDS-Model/ReEDS/blob/db6a1ba95836b649176fca50030e82a6b4cf9bb5/inputs/financials/deflator.csv"",""sha256"":""538d3afb409a3c89ce0f96a70867855f9bb64afa82776e875129b2547e329315"",""location"":""value_target=value_source*deflator[source_dollar_year]/deflator[target_dollar_year]"",""dollar_year"":""""},{""file"":""csp_cost_ratios_2024.csv"",""url"":""https://github.com/ReEDS-Model/ReEDS"",""sha256"":""169f3e4245529c4eebfaa78691d6de4584d56893be5a6fe3dd650050bb5cc9fa"",""location"":""CSP configuration ratios"",""dollar_year"":""""}]",ATB 2020 Moderate base-year estimate; year=release-2. Converted with the ReEDS deflator. CSP configuration ratio=0.709285122138.,2020
reeds,csp,csp3,Moderate,{},fom,2019,53.254389132732726,USD/kW-yr,2022,calculated,atb_2021_workbook.xlsm | deflator.csv | csp_cost_ratios_2024.csv,https://data.openei.org/files/4129/2021-ATB-Data_Master_new.xlsm | https://github.com/ReEDS-Model/ReEDS/blob/db6a1ba95836b649176fca50030e82a6b4cf9bb5/inputs/financials/deflator.csv | https://github.com/ReEDS-Model/ReEDS,[2019],"[{""file"":""atb_2021_workbook.xlsm"",""url"":""https://data.openei.org/files/4129/2021-ATB-Data_Master_new.xlsm"",""sha256"":""211bc492df941a58acac912edea27c2ac2abf6d74fb2a24355fda6660c055632"",""format"":""workbook"",""location"":""Solar - CSP!L151"",""dollar_year"":2019},{""file"":""deflator.csv"",""url"":""https://github.com/ReEDS-Model/ReEDS/blob/db6a1ba95836b649176fca50030e82a6b4cf9bb5/inputs/financials/deflator.csv"",""sha256"":""538d3afb409a3c89ce0f96a70867855f9bb64afa82776e875129b2547e329315"",""location"":""value_target=value_source*deflator[source_dollar_year]/deflator[target_dollar_year]"",""dollar_year"":""""},{""file"":""csp_cost_ratios_2024.csv"",""url"":""https://github.com/ReEDS-Model/ReEDS"",""sha256"":""169f3e4245529c4eebfaa78691d6de4584d56893be5a6fe3dd650050bb5cc9fa"",""location"":""CSP configuration ratios"",""dollar_year"":""""}]",ATB 2021 Moderate base-year estimate; year=release-2. Converted with the ReEDS deflator. CSP configuration ratio=0.709285122138.,2021
reeds,csp,csp3,Moderate,{},fom,2020,52.934062197256814,USD/kW-yr,2022,calculated,atb_2022_workbook.xlsx | deflator.csv | csp_cost_ratios_2024.csv,https://data.openei.org/files/5716/2022 v3 Annual Technology Baseline Workbook Mid-year update 2-15-2023.xlsx | https://github.com/ReEDS-Model/ReEDS/blob/db6a1ba95836b649176fca50030e82a6b4cf9bb5/inputs/financials/deflator.csv | https://github.com/ReEDS-Model/ReEDS,[2020],"[{""file"":""atb_2022_workbook.xlsx"",""url"":""https://data.openei.org/files/5716/2022 v3 Annual Technology Baseline Workbook Mid-year update 2-15-2023.xlsx"",""sha256"":""5ad5e47373f0dea32991d5828831bb407550397f1956abda6870e6786134b87e"",""format"":""workbook"",""location"":""Solar - CSP!M134"",""dollar_year"":2020},{""file"":""deflator.csv"",""url"":""https://github.com/ReEDS-Model/ReEDS/blob/db6a1ba95836b649176fca50030e82a6b4cf9bb5/inputs/financials/deflator.csv"",""sha256"":""538d3afb409a3c89ce0f96a70867855f9bb64afa82776e875129b2547e329315"",""location"":""value_target=value_source*deflator[source_dollar_year]/deflator[target_dollar_year]"",""dollar_year"":""""},{""file"":""csp_cost_ratios_2024.csv"",""url"":""https://github.com/ReEDS-Model/ReEDS"",""sha256"":""169f3e4245529c4eebfaa78691d6de4584d56893be5a6fe3dd650050bb5cc9fa"",""location"":""CSP configuration ratios"",""dollar_year"":""""}]",ATB 2022 Moderate base-year estimate; year=release-2. Converted with the ReEDS deflator. CSP configuration ratio=0.709285122138.,2022
reeds,csp,csp3,Moderate,{},fom,2021,52.93406219935932,USD/kW-yr,2022,calculated,atb_2023_flat_file.csv | deflator.csv | csp_cost_ratios_2024.csv,https://oedi-data-lake.s3.amazonaws.com/ATB/electricity/csv/2023/ATBe.csv | https://github.com/ReEDS-Model/ReEDS/blob/db6a1ba95836b649176fca50030e82a6b4cf9bb5/inputs/financials/deflator.csv | https://github.com/ReEDS-Model/ReEDS,[2021],"[{""file"":""atb_2023_flat_file.csv"",""url"":""https://oedi-data-lake.s3.amazonaws.com/ATB/electricity/csv/2023/ATBe.csv"",""sha256"":""5073733a55c84facceb25ec56b83d05d9c990155486111fff137854ccd2fab71"",""format"":""flat"",""location"":""CSV row 138754"",""dollar_year"":2021},{""file"":""deflator.csv"",""url"":""https://github.com/ReEDS-Model/ReEDS/blob/db6a1ba95836b649176fca50030e82a6b4cf9bb5/inputs/financials/deflator.csv"",""sha256"":""538d3afb409a3c89ce0f96a70867855f9bb64afa82776e875129b2547e329315"",""location"":""value_target=value_source*deflator[source_dollar_year]/deflator[target_dollar_year]"",""dollar_year"":""""},{""file"":""csp_cost_ratios_2024.csv"",""url"":""https://github.com/ReEDS-Model/ReEDS"",""sha256"":""169f3e4245529c4eebfaa78691d6de4584d56893be5a6fe3dd650050bb5cc9fa"",""location"":""CSP configuration ratios"",""dollar_year"":""""}]",ATB 2023 Moderate base-year estimate; year=release-2. Case: Market. Converted with the ReEDS deflator. CSP configuration ratio=0.709285122138.,2023
reeds,csp,csp3,Moderate,{},fom,2022,52.93406215077849,USD/kW-yr,2022,calculated,atb_2024_flat_file.csv | deflator.csv | csp_cost_ratios_2024.csv,https://oedi-data-lake.s3.amazonaws.com/ATB/electricity/csv/2024/v3.0.0/ATBe.csv | https://github.com/ReEDS-Model/ReEDS/blob/db6a1ba95836b649176fca50030e82a6b4cf9bb5/inputs/financials/deflator.csv | https://github.com/ReEDS-Model/ReEDS,[2022],"[{""file"":""atb_2024_flat_file.csv"",""url"":""https://oedi-data-lake.s3.amazonaws.com/ATB/electricity/csv/2024/v3.0.0/ATBe.csv"",""sha256"":""b0f0de40786350ba8dd5eec9023540f72ceeb8ab4478bc31abaf1c0d5eb20959"",""format"":""flat"",""location"":""CSV row 13236"",""dollar_year"":2022},{""file"":""deflator.csv"",""url"":""https://github.com/ReEDS-Model/ReEDS/blob/db6a1ba95836b649176fca50030e82a6b4cf9bb5/inputs/financials/deflator.csv"",""sha256"":""538d3afb409a3c89ce0f96a70867855f9bb64afa82776e875129b2547e329315"",""location"":""value_target=value_source*deflator[source_dollar_year]/deflator[target_dollar_year]"",""dollar_year"":""""},{""file"":""csp_cost_ratios_2024.csv"",""url"":""https://github.com/ReEDS-Model/ReEDS"",""sha256"":""169f3e4245529c4eebfaa78691d6de4584d56893be5a6fe3dd650050bb5cc9fa"",""location"":""CSP configuration ratios"",""dollar_year"":""""}]",ATB 2024 Moderate base-year estimate; year=release-2. Case: Market. Unit from ATB parameter definition; CSV unit blank. Converted with the ReEDS deflator. CSP configuration ratio=0.709285122138.,2024
reeds,csp,csp3,Moderate,{},vom,2014,3.5038765047525953,USD/MWh,2022,calculated,atb_2016_workbook.xlsm | deflator.csv | csp_cost_ratios_2024.csv,https://docs.nlr.gov/docs/fy16osti/66944-DA.xlsm | https://github.com/ReEDS-Model/ReEDS/blob/db6a1ba95836b649176fca50030e82a6b4cf9bb5/inputs/financials/deflator.csv | https://github.com/ReEDS-Model/ReEDS,[2014],"[{""file"":""atb_2016_workbook.xlsm"",""url"":""https://docs.nlr.gov/docs/fy16osti/66944-DA.xlsm"",""sha256"":""e622248d457ee99cba45474a7a7218a2bfd96f95d698d5a1099e3e2ea1b3b555"",""format"":""workbook"",""location"":""Solar - CSP!L79"",""dollar_year"":2014},{""file"":""deflator.csv"",""url"":""https://github.com/ReEDS-Model/ReEDS/blob/db6a1ba95836b649176fca50030e82a6b4cf9bb5/inputs/financials/deflator.csv"",""sha256"":""538d3afb409a3c89ce0f96a70867855f9bb64afa82776e875129b2547e329315"",""location"":""value_target=value_source*deflator[source_dollar_year]/deflator[target_dollar_year]"",""dollar_year"":""""},{""file"":""csp_cost_ratios_2024.csv"",""url"":""https://github.com/ReEDS-Model/ReEDS"",""sha256"":""169f3e4245529c4eebfaa78691d6de4584d56893be5a6fe3dd650050bb5cc9fa"",""location"":""CSP configuration ratios"",""dollar_year"":""""}]",ATB 2016 Moderate base-year estimate; year=release-2. Converted with the ReEDS deflator. CSP configuration ratio=0.709285122138.,2016
reeds,csp,csp3,Moderate,{},vom,2015,3.5003761321443925,USD/MWh,2022,calculated,atb_2017_workbook.xlsm | deflator.csv | csp_cost_ratios_2024.csv,https://data.nlr.gov/system/files/71/2017-ATB-data.xlsm | https://github.com/ReEDS-Model/ReEDS/blob/db6a1ba95836b649176fca50030e82a6b4cf9bb5/inputs/financials/deflator.csv | https://github.com/ReEDS-Model/ReEDS,[2015],"[{""file"":""atb_2017_workbook.xlsm"",""url"":""https://data.nlr.gov/system/files/71/2017-ATB-data.xlsm"",""sha256"":""5712fc8d062ccb40aa6930edbf60ba1f8f4a13c08f7e4e532b78e24fa23ba55d"",""format"":""workbook"",""location"":""Solar - CSP!L79"",""dollar_year"":2015},{""file"":""deflator.csv"",""url"":""https://github.com/ReEDS-Model/ReEDS/blob/db6a1ba95836b649176fca50030e82a6b4cf9bb5/inputs/financials/deflator.csv"",""sha256"":""538d3afb409a3c89ce0f96a70867855f9bb64afa82776e875129b2547e329315"",""location"":""value_target=value_source*deflator[source_dollar_year]/deflator[target_dollar_year]"",""dollar_year"":""""},{""file"":""csp_cost_ratios_2024.csv"",""url"":""https://github.com/ReEDS-Model/ReEDS"",""sha256"":""169f3e4245529c4eebfaa78691d6de4584d56893be5a6fe3dd650050bb5cc9fa"",""location"":""CSP configuration ratios"",""dollar_year"":""""}]",ATB 2017 Moderate base-year estimate; year=release-2. Converted with the ReEDS deflator. CSP configuration ratio=0.709285122138.,2017
reeds,csp,csp3,Moderate,{},vom,2016,3.499549536570974,USD/MWh,2022,calculated,atb_2018_workbook.xlsm | deflator.csv | csp_cost_ratios_2024.csv,https://data.nlr.gov/system/files/89/2018-ATB-data-interim-geo.xlsm | https://github.com/ReEDS-Model/ReEDS/blob/db6a1ba95836b649176fca50030e82a6b4cf9bb5/inputs/financials/deflator.csv | https://github.com/ReEDS-Model/ReEDS,[2016],"[{""file"":""atb_2018_workbook.xlsm"",""url"":""https://data.nlr.gov/system/files/89/2018-ATB-data-interim-geo.xlsm"",""sha256"":""975f5a963c817b0da3f9e762a3458fdbee58f11b3d80656eb3ba528d2901fbdf"",""format"":""workbook"",""location"":""Solar - CSP!L79"",""dollar_year"":2016},{""file"":""deflator.csv"",""url"":""https://github.com/ReEDS-Model/ReEDS/blob/db6a1ba95836b649176fca50030e82a6b4cf9bb5/inputs/financials/deflator.csv"",""sha256"":""538d3afb409a3c89ce0f96a70867855f9bb64afa82776e875129b2547e329315"",""location"":""value_target=value_source*deflator[source_dollar_year]/deflator[target_dollar_year]"",""dollar_year"":""""},{""file"":""csp_cost_ratios_2024.csv"",""url"":""https://github.com/ReEDS-Model/ReEDS"",""sha256"":""169f3e4245529c4eebfaa78691d6de4584d56893be5a6fe3dd650050bb5cc9fa"",""location"":""CSP configuration ratios"",""dollar_year"":""""}]",ATB 2018 Moderate base-year estimate; year=release-2. Converted with the ReEDS deflator. CSP configuration ratio=0.709285122138.,2018
reeds,csp,csp3,Moderate,{},vom,2017,2.96133526950721,USD/MWh,2022,calculated,atb_2019_workbook.xlsm | deflator.csv | csp_cost_ratios_2024.csv,https://data.nlr.gov/system/files/115/2019-ATB-data.xlsm | https://github.com/ReEDS-Model/ReEDS/blob/db6a1ba95836b649176fca50030e82a6b4cf9bb5/inputs/financials/deflator.csv | https://github.com/ReEDS-Model/ReEDS,[2017],"[{""file"":""atb_2019_workbook.xlsm"",""url"":""https://data.nlr.gov/system/files/115/2019-ATB-data.xlsm"",""sha256"":""f7807beb3496c1cfde28ed2a3115abd1d88e968273eb90f52cfe89f1845de42b"",""format"":""workbook"",""location"":""Solar - CSP!L79"",""dollar_year"":2017},{""file"":""deflator.csv"",""url"":""https://github.com/ReEDS-Model/ReEDS/blob/db6a1ba95836b649176fca50030e82a6b4cf9bb5/inputs/financials/deflator.csv"",""sha256"":""538d3afb409a3c89ce0f96a70867855f9bb64afa82776e875129b2547e329315"",""location"":""value_target=value_source*deflator[source_dollar_year]/deflator[target_dollar_year]"",""dollar_year"":""""},{""file"":""csp_cost_ratios_2024.csv"",""url"":""https://github.com/ReEDS-Model/ReEDS"",""sha256"":""169f3e4245529c4eebfaa78691d6de4584d56893be5a6fe3dd650050bb5cc9fa"",""location"":""CSP configuration ratios"",""dollar_year"":""""}]",ATB 2019 Moderate base-year estimate; year=release-2. Converted with the ReEDS deflator. CSP configuration ratio=0.709285122138.,2019
reeds,csp,csp3,Moderate,{},vom,2018,3.4703147688095863,USD/MWh,2022,calculated,atb_2020_workbook.xlsm | deflator.csv | csp_cost_ratios_2024.csv,https://atb-archive.nlr.gov/electricity/2020/files/2020-ATB-Data.xlsm | https://github.com/ReEDS-Model/ReEDS/blob/db6a1ba95836b649176fca50030e82a6b4cf9bb5/inputs/financials/deflator.csv | https://github.com/ReEDS-Model/ReEDS,[2018],"[{""file"":""atb_2020_workbook.xlsm"",""url"":""https://atb-archive.nlr.gov/electricity/2020/files/2020-ATB-Data.xlsm"",""sha256"":""2fc2ccf72853304e45803959c77d82806debe8b686eec294838a7ac5219a7a13"",""format"":""workbook"",""location"":""Solar - CSP!L79"",""dollar_year"":2018},{""file"":""deflator.csv"",""url"":""https://github.com/ReEDS-Model/ReEDS/blob/db6a1ba95836b649176fca50030e82a6b4cf9bb5/inputs/financials/deflator.csv"",""sha256"":""538d3afb409a3c89ce0f96a70867855f9bb64afa82776e875129b2547e329315"",""location"":""value_target=value_source*deflator[source_dollar_year]/deflator[target_dollar_year]"",""dollar_year"":""""},{""file"":""csp_cost_ratios_2024.csv"",""url"":""https://github.com/ReEDS-Model/ReEDS"",""sha256"":""169f3e4245529c4eebfaa78691d6de4584d56893be5a6fe3dd650050bb5cc9fa"",""location"":""CSP configuration ratios"",""dollar_year"":""""}]",ATB 2020 Moderate base-year estimate; year=release-2. Converted with the ReEDS deflator. CSP configuration ratio=0.709285122138.,2020
reeds,csp,csp3,Moderate,{},vom,2019,2.840910331486608,USD/MWh,2022,calculated,atb_2021_workbook.xlsm | deflator.csv | csp_cost_ratios_2024.csv,https://data.openei.org/files/4129/2021-ATB-Data_Master_new.xlsm | https://github.com/ReEDS-Model/ReEDS/blob/db6a1ba95836b649176fca50030e82a6b4cf9bb5/inputs/financials/deflator.csv | https://github.com/ReEDS-Model/ReEDS,[2019],"[{""file"":""atb_2021_workbook.xlsm"",""url"":""https://data.openei.org/files/4129/2021-ATB-Data_Master_new.xlsm"",""sha256"":""211bc492df941a58acac912edea27c2ac2abf6d74fb2a24355fda6660c055632"",""format"":""workbook"",""location"":""Solar - CSP!L162"",""dollar_year"":2019},{""file"":""deflator.csv"",""url"":""https://github.com/ReEDS-Model/ReEDS/blob/db6a1ba95836b649176fca50030e82a6b4cf9bb5/inputs/financials/deflator.csv"",""sha256"":""538d3afb409a3c89ce0f96a70867855f9bb64afa82776e875129b2547e329315"",""location"":""value_target=value_source*deflator[source_dollar_year]/deflator[target_dollar_year]"",""dollar_year"":""""},{""file"":""csp_cost_ratios_2024.csv"",""url"":""https://github.com/ReEDS-Model/ReEDS"",""sha256"":""169f3e4245529c4eebfaa78691d6de4584d56893be5a6fe3dd650050bb5cc9fa"",""location"":""CSP configuration ratios"",""dollar_year"":""""}]",ATB 2021 Moderate base-year estimate; year=release-2. Converted with the ReEDS deflator. CSP configuration ratio=0.709285122138.,2021
reeds,csp,csp3,Moderate,{},vom,2020,2.807109358945437,USD/MWh,2022,calculated,atb_2022_workbook.xlsx | deflator.csv | csp_cost_ratios_2024.csv,https://data.openei.org/files/5716/2022 v3 Annual Technology Baseline Workbook Mid-year update 2-15-2023.xlsx | https://github.com/ReEDS-Model/ReEDS/blob/db6a1ba95836b649176fca50030e82a6b4cf9bb5/inputs/financials/deflator.csv | https://github.com/ReEDS-Model/ReEDS,[2020],"[{""file"":""atb_2022_workbook.xlsx"",""url"":""https://data.openei.org/files/5716/2022 v3 Annual Technology Baseline Workbook Mid-year update 2-15-2023.xlsx"",""sha256"":""5ad5e47373f0dea32991d5828831bb407550397f1956abda6870e6786134b87e"",""format"":""workbook"",""location"":""Solar - CSP!M145"",""dollar_year"":2020},{""file"":""deflator.csv"",""url"":""https://github.com/ReEDS-Model/ReEDS/blob/db6a1ba95836b649176fca50030e82a6b4cf9bb5/inputs/financials/deflator.csv"",""sha256"":""538d3afb409a3c89ce0f96a70867855f9bb64afa82776e875129b2547e329315"",""location"":""value_target=value_source*deflator[source_dollar_year]/deflator[target_dollar_year]"",""dollar_year"":""""},{""file"":""csp_cost_ratios_2024.csv"",""url"":""https://github.com/ReEDS-Model/ReEDS"",""sha256"":""169f3e4245529c4eebfaa78691d6de4584d56893be5a6fe3dd650050bb5cc9fa"",""location"":""CSP configuration ratios"",""dollar_year"":""""}]",ATB 2022 Moderate base-year estimate; year=release-2. Converted with the ReEDS deflator. CSP configuration ratio=0.709285122138.,2022
reeds,csp,csp3,Moderate,{},vom,2021,2.807109359056933,USD/MWh,2022,calculated,atb_2023_flat_file.csv | deflator.csv | csp_cost_ratios_2024.csv,https://oedi-data-lake.s3.amazonaws.com/ATB/electricity/csv/2023/ATBe.csv | https://github.com/ReEDS-Model/ReEDS/blob/db6a1ba95836b649176fca50030e82a6b4cf9bb5/inputs/financials/deflator.csv | https://github.com/ReEDS-Model/ReEDS,[2021],"[{""file"":""atb_2023_flat_file.csv"",""url"":""https://oedi-data-lake.s3.amazonaws.com/ATB/electricity/csv/2023/ATBe.csv"",""sha256"":""5073733a55c84facceb25ec56b83d05d9c990155486111fff137854ccd2fab71"",""format"":""flat"",""location"":""CSV row 183436"",""dollar_year"":2021},{""file"":""deflator.csv"",""url"":""https://github.com/ReEDS-Model/ReEDS/blob/db6a1ba95836b649176fca50030e82a6b4cf9bb5/inputs/financials/deflator.csv"",""sha256"":""538d3afb409a3c89ce0f96a70867855f9bb64afa82776e875129b2547e329315"",""location"":""value_target=value_source*deflator[source_dollar_year]/deflator[target_dollar_year]"",""dollar_year"":""""},{""file"":""csp_cost_ratios_2024.csv"",""url"":""https://github.com/ReEDS-Model/ReEDS"",""sha256"":""169f3e4245529c4eebfaa78691d6de4584d56893be5a6fe3dd650050bb5cc9fa"",""location"":""CSP configuration ratios"",""dollar_year"":""""}]",ATB 2023 Moderate base-year estimate; year=release-2. Case: Market. Converted with the ReEDS deflator. CSP configuration ratio=0.709285122138.,2023
reeds,csp,csp3,Moderate,{},vom,2022,2.807109356480677,USD/MWh,2022,calculated,atb_2024_flat_file.csv | deflator.csv | csp_cost_ratios_2024.csv,https://oedi-data-lake.s3.amazonaws.com/ATB/electricity/csv/2024/v3.0.0/ATBe.csv | https://github.com/ReEDS-Model/ReEDS/blob/db6a1ba95836b649176fca50030e82a6b4cf9bb5/inputs/financials/deflator.csv | https://github.com/ReEDS-Model/ReEDS,[2022],"[{""file"":""atb_2024_flat_file.csv"",""url"":""https://oedi-data-lake.s3.amazonaws.com/ATB/electricity/csv/2024/v3.0.0/ATBe.csv"",""sha256"":""b0f0de40786350ba8dd5eec9023540f72ceeb8ab4478bc31abaf1c0d5eb20959"",""format"":""flat"",""location"":""CSV row 13289"",""dollar_year"":2022},{""file"":""deflator.csv"",""url"":""https://github.com/ReEDS-Model/ReEDS/blob/db6a1ba95836b649176fca50030e82a6b4cf9bb5/inputs/financials/deflator.csv"",""sha256"":""538d3afb409a3c89ce0f96a70867855f9bb64afa82776e875129b2547e329315"",""location"":""value_target=value_source*deflator[source_dollar_year]/deflator[target_dollar_year]"",""dollar_year"":""""},{""file"":""csp_cost_ratios_2024.csv"",""url"":""https://github.com/ReEDS-Model/ReEDS"",""sha256"":""169f3e4245529c4eebfaa78691d6de4584d56893be5a6fe3dd650050bb5cc9fa"",""location"":""CSP configuration ratios"",""dollar_year"":""""}]",ATB 2024 Moderate base-year estimate; year=release-2. Case: Market. Unit from ATB parameter definition; CSV unit blank. Converted with the ReEDS deflator. CSP configuration ratio=0.709285122138.,2024
reeds,csp,csp4,Moderate,{},capcost,2014,6071.123564232652,USD/kW,2022,calculated,atb_2016_workbook.xlsm | deflator.csv | csp_cost_ratios_2024.csv,https://docs.nlr.gov/docs/fy16osti/66944-DA.xlsm | https://github.com/ReEDS-Model/ReEDS/blob/db6a1ba95836b649176fca50030e82a6b4cf9bb5/inputs/financials/deflator.csv | https://github.com/ReEDS-Model/ReEDS,[2014],"[{""file"":""atb_2016_workbook.xlsm"",""url"":""https://docs.nlr.gov/docs/fy16osti/66944-DA.xlsm"",""sha256"":""e622248d457ee99cba45474a7a7218a2bfd96f95d698d5a1099e3e2ea1b3b555"",""format"":""workbook"",""location"":""Solar - CSP!L59"",""dollar_year"":2014},{""file"":""deflator.csv"",""url"":""https://github.com/ReEDS-Model/ReEDS/blob/db6a1ba95836b649176fca50030e82a6b4cf9bb5/inputs/financials/deflator.csv"",""sha256"":""538d3afb409a3c89ce0f96a70867855f9bb64afa82776e875129b2547e329315"",""location"":""value_target=value_source*deflator[source_dollar_year]/deflator[target_dollar_year]"",""dollar_year"":""""},{""file"":""csp_cost_ratios_2024.csv"",""url"":""https://github.com/ReEDS-Model/ReEDS"",""sha256"":""169f3e4245529c4eebfaa78691d6de4584d56893be5a6fe3dd650050bb5cc9fa"",""location"":""CSP configuration ratios"",""dollar_year"":""""}]",ATB 2016 Moderate base-year estimate; year=release-2. Converted with the ReEDS deflator. CSP configuration ratio=0.61258577159.,2016
reeds,csp,csp4,Moderate,{},capcost,2015,6018.622842731639,USD/kW,2022,calculated,atb_2017_workbook.xlsm | deflator.csv | csp_cost_ratios_2024.csv,https://data.nlr.gov/system/files/71/2017-ATB-data.xlsm | https://github.com/ReEDS-Model/ReEDS/blob/db6a1ba95836b649176fca50030e82a6b4cf9bb5/inputs/financials/deflator.csv | https://github.com/ReEDS-Model/ReEDS,[2015],"[{""file"":""atb_2017_workbook.xlsm"",""url"":""https://data.nlr.gov/system/files/71/2017-ATB-data.xlsm"",""sha256"":""5712fc8d062ccb40aa6930edbf60ba1f8f4a13c08f7e4e532b78e24fa23ba55d"",""format"":""workbook"",""location"":""Solar - CSP!L59"",""dollar_year"":2015},{""file"":""deflator.csv"",""url"":""https://github.com/ReEDS-Model/ReEDS/blob/db6a1ba95836b649176fca50030e82a6b4cf9bb5/inputs/financials/deflator.csv"",""sha256"":""538d3afb409a3c89ce0f96a70867855f9bb64afa82776e875129b2547e329315"",""location"":""value_target=value_source*deflator[source_dollar_year]/deflator[target_dollar_year]"",""dollar_year"":""""},{""file"":""csp_cost_ratios_2024.csv"",""url"":""https://github.com/ReEDS-Model/ReEDS"",""sha256"":""169f3e4245529c4eebfaa78691d6de4584d56893be5a6fe3dd650050bb5cc9fa"",""location"":""CSP configuration ratios"",""dollar_year"":""""}]",ATB 2017 Moderate base-year estimate; year=release-2. Converted with the ReEDS deflator. CSP configuration ratio=0.61258577159.,2017
reeds,csp,csp4,Moderate,{},capcost,2016,5745.307171262924,USD/kW,2022,calculated,atb_2018_workbook.xlsm | deflator.csv | csp_cost_ratios_2024.csv,https://data.nlr.gov/system/files/89/2018-ATB-data-interim-geo.xlsm | https://github.com/ReEDS-Model/ReEDS/blob/db6a1ba95836b649176fca50030e82a6b4cf9bb5/inputs/financials/deflator.csv | https://github.com/ReEDS-Model/ReEDS,[2016],"[{""file"":""atb_2018_workbook.xlsm"",""url"":""https://data.nlr.gov/system/files/89/2018-ATB-data-interim-geo.xlsm"",""sha256"":""975f5a963c817b0da3f9e762a3458fdbee58f11b3d80656eb3ba528d2901fbdf"",""format"":""workbook"",""location"":""Solar - CSP!L59"",""dollar_year"":2016},{""file"":""deflator.csv"",""url"":""https://github.com/ReEDS-Model/ReEDS/blob/db6a1ba95836b649176fca50030e82a6b4cf9bb5/inputs/financials/deflator.csv"",""sha256"":""538d3afb409a3c89ce0f96a70867855f9bb64afa82776e875129b2547e329315"",""location"":""value_target=value_source*deflator[source_dollar_year]/deflator[target_dollar_year]"",""dollar_year"":""""},{""file"":""csp_cost_ratios_2024.csv"",""url"":""https://github.com/ReEDS-Model/ReEDS"",""sha256"":""169f3e4245529c4eebfaa78691d6de4584d56893be5a6fe3dd650050bb5cc9fa"",""location"":""CSP configuration ratios"",""dollar_year"":""""}]",ATB 2018 Moderate base-year estimate; year=release-2. Converted with the ReEDS deflator. CSP configuration ratio=0.61258577159.,2018
reeds,csp,csp4,Moderate,{},capcost,2017,4610.4505451601335,USD/kW,2022,calculated,atb_2019_workbook.xlsm | deflator.csv | csp_cost_ratios_2024.csv,https://data.nlr.gov/system/files/115/2019-ATB-data.xlsm | https://github.com/ReEDS-Model/ReEDS/blob/db6a1ba95836b649176fca50030e82a6b4cf9bb5/inputs/financials/deflator.csv | https://github.com/ReEDS-Model/ReEDS,[2017],"[{""file"":""atb_2019_workbook.xlsm"",""url"":""https://data.nlr.gov/system/files/115/2019-ATB-data.xlsm"",""sha256"":""f7807beb3496c1cfde28ed2a3115abd1d88e968273eb90f52cfe89f1845de42b"",""format"":""workbook"",""location"":""Solar - CSP!L59"",""dollar_year"":2017},{""file"":""deflator.csv"",""url"":""https://github.com/ReEDS-Model/ReEDS/blob/db6a1ba95836b649176fca50030e82a6b4cf9bb5/inputs/financials/deflator.csv"",""sha256"":""538d3afb409a3c89ce0f96a70867855f9bb64afa82776e875129b2547e329315"",""location"":""value_target=value_source*deflator[source_dollar_year]/deflator[target_dollar_year]"",""dollar_year"":""""},{""file"":""csp_cost_ratios_2024.csv"",""url"":""https://github.com/ReEDS-Model/ReEDS"",""sha256"":""169f3e4245529c4eebfaa78691d6de4584d56893be5a6fe3dd650050bb5cc9fa"",""location"":""CSP configuration ratios"",""dollar_year"":""""}]",ATB 2019 Moderate base-year estimate; year=release-2. Converted with the ReEDS deflator. CSP configuration ratio=0.61258577159.,2019
reeds,csp,csp4,Moderate,{},capcost,2018,4620.532094338297,USD/kW,2022,calculated,atb_2020_workbook.xlsm | deflator.csv | csp_cost_ratios_2024.csv,https://atb-archive.nlr.gov/electricity/2020/files/2020-ATB-Data.xlsm | https://github.com/ReEDS-Model/ReEDS/blob/db6a1ba95836b649176fca50030e82a6b4cf9bb5/inputs/financials/deflator.csv | https://github.com/ReEDS-Model/ReEDS,[2018],"[{""file"":""atb_2020_workbook.xlsm"",""url"":""https://atb-archive.nlr.gov/electricity/2020/files/2020-ATB-Data.xlsm"",""sha256"":""2fc2ccf72853304e45803959c77d82806debe8b686eec294838a7ac5219a7a13"",""format"":""workbook"",""location"":""Solar - CSP!L59"",""dollar_year"":2018},{""file"":""deflator.csv"",""url"":""https://github.com/ReEDS-Model/ReEDS/blob/db6a1ba95836b649176fca50030e82a6b4cf9bb5/inputs/financials/deflator.csv"",""sha256"":""538d3afb409a3c89ce0f96a70867855f9bb64afa82776e875129b2547e329315"",""location"":""value_target=value_source*deflator[source_dollar_year]/deflator[target_dollar_year]"",""dollar_year"":""""},{""file"":""csp_cost_ratios_2024.csv"",""url"":""https://github.com/ReEDS-Model/ReEDS"",""sha256"":""169f3e4245529c4eebfaa78691d6de4584d56893be5a6fe3dd650050bb5cc9fa"",""location"":""CSP configuration ratios"",""dollar_year"":""""}]",ATB 2020 Moderate base-year estimate; year=release-2. Converted with the ReEDS deflator. CSP configuration ratio=0.61258577159.,2020
reeds,csp,csp4,Moderate,{},capcost,2019,4561.405291085085,USD/kW,2022,calculated,atb_2021_workbook.xlsm | deflator.csv | csp_cost_ratios_2024.csv,https://data.openei.org/files/4129/2021-ATB-Data_Master_new.xlsm | https://github.com/ReEDS-Model/ReEDS/blob/db6a1ba95836b649176fca50030e82a6b4cf9bb5/inputs/financials/deflator.csv | https://github.com/ReEDS-Model/ReEDS,[2019],"[{""file"":""atb_2021_workbook.xlsm"",""url"":""https://data.openei.org/files/4129/2021-ATB-Data_Master_new.xlsm"",""sha256"":""211bc492df941a58acac912edea27c2ac2abf6d74fb2a24355fda6660c055632"",""format"":""workbook"",""location"":""Solar - CSP!L140"",""dollar_year"":2019},{""file"":""deflator.csv"",""url"":""https://github.com/ReEDS-Model/ReEDS/blob/db6a1ba95836b649176fca50030e82a6b4cf9bb5/inputs/financials/deflator.csv"",""sha256"":""538d3afb409a3c89ce0f96a70867855f9bb64afa82776e875129b2547e329315"",""location"":""value_target=value_source*deflator[source_dollar_year]/deflator[target_dollar_year]"",""dollar_year"":""""},{""file"":""csp_cost_ratios_2024.csv"",""url"":""https://github.com/ReEDS-Model/ReEDS"",""sha256"":""169f3e4245529c4eebfaa78691d6de4584d56893be5a6fe3dd650050bb5cc9fa"",""location"":""CSP configuration ratios"",""dollar_year"":""""}]",ATB 2021 Moderate base-year estimate; year=release-2. Converted with the ReEDS deflator. CSP configuration ratio=0.61258577159.,2021
reeds,csp,csp4,Moderate,{},capcost,2020,4323.7552981692015,USD/kW,2022,calculated,atb_2022_workbook.xlsx | deflator.csv | csp_cost_ratios_2024.csv,https://data.openei.org/files/5716/2022 v3 Annual Technology Baseline Workbook Mid-year update 2-15-2023.xlsx | https://github.com/ReEDS-Model/ReEDS/blob/db6a1ba95836b649176fca50030e82a6b4cf9bb5/inputs/financials/deflator.csv | https://github.com/ReEDS-Model/ReEDS,[2020],"[{""file"":""atb_2022_workbook.xlsx"",""url"":""https://data.openei.org/files/5716/2022 v3 Annual Technology Baseline Workbook Mid-year update 2-15-2023.xlsx"",""sha256"":""5ad5e47373f0dea32991d5828831bb407550397f1956abda6870e6786134b87e"",""format"":""workbook"",""location"":""Solar - CSP!M123"",""dollar_year"":2020},{""file"":""deflator.csv"",""url"":""https://github.com/ReEDS-Model/ReEDS/blob/db6a1ba95836b649176fca50030e82a6b4cf9bb5/inputs/financials/deflator.csv"",""sha256"":""538d3afb409a3c89ce0f96a70867855f9bb64afa82776e875129b2547e329315"",""location"":""value_target=value_source*deflator[source_dollar_year]/deflator[target_dollar_year]"",""dollar_year"":""""},{""file"":""csp_cost_ratios_2024.csv"",""url"":""https://github.com/ReEDS-Model/ReEDS"",""sha256"":""169f3e4245529c4eebfaa78691d6de4584d56893be5a6fe3dd650050bb5cc9fa"",""location"":""CSP configuration ratios"",""dollar_year"":""""}]",ATB 2022 Moderate base-year estimate; year=release-2. Converted with the ReEDS deflator. CSP configuration ratio=0.61258577159.,2022
reeds,csp,csp4,Moderate,{},capcost,2021,4513.387052059806,USD/kW,2022,calculated,atb_2023_flat_file.csv | deflator.csv | csp_cost_ratios_2024.csv,https://oedi-data-lake.s3.amazonaws.com/ATB/electricity/csv/2023/ATBe.csv | https://github.com/ReEDS-Model/ReEDS/blob/db6a1ba95836b649176fca50030e82a6b4cf9bb5/inputs/financials/deflator.csv | https://github.com/ReEDS-Model/ReEDS,[2021],"[{""file"":""atb_2023_flat_file.csv"",""url"":""https://oedi-data-lake.s3.amazonaws.com/ATB/electricity/csv/2023/ATBe.csv"",""sha256"":""5073733a55c84facceb25ec56b83d05d9c990155486111fff137854ccd2fab71"",""format"":""flat"",""location"":""CSV row 169662"",""dollar_year"":2021},{""file"":""deflator.csv"",""url"":""https://github.com/ReEDS-Model/ReEDS/blob/db6a1ba95836b649176fca50030e82a6b4cf9bb5/inputs/financials/deflator.csv"",""sha256"":""538d3afb409a3c89ce0f96a70867855f9bb64afa82776e875129b2547e329315"",""location"":""value_target=value_source*deflator[source_dollar_year]/deflator[target_dollar_year]"",""dollar_year"":""""},{""file"":""csp_cost_ratios_2024.csv"",""url"":""https://github.com/ReEDS-Model/ReEDS"",""sha256"":""169f3e4245529c4eebfaa78691d6de4584d56893be5a6fe3dd650050bb5cc9fa"",""location"":""CSP configuration ratios"",""dollar_year"":""""}]",ATB 2023 Moderate base-year estimate; year=release-2. Case: Market. Converted with the ReEDS deflator. CSP configuration ratio=0.61258577159.,2023
reeds,csp,csp4,Moderate,{},capcost,2022,4500.611474251897,USD/kW,2022,calculated,atb_2024_flat_file.csv | deflator.csv | csp_cost_ratios_2024.csv,https://oedi-data-lake.s3.amazonaws.com/ATB/electricity/csv/2024/v3.0.0/ATBe.csv | https://github.com/ReEDS-Model/ReEDS/blob/db6a1ba95836b649176fca50030e82a6b4cf9bb5/inputs/financials/deflator.csv | https://github.com/ReEDS-Model/ReEDS,[2022],"[{""file"":""atb_2024_flat_file.csv"",""url"":""https://oedi-data-lake.s3.amazonaws.com/ATB/electricity/csv/2024/v3.0.0/ATBe.csv"",""sha256"":""b0f0de40786350ba8dd5eec9023540f72ceeb8ab4478bc31abaf1c0d5eb20959"",""format"":""flat"",""location"":""CSV row 13082"",""dollar_year"":2022},{""file"":""deflator.csv"",""url"":""https://github.com/ReEDS-Model/ReEDS/blob/db6a1ba95836b649176fca50030e82a6b4cf9bb5/inputs/financials/deflator.csv"",""sha256"":""538d3afb409a3c89ce0f96a70867855f9bb64afa82776e875129b2547e329315"",""location"":""value_target=value_source*deflator[source_dollar_year]/deflator[target_dollar_year]"",""dollar_year"":""""},{""file"":""csp_cost_ratios_2024.csv"",""url"":""https://github.com/ReEDS-Model/ReEDS"",""sha256"":""169f3e4245529c4eebfaa78691d6de4584d56893be5a6fe3dd650050bb5cc9fa"",""location"":""CSP configuration ratios"",""dollar_year"":""""}]",ATB 2024 Moderate base-year estimate; year=release-2. Case: Market. Unit from ATB parameter definition; CSV unit blank. Converted with the ReEDS deflator. CSP configuration ratio=0.61258577159.,2024
reeds,csp,csp4,Moderate,{},cf_improvement,2014,0.56,fraction,,atb,atb_2016_workbook.xlsm | csp_cost_ratios_2024.csv,https://docs.nlr.gov/docs/fy16osti/66944-DA.xlsm | https://github.com/ReEDS-Model/ReEDS,[2014],"[{""file"":""atb_2016_workbook.xlsm"",""url"":""https://docs.nlr.gov/docs/fy16osti/66944-DA.xlsm"",""sha256"":""e622248d457ee99cba45474a7a7218a2bfd96f95d698d5a1099e3e2ea1b3b555"",""format"":""workbook"",""location"":""Solar - CSP!L19"",""dollar_year"":2014},{""file"":""csp_cost_ratios_2024.csv"",""url"":""https://github.com/ReEDS-Model/ReEDS"",""sha256"":""169f3e4245529c4eebfaa78691d6de4584d56893be5a6fe3dd650050bb5cc9fa"",""location"":""CSP configuration ratios"",""dollar_year"":""""}]",ATB 2016 Moderate base-year estimate; year=release-2. CSP configuration ratio=1.,2016
reeds,csp,csp4,Moderate,{},cf_improvement,2015,0.56,fraction,,atb,atb_2017_workbook.xlsm | csp_cost_ratios_2024.csv,https://data.nlr.gov/system/files/71/2017-ATB-data.xlsm | https://github.com/ReEDS-Model/ReEDS,[2015],"[{""file"":""atb_2017_workbook.xlsm"",""url"":""https://data.nlr.gov/system/files/71/2017-ATB-data.xlsm"",""sha256"":""5712fc8d062ccb40aa6930edbf60ba1f8f4a13c08f7e4e532b78e24fa23ba55d"",""format"":""workbook"",""location"":""Solar - CSP!L19"",""dollar_year"":2015},{""file"":""csp_cost_ratios_2024.csv"",""url"":""https://github.com/ReEDS-Model/ReEDS"",""sha256"":""169f3e4245529c4eebfaa78691d6de4584d56893be5a6fe3dd650050bb5cc9fa"",""location"":""CSP configuration ratios"",""dollar_year"":""""}]",ATB 2017 Moderate base-year estimate; year=release-2. CSP configuration ratio=1.,2017
reeds,csp,csp4,Moderate,{},cf_improvement,2016,0.559,fraction,,atb,atb_2018_workbook.xlsm | csp_cost_ratios_2024.csv,https://data.nlr.gov/system/files/89/2018-ATB-data-interim-geo.xlsm | https://github.com/ReEDS-Model/ReEDS,[2016],"[{""file"":""atb_2018_workbook.xlsm"",""url"":""https://data.nlr.gov/system/files/89/2018-ATB-data-interim-geo.xlsm"",""sha256"":""975f5a963c817b0da3f9e762a3458fdbee58f11b3d80656eb3ba528d2901fbdf"",""format"":""workbook"",""location"":""Solar - CSP!L19"",""dollar_year"":2016},{""file"":""csp_cost_ratios_2024.csv"",""url"":""https://github.com/ReEDS-Model/ReEDS"",""sha256"":""169f3e4245529c4eebfaa78691d6de4584d56893be5a6fe3dd650050bb5cc9fa"",""location"":""CSP configuration ratios"",""dollar_year"":""""}]",ATB 2018 Moderate base-year estimate; year=release-2. CSP configuration ratio=1.,2018
reeds,csp,csp4,Moderate,{},cf_improvement,2017,0.612,fraction,,atb,atb_2019_workbook.xlsm | csp_cost_ratios_2024.csv,https://data.nlr.gov/system/files/115/2019-ATB-data.xlsm | https://github.com/ReEDS-Model/ReEDS,[2017],"[{""file"":""atb_2019_workbook.xlsm"",""url"":""https://data.nlr.gov/system/files/115/2019-ATB-data.xlsm"",""sha256"":""f7807beb3496c1cfde28ed2a3115abd1d88e968273eb90f52cfe89f1845de42b"",""format"":""workbook"",""location"":""Solar - CSP!L19"",""dollar_year"":2017},{""file"":""csp_cost_ratios_2024.csv"",""url"":""https://github.com/ReEDS-Model/ReEDS"",""sha256"":""169f3e4245529c4eebfaa78691d6de4584d56893be5a6fe3dd650050bb5cc9fa"",""location"":""CSP configuration ratios"",""dollar_year"":""""}]",ATB 2019 Moderate base-year estimate; year=release-2. CSP configuration ratio=1.,2019
reeds,csp,csp4,Moderate,{},cf_improvement,2018,0.612,fraction,,atb,atb_2020_workbook.xlsm | csp_cost_ratios_2024.csv,https://atb-archive.nlr.gov/electricity/2020/files/2020-ATB-Data.xlsm | https://github.com/ReEDS-Model/ReEDS,[2018],"[{""file"":""atb_2020_workbook.xlsm"",""url"":""https://atb-archive.nlr.gov/electricity/2020/files/2020-ATB-Data.xlsm"",""sha256"":""2fc2ccf72853304e45803959c77d82806debe8b686eec294838a7ac5219a7a13"",""format"":""workbook"",""location"":""Solar - CSP!L19"",""dollar_year"":2018},{""file"":""csp_cost_ratios_2024.csv"",""url"":""https://github.com/ReEDS-Model/ReEDS"",""sha256"":""169f3e4245529c4eebfaa78691d6de4584d56893be5a6fe3dd650050bb5cc9fa"",""location"":""CSP configuration ratios"",""dollar_year"":""""}]",ATB 2020 Moderate base-year estimate; year=release-2. CSP configuration ratio=1.,2020
reeds,csp,csp4,Moderate,{},cf_improvement,2019,0.638,fraction,,atb,atb_2021_workbook.xlsm | csp_cost_ratios_2024.csv,https://data.openei.org/files/4129/2021-ATB-Data_Master_new.xlsm | https://github.com/ReEDS-Model/ReEDS,[2019],"[{""file"":""atb_2021_workbook.xlsm"",""url"":""https://data.openei.org/files/4129/2021-ATB-Data_Master_new.xlsm"",""sha256"":""211bc492df941a58acac912edea27c2ac2abf6d74fb2a24355fda6660c055632"",""format"":""workbook"",""location"":""Solar - CSP!L96"",""dollar_year"":2019},{""file"":""csp_cost_ratios_2024.csv"",""url"":""https://github.com/ReEDS-Model/ReEDS"",""sha256"":""169f3e4245529c4eebfaa78691d6de4584d56893be5a6fe3dd650050bb5cc9fa"",""location"":""CSP configuration ratios"",""dollar_year"":""""}]",ATB 2021 Moderate base-year estimate; year=release-2. CSP configuration ratio=1.,2021
reeds,csp,csp4,Moderate,{},cf_improvement,2020,0.63,fraction,,atb,atb_2022_workbook.xlsx | csp_cost_ratios_2024.csv,https://data.openei.org/files/5716/2022 v3 Annual Technology Baseline Workbook Mid-year update 2-15-2023.xlsx | https://github.com/ReEDS-Model/ReEDS,[2020],"[{""file"":""atb_2022_workbook.xlsx"",""url"":""https://data.openei.org/files/5716/2022 v3 Annual Technology Baseline Workbook Mid-year update 2-15-2023.xlsx"",""sha256"":""5ad5e47373f0dea32991d5828831bb407550397f1956abda6870e6786134b87e"",""format"":""workbook"",""location"":""Solar - CSP!M79"",""dollar_year"":2020},{""file"":""csp_cost_ratios_2024.csv"",""url"":""https://github.com/ReEDS-Model/ReEDS"",""sha256"":""169f3e4245529c4eebfaa78691d6de4584d56893be5a6fe3dd650050bb5cc9fa"",""location"":""CSP configuration ratios"",""dollar_year"":""""}]",ATB 2022 Moderate base-year estimate; year=release-2. CSP configuration ratio=1.,2022
reeds,csp,csp4,Moderate,{},cf_improvement,2021,0.666,fraction,,atb,atb_2023_flat_file.csv | csp_cost_ratios_2024.csv,https://oedi-data-lake.s3.amazonaws.com/ATB/electricity/csv/2023/ATBe.csv | https://github.com/ReEDS-Model/ReEDS,[2021],"[{""file"":""atb_2023_flat_file.csv"",""url"":""https://oedi-data-lake.s3.amazonaws.com/ATB/electricity/csv/2023/ATBe.csv"",""sha256"":""5073733a55c84facceb25ec56b83d05d9c990155486111fff137854ccd2fab71"",""format"":""flat"",""location"":""CSV row 124294"",""dollar_year"":2021},{""file"":""csp_cost_ratios_2024.csv"",""url"":""https://github.com/ReEDS-Model/ReEDS"",""sha256"":""169f3e4245529c4eebfaa78691d6de4584d56893be5a6fe3dd650050bb5cc9fa"",""location"":""CSP configuration ratios"",""dollar_year"":""""}]",ATB 2023 Moderate base-year estimate; year=release-2. Case: Market. Unit from ATB parameter definition; CSV unit blank. CSP configuration ratio=1.,2023
reeds,csp,csp4,Moderate,{},cf_improvement,2022,0.666,fraction,,atb,atb_2024_flat_file.csv | csp_cost_ratios_2024.csv,https://oedi-data-lake.s3.amazonaws.com/ATB/electricity/csv/2024/v3.0.0/ATBe.csv | https://github.com/ReEDS-Model/ReEDS,[2022],"[{""file"":""atb_2024_flat_file.csv"",""url"":""https://oedi-data-lake.s3.amazonaws.com/ATB/electricity/csv/2024/v3.0.0/ATBe.csv"",""sha256"":""b0f0de40786350ba8dd5eec9023540f72ceeb8ab4478bc31abaf1c0d5eb20959"",""format"":""flat"",""location"":""CSV row 13029"",""dollar_year"":2022},{""file"":""csp_cost_ratios_2024.csv"",""url"":""https://github.com/ReEDS-Model/ReEDS"",""sha256"":""169f3e4245529c4eebfaa78691d6de4584d56893be5a6fe3dd650050bb5cc9fa"",""location"":""CSP configuration ratios"",""dollar_year"":""""}]",ATB 2024 Moderate base-year estimate; year=release-2. Case: Market. Unit from ATB parameter definition; CSV unit blank. CSP configuration ratio=1.,2024
reeds,csp,csp4,Moderate,{},fom,2014,49.931980266094484,USD/kW-yr,2022,calculated,atb_2016_workbook.xlsm | deflator.csv | csp_cost_ratios_2024.csv,https://docs.nlr.gov/docs/fy16osti/66944-DA.xlsm | https://github.com/ReEDS-Model/ReEDS/blob/db6a1ba95836b649176fca50030e82a6b4cf9bb5/inputs/financials/deflator.csv | https://github.com/ReEDS-Model/ReEDS,[2014],"[{""file"":""atb_2016_workbook.xlsm"",""url"":""https://docs.nlr.gov/docs/fy16osti/66944-DA.xlsm"",""sha256"":""e622248d457ee99cba45474a7a7218a2bfd96f95d698d5a1099e3e2ea1b3b555"",""format"":""workbook"",""location"":""Solar - CSP!L69"",""dollar_year"":2014},{""file"":""deflator.csv"",""url"":""https://github.com/ReEDS-Model/ReEDS/blob/db6a1ba95836b649176fca50030e82a6b4cf9bb5/inputs/financials/deflator.csv"",""sha256"":""538d3afb409a3c89ce0f96a70867855f9bb64afa82776e875129b2547e329315"",""location"":""value_target=value_source*deflator[source_dollar_year]/deflator[target_dollar_year]"",""dollar_year"":""""},{""file"":""csp_cost_ratios_2024.csv"",""url"":""https://github.com/ReEDS-Model/ReEDS"",""sha256"":""169f3e4245529c4eebfaa78691d6de4584d56893be5a6fe3dd650050bb5cc9fa"",""location"":""CSP configuration ratios"",""dollar_year"":""""}]",ATB 2016 Moderate base-year estimate; year=release-2. Converted with the ReEDS deflator. CSP configuration ratio=0.61258577159.,2016
reeds,csp,csp4,Moderate,{},fom,2015,49.8820982180943,USD/kW-yr,2022,calculated,atb_2017_workbook.xlsm | deflator.csv | csp_cost_ratios_2024.csv,https://data.nlr.gov/system/files/71/2017-ATB-data.xlsm | https://github.com/ReEDS-Model/ReEDS/blob/db6a1ba95836b649176fca50030e82a6b4cf9bb5/inputs/financials/deflator.csv | https://github.com/ReEDS-Model/ReEDS,[2015],"[{""file"":""atb_2017_workbook.xlsm"",""url"":""https://data.nlr.gov/system/files/71/2017-ATB-data.xlsm"",""sha256"":""5712fc8d062ccb40aa6930edbf60ba1f8f4a13c08f7e4e532b78e24fa23ba55d"",""format"":""workbook"",""location"":""Solar - CSP!L69"",""dollar_year"":2015},{""file"":""deflator.csv"",""url"":""https://github.com/ReEDS-Model/ReEDS/blob/db6a1ba95836b649176fca50030e82a6b4cf9bb5/inputs/financials/deflator.csv"",""sha256"":""538d3afb409a3c89ce0f96a70867855f9bb64afa82776e875129b2547e329315"",""location"":""value_target=value_source*deflator[source_dollar_year]/deflator[target_dollar_year]"",""dollar_year"":""""},{""file"":""csp_cost_ratios_2024.csv"",""url"":""https://github.com/ReEDS-Model/ReEDS"",""sha256"":""169f3e4245529c4eebfaa78691d6de4584d56893be5a6fe3dd650050bb5cc9fa"",""location"":""CSP configuration ratios"",""dollar_year"":""""}]",ATB 2017 Moderate base-year estimate; year=release-2. Converted with the ReEDS deflator. CSP configuration ratio=0.61258577159.,2017
reeds,csp,csp4,Moderate,{},fom,2016,49.870318820674335,USD/kW-yr,2022,calculated,atb_2018_workbook.xlsm | deflator.csv | csp_cost_ratios_2024.csv,https://data.nlr.gov/system/files/89/2018-ATB-data-interim-geo.xlsm | https://github.com/ReEDS-Model/ReEDS/blob/db6a1ba95836b649176fca50030e82a6b4cf9bb5/inputs/financials/deflator.csv | https://github.com/ReEDS-Model/ReEDS,[2016],"[{""file"":""atb_2018_workbook.xlsm"",""url"":""https://data.nlr.gov/system/files/89/2018-ATB-data-interim-geo.xlsm"",""sha256"":""975f5a963c817b0da3f9e762a3458fdbee58f11b3d80656eb3ba528d2901fbdf"",""format"":""workbook"",""location"":""Solar - CSP!L69"",""dollar_year"":2016},{""file"":""deflator.csv"",""url"":""https://github.com/ReEDS-Model/ReEDS/blob/db6a1ba95836b649176fca50030e82a6b4cf9bb5/inputs/financials/deflator.csv"",""sha256"":""538d3afb409a3c89ce0f96a70867855f9bb64afa82776e875129b2547e329315"",""location"":""value_target=value_source*deflator[source_dollar_year]/deflator[target_dollar_year]"",""dollar_year"":""""},{""file"":""csp_cost_ratios_2024.csv"",""url"":""https://github.com/ReEDS-Model/ReEDS"",""sha256"":""169f3e4245529c4eebfaa78691d6de4584d56893be5a6fe3dd650050bb5cc9fa"",""location"":""CSP configuration ratios"",""dollar_year"":""""}]",ATB 2018 Moderate base-year estimate; year=release-2. Converted with the ReEDS deflator. CSP configuration ratio=0.61258577159.,2018
reeds,csp,csp4,Moderate,{},fom,2017,48.22914083473358,USD/kW-yr,2022,calculated,atb_2019_workbook.xlsm | deflator.csv | csp_cost_ratios_2024.csv,https://data.nlr.gov/system/files/115/2019-ATB-data.xlsm | https://github.com/ReEDS-Model/ReEDS/blob/db6a1ba95836b649176fca50030e82a6b4cf9bb5/inputs/financials/deflator.csv | https://github.com/ReEDS-Model/ReEDS,[2017],"[{""file"":""atb_2019_workbook.xlsm"",""url"":""https://data.nlr.gov/system/files/115/2019-ATB-data.xlsm"",""sha256"":""f7807beb3496c1cfde28ed2a3115abd1d88e968273eb90f52cfe89f1845de42b"",""format"":""workbook"",""location"":""Solar - CSP!L69"",""dollar_year"":2017},{""file"":""deflator.csv"",""url"":""https://github.com/ReEDS-Model/ReEDS/blob/db6a1ba95836b649176fca50030e82a6b4cf9bb5/inputs/financials/deflator.csv"",""sha256"":""538d3afb409a3c89ce0f96a70867855f9bb64afa82776e875129b2547e329315"",""location"":""value_target=value_source*deflator[source_dollar_year]/deflator[target_dollar_year]"",""dollar_year"":""""},{""file"":""csp_cost_ratios_2024.csv"",""url"":""https://github.com/ReEDS-Model/ReEDS"",""sha256"":""169f3e4245529c4eebfaa78691d6de4584d56893be5a6fe3dd650050bb5cc9fa"",""location"":""CSP configuration ratios"",""dollar_year"":""""}]",ATB 2019 Moderate base-year estimate; year=release-2. Converted with the ReEDS deflator. CSP configuration ratio=0.61258577159.,2019
reeds,csp,csp4,Moderate,{},fom,2018,48.52600580944649,USD/kW-yr,2022,calculated,atb_2020_workbook.xlsm | deflator.csv | csp_cost_ratios_2024.csv,https://atb-archive.nlr.gov/electricity/2020/files/2020-ATB-Data.xlsm | https://github.com/ReEDS-Model/ReEDS/blob/db6a1ba95836b649176fca50030e82a6b4cf9bb5/inputs/financials/deflator.csv | https://github.com/ReEDS-Model/ReEDS,[2018],"[{""file"":""atb_2020_workbook.xlsm"",""url"":""https://atb-archive.nlr.gov/electricity/2020/files/2020-ATB-Data.xlsm"",""sha256"":""2fc2ccf72853304e45803959c77d82806debe8b686eec294838a7ac5219a7a13"",""format"":""workbook"",""location"":""Solar - CSP!L69"",""dollar_year"":2018},{""file"":""deflator.csv"",""url"":""https://github.com/ReEDS-Model/ReEDS/blob/db6a1ba95836b649176fca50030e82a6b4cf9bb5/inputs/financials/deflator.csv"",""sha256"":""538d3afb409a3c89ce0f96a70867855f9bb64afa82776e875129b2547e329315"",""location"":""value_target=value_source*deflator[source_dollar_year]/deflator[target_dollar_year]"",""dollar_year"":""""},{""file"":""csp_cost_ratios_2024.csv"",""url"":""https://github.com/ReEDS-Model/ReEDS"",""sha256"":""169f3e4245529c4eebfaa78691d6de4584d56893be5a6fe3dd650050bb5cc9fa"",""location"":""CSP configuration ratios"",""dollar_year"":""""}]",ATB 2020 Moderate base-year estimate; year=release-2. Converted with the ReEDS deflator. CSP configuration ratio=0.61258577159.,2020
reeds,csp,csp4,Moderate,{},fom,2019,45.9940298184938,USD/kW-yr,2022,calculated,atb_2021_workbook.xlsm | deflator.csv | csp_cost_ratios_2024.csv,https://data.openei.org/files/4129/2021-ATB-Data_Master_new.xlsm | https://github.com/ReEDS-Model/ReEDS/blob/db6a1ba95836b649176fca50030e82a6b4cf9bb5/inputs/financials/deflator.csv | https://github.com/ReEDS-Model/ReEDS,[2019],"[{""file"":""atb_2021_workbook.xlsm"",""url"":""https://data.openei.org/files/4129/2021-ATB-Data_Master_new.xlsm"",""sha256"":""211bc492df941a58acac912edea27c2ac2abf6d74fb2a24355fda6660c055632"",""format"":""workbook"",""location"":""Solar - CSP!L151"",""dollar_year"":2019},{""file"":""deflator.csv"",""url"":""https://github.com/ReEDS-Model/ReEDS/blob/db6a1ba95836b649176fca50030e82a6b4cf9bb5/inputs/financials/deflator.csv"",""sha256"":""538d3afb409a3c89ce0f96a70867855f9bb64afa82776e875129b2547e329315"",""location"":""value_target=value_source*deflator[source_dollar_year]/deflator[target_dollar_year]"",""dollar_year"":""""},{""file"":""csp_cost_ratios_2024.csv"",""url"":""https://github.com/ReEDS-Model/ReEDS"",""sha256"":""169f3e4245529c4eebfaa78691d6de4584d56893be5a6fe3dd650050bb5cc9fa"",""location"":""CSP configuration ratios"",""dollar_year"":""""}]",ATB 2021 Moderate base-year estimate; year=release-2. Converted with the ReEDS deflator. CSP configuration ratio=0.61258577159.,2021
reeds,csp,csp4,Moderate,{},fom,2020,45.71737418762693,USD/kW-yr,2022,calculated,atb_2022_workbook.xlsx | deflator.csv | csp_cost_ratios_2024.csv,https://data.openei.org/files/5716/2022 v3 Annual Technology Baseline Workbook Mid-year update 2-15-2023.xlsx | https://github.com/ReEDS-Model/ReEDS/blob/db6a1ba95836b649176fca50030e82a6b4cf9bb5/inputs/financials/deflator.csv | https://github.com/ReEDS-Model/ReEDS,[2020],"[{""file"":""atb_2022_workbook.xlsx"",""url"":""https://data.openei.org/files/5716/2022 v3 Annual Technology Baseline Workbook Mid-year update 2-15-2023.xlsx"",""sha256"":""5ad5e47373f0dea32991d5828831bb407550397f1956abda6870e6786134b87e"",""format"":""workbook"",""location"":""Solar - CSP!M134"",""dollar_year"":2020},{""file"":""deflator.csv"",""url"":""https://github.com/ReEDS-Model/ReEDS/blob/db6a1ba95836b649176fca50030e82a6b4cf9bb5/inputs/financials/deflator.csv"",""sha256"":""538d3afb409a3c89ce0f96a70867855f9bb64afa82776e875129b2547e329315"",""location"":""value_target=value_source*deflator[source_dollar_year]/deflator[target_dollar_year]"",""dollar_year"":""""},{""file"":""csp_cost_ratios_2024.csv"",""url"":""https://github.com/ReEDS-Model/ReEDS"",""sha256"":""169f3e4245529c4eebfaa78691d6de4584d56893be5a6fe3dd650050bb5cc9fa"",""location"":""CSP configuration ratios"",""dollar_year"":""""}]",ATB 2022 Moderate base-year estimate; year=release-2. Converted with the ReEDS deflator. CSP configuration ratio=0.61258577159.,2022
reeds,csp,csp4,Moderate,{},fom,2021,45.71737418944279,USD/kW-yr,2022,calculated,atb_2023_flat_file.csv | deflator.csv | csp_cost_ratios_2024.csv,https://oedi-data-lake.s3.amazonaws.com/ATB/electricity/csv/2023/ATBe.csv | https://github.com/ReEDS-Model/ReEDS/blob/db6a1ba95836b649176fca50030e82a6b4cf9bb5/inputs/financials/deflator.csv | https://github.com/ReEDS-Model/ReEDS,[2021],"[{""file"":""atb_2023_flat_file.csv"",""url"":""https://oedi-data-lake.s3.amazonaws.com/ATB/electricity/csv/2023/ATBe.csv"",""sha256"":""5073733a55c84facceb25ec56b83d05d9c990155486111fff137854ccd2fab71"",""format"":""flat"",""location"":""CSV row 138754"",""dollar_year"":2021},{""file"":""deflator.csv"",""url"":""https://github.com/ReEDS-Model/ReEDS/blob/db6a1ba95836b649176fca50030e82a6b4cf9bb5/inputs/financials/deflator.csv"",""sha256"":""538d3afb409a3c89ce0f96a70867855f9bb64afa82776e875129b2547e329315"",""location"":""value_target=value_source*deflator[source_dollar_year]/deflator[target_dollar_year]"",""dollar_year"":""""},{""file"":""csp_cost_ratios_2024.csv"",""url"":""https://github.com/ReEDS-Model/ReEDS"",""sha256"":""169f3e4245529c4eebfaa78691d6de4584d56893be5a6fe3dd650050bb5cc9fa"",""location"":""CSP configuration ratios"",""dollar_year"":""""}]",ATB 2023 Moderate base-year estimate; year=release-2. Case: Market. Converted with the ReEDS deflator. CSP configuration ratio=0.61258577159.,2023
reeds,csp,csp4,Moderate,{},fom,2022,45.71737414748516,USD/kW-yr,2022,calculated,atb_2024_flat_file.csv | deflator.csv | csp_cost_ratios_2024.csv,https://oedi-data-lake.s3.amazonaws.com/ATB/electricity/csv/2024/v3.0.0/ATBe.csv | https://github.com/ReEDS-Model/ReEDS/blob/db6a1ba95836b649176fca50030e82a6b4cf9bb5/inputs/financials/deflator.csv | https://github.com/ReEDS-Model/ReEDS,[2022],"[{""file"":""atb_2024_flat_file.csv"",""url"":""https://oedi-data-lake.s3.amazonaws.com/ATB/electricity/csv/2024/v3.0.0/ATBe.csv"",""sha256"":""b0f0de40786350ba8dd5eec9023540f72ceeb8ab4478bc31abaf1c0d5eb20959"",""format"":""flat"",""location"":""CSV row 13236"",""dollar_year"":2022},{""file"":""deflator.csv"",""url"":""https://github.com/ReEDS-Model/ReEDS/blob/db6a1ba95836b649176fca50030e82a6b4cf9bb5/inputs/financials/deflator.csv"",""sha256"":""538d3afb409a3c89ce0f96a70867855f9bb64afa82776e875129b2547e329315"",""location"":""value_target=value_source*deflator[source_dollar_year]/deflator[target_dollar_year]"",""dollar_year"":""""},{""file"":""csp_cost_ratios_2024.csv"",""url"":""https://github.com/ReEDS-Model/ReEDS"",""sha256"":""169f3e4245529c4eebfaa78691d6de4584d56893be5a6fe3dd650050bb5cc9fa"",""location"":""CSP configuration ratios"",""dollar_year"":""""}]",ATB 2024 Moderate base-year estimate; year=release-2. Case: Market. Unit from ATB parameter definition; CSV unit blank. Converted with the ReEDS deflator. CSP configuration ratio=0.61258577159.,2024
reeds,csp,csp4,Moderate,{},vom,2014,3.0261806221875442,USD/MWh,2022,calculated,atb_2016_workbook.xlsm | deflator.csv | csp_cost_ratios_2024.csv,https://docs.nlr.gov/docs/fy16osti/66944-DA.xlsm | https://github.com/ReEDS-Model/ReEDS/blob/db6a1ba95836b649176fca50030e82a6b4cf9bb5/inputs/financials/deflator.csv | https://github.com/ReEDS-Model/ReEDS,[2014],"[{""file"":""atb_2016_workbook.xlsm"",""url"":""https://docs.nlr.gov/docs/fy16osti/66944-DA.xlsm"",""sha256"":""e622248d457ee99cba45474a7a7218a2bfd96f95d698d5a1099e3e2ea1b3b555"",""format"":""workbook"",""location"":""Solar - CSP!L79"",""dollar_year"":2014},{""file"":""deflator.csv"",""url"":""https://github.com/ReEDS-Model/ReEDS/blob/db6a1ba95836b649176fca50030e82a6b4cf9bb5/inputs/financials/deflator.csv"",""sha256"":""538d3afb409a3c89ce0f96a70867855f9bb64afa82776e875129b2547e329315"",""location"":""value_target=value_source*deflator[source_dollar_year]/deflator[target_dollar_year]"",""dollar_year"":""""},{""file"":""csp_cost_ratios_2024.csv"",""url"":""https://github.com/ReEDS-Model/ReEDS"",""sha256"":""169f3e4245529c4eebfaa78691d6de4584d56893be5a6fe3dd650050bb5cc9fa"",""location"":""CSP configuration ratios"",""dollar_year"":""""}]",ATB 2016 Moderate base-year estimate; year=release-2. Converted with the ReEDS deflator. CSP configuration ratio=0.61258577159.,2016
reeds,csp,csp4,Moderate,{},vom,2015,3.023157467763291,USD/MWh,2022,calculated,atb_2017_workbook.xlsm | deflator.csv | csp_cost_ratios_2024.csv,https://data.nlr.gov/system/files/71/2017-ATB-data.xlsm | https://github.com/ReEDS-Model/ReEDS/blob/db6a1ba95836b649176fca50030e82a6b4cf9bb5/inputs/financials/deflator.csv | https://github.com/ReEDS-Model/ReEDS,[2015],"[{""file"":""atb_2017_workbook.xlsm"",""url"":""https://data.nlr.gov/system/files/71/2017-ATB-data.xlsm"",""sha256"":""5712fc8d062ccb40aa6930edbf60ba1f8f4a13c08f7e4e532b78e24fa23ba55d"",""format"":""workbook"",""location"":""Solar - CSP!L79"",""dollar_year"":2015},{""file"":""deflator.csv"",""url"":""https://github.com/ReEDS-Model/ReEDS/blob/db6a1ba95836b649176fca50030e82a6b4cf9bb5/inputs/financials/deflator.csv"",""sha256"":""538d3afb409a3c89ce0f96a70867855f9bb64afa82776e875129b2547e329315"",""location"":""value_target=value_source*deflator[source_dollar_year]/deflator[target_dollar_year]"",""dollar_year"":""""},{""file"":""csp_cost_ratios_2024.csv"",""url"":""https://github.com/ReEDS-Model/ReEDS"",""sha256"":""169f3e4245529c4eebfaa78691d6de4584d56893be5a6fe3dd650050bb5cc9fa"",""location"":""CSP configuration ratios"",""dollar_year"":""""}]",ATB 2017 Moderate base-year estimate; year=release-2. Converted with the ReEDS deflator. CSP configuration ratio=0.61258577159.,2017
reeds,csp,csp4,Moderate,{},vom,2016,3.0224435648893535,USD/MWh,2022,calculated,atb_2018_workbook.xlsm | deflator.csv | csp_cost_ratios_2024.csv,https://data.nlr.gov/system/files/89/2018-ATB-data-interim-geo.xlsm | https://github.com/ReEDS-Model/ReEDS/blob/db6a1ba95836b649176fca50030e82a6b4cf9bb5/inputs/financials/deflator.csv | https://github.com/ReEDS-Model/ReEDS,[2016],"[{""file"":""atb_2018_workbook.xlsm"",""url"":""https://data.nlr.gov/system/files/89/2018-ATB-data-interim-geo.xlsm"",""sha256"":""975f5a963c817b0da3f9e762a3458fdbee58f11b3d80656eb3ba528d2901fbdf"",""format"":""workbook"",""location"":""Solar - CSP!L79"",""dollar_year"":2016},{""file"":""deflator.csv"",""url"":""https://github.com/ReEDS-Model/ReEDS/blob/db6a1ba95836b649176fca50030e82a6b4cf9bb5/inputs/financials/deflator.csv"",""sha256"":""538d3afb409a3c89ce0f96a70867855f9bb64afa82776e875129b2547e329315"",""location"":""value_target=value_source*deflator[source_dollar_year]/deflator[target_dollar_year]"",""dollar_year"":""""},{""file"":""csp_cost_ratios_2024.csv"",""url"":""https://github.com/ReEDS-Model/ReEDS"",""sha256"":""169f3e4245529c4eebfaa78691d6de4584d56893be5a6fe3dd650050bb5cc9fa"",""location"":""CSP configuration ratios"",""dollar_year"":""""}]",ATB 2018 Moderate base-year estimate; year=release-2. Converted with the ReEDS deflator. CSP configuration ratio=0.61258577159.,2018
reeds,csp,csp4,Moderate,{},vom,2017,2.5576059533570836,USD/MWh,2022,calculated,atb_2019_workbook.xlsm | deflator.csv | csp_cost_ratios_2024.csv,https://data.nlr.gov/system/files/115/2019-ATB-data.xlsm | https://github.com/ReEDS-Model/ReEDS/blob/db6a1ba95836b649176fca50030e82a6b4cf9bb5/inputs/financials/deflator.csv | https://github.com/ReEDS-Model/ReEDS,[2017],"[{""file"":""atb_2019_workbook.xlsm"",""url"":""https://data.nlr.gov/system/files/115/2019-ATB-data.xlsm"",""sha256"":""f7807beb3496c1cfde28ed2a3115abd1d88e968273eb90f52cfe89f1845de42b"",""format"":""workbook"",""location"":""Solar - CSP!L79"",""dollar_year"":2017},{""file"":""deflator.csv"",""url"":""https://github.com/ReEDS-Model/ReEDS/blob/db6a1ba95836b649176fca50030e82a6b4cf9bb5/inputs/financials/deflator.csv"",""sha256"":""538d3afb409a3c89ce0f96a70867855f9bb64afa82776e875129b2547e329315"",""location"":""value_target=value_source*deflator[source_dollar_year]/deflator[target_dollar_year]"",""dollar_year"":""""},{""file"":""csp_cost_ratios_2024.csv"",""url"":""https://github.com/ReEDS-Model/ReEDS"",""sha256"":""169f3e4245529c4eebfaa78691d6de4584d56893be5a6fe3dd650050bb5cc9fa"",""location"":""CSP configuration ratios"",""dollar_year"":""""}]",ATB 2019 Moderate base-year estimate; year=release-2. Converted with the ReEDS deflator. CSP configuration ratio=0.61258577159.,2019
reeds,csp,csp4,Moderate,{},vom,2018,2.997194476465813,USD/MWh,2022,calculated,atb_2020_workbook.xlsm | deflator.csv | csp_cost_ratios_2024.csv,https://atb-archive.nlr.gov/electricity/2020/files/2020-ATB-Data.xlsm | https://github.com/ReEDS-Model/ReEDS/blob/db6a1ba95836b649176fca50030e82a6b4cf9bb5/inputs/financials/deflator.csv | https://github.com/ReEDS-Model/ReEDS,[2018],"[{""file"":""atb_2020_workbook.xlsm"",""url"":""https://atb-archive.nlr.gov/electricity/2020/files/2020-ATB-Data.xlsm"",""sha256"":""2fc2ccf72853304e45803959c77d82806debe8b686eec294838a7ac5219a7a13"",""format"":""workbook"",""location"":""Solar - CSP!L79"",""dollar_year"":2018},{""file"":""deflator.csv"",""url"":""https://github.com/ReEDS-Model/ReEDS/blob/db6a1ba95836b649176fca50030e82a6b4cf9bb5/inputs/financials/deflator.csv"",""sha256"":""538d3afb409a3c89ce0f96a70867855f9bb64afa82776e875129b2547e329315"",""location"":""value_target=value_source*deflator[source_dollar_year]/deflator[target_dollar_year]"",""dollar_year"":""""},{""file"":""csp_cost_ratios_2024.csv"",""url"":""https://github.com/ReEDS-Model/ReEDS"",""sha256"":""169f3e4245529c4eebfaa78691d6de4584d56893be5a6fe3dd650050bb5cc9fa"",""location"":""CSP configuration ratios"",""dollar_year"":""""}]",ATB 2020 Moderate base-year estimate; year=release-2. Converted with the ReEDS deflator. CSP configuration ratio=0.61258577159.,2020
reeds,csp,csp4,Moderate,{},vom,2019,2.4535989732675234,USD/MWh,2022,calculated,atb_2021_workbook.xlsm | deflator.csv | csp_cost_ratios_2024.csv,https://data.openei.org/files/4129/2021-ATB-Data_Master_new.xlsm | https://github.com/ReEDS-Model/ReEDS/blob/db6a1ba95836b649176fca50030e82a6b4cf9bb5/inputs/financials/deflator.csv | https://github.com/ReEDS-Model/ReEDS,[2019],"[{""file"":""atb_2021_workbook.xlsm"",""url"":""https://data.openei.org/files/4129/2021-ATB-Data_Master_new.xlsm"",""sha256"":""211bc492df941a58acac912edea27c2ac2abf6d74fb2a24355fda6660c055632"",""format"":""workbook"",""location"":""Solar - CSP!L162"",""dollar_year"":2019},{""file"":""deflator.csv"",""url"":""https://github.com/ReEDS-Model/ReEDS/blob/db6a1ba95836b649176fca50030e82a6b4cf9bb5/inputs/financials/deflator.csv"",""sha256"":""538d3afb409a3c89ce0f96a70867855f9bb64afa82776e875129b2547e329315"",""location"":""value_target=value_source*deflator[source_dollar_year]/deflator[target_dollar_year]"",""dollar_year"":""""},{""file"":""csp_cost_ratios_2024.csv"",""url"":""https://github.com/ReEDS-Model/ReEDS"",""sha256"":""169f3e4245529c4eebfaa78691d6de4584d56893be5a6fe3dd650050bb5cc9fa"",""location"":""CSP configuration ratios"",""dollar_year"":""""}]",ATB 2021 Moderate base-year estimate; year=release-2. Converted with the ReEDS deflator. CSP configuration ratio=0.61258577159.,2021
reeds,csp,csp4,Moderate,{},vom,2020,2.42440620691961,USD/MWh,2022,calculated,atb_2022_workbook.xlsx | deflator.csv | csp_cost_ratios_2024.csv,https://data.openei.org/files/5716/2022 v3 Annual Technology Baseline Workbook Mid-year update 2-15-2023.xlsx | https://github.com/ReEDS-Model/ReEDS/blob/db6a1ba95836b649176fca50030e82a6b4cf9bb5/inputs/financials/deflator.csv | https://github.com/ReEDS-Model/ReEDS,[2020],"[{""file"":""atb_2022_workbook.xlsx"",""url"":""https://data.openei.org/files/5716/2022 v3 Annual Technology Baseline Workbook Mid-year update 2-15-2023.xlsx"",""sha256"":""5ad5e47373f0dea32991d5828831bb407550397f1956abda6870e6786134b87e"",""format"":""workbook"",""location"":""Solar - CSP!M145"",""dollar_year"":2020},{""file"":""deflator.csv"",""url"":""https://github.com/ReEDS-Model/ReEDS/blob/db6a1ba95836b649176fca50030e82a6b4cf9bb5/inputs/financials/deflator.csv"",""sha256"":""538d3afb409a3c89ce0f96a70867855f9bb64afa82776e875129b2547e329315"",""location"":""value_target=value_source*deflator[source_dollar_year]/deflator[target_dollar_year]"",""dollar_year"":""""},{""file"":""csp_cost_ratios_2024.csv"",""url"":""https://github.com/ReEDS-Model/ReEDS"",""sha256"":""169f3e4245529c4eebfaa78691d6de4584d56893be5a6fe3dd650050bb5cc9fa"",""location"":""CSP configuration ratios"",""dollar_year"":""""}]",ATB 2022 Moderate base-year estimate; year=release-2. Converted with the ReEDS deflator. CSP configuration ratio=0.61258577159.,2022
reeds,csp,csp4,Moderate,{},vom,2021,2.4244062070159056,USD/MWh,2022,calculated,atb_2023_flat_file.csv | deflator.csv | csp_cost_ratios_2024.csv,https://oedi-data-lake.s3.amazonaws.com/ATB/electricity/csv/2023/ATBe.csv | https://github.com/ReEDS-Model/ReEDS/blob/db6a1ba95836b649176fca50030e82a6b4cf9bb5/inputs/financials/deflator.csv | https://github.com/ReEDS-Model/ReEDS,[2021],"[{""file"":""atb_2023_flat_file.csv"",""url"":""https://oedi-data-lake.s3.amazonaws.com/ATB/electricity/csv/2023/ATBe.csv"",""sha256"":""5073733a55c84facceb25ec56b83d05d9c990155486111fff137854ccd2fab71"",""format"":""flat"",""location"":""CSV row 183436"",""dollar_year"":2021},{""file"":""deflator.csv"",""url"":""https://github.com/ReEDS-Model/ReEDS/blob/db6a1ba95836b649176fca50030e82a6b4cf9bb5/inputs/financials/deflator.csv"",""sha256"":""538d3afb409a3c89ce0f96a70867855f9bb64afa82776e875129b2547e329315"",""location"":""value_target=value_source*deflator[source_dollar_year]/deflator[target_dollar_year]"",""dollar_year"":""""},{""file"":""csp_cost_ratios_2024.csv"",""url"":""https://github.com/ReEDS-Model/ReEDS"",""sha256"":""169f3e4245529c4eebfaa78691d6de4584d56893be5a6fe3dd650050bb5cc9fa"",""location"":""CSP configuration ratios"",""dollar_year"":""""}]",ATB 2023 Moderate base-year estimate; year=release-2. Case: Market. Converted with the ReEDS deflator. CSP configuration ratio=0.61258577159.,2023
reeds,csp,csp4,Moderate,{},vom,2022,2.4244062047908796,USD/MWh,2022,calculated,atb_2024_flat_file.csv | deflator.csv | csp_cost_ratios_2024.csv,https://oedi-data-lake.s3.amazonaws.com/ATB/electricity/csv/2024/v3.0.0/ATBe.csv | https://github.com/ReEDS-Model/ReEDS/blob/db6a1ba95836b649176fca50030e82a6b4cf9bb5/inputs/financials/deflator.csv | https://github.com/ReEDS-Model/ReEDS,[2022],"[{""file"":""atb_2024_flat_file.csv"",""url"":""https://oedi-data-lake.s3.amazonaws.com/ATB/electricity/csv/2024/v3.0.0/ATBe.csv"",""sha256"":""b0f0de40786350ba8dd5eec9023540f72ceeb8ab4478bc31abaf1c0d5eb20959"",""format"":""flat"",""location"":""CSV row 13289"",""dollar_year"":2022},{""file"":""deflator.csv"",""url"":""https://github.com/ReEDS-Model/ReEDS/blob/db6a1ba95836b649176fca50030e82a6b4cf9bb5/inputs/financials/deflator.csv"",""sha256"":""538d3afb409a3c89ce0f96a70867855f9bb64afa82776e875129b2547e329315"",""location"":""value_target=value_source*deflator[source_dollar_year]/deflator[target_dollar_year]"",""dollar_year"":""""},{""file"":""csp_cost_ratios_2024.csv"",""url"":""https://github.com/ReEDS-Model/ReEDS"",""sha256"":""169f3e4245529c4eebfaa78691d6de4584d56893be5a6fe3dd650050bb5cc9fa"",""location"":""CSP configuration ratios"",""dollar_year"":""""}]",ATB 2024 Moderate base-year estimate; year=release-2. Case: Market. Unit from ATB parameter definition; CSV unit blank. Converted with the ReEDS deflator. CSP configuration ratio=0.61258577159.,2024
reeds,gas,Gas-CC,Moderate,{},capcost,2013,1232.8296104558826,USD/kW,2022,atb,atb_2015_workbook.xlsm | deflator.csv,https://docs.nlr.gov/docs/fy15osti/64077-DA.xlsm | https://github.com/ReEDS-Model/ReEDS/blob/db6a1ba95836b649176fca50030e82a6b4cf9bb5/inputs/financials/deflator.csv,[2013],"[{""file"":""atb_2015_workbook.xlsm"",""url"":""https://docs.nlr.gov/docs/fy15osti/64077-DA.xlsm"",""sha256"":""1f5e9a1d81f766d8c0a4e320dba9c27953321df5321ae3d04a854a23f7ca48df"",""format"":""workbook"",""location"":""Conventional - Gas!L33"",""dollar_year"":2013},{""file"":""deflator.csv"",""url"":""https://github.com/ReEDS-Model/ReEDS/blob/db6a1ba95836b649176fca50030e82a6b4cf9bb5/inputs/financials/deflator.csv"",""sha256"":""538d3afb409a3c89ce0f96a70867855f9bb64afa82776e875129b2547e329315"",""location"":""value_target=value_source*deflator[source_dollar_year]/deflator[target_dollar_year]"",""dollar_year"":""""}]",ATB 2015 Moderate base-year estimate; year=release-2. Converted with the ReEDS deflator.,2015
reeds,gas,Gas-CC,Moderate,{},capcost,2014,1255.5891367393906,USD/kW,2022,atb,atb_2016_workbook.xlsm | deflator.csv,https://docs.nlr.gov/docs/fy16osti/66944-DA.xlsm | https://github.com/ReEDS-Model/ReEDS/blob/db6a1ba95836b649176fca50030e82a6b4cf9bb5/inputs/financials/deflator.csv,[2014],"[{""file"":""atb_2016_workbook.xlsm"",""url"":""https://docs.nlr.gov/docs/fy16osti/66944-DA.xlsm"",""sha256"":""e622248d457ee99cba45474a7a7218a2bfd96f95d698d5a1099e3e2ea1b3b555"",""format"":""workbook"",""location"":""Conventional - Gas!L49"",""dollar_year"":2014},{""file"":""deflator.csv"",""url"":""https://github.com/ReEDS-Model/ReEDS/blob/db6a1ba95836b649176fca50030e82a6b4cf9bb5/inputs/financials/deflator.csv"",""sha256"":""538d3afb409a3c89ce0f96a70867855f9bb64afa82776e875129b2547e329315"",""location"":""value_target=value_source*deflator[source_dollar_year]/deflator[target_dollar_year]"",""dollar_year"":""""}]",ATB 2016 Moderate base-year estimate; year=release-2. Converted with the ReEDS deflator.,2016
reeds,gas,Gas-CC,Moderate,{},capcost,2015,1246.457176857647,USD/kW,2022,atb,atb_2017_workbook.xlsm | deflator.csv,https://data.nlr.gov/system/files/71/2017-ATB-data.xlsm | https://github.com/ReEDS-Model/ReEDS/blob/db6a1ba95836b649176fca50030e82a6b4cf9bb5/inputs/financials/deflator.csv,[2015],"[{""file"":""atb_2017_workbook.xlsm"",""url"":""https://data.nlr.gov/system/files/71/2017-ATB-data.xlsm"",""sha256"":""5712fc8d062ccb40aa6930edbf60ba1f8f4a13c08f7e4e532b78e24fa23ba55d"",""format"":""workbook"",""location"":""Natural Gas!L49"",""dollar_year"":2015},{""file"":""deflator.csv"",""url"":""https://github.com/ReEDS-Model/ReEDS/blob/db6a1ba95836b649176fca50030e82a6b4cf9bb5/inputs/financials/deflator.csv"",""sha256"":""538d3afb409a3c89ce0f96a70867855f9bb64afa82776e875129b2547e329315"",""location"":""value_target=value_source*deflator[source_dollar_year]/deflator[target_dollar_year]"",""dollar_year"":""""}]",ATB 2017 Moderate base-year estimate; year=release-2. Converted with the ReEDS deflator.,2017
reeds,gas,Gas-CC,Moderate,{},capcost,2016,1256.3008656015566,USD/kW,2022,atb,atb_2018_workbook.xlsm | deflator.csv,https://data.nlr.gov/system/files/89/2018-ATB-data-interim-geo.xlsm | https://github.com/ReEDS-Model/ReEDS/blob/db6a1ba95836b649176fca50030e82a6b4cf9bb5/inputs/financials/deflator.csv,[2016],"[{""file"":""atb_2018_workbook.xlsm"",""url"":""https://data.nlr.gov/system/files/89/2018-ATB-data-interim-geo.xlsm"",""sha256"":""975f5a963c817b0da3f9e762a3458fdbee58f11b3d80656eb3ba528d2901fbdf"",""format"":""workbook"",""location"":""Natural Gas!L49"",""dollar_year"":2016},{""file"":""deflator.csv"",""url"":""https://github.com/ReEDS-Model/ReEDS/blob/db6a1ba95836b649176fca50030e82a6b4cf9bb5/inputs/financials/deflator.csv"",""sha256"":""538d3afb409a3c89ce0f96a70867855f9bb64afa82776e875129b2547e329315"",""location"":""value_target=value_source*deflator[source_dollar_year]/deflator[target_dollar_year]"",""dollar_year"":""""}]",ATB 2018 Moderate base-year estimate; year=release-2. Converted with the ReEDS deflator.,2018
reeds,gas,Gas-CC,Moderate,{},capcost,2017,1081.2759933163813,USD/kW,2022,atb,atb_2019_workbook.xlsm | deflator.csv,https://data.nlr.gov/system/files/115/2019-ATB-data.xlsm | https://github.com/ReEDS-Model/ReEDS/blob/db6a1ba95836b649176fca50030e82a6b4cf9bb5/inputs/financials/deflator.csv,[2017],"[{""file"":""atb_2019_workbook.xlsm"",""url"":""https://data.nlr.gov/system/files/115/2019-ATB-data.xlsm"",""sha256"":""f7807beb3496c1cfde28ed2a3115abd1d88e968273eb90f52cfe89f1845de42b"",""format"":""workbook"",""location"":""Natural Gas!L49"",""dollar_year"":2017},{""file"":""deflator.csv"",""url"":""https://github.com/ReEDS-Model/ReEDS/blob/db6a1ba95836b649176fca50030e82a6b4cf9bb5/inputs/financials/deflator.csv"",""sha256"":""538d3afb409a3c89ce0f96a70867855f9bb64afa82776e875129b2547e329315"",""location"":""value_target=value_source*deflator[source_dollar_year]/deflator[target_dollar_year]"",""dollar_year"":""""}]",ATB 2019 Moderate base-year estimate; year=release-2. Converted with the ReEDS deflator.,2019
reeds,gas,Gas-CC,Moderate,{},capcost,2018,1216.592096686377,USD/kW,2022,atb,atb_2020_workbook.xlsm | deflator.csv,https://atb-archive.nlr.gov/electricity/2020/files/2020-ATB-Data.xlsm | https://github.com/ReEDS-Model/ReEDS/blob/db6a1ba95836b649176fca50030e82a6b4cf9bb5/inputs/financials/deflator.csv,[2018],"[{""file"":""atb_2020_workbook.xlsm"",""url"":""https://atb-archive.nlr.gov/electricity/2020/files/2020-ATB-Data.xlsm"",""sha256"":""2fc2ccf72853304e45803959c77d82806debe8b686eec294838a7ac5219a7a13"",""format"":""workbook"",""location"":""Natural Gas!L49"",""dollar_year"":2018},{""file"":""deflator.csv"",""url"":""https://github.com/ReEDS-Model/ReEDS/blob/db6a1ba95836b649176fca50030e82a6b4cf9bb5/inputs/financials/deflator.csv"",""sha256"":""538d3afb409a3c89ce0f96a70867855f9bb64afa82776e875129b2547e329315"",""location"":""value_target=value_source*deflator[source_dollar_year]/deflator[target_dollar_year]"",""dollar_year"":""""}]",ATB 2020 Moderate base-year estimate; year=release-2. Converted with the ReEDS deflator.,2020
reeds,gas,Gas-CC,Moderate,{},capcost,2019,1099.700285017685,USD/kW,2022,atb,atb_2021_workbook.xlsm | deflator.csv,https://data.openei.org/files/4129/2021-ATB-Data_Master_new.xlsm | https://github.com/ReEDS-Model/ReEDS/blob/db6a1ba95836b649176fca50030e82a6b4cf9bb5/inputs/financials/deflator.csv,[2019],"[{""file"":""atb_2021_workbook.xlsm"",""url"":""https://data.openei.org/files/4129/2021-ATB-Data_Master_new.xlsm"",""sha256"":""211bc492df941a58acac912edea27c2ac2abf6d74fb2a24355fda6660c055632"",""format"":""workbook"",""location"":""Natural Gas_FE!L157"",""dollar_year"":2019},{""file"":""deflator.csv"",""url"":""https://github.com/ReEDS-Model/ReEDS/blob/db6a1ba95836b649176fca50030e82a6b4cf9bb5/inputs/financials/deflator.csv"",""sha256"":""538d3afb409a3c89ce0f96a70867855f9bb64afa82776e875129b2547e329315"",""location"":""value_target=value_source*deflator[source_dollar_year]/deflator[target_dollar_year]"",""dollar_year"":""""}]",ATB 2021 Moderate base-year estimate; year=release-2. Converted with the ReEDS deflator.,2021
reeds,gas,Gas-CC,Moderate,{},capcost,2020,1070.558338539995,USD/kW,2022,atb,atb_2022_workbook.xlsx | deflator.csv,https://data.openei.org/files/5716/2022 v3 Annual Technology Baseline Workbook Mid-year update 2-15-2023.xlsx | https://github.com/ReEDS-Model/ReEDS/blob/db6a1ba95836b649176fca50030e82a6b4cf9bb5/inputs/financials/deflator.csv,[2020],"[{""file"":""atb_2022_workbook.xlsx"",""url"":""https://data.openei.org/files/5716/2022 v3 Annual Technology Baseline Workbook Mid-year update 2-15-2023.xlsx"",""sha256"":""5ad5e47373f0dea32991d5828831bb407550397f1956abda6870e6786134b87e"",""format"":""workbook"",""location"":""Natural Gas_FE!M158"",""dollar_year"":2020},{""file"":""deflator.csv"",""url"":""https://github.com/ReEDS-Model/ReEDS/blob/db6a1ba95836b649176fca50030e82a6b4cf9bb5/inputs/financials/deflator.csv"",""sha256"":""538d3afb409a3c89ce0f96a70867855f9bb64afa82776e875129b2547e329315"",""location"":""value_target=value_source*deflator[source_dollar_year]/deflator[target_dollar_year]"",""dollar_year"":""""}]",ATB 2022 Moderate base-year estimate; year=release-2. Converted with the ReEDS deflator.,2022
reeds,gas,Gas-CC,Moderate,{},capcost,2021,1205.7120011065558,USD/kW,2022,atb,atb_2023_flat_file.csv | deflator.csv,https://oedi-data-lake.s3.amazonaws.com/ATB/electricity/csv/2023/ATBe.csv | https://github.com/ReEDS-Model/ReEDS/blob/db6a1ba95836b649176fca50030e82a6b4cf9bb5/inputs/financials/deflator.csv,[2021],"[{""file"":""atb_2023_flat_file.csv"",""url"":""https://oedi-data-lake.s3.amazonaws.com/ATB/electricity/csv/2023/ATBe.csv"",""sha256"":""5073733a55c84facceb25ec56b83d05d9c990155486111fff137854ccd2fab71"",""format"":""flat"",""location"":""CSV row 176232"",""dollar_year"":2021},{""file"":""deflator.csv"",""url"":""https://github.com/ReEDS-Model/ReEDS/blob/db6a1ba95836b649176fca50030e82a6b4cf9bb5/inputs/financials/deflator.csv"",""sha256"":""538d3afb409a3c89ce0f96a70867855f9bb64afa82776e875129b2547e329315"",""location"":""value_target=value_source*deflator[source_dollar_year]/deflator[target_dollar_year]"",""dollar_year"":""""}]",ATB 2023 Moderate base-year estimate; year=release-2. Case: Market. Converted with the ReEDS deflator.,2023
reeds,gas,Gas-CC,Moderate,{},capcost,2022,1245.4,USD/kW,2022,atb,atb_2024_flat_file.csv | deflator.csv,https://oedi-data-lake.s3.amazonaws.com/ATB/electricity/csv/2024/v3.0.0/ATBe.csv | https://github.com/ReEDS-Model/ReEDS/blob/db6a1ba95836b649176fca50030e82a6b4cf9bb5/inputs/financials/deflator.csv,[2022],"[{""file"":""atb_2024_flat_file.csv"",""url"":""https://oedi-data-lake.s3.amazonaws.com/ATB/electricity/csv/2024/v3.0.0/ATBe.csv"",""sha256"":""b0f0de40786350ba8dd5eec9023540f72ceeb8ab4478bc31abaf1c0d5eb20959"",""format"":""flat"",""location"":""CSV row 64331"",""dollar_year"":2022},{""file"":""deflator.csv"",""url"":""https://github.com/ReEDS-Model/ReEDS/blob/db6a1ba95836b649176fca50030e82a6b4cf9bb5/inputs/financials/deflator.csv"",""sha256"":""538d3afb409a3c89ce0f96a70867855f9bb64afa82776e875129b2547e329315"",""location"":""value_target=value_source*deflator[source_dollar_year]/deflator[target_dollar_year]"",""dollar_year"":""""}]",ATB 2024 Moderate base-year estimate; year=release-2. Case: Market. Unit from ATB parameter definition; CSV unit blank. Converted with the ReEDS deflator.,2024
reeds,gas,Gas-CC,Moderate,{},cf_improvement,2013,0.465,fraction,,atb,atb_2015_workbook.xlsm,https://docs.nlr.gov/docs/fy15osti/64077-DA.xlsm,[2013],"[{""file"":""atb_2015_workbook.xlsm"",""url"":""https://docs.nlr.gov/docs/fy15osti/64077-DA.xlsm"",""sha256"":""1f5e9a1d81f766d8c0a4e320dba9c27953321df5321ae3d04a854a23f7ca48df"",""format"":""workbook"",""location"":""Conventional - Gas!L13"",""dollar_year"":2013}]",ATB 2015 Moderate base-year estimate; year=release-2.,2015
reeds,gas,Gas-CC,Moderate,{},cf_improvement,2014,0.478,fraction,,atb,atb_2016_workbook.xlsm,https://docs.nlr.gov/docs/fy16osti/66944-DA.xlsm,[2014],"[{""file"":""atb_2016_workbook.xlsm"",""url"":""https://docs.nlr.gov/docs/fy16osti/66944-DA.xlsm"",""sha256"":""e622248d457ee99cba45474a7a7218a2bfd96f95d698d5a1099e3e2ea1b3b555"",""format"":""workbook"",""location"":""Conventional - Gas!L14"",""dollar_year"":2014}]",ATB 2016 Moderate base-year estimate; year=release-2.,2016
reeds,gas,Gas-CC,Moderate,{},cf_improvement,2015,0.56,fraction,,atb,atb_2017_workbook.xlsm,https://data.nlr.gov/system/files/71/2017-ATB-data.xlsm,[2015],"[{""file"":""atb_2017_workbook.xlsm"",""url"":""https://data.nlr.gov/system/files/71/2017-ATB-data.xlsm"",""sha256"":""5712fc8d062ccb40aa6930edbf60ba1f8f4a13c08f7e4e532b78e24fa23ba55d"",""format"":""workbook"",""location"":""Natural Gas!L14"",""dollar_year"":2015}]",ATB 2017 Moderate base-year estimate; year=release-2.,2017
reeds,gas,Gas-CC,Moderate,{},cf_improvement,2016,0.555,fraction,,atb,atb_2018_workbook.xlsm,https://data.nlr.gov/system/files/89/2018-ATB-data-interim-geo.xlsm,[2016],"[{""file"":""atb_2018_workbook.xlsm"",""url"":""https://data.nlr.gov/system/files/89/2018-ATB-data-interim-geo.xlsm"",""sha256"":""975f5a963c817b0da3f9e762a3458fdbee58f11b3d80656eb3ba528d2901fbdf"",""format"":""workbook"",""location"":""Natural Gas!L14"",""dollar_year"":2016}]",ATB 2018 Moderate base-year estimate; year=release-2.,2018
reeds,gas,Gas-CC,Moderate,{},cf_improvement,2017,0.513,fraction,,atb,atb_2019_workbook.xlsm,https://data.nlr.gov/system/files/115/2019-ATB-data.xlsm,[2017],"[{""file"":""atb_2019_workbook.xlsm"",""url"":""https://data.nlr.gov/system/files/115/2019-ATB-data.xlsm"",""sha256"":""f7807beb3496c1cfde28ed2a3115abd1d88e968273eb90f52cfe89f1845de42b"",""format"":""workbook"",""location"":""Natural Gas!L14"",""dollar_year"":2017}]",ATB 2019 Moderate base-year estimate; year=release-2.,2019
reeds,gas,Gas-CC,Moderate,{},cf_improvement,2018,0.55,fraction,,atb,atb_2020_workbook.xlsm,https://atb-archive.nlr.gov/electricity/2020/files/2020-ATB-Data.xlsm,[2018],"[{""file"":""atb_2020_workbook.xlsm"",""url"":""https://atb-archive.nlr.gov/electricity/2020/files/2020-ATB-Data.xlsm"",""sha256"":""2fc2ccf72853304e45803959c77d82806debe8b686eec294838a7ac5219a7a13"",""format"":""workbook"",""location"":""Natural Gas!L14"",""dollar_year"":2018}]",ATB 2020 Moderate base-year estimate; year=release-2.,2020
reeds,gas,Gas-CC,Moderate,{},fom,2013,18.168966290153058,USD/kW-yr,2022,atb,atb_2015_workbook.xlsm | deflator.csv,https://docs.nlr.gov/docs/fy15osti/64077-DA.xlsm | https://github.com/ReEDS-Model/ReEDS/blob/db6a1ba95836b649176fca50030e82a6b4cf9bb5/inputs/financials/deflator.csv,[2013],"[{""file"":""atb_2015_workbook.xlsm"",""url"":""https://docs.nlr.gov/docs/fy15osti/64077-DA.xlsm"",""sha256"":""1f5e9a1d81f766d8c0a4e320dba9c27953321df5321ae3d04a854a23f7ca48df"",""format"":""workbook"",""location"":""Conventional - Gas!L37"",""dollar_year"":2013},{""file"":""deflator.csv"",""url"":""https://github.com/ReEDS-Model/ReEDS/blob/db6a1ba95836b649176fca50030e82a6b4cf9bb5/inputs/financials/deflator.csv"",""sha256"":""538d3afb409a3c89ce0f96a70867855f9bb64afa82776e875129b2547e329315"",""location"":""value_target=value_source*deflator[source_dollar_year]/deflator[target_dollar_year]"",""dollar_year"":""""}]",ATB 2015 Moderate base-year estimate; year=release-2. Converted with the ReEDS deflator.,2015
reeds,gas,Gas-CC,Moderate,{},fom,2014,17.892918459954483,USD/kW-yr,2022,atb,atb_2016_workbook.xlsm | deflator.csv,https://docs.nlr.gov/docs/fy16osti/66944-DA.xlsm | https://github.com/ReEDS-Model/ReEDS/blob/db6a1ba95836b649176fca50030e82a6b4cf9bb5/inputs/financials/deflator.csv,[2014],"[{""file"":""atb_2016_workbook.xlsm"",""url"":""https://docs.nlr.gov/docs/fy16osti/66944-DA.xlsm"",""sha256"":""e622248d457ee99cba45474a7a7218a2bfd96f95d698d5a1099e3e2ea1b3b555"",""format"":""workbook"",""location"":""Conventional - Gas!L56"",""dollar_year"":2014},{""file"":""deflator.csv"",""url"":""https://github.com/ReEDS-Model/ReEDS/blob/db6a1ba95836b649176fca50030e82a6b4cf9bb5/inputs/financials/deflator.csv"",""sha256"":""538d3afb409a3c89ce0f96a70867855f9bb64afa82776e875129b2547e329315"",""location"":""value_target=value_source*deflator[source_dollar_year]/deflator[target_dollar_year]"",""dollar_year"":""""}]",ATB 2016 Moderate base-year estimate; year=release-2. Converted with the ReEDS deflator.,2016
reeds,gas,Gas-CC,Moderate,{},fom,2015,12.609578905001982,USD/kW-yr,2022,atb,atb_2017_workbook.xlsm | deflator.csv,https://data.nlr.gov/system/files/71/2017-ATB-data.xlsm | https://github.com/ReEDS-Model/ReEDS/blob/db6a1ba95836b649176fca50030e82a6b4cf9bb5/inputs/financials/deflator.csv,[2015],"[{""file"":""atb_2017_workbook.xlsm"",""url"":""https://data.nlr.gov/system/files/71/2017-ATB-data.xlsm"",""sha256"":""5712fc8d062ccb40aa6930edbf60ba1f8f4a13c08f7e4e532b78e24fa23ba55d"",""format"":""workbook"",""location"":""Natural Gas!L56"",""dollar_year"":2015},{""file"":""deflator.csv"",""url"":""https://github.com/ReEDS-Model/ReEDS/blob/db6a1ba95836b649176fca50030e82a6b4cf9bb5/inputs/financials/deflator.csv"",""sha256"":""538d3afb409a3c89ce0f96a70867855f9bb64afa82776e875129b2547e329315"",""location"":""value_target=value_source*deflator[source_dollar_year]/deflator[target_dollar_year]"",""dollar_year"":""""}]",ATB 2017 Moderate base-year estimate; year=release-2. Converted with the ReEDS deflator.,2017
reeds,gas,Gas-CC,Moderate,{},fom,2016,12.650548543318864,USD/kW-yr,2022,atb,atb_2018_workbook.xlsm | deflator.csv,https://data.nlr.gov/system/files/89/2018-ATB-data-interim-geo.xlsm | https://github.com/ReEDS-Model/ReEDS/blob/db6a1ba95836b649176fca50030e82a6b4cf9bb5/inputs/financials/deflator.csv,[2016],"[{""file"":""atb_2018_workbook.xlsm"",""url"":""https://data.nlr.gov/system/files/89/2018-ATB-data-interim-geo.xlsm"",""sha256"":""975f5a963c817b0da3f9e762a3458fdbee58f11b3d80656eb3ba528d2901fbdf"",""format"":""workbook"",""location"":""Natural Gas!L56"",""dollar_year"":2016},{""file"":""deflator.csv"",""url"":""https://github.com/ReEDS-Model/ReEDS/blob/db6a1ba95836b649176fca50030e82a6b4cf9bb5/inputs/financials/deflator.csv"",""sha256"":""538d3afb409a3c89ce0f96a70867855f9bb64afa82776e875129b2547e329315"",""location"":""value_target=value_source*deflator[source_dollar_year]/deflator[target_dollar_year]"",""dollar_year"":""""}]",ATB 2018 Moderate base-year estimate; year=release-2. Converted with the ReEDS deflator.,2018
reeds,gas,Gas-CC,Moderate,{},fom,2017,12.596868702203695,USD/kW-yr,2022,atb,atb_2019_workbook.xlsm | deflator.csv,https://data.nlr.gov/system/files/115/2019-ATB-data.xlsm | https://github.com/ReEDS-Model/ReEDS/blob/db6a1ba95836b649176fca50030e82a6b4cf9bb5/inputs/financials/deflator.csv,[2017],"[{""file"":""atb_2019_workbook.xlsm"",""url"":""https://data.nlr.gov/system/files/115/2019-ATB-data.xlsm"",""sha256"":""f7807beb3496c1cfde28ed2a3115abd1d88e968273eb90f52cfe89f1845de42b"",""format"":""workbook"",""location"":""Natural Gas!L56"",""dollar_year"":2017},{""file"":""deflator.csv"",""url"":""https://github.com/ReEDS-Model/ReEDS/blob/db6a1ba95836b649176fca50030e82a6b4cf9bb5/inputs/financials/deflator.csv"",""sha256"":""538d3afb409a3c89ce0f96a70867855f9bb64afa82776e875129b2547e329315"",""location"":""value_target=value_source*deflator[source_dollar_year]/deflator[target_dollar_year]"",""dollar_year"":""""}]",ATB 2019 Moderate base-year estimate; year=release-2. Converted with the ReEDS deflator.,2019
reeds,gas,Gas-CC,Moderate,{},fom,2018,14.984989832679604,USD/kW-yr,2022,atb,atb_2020_workbook.xlsm | deflator.csv,https://atb-archive.nlr.gov/electricity/2020/files/2020-ATB-Data.xlsm | https://github.com/ReEDS-Model/ReEDS/blob/db6a1ba95836b649176fca50030e82a6b4cf9bb5/inputs/financials/deflator.csv,[2018],"[{""file"":""atb_2020_workbook.xlsm"",""url"":""https://atb-archive.nlr.gov/electricity/2020/files/2020-ATB-Data.xlsm"",""sha256"":""2fc2ccf72853304e45803959c77d82806debe8b686eec294838a7ac5219a7a13"",""format"":""workbook"",""location"":""Natural Gas!L56"",""dollar_year"":2018},{""file"":""deflator.csv"",""url"":""https://github.com/ReEDS-Model/ReEDS/blob/db6a1ba95836b649176fca50030e82a6b4cf9bb5/inputs/financials/deflator.csv"",""sha256"":""538d3afb409a3c89ce0f96a70867855f9bb64afa82776e875129b2547e329315"",""location"":""value_target=value_source*deflator[source_dollar_year]/deflator[target_dollar_year]"",""dollar_year"":""""}]",ATB 2020 Moderate base-year estimate; year=release-2. Converted with the ReEDS deflator.,2020
reeds,gas,Gas-CC,Moderate,{},fom,2019,31.24018499581977,USD/kW-yr,2022,atb,atb_2021_workbook.xlsm | deflator.csv,https://data.openei.org/files/4129/2021-ATB-Data_Master_new.xlsm | https://github.com/ReEDS-Model/ReEDS/blob/db6a1ba95836b649176fca50030e82a6b4cf9bb5/inputs/financials/deflator.csv,[2019],"[{""file"":""atb_2021_workbook.xlsm"",""url"":""https://data.openei.org/files/4129/2021-ATB-Data_Master_new.xlsm"",""sha256"":""211bc492df941a58acac912edea27c2ac2abf6d74fb2a24355fda6660c055632"",""format"":""workbook"",""location"":""Natural Gas_FE!L177"",""dollar_year"":2019},{""file"":""deflator.csv"",""url"":""https://github.com/ReEDS-Model/ReEDS/blob/db6a1ba95836b649176fca50030e82a6b4cf9bb5/inputs/financials/deflator.csv"",""sha256"":""538d3afb409a3c89ce0f96a70867855f9bb64afa82776e875129b2547e329315"",""location"":""value_target=value_source*deflator[source_dollar_year]/deflator[target_dollar_year]"",""dollar_year"":""""}]",ATB 2021 Moderate base-year estimate; year=release-2. Converted with the ReEDS deflator.,2021
reeds,gas,Gas-CC,Moderate,{},fom,2020,31.593434427740362,USD/kW-yr,2022,atb,atb_2022_workbook.xlsx | deflator.csv,https://data.openei.org/files/5716/2022 v3 Annual Technology Baseline Workbook Mid-year update 2-15-2023.xlsx | https://github.com/ReEDS-Model/ReEDS/blob/db6a1ba95836b649176fca50030e82a6b4cf9bb5/inputs/financials/deflator.csv,[2020],"[{""file"":""atb_2022_workbook.xlsx"",""url"":""https://data.openei.org/files/5716/2022 v3 Annual Technology Baseline Workbook Mid-year update 2-15-2023.xlsx"",""sha256"":""5ad5e47373f0dea32991d5828831bb407550397f1956abda6870e6786134b87e"",""format"":""workbook"",""location"":""Natural Gas_FE!M181"",""dollar_year"":2020},{""file"":""deflator.csv"",""url"":""https://github.com/ReEDS-Model/ReEDS/blob/db6a1ba95836b649176fca50030e82a6b4cf9bb5/inputs/financials/deflator.csv"",""sha256"":""538d3afb409a3c89ce0f96a70867855f9bb64afa82776e875129b2547e329315"",""location"":""value_target=value_source*deflator[source_dollar_year]/deflator[target_dollar_year]"",""dollar_year"":""""}]",ATB 2022 Moderate base-year estimate; year=release-2. Converted with the ReEDS deflator.,2022
reeds,gas,Gas-CC,Moderate,{},fom,2021,33.58800003082577,USD/kW-yr,2022,atb,atb_2023_flat_file.csv | deflator.csv,https://oedi-data-lake.s3.amazonaws.com/ATB/electricity/csv/2023/ATBe.csv | https://github.com/ReEDS-Model/ReEDS/blob/db6a1ba95836b649176fca50030e82a6b4cf9bb5/inputs/financials/deflator.csv,[2021],"[{""file"":""atb_2023_flat_file.csv"",""url"":""https://oedi-data-lake.s3.amazonaws.com/ATB/electricity/csv/2023/ATBe.csv"",""sha256"":""5073733a55c84facceb25ec56b83d05d9c990155486111fff137854ccd2fab71"",""format"":""flat"",""location"":""CSV row 145324"",""dollar_year"":2021},{""file"":""deflator.csv"",""url"":""https://github.com/ReEDS-Model/ReEDS/blob/db6a1ba95836b649176fca50030e82a6b4cf9bb5/inputs/financials/deflator.csv"",""sha256"":""538d3afb409a3c89ce0f96a70867855f9bb64afa82776e875129b2547e329315"",""location"":""value_target=value_source*deflator[source_dollar_year]/deflator[target_dollar_year]"",""dollar_year"":""""}]",ATB 2023 Moderate base-year estimate; year=release-2. Case: Market. Converted with the ReEDS deflator.,2023
reeds,gas,Gas-CC,Moderate,{},fom,2022,34.5,USD/kW-yr,2022,atb,atb_2024_flat_file.csv | deflator.csv,https://oedi-data-lake.s3.amazonaws.com/ATB/electricity/csv/2024/v3.0.0/ATBe.csv | https://github.com/ReEDS-Model/ReEDS/blob/db6a1ba95836b649176fca50030e82a6b4cf9bb5/inputs/financials/deflator.csv,[2022],"[{""file"":""atb_2024_flat_file.csv"",""url"":""https://oedi-data-lake.s3.amazonaws.com/ATB/electricity/csv/2024/v3.0.0/ATBe.csv"",""sha256"":""b0f0de40786350ba8dd5eec9023540f72ceeb8ab4478bc31abaf1c0d5eb20959"",""format"":""flat"",""location"":""CSV row 64756"",""dollar_year"":2022},{""file"":""deflator.csv"",""url"":""https://github.com/ReEDS-Model/ReEDS/blob/db6a1ba95836b649176fca50030e82a6b4cf9bb5/inputs/financials/deflator.csv"",""sha256"":""538d3afb409a3c89ce0f96a70867855f9bb64afa82776e875129b2547e329315"",""location"":""value_target=value_source*deflator[source_dollar_year]/deflator[target_dollar_year]"",""dollar_year"":""""}]",ATB 2024 Moderate base-year estimate; year=release-2. Case: Market. Unit from ATB parameter definition; CSV unit blank. Converted with the ReEDS deflator.,2024
reeds,gas,Gas-CC,Moderate,{},heatrate,2013,6.74,MMBtu/MWh,,atb,atb_2015_workbook.xlsm,https://docs.nlr.gov/docs/fy15osti/64077-DA.xlsm,[2013],"[{""file"":""atb_2015_workbook.xlsm"",""url"":""https://docs.nlr.gov/docs/fy15osti/64077-DA.xlsm"",""sha256"":""1f5e9a1d81f766d8c0a4e320dba9c27953321df5321ae3d04a854a23f7ca48df"",""format"":""workbook"",""location"":""Conventional - Gas!L21"",""dollar_year"":2013}]",ATB 2015 Moderate base-year estimate; year=release-2.,2015
reeds,gas,Gas-CC,Moderate,{},heatrate,2014,6.693733333333333,MMBtu/MWh,,atb,atb_2016_workbook.xlsm,https://docs.nlr.gov/docs/fy16osti/66944-DA.xlsm,[2014],"[{""file"":""atb_2016_workbook.xlsm"",""url"":""https://docs.nlr.gov/docs/fy16osti/66944-DA.xlsm"",""sha256"":""e622248d457ee99cba45474a7a7218a2bfd96f95d698d5a1099e3e2ea1b3b555"",""format"":""workbook"",""location"":""Conventional - Gas!L28"",""dollar_year"":2014}]",ATB 2016 Moderate base-year estimate; year=release-2.,2016
reeds,gas,Gas-CC,Moderate,{},heatrate,2015,6.4625,MMBtu/MWh,,atb,atb_2017_workbook.xlsm,https://data.nlr.gov/system/files/71/2017-ATB-data.xlsm,[2015],"[{""file"":""atb_2017_workbook.xlsm"",""url"":""https://data.nlr.gov/system/files/71/2017-ATB-data.xlsm"",""sha256"":""5712fc8d062ccb40aa6930edbf60ba1f8f4a13c08f7e4e532b78e24fa23ba55d"",""format"":""workbook"",""location"":""Natural Gas!L28"",""dollar_year"":2015}]",ATB 2017 Moderate base-year estimate; year=release-2.,2017
reeds,gas,Gas-CC,Moderate,{},heatrate,2016,6.4625,MMBtu/MWh,,atb,atb_2018_workbook.xlsm,https://data.nlr.gov/system/files/89/2018-ATB-data-interim-geo.xlsm,[2016],"[{""file"":""atb_2018_workbook.xlsm"",""url"":""https://data.nlr.gov/system/files/89/2018-ATB-data-interim-geo.xlsm"",""sha256"":""975f5a963c817b0da3f9e762a3458fdbee58f11b3d80656eb3ba528d2901fbdf"",""format"":""workbook"",""location"":""Natural Gas!L28"",""dollar_year"":2016}]",ATB 2018 Moderate base-year estimate; year=release-2.,2018
reeds,gas,Gas-CC,Moderate,{},heatrate,2017,6.45,MMBtu/MWh,,atb,atb_2019_workbook.xlsm,https://data.nlr.gov/system/files/115/2019-ATB-data.xlsm,[2017],"[{""file"":""atb_2019_workbook.xlsm"",""url"":""https://data.nlr.gov/system/files/115/2019-ATB-data.xlsm"",""sha256"":""f7807beb3496c1cfde28ed2a3115abd1d88e968273eb90f52cfe89f1845de42b"",""format"":""workbook"",""location"":""Natural Gas!L28"",""dollar_year"":2017}]",ATB 2019 Moderate base-year estimate; year=release-2.,2019
reeds,gas,Gas-CC,Moderate,{},heatrate,2018,6.4005,MMBtu/MWh,,atb,atb_2020_workbook.xlsm,https://atb-archive.nlr.gov/electricity/2020/files/2020-ATB-Data.xlsm,[2018],"[{""file"":""atb_2020_workbook.xlsm"",""url"":""https://atb-archive.nlr.gov/electricity/2020/files/2020-ATB-Data.xlsm"",""sha256"":""2fc2ccf72853304e45803959c77d82806debe8b686eec294838a7ac5219a7a13"",""format"":""workbook"",""location"":""Natural Gas!L28"",""dollar_year"":2018}]",ATB 2020 Moderate base-year estimate; year=release-2.,2020
reeds,gas,Gas-CC,Moderate,{},heatrate,2019,6.363,MMBtu/MWh,,atb,atb_2021_workbook.xlsm,https://data.openei.org/files/4129/2021-ATB-Data_Master_new.xlsm,[2019],"[{""file"":""atb_2021_workbook.xlsm"",""url"":""https://data.openei.org/files/4129/2021-ATB-Data_Master_new.xlsm"",""sha256"":""211bc492df941a58acac912edea27c2ac2abf6d74fb2a24355fda6660c055632"",""format"":""workbook"",""location"":""Natural Gas_FE!L97"",""dollar_year"":2019}]",ATB 2021 Moderate base-year estimate; year=release-2.,2021
reeds,gas,Gas-CC,Moderate,{},heatrate,2020,6.36323,MMBtu/MWh,,atb,atb_2022_workbook.xlsx,https://data.openei.org/files/5716/2022 v3 Annual Technology Baseline Workbook Mid-year update 2-15-2023.xlsx,[2020],"[{""file"":""atb_2022_workbook.xlsx"",""url"":""https://data.openei.org/files/5716/2022 v3 Annual Technology Baseline Workbook Mid-year update 2-15-2023.xlsx"",""sha256"":""5ad5e47373f0dea32991d5828831bb407550397f1956abda6870e6786134b87e"",""format"":""workbook"",""location"":""Natural Gas_FE!M89"",""dollar_year"":2020}]",ATB 2022 Moderate base-year estimate; year=release-2.,2022
reeds,gas,Gas-CC,Moderate,{},heatrate,2021,6.363,MMBtu/MWh,,atb,atb_2023_flat_file.csv,https://oedi-data-lake.s3.amazonaws.com/ATB/electricity/csv/2023/ATBe.csv,[2021],"[{""file"":""atb_2023_flat_file.csv"",""url"":""https://oedi-data-lake.s3.amazonaws.com/ATB/electricity/csv/2023/ATBe.csv"",""sha256"":""5073733a55c84facceb25ec56b83d05d9c990155486111fff137854ccd2fab71"",""format"":""flat"",""location"":""CSV row 154328"",""dollar_year"":2021}]",ATB 2023 Moderate base-year estimate; year=release-2. Case: Market.,2023
reeds,gas,Gas-CC,Moderate,{},heatrate,2022,6.363,MMBtu/MWh,,atb,atb_2024_flat_file.csv,https://oedi-data-lake.s3.amazonaws.com/ATB/electricity/csv/2024/v3.0.0/ATBe.csv,[2022],"[{""file"":""atb_2024_flat_file.csv"",""url"":""https://oedi-data-lake.s3.amazonaws.com/ATB/electricity/csv/2024/v3.0.0/ATBe.csv"",""sha256"":""b0f0de40786350ba8dd5eec9023540f72ceeb8ab4478bc31abaf1c0d5eb20959"",""format"":""flat"",""location"":""CSV row 64116"",""dollar_year"":2022}]",ATB 2024 Moderate base-year estimate; year=release-2. Case: Market. Unit from ATB parameter definition; CSV unit blank.,2024
reeds,gas,Gas-CC,Moderate,{},vom,2013,4.379122400043796,USD/MWh,2022,atb,atb_2015_workbook.xlsm | deflator.csv,https://docs.nlr.gov/docs/fy15osti/64077-DA.xlsm | https://github.com/ReEDS-Model/ReEDS/blob/db6a1ba95836b649176fca50030e82a6b4cf9bb5/inputs/financials/deflator.csv,[2013],"[{""file"":""atb_2015_workbook.xlsm"",""url"":""https://docs.nlr.gov/docs/fy15osti/64077-DA.xlsm"",""sha256"":""1f5e9a1d81f766d8c0a4e320dba9c27953321df5321ae3d04a854a23f7ca48df"",""format"":""workbook"",""location"":""Conventional - Gas!L41"",""dollar_year"":2013},{""file"":""deflator.csv"",""url"":""https://github.com/ReEDS-Model/ReEDS/blob/db6a1ba95836b649176fca50030e82a6b4cf9bb5/inputs/financials/deflator.csv"",""sha256"":""538d3afb409a3c89ce0f96a70867855f9bb64afa82776e875129b2547e329315"",""location"":""value_target=value_source*deflator[source_dollar_year]/deflator[target_dollar_year]"",""dollar_year"":""""}]",ATB 2015 Moderate base-year estimate; year=release-2. Converted with the ReEDS deflator.,2015
reeds,gas,Gas-CC,Moderate,{},vom,2014,4.310110442492542,USD/MWh,2022,atb,atb_2016_workbook.xlsm | deflator.csv,https://docs.nlr.gov/docs/fy16osti/66944-DA.xlsm | https://github.com/ReEDS-Model/ReEDS/blob/db6a1ba95836b649176fca50030e82a6b4cf9bb5/inputs/financials/deflator.csv,[2014],"[{""file"":""atb_2016_workbook.xlsm"",""url"":""https://docs.nlr.gov/docs/fy16osti/66944-DA.xlsm"",""sha256"":""e622248d457ee99cba45474a7a7218a2bfd96f95d698d5a1099e3e2ea1b3b555"",""format"":""workbook"",""location"":""Conventional - Gas!L63"",""dollar_year"":2014},{""file"":""deflator.csv"",""url"":""https://github.com/ReEDS-Model/ReEDS/blob/db6a1ba95836b649176fca50030e82a6b4cf9bb5/inputs/financials/deflator.csv"",""sha256"":""538d3afb409a3c89ce0f96a70867855f9bb64afa82776e875129b2547e329315"",""location"":""value_target=value_source*deflator[source_dollar_year]/deflator[target_dollar_year]"",""dollar_year"":""""}]",ATB 2016 Moderate base-year estimate; year=release-2. Converted with the ReEDS deflator.,2016
reeds,gas,Gas-CC,Moderate,{},vom,2015,3.3049543176981717,USD/MWh,2022,atb,atb_2017_workbook.xlsm | deflator.csv,https://data.nlr.gov/system/files/71/2017-ATB-data.xlsm | https://github.com/ReEDS-Model/ReEDS/blob/db6a1ba95836b649176fca50030e82a6b4cf9bb5/inputs/financials/deflator.csv,[2015],"[{""file"":""atb_2017_workbook.xlsm"",""url"":""https://data.nlr.gov/system/files/71/2017-ATB-data.xlsm"",""sha256"":""5712fc8d062ccb40aa6930edbf60ba1f8f4a13c08f7e4e532b78e24fa23ba55d"",""format"":""workbook"",""location"":""Natural Gas!L63"",""dollar_year"":2015},{""file"":""deflator.csv"",""url"":""https://github.com/ReEDS-Model/ReEDS/blob/db6a1ba95836b649176fca50030e82a6b4cf9bb5/inputs/financials/deflator.csv"",""sha256"":""538d3afb409a3c89ce0f96a70867855f9bb64afa82776e875129b2547e329315"",""location"":""value_target=value_source*deflator[source_dollar_year]/deflator[target_dollar_year]"",""dollar_year"":""""}]",ATB 2017 Moderate base-year estimate; year=release-2. Converted with the ReEDS deflator.,2017
reeds,gas,Gas-CC,Moderate,{},vom,2016,3.3162211174376655,USD/MWh,2022,atb,atb_2018_workbook.xlsm | deflator.csv,https://data.nlr.gov/system/files/89/2018-ATB-data-interim-geo.xlsm | https://github.com/ReEDS-Model/ReEDS/blob/db6a1ba95836b649176fca50030e82a6b4cf9bb5/inputs/financials/deflator.csv,[2016],"[{""file"":""atb_2018_workbook.xlsm"",""url"":""https://data.nlr.gov/system/files/89/2018-ATB-data-interim-geo.xlsm"",""sha256"":""975f5a963c817b0da3f9e762a3458fdbee58f11b3d80656eb3ba528d2901fbdf"",""format"":""workbook"",""location"":""Natural Gas!L63"",""dollar_year"":2016},{""file"":""deflator.csv"",""url"":""https://github.com/ReEDS-Model/ReEDS/blob/db6a1ba95836b649176fca50030e82a6b4cf9bb5/inputs/financials/deflator.csv"",""sha256"":""538d3afb409a3c89ce0f96a70867855f9bb64afa82776e875129b2547e329315"",""location"":""value_target=value_source*deflator[source_dollar_year]/deflator[target_dollar_year]"",""dollar_year"":""""}]",ATB 2018 Moderate base-year estimate; year=release-2. Converted with the ReEDS deflator.,2018
reeds,gas,Gas-CC,Moderate,{},vom,2017,3.3042922637409315,USD/MWh,2022,atb,atb_2019_workbook.xlsm | deflator.csv,https://data.nlr.gov/system/files/115/2019-ATB-data.xlsm | https://github.com/ReEDS-Model/ReEDS/blob/db6a1ba95836b649176fca50030e82a6b4cf9bb5/inputs/financials/deflator.csv,[2017],"[{""file"":""atb_2019_workbook.xlsm"",""url"":""https://data.nlr.gov/system/files/115/2019-ATB-data.xlsm"",""sha256"":""f7807beb3496c1cfde28ed2a3115abd1d88e968273eb90f52cfe89f1845de42b"",""format"":""workbook"",""location"":""Natural Gas!L63"",""dollar_year"":2017},{""file"":""deflator.csv"",""url"":""https://github.com/ReEDS-Model/ReEDS/blob/db6a1ba95836b649176fca50030e82a6b4cf9bb5/inputs/financials/deflator.csv"",""sha256"":""538d3afb409a3c89ce0f96a70867855f9bb64afa82776e875129b2547e329315"",""location"":""value_target=value_source*deflator[source_dollar_year]/deflator[target_dollar_year]"",""dollar_year"":""""}]",ATB 2019 Moderate base-year estimate; year=release-2. Converted with the ReEDS deflator.,2019
reeds,gas,Gas-CC,Moderate,{},vom,2018,2.5175240650549933,USD/MWh,2022,atb,atb_2020_workbook.xlsm | deflator.csv,https://atb-archive.nlr.gov/electricity/2020/files/2020-ATB-Data.xlsm | https://github.com/ReEDS-Model/ReEDS/blob/db6a1ba95836b649176fca50030e82a6b4cf9bb5/inputs/financials/deflator.csv,[2018],"[{""file"":""atb_2020_workbook.xlsm"",""url"":""https://atb-archive.nlr.gov/electricity/2020/files/2020-ATB-Data.xlsm"",""sha256"":""2fc2ccf72853304e45803959c77d82806debe8b686eec294838a7ac5219a7a13"",""format"":""workbook"",""location"":""Natural Gas!L63"",""dollar_year"":2018},{""file"":""deflator.csv"",""url"":""https://github.com/ReEDS-Model/ReEDS/blob/db6a1ba95836b649176fca50030e82a6b4cf9bb5/inputs/financials/deflator.csv"",""sha256"":""538d3afb409a3c89ce0f96a70867855f9bb64afa82776e875129b2547e329315"",""location"":""value_target=value_source*deflator[source_dollar_year]/deflator[target_dollar_year]"",""dollar_year"":""""}]",ATB 2020 Moderate base-year estimate; year=release-2. Converted with the ReEDS deflator.,2020
reeds,gas,Gas-CC,Moderate,{},vom,2019,1.9911326700632381,USD/MWh,2022,atb,atb_2021_workbook.xlsm | deflator.csv,https://data.openei.org/files/4129/2021-ATB-Data_Master_new.xlsm | https://github.com/ReEDS-Model/ReEDS/blob/db6a1ba95836b649176fca50030e82a6b4cf9bb5/inputs/financials/deflator.csv,[2019],"[{""file"":""atb_2021_workbook.xlsm"",""url"":""https://data.openei.org/files/4129/2021-ATB-Data_Master_new.xlsm"",""sha256"":""211bc492df941a58acac912edea27c2ac2abf6d74fb2a24355fda6660c055632"",""format"":""workbook"",""location"":""Natural Gas_FE!L197"",""dollar_year"":2019},{""file"":""deflator.csv"",""url"":""https://github.com/ReEDS-Model/ReEDS/blob/db6a1ba95836b649176fca50030e82a6b4cf9bb5/inputs/financials/deflator.csv"",""sha256"":""538d3afb409a3c89ce0f96a70867855f9bb64afa82776e875129b2547e329315"",""location"":""value_target=value_source*deflator[source_dollar_year]/deflator[target_dollar_year]"",""dollar_year"":""""}]",ATB 2021 Moderate base-year estimate; year=release-2. Converted with the ReEDS deflator.,2021
reeds,gas,Gas-CC,Moderate,{},vom,2020,2.0127528017672813,USD/MWh,2022,atb,atb_2022_workbook.xlsx | deflator.csv,https://data.openei.org/files/5716/2022 v3 Annual Technology Baseline Workbook Mid-year update 2-15-2023.xlsx | https://github.com/ReEDS-Model/ReEDS/blob/db6a1ba95836b649176fca50030e82a6b4cf9bb5/inputs/financials/deflator.csv,[2020],"[{""file"":""atb_2022_workbook.xlsx"",""url"":""https://data.openei.org/files/5716/2022 v3 Annual Technology Baseline Workbook Mid-year update 2-15-2023.xlsx"",""sha256"":""5ad5e47373f0dea32991d5828831bb407550397f1956abda6870e6786134b87e"",""format"":""workbook"",""location"":""Natural Gas_FE!M204"",""dollar_year"":2020},{""file"":""deflator.csv"",""url"":""https://github.com/ReEDS-Model/ReEDS/blob/db6a1ba95836b649176fca50030e82a6b4cf9bb5/inputs/financials/deflator.csv"",""sha256"":""538d3afb409a3c89ce0f96a70867855f9bb64afa82776e875129b2547e329315"",""location"":""value_target=value_source*deflator[source_dollar_year]/deflator[target_dollar_year]"",""dollar_year"":""""}]",ATB 2022 Moderate base-year estimate; year=release-2. Converted with the ReEDS deflator.,2022
reeds,gas,Gas-CC,Moderate,{},vom,2021,2.1168000019427167,USD/MWh,2022,atb,atb_2023_flat_file.csv | deflator.csv,https://oedi-data-lake.s3.amazonaws.com/ATB/electricity/csv/2023/ATBe.csv | https://github.com/ReEDS-Model/ReEDS/blob/db6a1ba95836b649176fca50030e82a6b4cf9bb5/inputs/financials/deflator.csv,[2021],"[{""file"":""atb_2023_flat_file.csv"",""url"":""https://oedi-data-lake.s3.amazonaws.com/ATB/electricity/csv/2023/ATBe.csv"",""sha256"":""5073733a55c84facceb25ec56b83d05d9c990155486111fff137854ccd2fab71"",""format"":""flat"",""location"":""CSV row 183886"",""dollar_year"":2021},{""file"":""deflator.csv"",""url"":""https://github.com/ReEDS-Model/ReEDS/blob/db6a1ba95836b649176fca50030e82a6b4cf9bb5/inputs/financials/deflator.csv"",""sha256"":""538d3afb409a3c89ce0f96a70867855f9bb64afa82776e875129b2547e329315"",""location"":""value_target=value_source*deflator[source_dollar_year]/deflator[target_dollar_year]"",""dollar_year"":""""}]",ATB 2023 Moderate base-year estimate; year=release-2. Case: Market. Converted with the ReEDS deflator.,2023
reeds,gas,Gas-CC,Moderate,{},vom,2022,2.17,USD/MWh,2022,atb,atb_2024_flat_file.csv | deflator.csv,https://oedi-data-lake.s3.amazonaws.com/ATB/electricity/csv/2024/v3.0.0/ATBe.csv | https://github.com/ReEDS-Model/ReEDS/blob/db6a1ba95836b649176fca50030e82a6b4cf9bb5/inputs/financials/deflator.csv,[2022],"[{""file"":""atb_2024_flat_file.csv"",""url"":""https://oedi-data-lake.s3.amazonaws.com/ATB/electricity/csv/2024/v3.0.0/ATBe.csv"",""sha256"":""b0f0de40786350ba8dd5eec9023540f72ceeb8ab4478bc31abaf1c0d5eb20959"",""format"":""flat"",""location"":""CSV row 64941"",""dollar_year"":2022},{""file"":""deflator.csv"",""url"":""https://github.com/ReEDS-Model/ReEDS/blob/db6a1ba95836b649176fca50030e82a6b4cf9bb5/inputs/financials/deflator.csv"",""sha256"":""538d3afb409a3c89ce0f96a70867855f9bb64afa82776e875129b2547e329315"",""location"":""value_target=value_source*deflator[source_dollar_year]/deflator[target_dollar_year]"",""dollar_year"":""""}]",ATB 2024 Moderate base-year estimate; year=release-2. Case: Market. Unit from ATB parameter definition; CSV unit blank. Converted with the ReEDS deflator.,2024
reeds,gas,Gas-CC_H_1x1,Moderate,{},capcost,2022,1482.1,USD/kW,2022,atb,atb_2024_flat_file.csv | deflator.csv,https://oedi-data-lake.s3.amazonaws.com/ATB/electricity/csv/2024/v3.0.0/ATBe.csv | https://github.com/ReEDS-Model/ReEDS/blob/db6a1ba95836b649176fca50030e82a6b4cf9bb5/inputs/financials/deflator.csv,[2022],"[{""file"":""atb_2024_flat_file.csv"",""url"":""https://oedi-data-lake.s3.amazonaws.com/ATB/electricity/csv/2024/v3.0.0/ATBe.csv"",""sha256"":""b0f0de40786350ba8dd5eec9023540f72ceeb8ab4478bc31abaf1c0d5eb20959"",""format"":""flat"",""location"":""CSV row 64395"",""dollar_year"":2022},{""file"":""deflator.csv"",""url"":""https://github.com/ReEDS-Model/ReEDS/blob/db6a1ba95836b649176fca50030e82a6b4cf9bb5/inputs/financials/deflator.csv"",""sha256"":""538d3afb409a3c89ce0f96a70867855f9bb64afa82776e875129b2547e329315"",""location"":""value_target=value_source*deflator[source_dollar_year]/deflator[target_dollar_year]"",""dollar_year"":""""}]",ATB 2024 Moderate base-year estimate; year=release-2. Case: Market. Unit from ATB parameter definition; CSV unit blank. Converted with the ReEDS deflator.,2024
reeds,gas,Gas-CC_H_1x1,Moderate,{},fom,2022,39.8,USD/kW-yr,2022,atb,atb_2024_flat_file.csv | deflator.csv,https://oedi-data-lake.s3.amazonaws.com/ATB/electricity/csv/2024/v3.0.0/ATBe.csv | https://github.com/ReEDS-Model/ReEDS/blob/db6a1ba95836b649176fca50030e82a6b4cf9bb5/inputs/financials/deflator.csv,[2022],"[{""file"":""atb_2024_flat_file.csv"",""url"":""https://oedi-data-lake.s3.amazonaws.com/ATB/electricity/csv/2024/v3.0.0/ATBe.csv"",""sha256"":""b0f0de40786350ba8dd5eec9023540f72ceeb8ab4478bc31abaf1c0d5eb20959"",""format"":""flat"",""location"":""CSV row 64792"",""dollar_year"":2022},{""file"":""deflator.csv"",""url"":""https://github.com/ReEDS-Model/ReEDS/blob/db6a1ba95836b649176fca50030e82a6b4cf9bb5/inputs/financials/deflator.csv"",""sha256"":""538d3afb409a3c89ce0f96a70867855f9bb64afa82776e875129b2547e329315"",""location"":""value_target=value_source*deflator[source_dollar_year]/deflator[target_dollar_year]"",""dollar_year"":""""}]",ATB 2024 Moderate base-year estimate; year=release-2. Case: Market. Unit from ATB parameter definition; CSV unit blank. Converted with the ReEDS deflator.,2024
reeds,gas,Gas-CC_H_1x1,Moderate,{},heatrate,2022,6.068,MMBtu/MWh,,atb,atb_2024_flat_file.csv,https://oedi-data-lake.s3.amazonaws.com/ATB/electricity/csv/2024/v3.0.0/ATBe.csv,[2022],"[{""file"":""atb_2024_flat_file.csv"",""url"":""https://oedi-data-lake.s3.amazonaws.com/ATB/electricity/csv/2024/v3.0.0/ATBe.csv"",""sha256"":""b0f0de40786350ba8dd5eec9023540f72ceeb8ab4478bc31abaf1c0d5eb20959"",""format"":""flat"",""location"":""CSV row 64152"",""dollar_year"":2022}]",ATB 2024 Moderate base-year estimate; year=release-2. Case: Market. Unit from ATB parameter definition; CSV unit blank.,2024
reeds,gas,Gas-CC_H_1x1,Moderate,{},vom,2022,2.53,USD/MWh,2022,atb,atb_2024_flat_file.csv | deflator.csv,https://oedi-data-lake.s3.amazonaws.com/ATB/electricity/csv/2024/v3.0.0/ATBe.csv | https://github.com/ReEDS-Model/ReEDS/blob/db6a1ba95836b649176fca50030e82a6b4cf9bb5/inputs/financials/deflator.csv,[2022],"[{""file"":""atb_2024_flat_file.csv"",""url"":""https://oedi-data-lake.s3.amazonaws.com/ATB/electricity/csv/2024/v3.0.0/ATBe.csv"",""sha256"":""b0f0de40786350ba8dd5eec9023540f72ceeb8ab4478bc31abaf1c0d5eb20959"",""format"":""flat"",""location"":""CSV row 64977"",""dollar_year"":2022},{""file"":""deflator.csv"",""url"":""https://github.com/ReEDS-Model/ReEDS/blob/db6a1ba95836b649176fca50030e82a6b4cf9bb5/inputs/financials/deflator.csv"",""sha256"":""538d3afb409a3c89ce0f96a70867855f9bb64afa82776e875129b2547e329315"",""location"":""value_target=value_source*deflator[source_dollar_year]/deflator[target_dollar_year]"",""dollar_year"":""""}]",ATB 2024 Moderate base-year estimate; year=release-2. Case: Market. Unit from ATB parameter definition; CSV unit blank. Converted with the ReEDS deflator.,2024
reeds,gas,Gas-CC_H_2x1,Moderate,{},capcost,2020,1091.1834009581048,USD/kW,2022,atb,atb_2022_workbook.xlsx | deflator.csv,https://data.openei.org/files/5716/2022 v3 Annual Technology Baseline Workbook Mid-year update 2-15-2023.xlsx | https://github.com/ReEDS-Model/ReEDS/blob/db6a1ba95836b649176fca50030e82a6b4cf9bb5/inputs/financials/deflator.csv,[2020],"[{""file"":""atb_2022_workbook.xlsx"",""url"":""https://data.openei.org/files/5716/2022 v3 Annual Technology Baseline Workbook Mid-year update 2-15-2023.xlsx"",""sha256"":""5ad5e47373f0dea32991d5828831bb407550397f1956abda6870e6786134b87e"",""format"":""workbook"",""location"":""Natural Gas_FE!M161"",""dollar_year"":2020},{""file"":""deflator.csv"",""url"":""https://github.com/ReEDS-Model/ReEDS/blob/db6a1ba95836b649176fca50030e82a6b4cf9bb5/inputs/financials/deflator.csv"",""sha256"":""538d3afb409a3c89ce0f96a70867855f9bb64afa82776e875129b2547e329315"",""location"":""value_target=value_source*deflator[source_dollar_year]/deflator[target_dollar_year]"",""dollar_year"":""""}]",ATB 2022 Moderate base-year estimate; year=release-2. H-frame maps to 2x1 per ATB 2022 workbook Natural Gas_FE!K14 and https://atb.nlr.gov/electricity/2022/fossil_energy_technologies; the separate 1x1 design was introduced in ATB 2024. Converted with the ReEDS deflator.,2022
reeds,gas,Gas-CC_H_2x1,Moderate,{},capcost,2021,1240.0560011380753,USD/kW,2022,atb,atb_2023_flat_file.csv | deflator.csv,https://oedi-data-lake.s3.amazonaws.com/ATB/electricity/csv/2023/ATBe.csv | https://github.com/ReEDS-Model/ReEDS/blob/db6a1ba95836b649176fca50030e82a6b4cf9bb5/inputs/financials/deflator.csv,[2021],"[{""file"":""atb_2023_flat_file.csv"",""url"":""https://oedi-data-lake.s3.amazonaws.com/ATB/electricity/csv/2023/ATBe.csv"",""sha256"":""5073733a55c84facceb25ec56b83d05d9c990155486111fff137854ccd2fab71"",""format"":""flat"",""location"":""CSV row 176502"",""dollar_year"":2021},{""file"":""deflator.csv"",""url"":""https://github.com/ReEDS-Model/ReEDS/blob/db6a1ba95836b649176fca50030e82a6b4cf9bb5/inputs/financials/deflator.csv"",""sha256"":""538d3afb409a3c89ce0f96a70867855f9bb64afa82776e875129b2547e329315"",""location"":""value_target=value_source*deflator[source_dollar_year]/deflator[target_dollar_year]"",""dollar_year"":""""}]",ATB 2023 Moderate base-year estimate; year=release-2. Case: Market.  H-frame maps to 2x1 per ATB 2023 workbook Natural Gas_FE!K14 and https://atb.nlr.gov/electricity/2023/fossil_energy_technologies; the separate 1x1 design was introduced in ATB 2024. Converted with the ReEDS deflator.,2023
reeds,gas,Gas-CC_H_2x1,Moderate,{},capcost,2022,1278.4,USD/kW,2022,atb,atb_2024_flat_file.csv | deflator.csv,https://oedi-data-lake.s3.amazonaws.com/ATB/electricity/csv/2024/v3.0.0/ATBe.csv | https://github.com/ReEDS-Model/ReEDS/blob/db6a1ba95836b649176fca50030e82a6b4cf9bb5/inputs/financials/deflator.csv,[2022],"[{""file"":""atb_2024_flat_file.csv"",""url"":""https://oedi-data-lake.s3.amazonaws.com/ATB/electricity/csv/2024/v3.0.0/ATBe.csv"",""sha256"":""b0f0de40786350ba8dd5eec9023540f72ceeb8ab4478bc31abaf1c0d5eb20959"",""format"":""flat"",""location"":""CSV row 64362"",""dollar_year"":2022},{""file"":""deflator.csv"",""url"":""https://github.com/ReEDS-Model/ReEDS/blob/db6a1ba95836b649176fca50030e82a6b4cf9bb5/inputs/financials/deflator.csv"",""sha256"":""538d3afb409a3c89ce0f96a70867855f9bb64afa82776e875129b2547e329315"",""location"":""value_target=value_source*deflator[source_dollar_year]/deflator[target_dollar_year]"",""dollar_year"":""""}]",ATB 2024 Moderate base-year estimate; year=release-2. Case: Market. Unit from ATB parameter definition; CSV unit blank. Converted with the ReEDS deflator.,2024
reeds,gas,Gas-CC_H_2x1,Moderate,{},fom,2020,30.383521226678006,USD/kW-yr,2022,atb,atb_2022_workbook.xlsx | deflator.csv,https://data.openei.org/files/5716/2022 v3 Annual Technology Baseline Workbook Mid-year update 2-15-2023.xlsx | https://github.com/ReEDS-Model/ReEDS/blob/db6a1ba95836b649176fca50030e82a6b4cf9bb5/inputs/financials/deflator.csv,[2020],"[{""file"":""atb_2022_workbook.xlsx"",""url"":""https://data.openei.org/files/5716/2022 v3 Annual Technology Baseline Workbook Mid-year update 2-15-2023.xlsx"",""sha256"":""5ad5e47373f0dea32991d5828831bb407550397f1956abda6870e6786134b87e"",""format"":""workbook"",""location"":""Natural Gas_FE!M184"",""dollar_year"":2020},{""file"":""deflator.csv"",""url"":""https://github.com/ReEDS-Model/ReEDS/blob/db6a1ba95836b649176fca50030e82a6b4cf9bb5/inputs/financials/deflator.csv"",""sha256"":""538d3afb409a3c89ce0f96a70867855f9bb64afa82776e875129b2547e329315"",""location"":""value_target=value_source*deflator[source_dollar_year]/deflator[target_dollar_year]"",""dollar_year"":""""}]",ATB 2022 Moderate base-year estimate; year=release-2. H-frame maps to 2x1 per ATB 2022 workbook Natural Gas_FE!K14 and https://atb.nlr.gov/electricity/2022/fossil_energy_technologies; the separate 1x1 design was introduced in ATB 2024. Converted with the ReEDS deflator.,2022
reeds,gas,Gas-CC_H_2x1,Moderate,{},fom,2021,33.26400003052841,USD/kW-yr,2022,atb,atb_2023_flat_file.csv | deflator.csv,https://oedi-data-lake.s3.amazonaws.com/ATB/electricity/csv/2023/ATBe.csv | https://github.com/ReEDS-Model/ReEDS/blob/db6a1ba95836b649176fca50030e82a6b4cf9bb5/inputs/financials/deflator.csv,[2021],"[{""file"":""atb_2023_flat_file.csv"",""url"":""https://oedi-data-lake.s3.amazonaws.com/ATB/electricity/csv/2023/ATBe.csv"",""sha256"":""5073733a55c84facceb25ec56b83d05d9c990155486111fff137854ccd2fab71"",""format"":""flat"",""location"":""CSV row 145594"",""dollar_year"":2021},{""file"":""deflator.csv"",""url"":""https://github.com/ReEDS-Model/ReEDS/blob/db6a1ba95836b649176fca50030e82a6b4cf9bb5/inputs/financials/deflator.csv"",""sha256"":""538d3afb409a3c89ce0f96a70867855f9bb64afa82776e875129b2547e329315"",""location"":""value_target=value_source*deflator[source_dollar_year]/deflator[target_dollar_year]"",""dollar_year"":""""}]",ATB 2023 Moderate base-year estimate; year=release-2. Case: Market.  H-frame maps to 2x1 per ATB 2023 workbook Natural Gas_FE!K14 and https://atb.nlr.gov/electricity/2023/fossil_energy_technologies; the separate 1x1 design was introduced in ATB 2024. Converted with the ReEDS deflator.,2023
reeds,gas,Gas-CC_H_2x1,Moderate,{},fom,2022,34.1,USD/kW-yr,2022,atb,atb_2024_flat_file.csv | deflator.csv,https://oedi-data-lake.s3.amazonaws.com/ATB/electricity/csv/2024/v3.0.0/ATBe.csv | https://github.com/ReEDS-Model/ReEDS/blob/db6a1ba95836b649176fca50030e82a6b4cf9bb5/inputs/financials/deflator.csv,[2022],"[{""file"":""atb_2024_flat_file.csv"",""url"":""https://oedi-data-lake.s3.amazonaws.com/ATB/electricity/csv/2024/v3.0.0/ATBe.csv"",""sha256"":""b0f0de40786350ba8dd5eec9023540f72ceeb8ab4478bc31abaf1c0d5eb20959"",""format"":""flat"",""location"":""CSV row 64761"",""dollar_year"":2022},{""file"":""deflator.csv"",""url"":""https://github.com/ReEDS-Model/ReEDS/blob/db6a1ba95836b649176fca50030e82a6b4cf9bb5/inputs/financials/deflator.csv"",""sha256"":""538d3afb409a3c89ce0f96a70867855f9bb64afa82776e875129b2547e329315"",""location"":""value_target=value_source*deflator[source_dollar_year]/deflator[target_dollar_year]"",""dollar_year"":""""}]",ATB 2024 Moderate base-year estimate; year=release-2. Case: Market. Unit from ATB parameter definition; CSV unit blank. Converted with the ReEDS deflator.,2024
reeds,gas,Gas-CC_H_2x1,Moderate,{},heatrate,2020,6.196,MMBtu/MWh,,atb,atb_2022_workbook.xlsx,https://data.openei.org/files/5716/2022 v3 Annual Technology Baseline Workbook Mid-year update 2-15-2023.xlsx,[2020],"[{""file"":""atb_2022_workbook.xlsx"",""url"":""https://data.openei.org/files/5716/2022 v3 Annual Technology Baseline Workbook Mid-year update 2-15-2023.xlsx"",""sha256"":""5ad5e47373f0dea32991d5828831bb407550397f1956abda6870e6786134b87e"",""format"":""workbook"",""location"":""Natural Gas_FE!M92"",""dollar_year"":2020}]",ATB 2022 Moderate base-year estimate; year=release-2. H-frame maps to 2x1 per ATB 2022 workbook Natural Gas_FE!K14 and https://atb.nlr.gov/electricity/2022/fossil_energy_technologies; the separate 1x1 design was introduced in ATB 2024.,2022
reeds,gas,Gas-CC_H_2x1,Moderate,{},heatrate,2021,6.196,MMBtu/MWh,,atb,atb_2023_flat_file.csv,https://oedi-data-lake.s3.amazonaws.com/ATB/electricity/csv/2023/ATBe.csv,[2021],"[{""file"":""atb_2023_flat_file.csv"",""url"":""https://oedi-data-lake.s3.amazonaws.com/ATB/electricity/csv/2023/ATBe.csv"",""sha256"":""5073733a55c84facceb25ec56b83d05d9c990155486111fff137854ccd2fab71"",""format"":""flat"",""location"":""CSV row 154598"",""dollar_year"":2021}]",ATB 2023 Moderate base-year estimate; year=release-2. Case: Market.  H-frame maps to 2x1 per ATB 2023 workbook Natural Gas_FE!K14 and https://atb.nlr.gov/electricity/2023/fossil_energy_technologies; the separate 1x1 design was introduced in ATB 2024.,2023
reeds,gas,Gas-CC_H_2x1,Moderate,{},heatrate,2022,6.196,MMBtu/MWh,,atb,atb_2024_flat_file.csv,https://oedi-data-lake.s3.amazonaws.com/ATB/electricity/csv/2024/v3.0.0/ATBe.csv,[2022],"[{""file"":""atb_2024_flat_file.csv"",""url"":""https://oedi-data-lake.s3.amazonaws.com/ATB/electricity/csv/2024/v3.0.0/ATBe.csv"",""sha256"":""b0f0de40786350ba8dd5eec9023540f72ceeb8ab4478bc31abaf1c0d5eb20959"",""format"":""flat"",""location"":""CSV row 64121"",""dollar_year"":2022}]",ATB 2024 Moderate base-year estimate; year=release-2. Case: Market. Unit from ATB parameter definition; CSV unit blank.,2024
reeds,gas,Gas-CC_H_2x1,Moderate,{},vom,2020,1.9901376017474242,USD/MWh,2022,atb,atb_2022_workbook.xlsx | deflator.csv,https://data.openei.org/files/5716/2022 v3 Annual Technology Baseline Workbook Mid-year update 2-15-2023.xlsx | https://github.com/ReEDS-Model/ReEDS/blob/db6a1ba95836b649176fca50030e82a6b4cf9bb5/inputs/financials/deflator.csv,[2020],"[{""file"":""atb_2022_workbook.xlsx"",""url"":""https://data.openei.org/files/5716/2022 v3 Annual Technology Baseline Workbook Mid-year update 2-15-2023.xlsx"",""sha256"":""5ad5e47373f0dea32991d5828831bb407550397f1956abda6870e6786134b87e"",""format"":""workbook"",""location"":""Natural Gas_FE!M207"",""dollar_year"":2020},{""file"":""deflator.csv"",""url"":""https://github.com/ReEDS-Model/ReEDS/blob/db6a1ba95836b649176fca50030e82a6b4cf9bb5/inputs/financials/deflator.csv"",""sha256"":""538d3afb409a3c89ce0f96a70867855f9bb64afa82776e875129b2547e329315"",""location"":""value_target=value_source*deflator[source_dollar_year]/deflator[target_dollar_year]"",""dollar_year"":""""}]",ATB 2022 Moderate base-year estimate; year=release-2. H-frame maps to 2x1 per ATB 2022 workbook Natural Gas_FE!K14 and https://atb.nlr.gov/electricity/2022/fossil_energy_technologies; the separate 1x1 design was introduced in ATB 2024. Converted with the ReEDS deflator.,2022
reeds,gas,Gas-CC_H_2x1,Moderate,{},vom,2021,2.1168000019427167,USD/MWh,2022,atb,atb_2023_flat_file.csv | deflator.csv,https://oedi-data-lake.s3.amazonaws.com/ATB/electricity/csv/2023/ATBe.csv | https://github.com/ReEDS-Model/ReEDS/blob/db6a1ba95836b649176fca50030e82a6b4cf9bb5/inputs/financials/deflator.csv,[2021],"[{""file"":""atb_2023_flat_file.csv"",""url"":""https://oedi-data-lake.s3.amazonaws.com/ATB/electricity/csv/2023/ATBe.csv"",""sha256"":""5073733a55c84facceb25ec56b83d05d9c990155486111fff137854ccd2fab71"",""format"":""flat"",""location"":""CSV row 184156"",""dollar_year"":2021},{""file"":""deflator.csv"",""url"":""https://github.com/ReEDS-Model/ReEDS/blob/db6a1ba95836b649176fca50030e82a6b4cf9bb5/inputs/financials/deflator.csv"",""sha256"":""538d3afb409a3c89ce0f96a70867855f9bb64afa82776e875129b2547e329315"",""location"":""value_target=value_source*deflator[source_dollar_year]/deflator[target_dollar_year]"",""dollar_year"":""""}]",ATB 2023 Moderate base-year estimate; year=release-2. Case: Market.  H-frame maps to 2x1 per ATB 2023 workbook Natural Gas_FE!K14 and https://atb.nlr.gov/electricity/2023/fossil_energy_technologies; the separate 1x1 design was introduced in ATB 2024. Converted with the ReEDS deflator.,2023
reeds,gas,Gas-CC_H_2x1,Moderate,{},vom,2022,2.16,USD/MWh,2022,atb,atb_2024_flat_file.csv | deflator.csv,https://oedi-data-lake.s3.amazonaws.com/ATB/electricity/csv/2024/v3.0.0/ATBe.csv | https://github.com/ReEDS-Model/ReEDS/blob/db6a1ba95836b649176fca50030e82a6b4cf9bb5/inputs/financials/deflator.csv,[2022],"[{""file"":""atb_2024_flat_file.csv"",""url"":""https://oedi-data-lake.s3.amazonaws.com/ATB/electricity/csv/2024/v3.0.0/ATBe.csv"",""sha256"":""b0f0de40786350ba8dd5eec9023540f72ceeb8ab4478bc31abaf1c0d5eb20959"",""format"":""flat"",""location"":""CSV row 64972"",""dollar_year"":2022},{""file"":""deflator.csv"",""url"":""https://github.com/ReEDS-Model/ReEDS/blob/db6a1ba95836b649176fca50030e82a6b4cf9bb5/inputs/financials/deflator.csv"",""sha256"":""538d3afb409a3c89ce0f96a70867855f9bb64afa82776e875129b2547e329315"",""location"":""value_target=value_source*deflator[source_dollar_year]/deflator[target_dollar_year]"",""dollar_year"":""""}]",ATB 2024 Moderate base-year estimate; year=release-2. Case: Market. Unit from ATB parameter definition; CSV unit blank. Converted with the ReEDS deflator.,2024
reeds,gas,Gas-CT,Moderate,{},capcost,2013,1046.8863014408425,USD/kW,2022,atb,atb_2015_workbook.xlsm | deflator.csv,https://docs.nlr.gov/docs/fy15osti/64077-DA.xlsm | https://github.com/ReEDS-Model/ReEDS/blob/db6a1ba95836b649176fca50030e82a6b4cf9bb5/inputs/financials/deflator.csv,[2013],"[{""file"":""atb_2015_workbook.xlsm"",""url"":""https://docs.nlr.gov/docs/fy15osti/64077-DA.xlsm"",""sha256"":""1f5e9a1d81f766d8c0a4e320dba9c27953321df5321ae3d04a854a23f7ca48df"",""format"":""workbook"",""location"":""Conventional - Gas!L32"",""dollar_year"":2013},{""file"":""deflator.csv"",""url"":""https://github.com/ReEDS-Model/ReEDS/blob/db6a1ba95836b649176fca50030e82a6b4cf9bb5/inputs/financials/deflator.csv"",""sha256"":""538d3afb409a3c89ce0f96a70867855f9bb64afa82776e875129b2547e329315"",""location"":""value_target=value_source*deflator[source_dollar_year]/deflator[target_dollar_year]"",""dollar_year"":""""}]",ATB 2015 Moderate base-year estimate; year=release-2. Converted with the ReEDS deflator.,2015
reeds,gas,Gas-CT,Moderate,{},capcost,2014,1073.457711356205,USD/kW,2022,atb,atb_2016_workbook.xlsm | deflator.csv,https://docs.nlr.gov/docs/fy16osti/66944-DA.xlsm | https://github.com/ReEDS-Model/ReEDS/blob/db6a1ba95836b649176fca50030e82a6b4cf9bb5/inputs/financials/deflator.csv,[2014],"[{""file"":""atb_2016_workbook.xlsm"",""url"":""https://docs.nlr.gov/docs/fy16osti/66944-DA.xlsm"",""sha256"":""e622248d457ee99cba45474a7a7218a2bfd96f95d698d5a1099e3e2ea1b3b555"",""format"":""workbook"",""location"":""Conventional - Gas!L47"",""dollar_year"":2014},{""file"":""deflator.csv"",""url"":""https://github.com/ReEDS-Model/ReEDS/blob/db6a1ba95836b649176fca50030e82a6b4cf9bb5/inputs/financials/deflator.csv"",""sha256"":""538d3afb409a3c89ce0f96a70867855f9bb64afa82776e875129b2547e329315"",""location"":""value_target=value_source*deflator[source_dollar_year]/deflator[target_dollar_year]"",""dollar_year"":""""}]",ATB 2016 Moderate base-year estimate; year=release-2. Converted with the ReEDS deflator.,2016
reeds,gas,Gas-CT,Moderate,{},capcost,2015,1065.8024527275275,USD/kW,2022,atb,atb_2017_workbook.xlsm | deflator.csv,https://data.nlr.gov/system/files/71/2017-ATB-data.xlsm | https://github.com/ReEDS-Model/ReEDS/blob/db6a1ba95836b649176fca50030e82a6b4cf9bb5/inputs/financials/deflator.csv,[2015],"[{""file"":""atb_2017_workbook.xlsm"",""url"":""https://data.nlr.gov/system/files/71/2017-ATB-data.xlsm"",""sha256"":""5712fc8d062ccb40aa6930edbf60ba1f8f4a13c08f7e4e532b78e24fa23ba55d"",""format"":""workbook"",""location"":""Natural Gas!L47"",""dollar_year"":2015},{""file"":""deflator.csv"",""url"":""https://github.com/ReEDS-Model/ReEDS/blob/db6a1ba95836b649176fca50030e82a6b4cf9bb5/inputs/financials/deflator.csv"",""sha256"":""538d3afb409a3c89ce0f96a70867855f9bb64afa82776e875129b2547e329315"",""location"":""value_target=value_source*deflator[source_dollar_year]/deflator[target_dollar_year]"",""dollar_year"":""""}]",ATB 2017 Moderate base-year estimate; year=release-2. Converted with the ReEDS deflator.,2017
reeds,gas,Gas-CT,Moderate,{},capcost,2016,1074.2194507615832,USD/kW,2022,atb,atb_2018_workbook.xlsm | deflator.csv,https://data.nlr.gov/system/files/89/2018-ATB-data-interim-geo.xlsm | https://github.com/ReEDS-Model/ReEDS/blob/db6a1ba95836b649176fca50030e82a6b4cf9bb5/inputs/financials/deflator.csv,[2016],"[{""file"":""atb_2018_workbook.xlsm"",""url"":""https://data.nlr.gov/system/files/89/2018-ATB-data-interim-geo.xlsm"",""sha256"":""975f5a963c817b0da3f9e762a3458fdbee58f11b3d80656eb3ba528d2901fbdf"",""format"":""workbook"",""location"":""Natural Gas!L47"",""dollar_year"":2016},{""file"":""deflator.csv"",""url"":""https://github.com/ReEDS-Model/ReEDS/blob/db6a1ba95836b649176fca50030e82a6b4cf9bb5/inputs/financials/deflator.csv"",""sha256"":""538d3afb409a3c89ce0f96a70867855f9bb64afa82776e875129b2547e329315"",""location"":""value_target=value_source*deflator[source_dollar_year]/deflator[target_dollar_year]"",""dollar_year"":""""}]",ATB 2018 Moderate base-year estimate; year=release-2. Converted with the ReEDS deflator.,2018
reeds,gas,Gas-CT,Moderate,{},capcost,2017,1072.5381312696452,USD/kW,2022,atb,atb_2019_workbook.xlsm | deflator.csv,https://data.nlr.gov/system/files/115/2019-ATB-data.xlsm | https://github.com/ReEDS-Model/ReEDS/blob/db6a1ba95836b649176fca50030e82a6b4cf9bb5/inputs/financials/deflator.csv,[2017],"[{""file"":""atb_2019_workbook.xlsm"",""url"":""https://data.nlr.gov/system/files/115/2019-ATB-data.xlsm"",""sha256"":""f7807beb3496c1cfde28ed2a3115abd1d88e968273eb90f52cfe89f1845de42b"",""format"":""workbook"",""location"":""Natural Gas!L47"",""dollar_year"":2017},{""file"":""deflator.csv"",""url"":""https://github.com/ReEDS-Model/ReEDS/blob/db6a1ba95836b649176fca50030e82a6b4cf9bb5/inputs/financials/deflator.csv"",""sha256"":""538d3afb409a3c89ce0f96a70867855f9bb64afa82776e875129b2547e329315"",""location"":""value_target=value_source*deflator[source_dollar_year]/deflator[target_dollar_year]"",""dollar_year"":""""}]",ATB 2019 Moderate base-year estimate; year=release-2. Converted with the ReEDS deflator.,2019
reeds,gas,Gas-CT,Moderate,{},capcost,2018,1098.8090433266505,USD/kW,2022,atb,atb_2020_workbook.xlsm | deflator.csv,https://atb-archive.nlr.gov/electricity/2020/files/2020-ATB-Data.xlsm | https://github.com/ReEDS-Model/ReEDS/blob/db6a1ba95836b649176fca50030e82a6b4cf9bb5/inputs/financials/deflator.csv,[2018],"[{""file"":""atb_2020_workbook.xlsm"",""url"":""https://atb-archive.nlr.gov/electricity/2020/files/2020-ATB-Data.xlsm"",""sha256"":""2fc2ccf72853304e45803959c77d82806debe8b686eec294838a7ac5219a7a13"",""format"":""workbook"",""location"":""Natural Gas!L47"",""dollar_year"":2018},{""file"":""deflator.csv"",""url"":""https://github.com/ReEDS-Model/ReEDS/blob/db6a1ba95836b649176fca50030e82a6b4cf9bb5/inputs/financials/deflator.csv"",""sha256"":""538d3afb409a3c89ce0f96a70867855f9bb64afa82776e875129b2547e329315"",""location"":""value_target=value_source*deflator[source_dollar_year]/deflator[target_dollar_year]"",""dollar_year"":""""}]",ATB 2020 Moderate base-year estimate; year=release-2. Converted with the ReEDS deflator.,2020
reeds,gas,Gas-CT,Moderate,{},capcost,2019,977.257069100003,USD/kW,2022,atb,atb_2021_workbook.xlsm | deflator.csv,https://data.openei.org/files/4129/2021-ATB-Data_Master_new.xlsm | https://github.com/ReEDS-Model/ReEDS/blob/db6a1ba95836b649176fca50030e82a6b4cf9bb5/inputs/financials/deflator.csv,[2019],"[{""file"":""atb_2021_workbook.xlsm"",""url"":""https://data.openei.org/files/4129/2021-ATB-Data_Master_new.xlsm"",""sha256"":""211bc492df941a58acac912edea27c2ac2abf6d74fb2a24355fda6660c055632"",""format"":""workbook"",""location"":""Natural Gas_FE!L151"",""dollar_year"":2019},{""file"":""deflator.csv"",""url"":""https://github.com/ReEDS-Model/ReEDS/blob/db6a1ba95836b649176fca50030e82a6b4cf9bb5/inputs/financials/deflator.csv"",""sha256"":""538d3afb409a3c89ce0f96a70867855f9bb64afa82776e875129b2547e329315"",""location"":""value_target=value_source*deflator[source_dollar_year]/deflator[target_dollar_year]"",""dollar_year"":""""}]",ATB 2021 Moderate base-year estimate; year=release-2. Converted with the ReEDS deflator.,2021
reeds,gas,Gas-CT,Moderate,{},capcost,2020,951.0596216350702,USD/kW,2022,atb,atb_2022_workbook.xlsx | deflator.csv,https://data.openei.org/files/5716/2022 v3 Annual Technology Baseline Workbook Mid-year update 2-15-2023.xlsx | https://github.com/ReEDS-Model/ReEDS/blob/db6a1ba95836b649176fca50030e82a6b4cf9bb5/inputs/financials/deflator.csv,[2020],"[{""file"":""atb_2022_workbook.xlsx"",""url"":""https://data.openei.org/files/5716/2022 v3 Annual Technology Baseline Workbook Mid-year update 2-15-2023.xlsx"",""sha256"":""5ad5e47373f0dea32991d5828831bb407550397f1956abda6870e6786134b87e"",""format"":""workbook"",""location"":""Natural Gas_FE!M155"",""dollar_year"":2020},{""file"":""deflator.csv"",""url"":""https://github.com/ReEDS-Model/ReEDS/blob/db6a1ba95836b649176fca50030e82a6b4cf9bb5/inputs/financials/deflator.csv"",""sha256"":""538d3afb409a3c89ce0f96a70867855f9bb64afa82776e875129b2547e329315"",""location"":""value_target=value_source*deflator[source_dollar_year]/deflator[target_dollar_year]"",""dollar_year"":""""}]",ATB 2022 Moderate base-year estimate; year=release-2. Converted with the ReEDS deflator.,2022
reeds,gas,Gas-CT,Moderate,{},capcost,2021,1082.8080009937592,USD/kW,2022,atb,atb_2023_flat_file.csv | deflator.csv,https://oedi-data-lake.s3.amazonaws.com/ATB/electricity/csv/2023/ATBe.csv | https://github.com/ReEDS-Model/ReEDS/blob/db6a1ba95836b649176fca50030e82a6b4cf9bb5/inputs/financials/deflator.csv,[2021],"[{""file"":""atb_2023_flat_file.csv"",""url"":""https://oedi-data-lake.s3.amazonaws.com/ATB/electricity/csv/2023/ATBe.csv"",""sha256"":""5073733a55c84facceb25ec56b83d05d9c990155486111fff137854ccd2fab71"",""format"":""flat"",""location"":""CSV row 176592"",""dollar_year"":2021},{""file"":""deflator.csv"",""url"":""https://github.com/ReEDS-Model/ReEDS/blob/db6a1ba95836b649176fca50030e82a6b4cf9bb5/inputs/financials/deflator.csv"",""sha256"":""538d3afb409a3c89ce0f96a70867855f9bb64afa82776e875129b2547e329315"",""location"":""value_target=value_source*deflator[source_dollar_year]/deflator[target_dollar_year]"",""dollar_year"":""""}]",ATB 2023 Moderate base-year estimate; year=release-2. Case: Market. Converted with the ReEDS deflator.,2023
reeds,gas,Gas-CT,Moderate,{},capcost,2022,1110.4,USD/kW,2022,atb,atb_2024_flat_file.csv | deflator.csv,https://oedi-data-lake.s3.amazonaws.com/ATB/electricity/csv/2024/v3.0.0/ATBe.csv | https://github.com/ReEDS-Model/ReEDS/blob/db6a1ba95836b649176fca50030e82a6b4cf9bb5/inputs/financials/deflator.csv,[2022],"[{""file"":""atb_2024_flat_file.csv"",""url"":""https://oedi-data-lake.s3.amazonaws.com/ATB/electricity/csv/2024/v3.0.0/ATBe.csv"",""sha256"":""b0f0de40786350ba8dd5eec9023540f72ceeb8ab4478bc31abaf1c0d5eb20959"",""format"":""flat"",""location"":""CSV row 64325"",""dollar_year"":2022},{""file"":""deflator.csv"",""url"":""https://github.com/ReEDS-Model/ReEDS/blob/db6a1ba95836b649176fca50030e82a6b4cf9bb5/inputs/financials/deflator.csv"",""sha256"":""538d3afb409a3c89ce0f96a70867855f9bb64afa82776e875129b2547e329315"",""location"":""value_target=value_source*deflator[source_dollar_year]/deflator[target_dollar_year]"",""dollar_year"":""""}]",ATB 2024 Moderate base-year estimate; year=release-2. Case: Market. Unit from ATB parameter definition; CSV unit blank. Converted with the ReEDS deflator.,2024
reeds,gas,Gas-CT,Moderate,{},cf_improvement,2013,0.041,fraction,,atb,atb_2015_workbook.xlsm,https://docs.nlr.gov/docs/fy15osti/64077-DA.xlsm,[2013],"[{""file"":""atb_2015_workbook.xlsm"",""url"":""https://docs.nlr.gov/docs/fy15osti/64077-DA.xlsm"",""sha256"":""1f5e9a1d81f766d8c0a4e320dba9c27953321df5321ae3d04a854a23f7ca48df"",""format"":""workbook"",""location"":""Conventional - Gas!L12"",""dollar_year"":2013}]",ATB 2015 Moderate base-year estimate; year=release-2.,2015
reeds,gas,Gas-CT,Moderate,{},cf_improvement,2014,0.048,fraction,,atb,atb_2016_workbook.xlsm,https://docs.nlr.gov/docs/fy16osti/66944-DA.xlsm,[2014],"[{""file"":""atb_2016_workbook.xlsm"",""url"":""https://docs.nlr.gov/docs/fy16osti/66944-DA.xlsm"",""sha256"":""e622248d457ee99cba45474a7a7218a2bfd96f95d698d5a1099e3e2ea1b3b555"",""format"":""workbook"",""location"":""Conventional - Gas!L12"",""dollar_year"":2014}]",ATB 2016 Moderate base-year estimate; year=release-2.,2016
reeds,gas,Gas-CT,Moderate,{},cf_improvement,2015,0.07,fraction,,atb,atb_2017_workbook.xlsm,https://data.nlr.gov/system/files/71/2017-ATB-data.xlsm,[2015],"[{""file"":""atb_2017_workbook.xlsm"",""url"":""https://data.nlr.gov/system/files/71/2017-ATB-data.xlsm"",""sha256"":""5712fc8d062ccb40aa6930edbf60ba1f8f4a13c08f7e4e532b78e24fa23ba55d"",""format"":""workbook"",""location"":""Natural Gas!L12"",""dollar_year"":2015}]",ATB 2017 Moderate base-year estimate; year=release-2.,2017
reeds,gas,Gas-CT,Moderate,{},cf_improvement,2016,0.083,fraction,,atb,atb_2018_workbook.xlsm,https://data.nlr.gov/system/files/89/2018-ATB-data-interim-geo.xlsm,[2016],"[{""file"":""atb_2018_workbook.xlsm"",""url"":""https://data.nlr.gov/system/files/89/2018-ATB-data-interim-geo.xlsm"",""sha256"":""975f5a963c817b0da3f9e762a3458fdbee58f11b3d80656eb3ba528d2901fbdf"",""format"":""workbook"",""location"":""Natural Gas!L12"",""dollar_year"":2016}]",ATB 2018 Moderate base-year estimate; year=release-2.,2018
reeds,gas,Gas-CT,Moderate,{},cf_improvement,2017,0.067,fraction,,atb,atb_2019_workbook.xlsm,https://data.nlr.gov/system/files/115/2019-ATB-data.xlsm,[2017],"[{""file"":""atb_2019_workbook.xlsm"",""url"":""https://data.nlr.gov/system/files/115/2019-ATB-data.xlsm"",""sha256"":""f7807beb3496c1cfde28ed2a3115abd1d88e968273eb90f52cfe89f1845de42b"",""format"":""workbook"",""location"":""Natural Gas!L12"",""dollar_year"":2017}]",ATB 2019 Moderate base-year estimate; year=release-2.,2019
reeds,gas,Gas-CT,Moderate,{},cf_improvement,2018,0.119,fraction,,atb,atb_2020_workbook.xlsm,https://atb-archive.nlr.gov/electricity/2020/files/2020-ATB-Data.xlsm,[2018],"[{""file"":""atb_2020_workbook.xlsm"",""url"":""https://atb-archive.nlr.gov/electricity/2020/files/2020-ATB-Data.xlsm"",""sha256"":""2fc2ccf72853304e45803959c77d82806debe8b686eec294838a7ac5219a7a13"",""format"":""workbook"",""location"":""Natural Gas!L12"",""dollar_year"":2018}]",ATB 2020 Moderate base-year estimate; year=release-2.,2020
reeds,gas,Gas-CT,Moderate,{},fom,2013,9.159768916997052,USD/kW-yr,2022,atb,atb_2015_workbook.xlsm | deflator.csv,https://docs.nlr.gov/docs/fy15osti/64077-DA.xlsm | https://github.com/ReEDS-Model/ReEDS/blob/db6a1ba95836b649176fca50030e82a6b4cf9bb5/inputs/financials/deflator.csv,[2013],"[{""file"":""atb_2015_workbook.xlsm"",""url"":""https://docs.nlr.gov/docs/fy15osti/64077-DA.xlsm"",""sha256"":""1f5e9a1d81f766d8c0a4e320dba9c27953321df5321ae3d04a854a23f7ca48df"",""format"":""workbook"",""location"":""Conventional - Gas!L36"",""dollar_year"":2013},{""file"":""deflator.csv"",""url"":""https://github.com/ReEDS-Model/ReEDS/blob/db6a1ba95836b649176fca50030e82a6b4cf9bb5/inputs/financials/deflator.csv"",""sha256"":""538d3afb409a3c89ce0f96a70867855f9bb64afa82776e875129b2547e329315"",""location"":""value_target=value_source*deflator[source_dollar_year]/deflator[target_dollar_year]"",""dollar_year"":""""}]",ATB 2015 Moderate base-year estimate; year=release-2. Converted with the ReEDS deflator.,2015
reeds,gas,Gas-CT,Moderate,{},fom,2014,9.021745001898507,USD/kW-yr,2022,atb,atb_2016_workbook.xlsm | deflator.csv,https://docs.nlr.gov/docs/fy16osti/66944-DA.xlsm | https://github.com/ReEDS-Model/ReEDS/blob/db6a1ba95836b649176fca50030e82a6b4cf9bb5/inputs/financials/deflator.csv,[2014],"[{""file"":""atb_2016_workbook.xlsm"",""url"":""https://docs.nlr.gov/docs/fy16osti/66944-DA.xlsm"",""sha256"":""e622248d457ee99cba45474a7a7218a2bfd96f95d698d5a1099e3e2ea1b3b555"",""format"":""workbook"",""location"":""Conventional - Gas!L54"",""dollar_year"":2014},{""file"":""deflator.csv"",""url"":""https://github.com/ReEDS-Model/ReEDS/blob/db6a1ba95836b649176fca50030e82a6b4cf9bb5/inputs/financials/deflator.csv"",""sha256"":""538d3afb409a3c89ce0f96a70867855f9bb64afa82776e875129b2547e329315"",""location"":""value_target=value_source*deflator[source_dollar_year]/deflator[target_dollar_year]"",""dollar_year"":""""}]",ATB 2016 Moderate base-year estimate; year=release-2. Converted with the ReEDS deflator.,2016
reeds,gas,Gas-CT,Moderate,{},fom,2015,14.591343102817342,USD/kW-yr,2022,atb,atb_2017_workbook.xlsm | deflator.csv,https://data.nlr.gov/system/files/71/2017-ATB-data.xlsm | https://github.com/ReEDS-Model/ReEDS/blob/db6a1ba95836b649176fca50030e82a6b4cf9bb5/inputs/financials/deflator.csv,[2015],"[{""file"":""atb_2017_workbook.xlsm"",""url"":""https://data.nlr.gov/system/files/71/2017-ATB-data.xlsm"",""sha256"":""5712fc8d062ccb40aa6930edbf60ba1f8f4a13c08f7e4e532b78e24fa23ba55d"",""format"":""workbook"",""location"":""Natural Gas!L54"",""dollar_year"":2015},{""file"":""deflator.csv"",""url"":""https://github.com/ReEDS-Model/ReEDS/blob/db6a1ba95836b649176fca50030e82a6b4cf9bb5/inputs/financials/deflator.csv"",""sha256"":""538d3afb409a3c89ce0f96a70867855f9bb64afa82776e875129b2547e329315"",""location"":""value_target=value_source*deflator[source_dollar_year]/deflator[target_dollar_year]"",""dollar_year"":""""}]",ATB 2017 Moderate base-year estimate; year=release-2. Converted with the ReEDS deflator.,2017
reeds,gas,Gas-CT,Moderate,{},fom,2016,14.636702557899339,USD/kW-yr,2022,atb,atb_2018_workbook.xlsm | deflator.csv,https://data.nlr.gov/system/files/89/2018-ATB-data-interim-geo.xlsm | https://github.com/ReEDS-Model/ReEDS/blob/db6a1ba95836b649176fca50030e82a6b4cf9bb5/inputs/financials/deflator.csv,[2016],"[{""file"":""atb_2018_workbook.xlsm"",""url"":""https://data.nlr.gov/system/files/89/2018-ATB-data-interim-geo.xlsm"",""sha256"":""975f5a963c817b0da3f9e762a3458fdbee58f11b3d80656eb3ba528d2901fbdf"",""format"":""workbook"",""location"":""Natural Gas!L54"",""dollar_year"":2016},{""file"":""deflator.csv"",""url"":""https://github.com/ReEDS-Model/ReEDS/blob/db6a1ba95836b649176fca50030e82a6b4cf9bb5/inputs/financials/deflator.csv"",""sha256"":""538d3afb409a3c89ce0f96a70867855f9bb64afa82776e875129b2547e329315"",""location"":""value_target=value_source*deflator[source_dollar_year]/deflator[target_dollar_year]"",""dollar_year"":""""}]",ATB 2018 Moderate base-year estimate; year=release-2. Converted with the ReEDS deflator.,2018
reeds,gas,Gas-CT,Moderate,{},fom,2017,14.588987142798409,USD/kW-yr,2022,atb,atb_2019_workbook.xlsm | deflator.csv,https://data.nlr.gov/system/files/115/2019-ATB-data.xlsm | https://github.com/ReEDS-Model/ReEDS/blob/db6a1ba95836b649176fca50030e82a6b4cf9bb5/inputs/financials/deflator.csv,[2017],"[{""file"":""atb_2019_workbook.xlsm"",""url"":""https://data.nlr.gov/system/files/115/2019-ATB-data.xlsm"",""sha256"":""f7807beb3496c1cfde28ed2a3115abd1d88e968273eb90f52cfe89f1845de42b"",""format"":""workbook"",""location"":""Natural Gas!L54"",""dollar_year"":2017},{""file"":""deflator.csv"",""url"":""https://github.com/ReEDS-Model/ReEDS/blob/db6a1ba95836b649176fca50030e82a6b4cf9bb5/inputs/financials/deflator.csv"",""sha256"":""538d3afb409a3c89ce0f96a70867855f9bb64afa82776e875129b2547e329315"",""location"":""value_target=value_source*deflator[source_dollar_year]/deflator[target_dollar_year]"",""dollar_year"":""""}]",ATB 2019 Moderate base-year estimate; year=release-2. Converted with the ReEDS deflator.,2019
reeds,gas,Gas-CT,Moderate,{},fom,2018,13.27421779756269,USD/kW-yr,2022,atb,atb_2020_workbook.xlsm | deflator.csv,https://atb-archive.nlr.gov/electricity/2020/files/2020-ATB-Data.xlsm | https://github.com/ReEDS-Model/ReEDS/blob/db6a1ba95836b649176fca50030e82a6b4cf9bb5/inputs/financials/deflator.csv,[2018],"[{""file"":""atb_2020_workbook.xlsm"",""url"":""https://atb-archive.nlr.gov/electricity/2020/files/2020-ATB-Data.xlsm"",""sha256"":""2fc2ccf72853304e45803959c77d82806debe8b686eec294838a7ac5219a7a13"",""format"":""workbook"",""location"":""Natural Gas!L54"",""dollar_year"":2018},{""file"":""deflator.csv"",""url"":""https://github.com/ReEDS-Model/ReEDS/blob/db6a1ba95836b649176fca50030e82a6b4cf9bb5/inputs/financials/deflator.csv"",""sha256"":""538d3afb409a3c89ce0f96a70867855f9bb64afa82776e875129b2547e329315"",""location"":""value_target=value_source*deflator[source_dollar_year]/deflator[target_dollar_year]"",""dollar_year"":""""}]",ATB 2020 Moderate base-year estimate; year=release-2. Converted with the ReEDS deflator.,2020
reeds,gas,Gas-CT,Moderate,{},fom,2019,23.916478623173376,USD/kW-yr,2022,atb,atb_2021_workbook.xlsm | deflator.csv,https://data.openei.org/files/4129/2021-ATB-Data_Master_new.xlsm | https://github.com/ReEDS-Model/ReEDS/blob/db6a1ba95836b649176fca50030e82a6b4cf9bb5/inputs/financials/deflator.csv,[2019],"[{""file"":""atb_2021_workbook.xlsm"",""url"":""https://data.openei.org/files/4129/2021-ATB-Data_Master_new.xlsm"",""sha256"":""211bc492df941a58acac912edea27c2ac2abf6d74fb2a24355fda6660c055632"",""format"":""workbook"",""location"":""Natural Gas_FE!L171"",""dollar_year"":2019},{""file"":""deflator.csv"",""url"":""https://github.com/ReEDS-Model/ReEDS/blob/db6a1ba95836b649176fca50030e82a6b4cf9bb5/inputs/financials/deflator.csv"",""sha256"":""538d3afb409a3c89ce0f96a70867855f9bb64afa82776e875129b2547e329315"",""location"":""value_target=value_source*deflator[source_dollar_year]/deflator[target_dollar_year]"",""dollar_year"":""""}]",ATB 2021 Moderate base-year estimate; year=release-2. Converted with the ReEDS deflator.,2021
reeds,gas,Gas-CT,Moderate,{},fom,2020,24.232186821276876,USD/kW-yr,2022,atb,atb_2022_workbook.xlsx | deflator.csv,https://data.openei.org/files/5716/2022 v3 Annual Technology Baseline Workbook Mid-year update 2-15-2023.xlsx | https://github.com/ReEDS-Model/ReEDS/blob/db6a1ba95836b649176fca50030e82a6b4cf9bb5/inputs/financials/deflator.csv,[2020],"[{""file"":""atb_2022_workbook.xlsx"",""url"":""https://data.openei.org/files/5716/2022 v3 Annual Technology Baseline Workbook Mid-year update 2-15-2023.xlsx"",""sha256"":""5ad5e47373f0dea32991d5828831bb407550397f1956abda6870e6786134b87e"",""format"":""workbook"",""location"":""Natural Gas_FE!M178"",""dollar_year"":2020},{""file"":""deflator.csv"",""url"":""https://github.com/ReEDS-Model/ReEDS/blob/db6a1ba95836b649176fca50030e82a6b4cf9bb5/inputs/financials/deflator.csv"",""sha256"":""538d3afb409a3c89ce0f96a70867855f9bb64afa82776e875129b2547e329315"",""location"":""value_target=value_source*deflator[source_dollar_year]/deflator[target_dollar_year]"",""dollar_year"":""""}]",ATB 2022 Moderate base-year estimate; year=release-2. Converted with the ReEDS deflator.,2022
reeds,gas,Gas-CT,Moderate,{},fom,2021,25.92000002378837,USD/kW-yr,2022,atb,atb_2023_flat_file.csv | deflator.csv,https://oedi-data-lake.s3.amazonaws.com/ATB/electricity/csv/2023/ATBe.csv | https://github.com/ReEDS-Model/ReEDS/blob/db6a1ba95836b649176fca50030e82a6b4cf9bb5/inputs/financials/deflator.csv,[2021],"[{""file"":""atb_2023_flat_file.csv"",""url"":""https://oedi-data-lake.s3.amazonaws.com/ATB/electricity/csv/2023/ATBe.csv"",""sha256"":""5073733a55c84facceb25ec56b83d05d9c990155486111fff137854ccd2fab71"",""format"":""flat"",""location"":""CSV row 145684"",""dollar_year"":2021},{""file"":""deflator.csv"",""url"":""https://github.com/ReEDS-Model/ReEDS/blob/db6a1ba95836b649176fca50030e82a6b4cf9bb5/inputs/financials/deflator.csv"",""sha256"":""538d3afb409a3c89ce0f96a70867855f9bb64afa82776e875129b2547e329315"",""location"":""value_target=value_source*deflator[source_dollar_year]/deflator[target_dollar_year]"",""dollar_year"":""""}]",ATB 2023 Moderate base-year estimate; year=release-2. Case: Market. Converted with the ReEDS deflator.,2023
reeds,gas,Gas-CT,Moderate,{},fom,2022,26.1,USD/kW-yr,2022,atb,atb_2024_flat_file.csv | deflator.csv,https://oedi-data-lake.s3.amazonaws.com/ATB/electricity/csv/2024/v3.0.0/ATBe.csv | https://github.com/ReEDS-Model/ReEDS/blob/db6a1ba95836b649176fca50030e82a6b4cf9bb5/inputs/financials/deflator.csv,[2022],"[{""file"":""atb_2024_flat_file.csv"",""url"":""https://oedi-data-lake.s3.amazonaws.com/ATB/electricity/csv/2024/v3.0.0/ATBe.csv"",""sha256"":""b0f0de40786350ba8dd5eec9023540f72ceeb8ab4478bc31abaf1c0d5eb20959"",""format"":""flat"",""location"":""CSV row 64722"",""dollar_year"":2022},{""file"":""deflator.csv"",""url"":""https://github.com/ReEDS-Model/ReEDS/blob/db6a1ba95836b649176fca50030e82a6b4cf9bb5/inputs/financials/deflator.csv"",""sha256"":""538d3afb409a3c89ce0f96a70867855f9bb64afa82776e875129b2547e329315"",""location"":""value_target=value_source*deflator[source_dollar_year]/deflator[target_dollar_year]"",""dollar_year"":""""}]",ATB 2024 Moderate base-year estimate; year=release-2. Case: Market. Unit from ATB parameter definition; CSV unit blank. Converted with the ReEDS deflator.,2024
reeds,gas,Gas-CT,Moderate,{},heatrate,2013,10.28,MMBtu/MWh,,atb,atb_2015_workbook.xlsm,https://docs.nlr.gov/docs/fy15osti/64077-DA.xlsm,[2013],"[{""file"":""atb_2015_workbook.xlsm"",""url"":""https://docs.nlr.gov/docs/fy15osti/64077-DA.xlsm"",""sha256"":""1f5e9a1d81f766d8c0a4e320dba9c27953321df5321ae3d04a854a23f7ca48df"",""format"":""workbook"",""location"":""Conventional - Gas!L20"",""dollar_year"":2013}]",ATB 2015 Moderate base-year estimate; year=release-2.,2015
reeds,gas,Gas-CT,Moderate,{},heatrate,2014,10.0621,MMBtu/MWh,,atb,atb_2016_workbook.xlsm,https://docs.nlr.gov/docs/fy16osti/66944-DA.xlsm,[2014],"[{""file"":""atb_2016_workbook.xlsm"",""url"":""https://docs.nlr.gov/docs/fy16osti/66944-DA.xlsm"",""sha256"":""e622248d457ee99cba45474a7a7218a2bfd96f95d698d5a1099e3e2ea1b3b555"",""format"":""workbook"",""location"":""Conventional - Gas!L26"",""dollar_year"":2014}]",ATB 2016 Moderate base-year estimate; year=release-2.,2016
reeds,gas,Gas-CT,Moderate,{},heatrate,2015,9.91607142857143,MMBtu/MWh,,atb,atb_2017_workbook.xlsm,https://data.nlr.gov/system/files/71/2017-ATB-data.xlsm,[2015],"[{""file"":""atb_2017_workbook.xlsm"",""url"":""https://data.nlr.gov/system/files/71/2017-ATB-data.xlsm"",""sha256"":""5712fc8d062ccb40aa6930edbf60ba1f8f4a13c08f7e4e532b78e24fa23ba55d"",""format"":""workbook"",""location"":""Natural Gas!L26"",""dollar_year"":2015}]",ATB 2017 Moderate base-year estimate; year=release-2.,2017
reeds,gas,Gas-CT,Moderate,{},heatrate,2016,9.894642857142856,MMBtu/MWh,,atb,atb_2018_workbook.xlsm,https://data.nlr.gov/system/files/89/2018-ATB-data-interim-geo.xlsm,[2016],"[{""file"":""atb_2018_workbook.xlsm"",""url"":""https://data.nlr.gov/system/files/89/2018-ATB-data-interim-geo.xlsm"",""sha256"":""975f5a963c817b0da3f9e762a3458fdbee58f11b3d80656eb3ba528d2901fbdf"",""format"":""workbook"",""location"":""Natural Gas!L26"",""dollar_year"":2016}]",ATB 2018 Moderate base-year estimate; year=release-2.,2018
reeds,gas,Gas-CT,Moderate,{},heatrate,2017,9.82,MMBtu/MWh,,atb,atb_2019_workbook.xlsm,https://data.nlr.gov/system/files/115/2019-ATB-data.xlsm,[2017],"[{""file"":""atb_2019_workbook.xlsm"",""url"":""https://data.nlr.gov/system/files/115/2019-ATB-data.xlsm"",""sha256"":""f7807beb3496c1cfde28ed2a3115abd1d88e968273eb90f52cfe89f1845de42b"",""format"":""workbook"",""location"":""Natural Gas!L26"",""dollar_year"":2017}]",ATB 2019 Moderate base-year estimate; year=release-2.,2019
reeds,gas,Gas-CT,Moderate,{},heatrate,2018,9.5145,MMBtu/MWh,,atb,atb_2020_workbook.xlsm,https://atb-archive.nlr.gov/electricity/2020/files/2020-ATB-Data.xlsm,[2018],"[{""file"":""atb_2020_workbook.xlsm"",""url"":""https://atb-archive.nlr.gov/electricity/2020/files/2020-ATB-Data.xlsm"",""sha256"":""2fc2ccf72853304e45803959c77d82806debe8b686eec294838a7ac5219a7a13"",""format"":""workbook"",""location"":""Natural Gas!L26"",""dollar_year"":2018}]",ATB 2020 Moderate base-year estimate; year=release-2.,2020
reeds,gas,Gas-CT,Moderate,{},heatrate,2019,9.717,MMBtu/MWh,,atb,atb_2021_workbook.xlsm,https://data.openei.org/files/4129/2021-ATB-Data_Master_new.xlsm,[2019],"[{""file"":""atb_2021_workbook.xlsm"",""url"":""https://data.openei.org/files/4129/2021-ATB-Data_Master_new.xlsm"",""sha256"":""211bc492df941a58acac912edea27c2ac2abf6d74fb2a24355fda6660c055632"",""format"":""workbook"",""location"":""Natural Gas_FE!L91"",""dollar_year"":2019}]",ATB 2021 Moderate base-year estimate; year=release-2.,2021
reeds,gas,Gas-CT,Moderate,{},heatrate,2020,9.71699,MMBtu/MWh,,atb,atb_2022_workbook.xlsx,https://data.openei.org/files/5716/2022 v3 Annual Technology Baseline Workbook Mid-year update 2-15-2023.xlsx,[2020],"[{""file"":""atb_2022_workbook.xlsx"",""url"":""https://data.openei.org/files/5716/2022 v3 Annual Technology Baseline Workbook Mid-year update 2-15-2023.xlsx"",""sha256"":""5ad5e47373f0dea32991d5828831bb407550397f1956abda6870e6786134b87e"",""format"":""workbook"",""location"":""Natural Gas_FE!M86"",""dollar_year"":2020}]",ATB 2022 Moderate base-year estimate; year=release-2.,2022
reeds,gas,Gas-CT,Moderate,{},heatrate,2021,9.717,MMBtu/MWh,,atb,atb_2023_flat_file.csv,https://oedi-data-lake.s3.amazonaws.com/ATB/electricity/csv/2023/ATBe.csv,[2021],"[{""file"":""atb_2023_flat_file.csv"",""url"":""https://oedi-data-lake.s3.amazonaws.com/ATB/electricity/csv/2023/ATBe.csv"",""sha256"":""5073733a55c84facceb25ec56b83d05d9c990155486111fff137854ccd2fab71"",""format"":""flat"",""location"":""CSV row 154688"",""dollar_year"":2021}]",ATB 2023 Moderate base-year estimate; year=release-2. Case: Market.,2023
reeds,gas,Gas-CT,Moderate,{},heatrate,2022,9.717,MMBtu/MWh,,atb,atb_2024_flat_file.csv,https://oedi-data-lake.s3.amazonaws.com/ATB/electricity/csv/2024/v3.0.0/ATBe.csv,[2022],"[{""file"":""atb_2024_flat_file.csv"",""url"":""https://oedi-data-lake.s3.amazonaws.com/ATB/electricity/csv/2024/v3.0.0/ATBe.csv"",""sha256"":""b0f0de40786350ba8dd5eec9023540f72ceeb8ab4478bc31abaf1c0d5eb20959"",""format"":""flat"",""location"":""CSV row 64082"",""dollar_year"":2022}]",ATB 2024 Moderate base-year estimate; year=release-2. Case: Market. Unit from ATB parameter definition; CSV unit blank.,2024
reeds,gas,Gas-CT,Moderate,{},vom,2013,16.437393535981013,USD/MWh,2022,atb,atb_2015_workbook.xlsm | deflator.csv,https://docs.nlr.gov/docs/fy15osti/64077-DA.xlsm | https://github.com/ReEDS-Model/ReEDS/blob/db6a1ba95836b649176fca50030e82a6b4cf9bb5/inputs/financials/deflator.csv,[2013],"[{""file"":""atb_2015_workbook.xlsm"",""url"":""https://docs.nlr.gov/docs/fy15osti/64077-DA.xlsm"",""sha256"":""1f5e9a1d81f766d8c0a4e320dba9c27953321df5321ae3d04a854a23f7ca48df"",""format"":""workbook"",""location"":""Conventional - Gas!L40"",""dollar_year"":2013},{""file"":""deflator.csv"",""url"":""https://github.com/ReEDS-Model/ReEDS/blob/db6a1ba95836b649176fca50030e82a6b4cf9bb5/inputs/financials/deflator.csv"",""sha256"":""538d3afb409a3c89ce0f96a70867855f9bb64afa82776e875129b2547e329315"",""location"":""value_target=value_source*deflator[source_dollar_year]/deflator[target_dollar_year]"",""dollar_year"":""""}]",ATB 2015 Moderate base-year estimate; year=release-2. Converted with the ReEDS deflator.,2015
reeds,gas,Gas-CT,Moderate,{},vom,2014,16.1927147773992,USD/MWh,2022,atb,atb_2016_workbook.xlsm | deflator.csv,https://docs.nlr.gov/docs/fy16osti/66944-DA.xlsm | https://github.com/ReEDS-Model/ReEDS/blob/db6a1ba95836b649176fca50030e82a6b4cf9bb5/inputs/financials/deflator.csv,[2014],"[{""file"":""atb_2016_workbook.xlsm"",""url"":""https://docs.nlr.gov/docs/fy16osti/66944-DA.xlsm"",""sha256"":""e622248d457ee99cba45474a7a7218a2bfd96f95d698d5a1099e3e2ea1b3b555"",""format"":""workbook"",""location"":""Conventional - Gas!L61"",""dollar_year"":2014},{""file"":""deflator.csv"",""url"":""https://github.com/ReEDS-Model/ReEDS/blob/db6a1ba95836b649176fca50030e82a6b4cf9bb5/inputs/financials/deflator.csv"",""sha256"":""538d3afb409a3c89ce0f96a70867855f9bb64afa82776e875129b2547e329315"",""location"":""value_target=value_source*deflator[source_dollar_year]/deflator[target_dollar_year]"",""dollar_year"":""""}]",ATB 2016 Moderate base-year estimate; year=release-2. Converted with the ReEDS deflator.,2016
reeds,gas,Gas-CT,Moderate,{},vom,2015,8.525211229016675,USD/MWh,2022,atb,atb_2017_workbook.xlsm | deflator.csv,https://data.nlr.gov/system/files/71/2017-ATB-data.xlsm | https://github.com/ReEDS-Model/ReEDS/blob/db6a1ba95836b649176fca50030e82a6b4cf9bb5/inputs/financials/deflator.csv,[2015],"[{""file"":""atb_2017_workbook.xlsm"",""url"":""https://data.nlr.gov/system/files/71/2017-ATB-data.xlsm"",""sha256"":""5712fc8d062ccb40aa6930edbf60ba1f8f4a13c08f7e4e532b78e24fa23ba55d"",""format"":""workbook"",""location"":""Natural Gas!L61"",""dollar_year"":2015},{""file"":""deflator.csv"",""url"":""https://github.com/ReEDS-Model/ReEDS/blob/db6a1ba95836b649176fca50030e82a6b4cf9bb5/inputs/financials/deflator.csv"",""sha256"":""538d3afb409a3c89ce0f96a70867855f9bb64afa82776e875129b2547e329315"",""location"":""value_target=value_source*deflator[source_dollar_year]/deflator[target_dollar_year]"",""dollar_year"":""""}]",ATB 2017 Moderate base-year estimate; year=release-2. Converted with the ReEDS deflator.,2017
reeds,gas,Gas-CT,Moderate,{},vom,2016,8.558951984753687,USD/MWh,2022,atb,atb_2018_workbook.xlsm | deflator.csv,https://data.nlr.gov/system/files/89/2018-ATB-data-interim-geo.xlsm | https://github.com/ReEDS-Model/ReEDS/blob/db6a1ba95836b649176fca50030e82a6b4cf9bb5/inputs/financials/deflator.csv,[2016],"[{""file"":""atb_2018_workbook.xlsm"",""url"":""https://data.nlr.gov/system/files/89/2018-ATB-data-interim-geo.xlsm"",""sha256"":""975f5a963c817b0da3f9e762a3458fdbee58f11b3d80656eb3ba528d2901fbdf"",""format"":""workbook"",""location"":""Natural Gas!L61"",""dollar_year"":2016},{""file"":""deflator.csv"",""url"":""https://github.com/ReEDS-Model/ReEDS/blob/db6a1ba95836b649176fca50030e82a6b4cf9bb5/inputs/financials/deflator.csv"",""sha256"":""538d3afb409a3c89ce0f96a70867855f9bb64afa82776e875129b2547e329315"",""location"":""value_target=value_source*deflator[source_dollar_year]/deflator[target_dollar_year]"",""dollar_year"":""""}]",ATB 2018 Moderate base-year estimate; year=release-2. Converted with the ReEDS deflator.,2018
reeds,gas,Gas-CT,Moderate,{},vom,2017,8.517200997512726,USD/MWh,2022,atb,atb_2019_workbook.xlsm | deflator.csv,https://data.nlr.gov/system/files/115/2019-ATB-data.xlsm | https://github.com/ReEDS-Model/ReEDS/blob/db6a1ba95836b649176fca50030e82a6b4cf9bb5/inputs/financials/deflator.csv,[2017],"[{""file"":""atb_2019_workbook.xlsm"",""url"":""https://data.nlr.gov/system/files/115/2019-ATB-data.xlsm"",""sha256"":""f7807beb3496c1cfde28ed2a3115abd1d88e968273eb90f52cfe89f1845de42b"",""format"":""workbook"",""location"":""Natural Gas!L61"",""dollar_year"":2017},{""file"":""deflator.csv"",""url"":""https://github.com/ReEDS-Model/ReEDS/blob/db6a1ba95836b649176fca50030e82a6b4cf9bb5/inputs/financials/deflator.csv"",""sha256"":""538d3afb409a3c89ce0f96a70867855f9bb64afa82776e875129b2547e329315"",""location"":""value_target=value_source*deflator[source_dollar_year]/deflator[target_dollar_year]"",""dollar_year"":""""}]",ATB 2019 Moderate base-year estimate; year=release-2. Converted with the ReEDS deflator.,2019
reeds,gas,Gas-CT,Moderate,{},vom,2018,5.241027371796304,USD/MWh,2022,atb,atb_2020_workbook.xlsm | deflator.csv,https://atb-archive.nlr.gov/electricity/2020/files/2020-ATB-Data.xlsm | https://github.com/ReEDS-Model/ReEDS/blob/db6a1ba95836b649176fca50030e82a6b4cf9bb5/inputs/financials/deflator.csv,[2018],"[{""file"":""atb_2020_workbook.xlsm"",""url"":""https://atb-archive.nlr.gov/electricity/2020/files/2020-ATB-Data.xlsm"",""sha256"":""2fc2ccf72853304e45803959c77d82806debe8b686eec294838a7ac5219a7a13"",""format"":""workbook"",""location"":""Natural Gas!L61"",""dollar_year"":2018},{""file"":""deflator.csv"",""url"":""https://github.com/ReEDS-Model/ReEDS/blob/db6a1ba95836b649176fca50030e82a6b4cf9bb5/inputs/financials/deflator.csv"",""sha256"":""538d3afb409a3c89ce0f96a70867855f9bb64afa82776e875129b2547e329315"",""location"":""value_target=value_source*deflator[source_dollar_year]/deflator[target_dollar_year]"",""dollar_year"":""""}]",ATB 2020 Moderate base-year estimate; year=release-2. Converted with the ReEDS deflator.,2020
reeds,gas,Gas-CT,Moderate,{},vom,2019,5.664429147593695,USD/MWh,2022,atb,atb_2021_workbook.xlsm | deflator.csv,https://data.openei.org/files/4129/2021-ATB-Data_Master_new.xlsm | https://github.com/ReEDS-Model/ReEDS/blob/db6a1ba95836b649176fca50030e82a6b4cf9bb5/inputs/financials/deflator.csv,[2019],"[{""file"":""atb_2021_workbook.xlsm"",""url"":""https://data.openei.org/files/4129/2021-ATB-Data_Master_new.xlsm"",""sha256"":""211bc492df941a58acac912edea27c2ac2abf6d74fb2a24355fda6660c055632"",""format"":""workbook"",""location"":""Natural Gas_FE!L191"",""dollar_year"":2019},{""file"":""deflator.csv"",""url"":""https://github.com/ReEDS-Model/ReEDS/blob/db6a1ba95836b649176fca50030e82a6b4cf9bb5/inputs/financials/deflator.csv"",""sha256"":""538d3afb409a3c89ce0f96a70867855f9bb64afa82776e875129b2547e329315"",""location"":""value_target=value_source*deflator[source_dollar_year]/deflator[target_dollar_year]"",""dollar_year"":""""}]",ATB 2021 Moderate base-year estimate; year=release-2. Converted with the ReEDS deflator.,2021
reeds,gas,Gas-CT,Moderate,{},vom,2020,5.766876005063558,USD/MWh,2022,atb,atb_2022_workbook.xlsx | deflator.csv,https://data.openei.org/files/5716/2022 v3 Annual Technology Baseline Workbook Mid-year update 2-15-2023.xlsx | https://github.com/ReEDS-Model/ReEDS/blob/db6a1ba95836b649176fca50030e82a6b4cf9bb5/inputs/financials/deflator.csv,[2020],"[{""file"":""atb_2022_workbook.xlsx"",""url"":""https://data.openei.org/files/5716/2022 v3 Annual Technology Baseline Workbook Mid-year update 2-15-2023.xlsx"",""sha256"":""5ad5e47373f0dea32991d5828831bb407550397f1956abda6870e6786134b87e"",""format"":""workbook"",""location"":""Natural Gas_FE!M201"",""dollar_year"":2020},{""file"":""deflator.csv"",""url"":""https://github.com/ReEDS-Model/ReEDS/blob/db6a1ba95836b649176fca50030e82a6b4cf9bb5/inputs/financials/deflator.csv"",""sha256"":""538d3afb409a3c89ce0f96a70867855f9bb64afa82776e875129b2547e329315"",""location"":""value_target=value_source*deflator[source_dollar_year]/deflator[target_dollar_year]"",""dollar_year"":""""}]",ATB 2022 Moderate base-year estimate; year=release-2. Converted with the ReEDS deflator.,2022
reeds,gas,Gas-CT,Moderate,{},vom,2021,6.955200006383214,USD/MWh,2022,atb,atb_2023_flat_file.csv | deflator.csv,https://oedi-data-lake.s3.amazonaws.com/ATB/electricity/csv/2023/ATBe.csv | https://github.com/ReEDS-Model/ReEDS/blob/db6a1ba95836b649176fca50030e82a6b4cf9bb5/inputs/financials/deflator.csv,[2021],"[{""file"":""atb_2023_flat_file.csv"",""url"":""https://oedi-data-lake.s3.amazonaws.com/ATB/electricity/csv/2023/ATBe.csv"",""sha256"":""5073733a55c84facceb25ec56b83d05d9c990155486111fff137854ccd2fab71"",""format"":""flat"",""location"":""CSV row 184246"",""dollar_year"":2021},{""file"":""deflator.csv"",""url"":""https://github.com/ReEDS-Model/ReEDS/blob/db6a1ba95836b649176fca50030e82a6b4cf9bb5/inputs/financials/deflator.csv"",""sha256"":""538d3afb409a3c89ce0f96a70867855f9bb64afa82776e875129b2547e329315"",""location"":""value_target=value_source*deflator[source_dollar_year]/deflator[target_dollar_year]"",""dollar_year"":""""}]",ATB 2023 Moderate base-year estimate; year=release-2. Case: Market. Converted with the ReEDS deflator.,2023
reeds,gas,Gas-CT,Moderate,{},vom,2022,6.94,USD/MWh,2022,atb,atb_2024_flat_file.csv | deflator.csv,https://oedi-data-lake.s3.amazonaws.com/ATB/electricity/csv/2024/v3.0.0/ATBe.csv | https://github.com/ReEDS-Model/ReEDS/blob/db6a1ba95836b649176fca50030e82a6b4cf9bb5/inputs/financials/deflator.csv,[2022],"[{""file"":""atb_2024_flat_file.csv"",""url"":""https://oedi-data-lake.s3.amazonaws.com/ATB/electricity/csv/2024/v3.0.0/ATBe.csv"",""sha256"":""b0f0de40786350ba8dd5eec9023540f72ceeb8ab4478bc31abaf1c0d5eb20959"",""format"":""flat"",""location"":""CSV row 64935"",""dollar_year"":2022},{""file"":""deflator.csv"",""url"":""https://github.com/ReEDS-Model/ReEDS/blob/db6a1ba95836b649176fca50030e82a6b4cf9bb5/inputs/financials/deflator.csv"",""sha256"":""538d3afb409a3c89ce0f96a70867855f9bb64afa82776e875129b2547e329315"",""location"":""value_target=value_source*deflator[source_dollar_year]/deflator[target_dollar_year]"",""dollar_year"":""""}]",ATB 2024 Moderate base-year estimate; year=release-2. Case: Market. Unit from ATB parameter definition; CSV unit blank. Converted with the ReEDS deflator.,2024
reeds,gas-ccs,Gas-CC-CCS_mod,Moderate,{},capcost,2020,2359.8961220720876,USD/kW,2022,atb,atb_2022_workbook.xlsx | deflator.csv,https://data.openei.org/files/5716/2022 v3 Annual Technology Baseline Workbook Mid-year update 2-15-2023.xlsx | https://github.com/ReEDS-Model/ReEDS/blob/db6a1ba95836b649176fca50030e82a6b4cf9bb5/inputs/financials/deflator.csv,[2020],"[{""file"":""atb_2022_workbook.xlsx"",""url"":""https://data.openei.org/files/5716/2022 v3 Annual Technology Baseline Workbook Mid-year update 2-15-2023.xlsx"",""sha256"":""5ad5e47373f0dea32991d5828831bb407550397f1956abda6870e6786134b87e"",""format"":""workbook"",""location"":""Natural Gas_FE!M164"",""dollar_year"":2020},{""file"":""deflator.csv"",""url"":""https://github.com/ReEDS-Model/ReEDS/blob/db6a1ba95836b649176fca50030e82a6b4cf9bb5/inputs/financials/deflator.csv"",""sha256"":""538d3afb409a3c89ce0f96a70867855f9bb64afa82776e875129b2547e329315"",""location"":""value_target=value_source*deflator[source_dollar_year]/deflator[target_dollar_year]"",""dollar_year"":""""}]",ATB 2022 Moderate base-year estimate; year=release-2. Converted with the ReEDS deflator.,2022
reeds,gas-ccs,Gas-CC-CCS_mod,Moderate,{},capcost,2021,2572.0200023605003,USD/kW,2022,atb,atb_2023_flat_file.csv | deflator.csv,https://oedi-data-lake.s3.amazonaws.com/ATB/electricity/csv/2023/ATBe.csv | https://github.com/ReEDS-Model/ReEDS/blob/db6a1ba95836b649176fca50030e82a6b4cf9bb5/inputs/financials/deflator.csv,[2021],"[{""file"":""atb_2023_flat_file.csv"",""url"":""https://oedi-data-lake.s3.amazonaws.com/ATB/electricity/csv/2023/ATBe.csv"",""sha256"":""5073733a55c84facceb25ec56b83d05d9c990155486111fff137854ccd2fab71"",""format"":""flat"",""location"":""CSV row 176052"",""dollar_year"":2021},{""file"":""deflator.csv"",""url"":""https://github.com/ReEDS-Model/ReEDS/blob/db6a1ba95836b649176fca50030e82a6b4cf9bb5/inputs/financials/deflator.csv"",""sha256"":""538d3afb409a3c89ce0f96a70867855f9bb64afa82776e875129b2547e329315"",""location"":""value_target=value_source*deflator[source_dollar_year]/deflator[target_dollar_year]"",""dollar_year"":""""}]",ATB 2023 Moderate base-year estimate; year=release-2. Case: Market. Converted with the ReEDS deflator.,2023
reeds,gas-ccs,Gas-CC-CCS_mod,Moderate,{},capcost,2022,2656.6,USD/kW,2022,atb,atb_2024_flat_file.csv | deflator.csv,https://oedi-data-lake.s3.amazonaws.com/ATB/electricity/csv/2024/v3.0.0/ATBe.csv | https://github.com/ReEDS-Model/ReEDS/blob/db6a1ba95836b649176fca50030e82a6b4cf9bb5/inputs/financials/deflator.csv,[2022],"[{""file"":""atb_2024_flat_file.csv"",""url"":""https://oedi-data-lake.s3.amazonaws.com/ATB/electricity/csv/2024/v3.0.0/ATBe.csv"",""sha256"":""b0f0de40786350ba8dd5eec9023540f72ceeb8ab4478bc31abaf1c0d5eb20959"",""format"":""flat"",""location"":""CSV row 64401"",""dollar_year"":2022},{""file"":""deflator.csv"",""url"":""https://github.com/ReEDS-Model/ReEDS/blob/db6a1ba95836b649176fca50030e82a6b4cf9bb5/inputs/financials/deflator.csv"",""sha256"":""538d3afb409a3c89ce0f96a70867855f9bb64afa82776e875129b2547e329315"",""location"":""value_target=value_source*deflator[source_dollar_year]/deflator[target_dollar_year]"",""dollar_year"":""""}]",ATB 2024 Moderate base-year estimate; year=release-2. Case: Market. Unit from ATB parameter definition; CSV unit blank. Converted with the ReEDS deflator.,2024
reeds,gas-ccs,Gas-CC-CCS_mod,Moderate,{},fom,2020,65.25615965729764,USD/kW-yr,2022,atb,atb_2022_workbook.xlsx | deflator.csv,https://data.openei.org/files/5716/2022 v3 Annual Technology Baseline Workbook Mid-year update 2-15-2023.xlsx | https://github.com/ReEDS-Model/ReEDS/blob/db6a1ba95836b649176fca50030e82a6b4cf9bb5/inputs/financials/deflator.csv,[2020],"[{""file"":""atb_2022_workbook.xlsx"",""url"":""https://data.openei.org/files/5716/2022 v3 Annual Technology Baseline Workbook Mid-year update 2-15-2023.xlsx"",""sha256"":""5ad5e47373f0dea32991d5828831bb407550397f1956abda6870e6786134b87e"",""format"":""workbook"",""location"":""Natural Gas_FE!M187"",""dollar_year"":2020},{""file"":""deflator.csv"",""url"":""https://github.com/ReEDS-Model/ReEDS/blob/db6a1ba95836b649176fca50030e82a6b4cf9bb5/inputs/financials/deflator.csv"",""sha256"":""538d3afb409a3c89ce0f96a70867855f9bb64afa82776e875129b2547e329315"",""location"":""value_target=value_source*deflator[source_dollar_year]/deflator[target_dollar_year]"",""dollar_year"":""""}]",ATB 2022 Moderate base-year estimate; year=release-2. Converted with the ReEDS deflator.,2022
reeds,gas-ccs,Gas-CC-CCS_mod,Moderate,{},fom,2021,68.79600006313831,USD/kW-yr,2022,atb,atb_2023_flat_file.csv | deflator.csv,https://oedi-data-lake.s3.amazonaws.com/ATB/electricity/csv/2023/ATBe.csv | https://github.com/ReEDS-Model/ReEDS/blob/db6a1ba95836b649176fca50030e82a6b4cf9bb5/inputs/financials/deflator.csv,[2021],"[{""file"":""atb_2023_flat_file.csv"",""url"":""https://oedi-data-lake.s3.amazonaws.com/ATB/electricity/csv/2023/ATBe.csv"",""sha256"":""5073733a55c84facceb25ec56b83d05d9c990155486111fff137854ccd2fab71"",""format"":""flat"",""location"":""CSV row 145144"",""dollar_year"":2021},{""file"":""deflator.csv"",""url"":""https://github.com/ReEDS-Model/ReEDS/blob/db6a1ba95836b649176fca50030e82a6b4cf9bb5/inputs/financials/deflator.csv"",""sha256"":""538d3afb409a3c89ce0f96a70867855f9bb64afa82776e875129b2547e329315"",""location"":""value_target=value_source*deflator[source_dollar_year]/deflator[target_dollar_year]"",""dollar_year"":""""}]",ATB 2023 Moderate base-year estimate; year=release-2. Case: Market. Converted with the ReEDS deflator.,2023
reeds,gas-ccs,Gas-CC-CCS_mod,Moderate,{},fom,2022,70.7,USD/kW-yr,2022,atb,atb_2024_flat_file.csv | deflator.csv,https://oedi-data-lake.s3.amazonaws.com/ATB/electricity/csv/2024/v3.0.0/ATBe.csv | https://github.com/ReEDS-Model/ReEDS/blob/db6a1ba95836b649176fca50030e82a6b4cf9bb5/inputs/financials/deflator.csv,[2022],"[{""file"":""atb_2024_flat_file.csv"",""url"":""https://oedi-data-lake.s3.amazonaws.com/ATB/electricity/csv/2024/v3.0.0/ATBe.csv"",""sha256"":""b0f0de40786350ba8dd5eec9023540f72ceeb8ab4478bc31abaf1c0d5eb20959"",""format"":""flat"",""location"":""CSV row 64798"",""dollar_year"":2022},{""file"":""deflator.csv"",""url"":""https://github.com/ReEDS-Model/ReEDS/blob/db6a1ba95836b649176fca50030e82a6b4cf9bb5/inputs/financials/deflator.csv"",""sha256"":""538d3afb409a3c89ce0f96a70867855f9bb64afa82776e875129b2547e329315"",""location"":""value_target=value_source*deflator[source_dollar_year]/deflator[target_dollar_year]"",""dollar_year"":""""}]",ATB 2024 Moderate base-year estimate; year=release-2. Case: Market. Unit from ATB parameter definition; CSV unit blank. Converted with the ReEDS deflator.,2024
reeds,gas-ccs,Gas-CC-CCS_mod,Moderate,{},heatrate,2020,7.22,MMBtu/MWh,,atb,atb_2022_workbook.xlsx,https://data.openei.org/files/5716/2022 v3 Annual Technology Baseline Workbook Mid-year update 2-15-2023.xlsx,[2020],"[{""file"":""atb_2022_workbook.xlsx"",""url"":""https://data.openei.org/files/5716/2022 v3 Annual Technology Baseline Workbook Mid-year update 2-15-2023.xlsx"",""sha256"":""5ad5e47373f0dea32991d5828831bb407550397f1956abda6870e6786134b87e"",""format"":""workbook"",""location"":""Natural Gas_FE!M95"",""dollar_year"":2020}]",ATB 2022 Moderate base-year estimate; year=release-2.,2022
reeds,gas-ccs,Gas-CC-CCS_mod,Moderate,{},heatrate,2021,7.22,MMBtu/MWh,,atb,atb_2023_flat_file.csv,https://oedi-data-lake.s3.amazonaws.com/ATB/electricity/csv/2023/ATBe.csv,[2021],"[{""file"":""atb_2023_flat_file.csv"",""url"":""https://oedi-data-lake.s3.amazonaws.com/ATB/electricity/csv/2023/ATBe.csv"",""sha256"":""5073733a55c84facceb25ec56b83d05d9c990155486111fff137854ccd2fab71"",""format"":""flat"",""location"":""CSV row 154148"",""dollar_year"":2021}]",ATB 2023 Moderate base-year estimate; year=release-2. Case: Market.,2023
reeds,gas-ccs,Gas-CC-CCS_mod,Moderate,{},heatrate,2022,7.22,MMBtu/MWh,,atb,atb_2024_flat_file.csv,https://oedi-data-lake.s3.amazonaws.com/ATB/electricity/csv/2024/v3.0.0/ATBe.csv,[2022],"[{""file"":""atb_2024_flat_file.csv"",""url"":""https://oedi-data-lake.s3.amazonaws.com/ATB/electricity/csv/2024/v3.0.0/ATBe.csv"",""sha256"":""b0f0de40786350ba8dd5eec9023540f72ceeb8ab4478bc31abaf1c0d5eb20959"",""format"":""flat"",""location"":""CSV row 64186"",""dollar_year"":2022}]",ATB 2024 Moderate base-year estimate; year=release-2. Case: Market. Unit from ATB parameter definition; CSV unit blank.,2024
reeds,gas-ccs,Gas-CC-CCS_mod,Moderate,{},vom,2020,4.862268004269275,USD/MWh,2022,atb,atb_2022_workbook.xlsx | deflator.csv,https://data.openei.org/files/5716/2022 v3 Annual Technology Baseline Workbook Mid-year update 2-15-2023.xlsx | https://github.com/ReEDS-Model/ReEDS/blob/db6a1ba95836b649176fca50030e82a6b4cf9bb5/inputs/financials/deflator.csv,[2020],"[{""file"":""atb_2022_workbook.xlsx"",""url"":""https://data.openei.org/files/5716/2022 v3 Annual Technology Baseline Workbook Mid-year update 2-15-2023.xlsx"",""sha256"":""5ad5e47373f0dea32991d5828831bb407550397f1956abda6870e6786134b87e"",""format"":""workbook"",""location"":""Natural Gas_FE!M210"",""dollar_year"":2020},{""file"":""deflator.csv"",""url"":""https://github.com/ReEDS-Model/ReEDS/blob/db6a1ba95836b649176fca50030e82a6b4cf9bb5/inputs/financials/deflator.csv"",""sha256"":""538d3afb409a3c89ce0f96a70867855f9bb64afa82776e875129b2547e329315"",""location"":""value_target=value_source*deflator[source_dollar_year]/deflator[target_dollar_year]"",""dollar_year"":""""}]",ATB 2022 Moderate base-year estimate; year=release-2. Converted with the ReEDS deflator.,2022
reeds,gas-ccs,Gas-CC-CCS_mod,Moderate,{},vom,2021,5.0004000045891726,USD/MWh,2022,atb,atb_2023_flat_file.csv | deflator.csv,https://oedi-data-lake.s3.amazonaws.com/ATB/electricity/csv/2023/ATBe.csv | https://github.com/ReEDS-Model/ReEDS/blob/db6a1ba95836b649176fca50030e82a6b4cf9bb5/inputs/financials/deflator.csv,[2021],"[{""file"":""atb_2023_flat_file.csv"",""url"":""https://oedi-data-lake.s3.amazonaws.com/ATB/electricity/csv/2023/ATBe.csv"",""sha256"":""5073733a55c84facceb25ec56b83d05d9c990155486111fff137854ccd2fab71"",""format"":""flat"",""location"":""CSV row 183706"",""dollar_year"":2021},{""file"":""deflator.csv"",""url"":""https://github.com/ReEDS-Model/ReEDS/blob/db6a1ba95836b649176fca50030e82a6b4cf9bb5/inputs/financials/deflator.csv"",""sha256"":""538d3afb409a3c89ce0f96a70867855f9bb64afa82776e875129b2547e329315"",""location"":""value_target=value_source*deflator[source_dollar_year]/deflator[target_dollar_year]"",""dollar_year"":""""}]",ATB 2023 Moderate base-year estimate; year=release-2. Case: Market. Converted with the ReEDS deflator.,2023
reeds,gas-ccs,Gas-CC-CCS_mod,Moderate,{},vom,2022,5.11,USD/MWh,2022,atb,atb_2024_flat_file.csv | deflator.csv,https://oedi-data-lake.s3.amazonaws.com/ATB/electricity/csv/2024/v3.0.0/ATBe.csv | https://github.com/ReEDS-Model/ReEDS/blob/db6a1ba95836b649176fca50030e82a6b4cf9bb5/inputs/financials/deflator.csv,[2022],"[{""file"":""atb_2024_flat_file.csv"",""url"":""https://oedi-data-lake.s3.amazonaws.com/ATB/electricity/csv/2024/v3.0.0/ATBe.csv"",""sha256"":""b0f0de40786350ba8dd5eec9023540f72ceeb8ab4478bc31abaf1c0d5eb20959"",""format"":""flat"",""location"":""CSV row 64981"",""dollar_year"":2022},{""file"":""deflator.csv"",""url"":""https://github.com/ReEDS-Model/ReEDS/blob/db6a1ba95836b649176fca50030e82a6b4cf9bb5/inputs/financials/deflator.csv"",""sha256"":""538d3afb409a3c89ce0f96a70867855f9bb64afa82776e875129b2547e329315"",""location"":""value_target=value_source*deflator[source_dollar_year]/deflator[target_dollar_year]"",""dollar_year"":""""}]",ATB 2024 Moderate base-year estimate; year=release-2. Case: Market. Unit from ATB parameter definition; CSV unit blank. Converted with the ReEDS deflator.,2024
reeds,gas-ccs,Gas-CC_H_1x1-CCS_mod,Moderate,{},capcost,2022,2968.7,USD/kW,2022,atb,atb_2024_flat_file.csv | deflator.csv,https://oedi-data-lake.s3.amazonaws.com/ATB/electricity/csv/2024/v3.0.0/ATBe.csv | https://github.com/ReEDS-Model/ReEDS/blob/db6a1ba95836b649176fca50030e82a6b4cf9bb5/inputs/financials/deflator.csv,[2022],"[{""file"":""atb_2024_flat_file.csv"",""url"":""https://oedi-data-lake.s3.amazonaws.com/ATB/electricity/csv/2024/v3.0.0/ATBe.csv"",""sha256"":""b0f0de40786350ba8dd5eec9023540f72ceeb8ab4478bc31abaf1c0d5eb20959"",""format"":""flat"",""location"":""CSV row 64437"",""dollar_year"":2022},{""file"":""deflator.csv"",""url"":""https://github.com/ReEDS-Model/ReEDS/blob/db6a1ba95836b649176fca50030e82a6b4cf9bb5/inputs/financials/deflator.csv"",""sha256"":""538d3afb409a3c89ce0f96a70867855f9bb64afa82776e875129b2547e329315"",""location"":""value_target=value_source*deflator[source_dollar_year]/deflator[target_dollar_year]"",""dollar_year"":""""}]",ATB 2024 Moderate base-year estimate; year=release-2. Case: Market. Unit from ATB parameter definition; CSV unit blank. Converted with the ReEDS deflator.,2024
reeds,gas-ccs,Gas-CC_H_1x1-CCS_mod,Moderate,{},fom,2022,78.0,USD/kW-yr,2022,atb,atb_2024_flat_file.csv | deflator.csv,https://oedi-data-lake.s3.amazonaws.com/ATB/electricity/csv/2024/v3.0.0/ATBe.csv | https://github.com/ReEDS-Model/ReEDS/blob/db6a1ba95836b649176fca50030e82a6b4cf9bb5/inputs/financials/deflator.csv,[2022],"[{""file"":""atb_2024_flat_file.csv"",""url"":""https://oedi-data-lake.s3.amazonaws.com/ATB/electricity/csv/2024/v3.0.0/ATBe.csv"",""sha256"":""b0f0de40786350ba8dd5eec9023540f72ceeb8ab4478bc31abaf1c0d5eb20959"",""format"":""flat"",""location"":""CSV row 64832"",""dollar_year"":2022},{""file"":""deflator.csv"",""url"":""https://github.com/ReEDS-Model/ReEDS/blob/db6a1ba95836b649176fca50030e82a6b4cf9bb5/inputs/financials/deflator.csv"",""sha256"":""538d3afb409a3c89ce0f96a70867855f9bb64afa82776e875129b2547e329315"",""location"":""value_target=value_source*deflator[source_dollar_year]/deflator[target_dollar_year]"",""dollar_year"":""""}]",ATB 2024 Moderate base-year estimate; year=release-2. Case: Market. Unit from ATB parameter definition; CSV unit blank. Converted with the ReEDS deflator.,2024
reeds,gas-ccs,Gas-CC_H_1x1-CCS_mod,Moderate,{},heatrate,2022,6.848,MMBtu/MWh,,atb,atb_2024_flat_file.csv,https://oedi-data-lake.s3.amazonaws.com/ATB/electricity/csv/2024/v3.0.0/ATBe.csv,[2022],"[{""file"":""atb_2024_flat_file.csv"",""url"":""https://oedi-data-lake.s3.amazonaws.com/ATB/electricity/csv/2024/v3.0.0/ATBe.csv"",""sha256"":""b0f0de40786350ba8dd5eec9023540f72ceeb8ab4478bc31abaf1c0d5eb20959"",""format"":""flat"",""location"":""CSV row 64222"",""dollar_year"":2022}]",ATB 2024 Moderate base-year estimate; year=release-2. Case: Market. Unit from ATB parameter definition; CSV unit blank.,2024
reeds,gas-ccs,Gas-CC_H_1x1-CCS_mod,Moderate,{},vom,2022,5.3,USD/MWh,2022,atb,atb_2024_flat_file.csv | deflator.csv,https://oedi-data-lake.s3.amazonaws.com/ATB/electricity/csv/2024/v3.0.0/ATBe.csv | https://github.com/ReEDS-Model/ReEDS/blob/db6a1ba95836b649176fca50030e82a6b4cf9bb5/inputs/financials/deflator.csv,[2022],"[{""file"":""atb_2024_flat_file.csv"",""url"":""https://oedi-data-lake.s3.amazonaws.com/ATB/electricity/csv/2024/v3.0.0/ATBe.csv"",""sha256"":""b0f0de40786350ba8dd5eec9023540f72ceeb8ab4478bc31abaf1c0d5eb20959"",""format"":""flat"",""location"":""CSV row 65045"",""dollar_year"":2022},{""file"":""deflator.csv"",""url"":""https://github.com/ReEDS-Model/ReEDS/blob/db6a1ba95836b649176fca50030e82a6b4cf9bb5/inputs/financials/deflator.csv"",""sha256"":""538d3afb409a3c89ce0f96a70867855f9bb64afa82776e875129b2547e329315"",""location"":""value_target=value_source*deflator[source_dollar_year]/deflator[target_dollar_year]"",""dollar_year"":""""}]",ATB 2024 Moderate base-year estimate; year=release-2. Case: Market. Unit from ATB parameter definition; CSV unit blank. Converted with the ReEDS deflator.,2024
reeds,gas-ccs,Gas-CC_H_2x1-CCS_mod,Moderate,{},capcost,2020,2226.466441954931,USD/kW,2022,atb,atb_2022_workbook.xlsx | deflator.csv,https://data.openei.org/files/5716/2022 v3 Annual Technology Baseline Workbook Mid-year update 2-15-2023.xlsx | https://github.com/ReEDS-Model/ReEDS/blob/db6a1ba95836b649176fca50030e82a6b4cf9bb5/inputs/financials/deflator.csv,[2020],"[{""file"":""atb_2022_workbook.xlsx"",""url"":""https://data.openei.org/files/5716/2022 v3 Annual Technology Baseline Workbook Mid-year update 2-15-2023.xlsx"",""sha256"":""5ad5e47373f0dea32991d5828831bb407550397f1956abda6870e6786134b87e"",""format"":""workbook"",""location"":""Natural Gas_FE!M167"",""dollar_year"":2020},{""file"":""deflator.csv"",""url"":""https://github.com/ReEDS-Model/ReEDS/blob/db6a1ba95836b649176fca50030e82a6b4cf9bb5/inputs/financials/deflator.csv"",""sha256"":""538d3afb409a3c89ce0f96a70867855f9bb64afa82776e875129b2547e329315"",""location"":""value_target=value_source*deflator[source_dollar_year]/deflator[target_dollar_year]"",""dollar_year"":""""}]",ATB 2022 Moderate base-year estimate; year=release-2. H-frame maps to 2x1 per ATB 2022 workbook Natural Gas_FE!K18 and https://atb.nlr.gov/electricity/2022/fossil_energy_technologies; the separate 1x1 design was introduced in ATB 2024. Converted with the ReEDS deflator.,2022
reeds,gas-ccs,Gas-CC_H_2x1-CCS_mod,Moderate,{},capcost,2021,2446.524002245325,USD/kW,2022,atb,atb_2023_flat_file.csv | deflator.csv,https://oedi-data-lake.s3.amazonaws.com/ATB/electricity/csv/2023/ATBe.csv | https://github.com/ReEDS-Model/ReEDS/blob/db6a1ba95836b649176fca50030e82a6b4cf9bb5/inputs/financials/deflator.csv,[2021],"[{""file"":""atb_2023_flat_file.csv"",""url"":""https://oedi-data-lake.s3.amazonaws.com/ATB/electricity/csv/2023/ATBe.csv"",""sha256"":""5073733a55c84facceb25ec56b83d05d9c990155486111fff137854ccd2fab71"",""format"":""flat"",""location"":""CSV row 176322"",""dollar_year"":2021},{""file"":""deflator.csv"",""url"":""https://github.com/ReEDS-Model/ReEDS/blob/db6a1ba95836b649176fca50030e82a6b4cf9bb5/inputs/financials/deflator.csv"",""sha256"":""538d3afb409a3c89ce0f96a70867855f9bb64afa82776e875129b2547e329315"",""location"":""value_target=value_source*deflator[source_dollar_year]/deflator[target_dollar_year]"",""dollar_year"":""""}]",ATB 2023 Moderate base-year estimate; year=release-2. Case: Market.  H-frame maps to 2x1 per ATB 2023 workbook Natural Gas_FE!K16 and https://atb.nlr.gov/electricity/2023/fossil_energy_technologies; the separate 1x1 design was introduced in ATB 2024. Converted with the ReEDS deflator.,2023
reeds,gas-ccs,Gas-CC_H_2x1-CCS_mod,Moderate,{},capcost,2022,2524.1,USD/kW,2022,atb,atb_2024_flat_file.csv | deflator.csv,https://oedi-data-lake.s3.amazonaws.com/ATB/electricity/csv/2024/v3.0.0/ATBe.csv | https://github.com/ReEDS-Model/ReEDS/blob/db6a1ba95836b649176fca50030e82a6b4cf9bb5/inputs/financials/deflator.csv,[2022],"[{""file"":""atb_2024_flat_file.csv"",""url"":""https://oedi-data-lake.s3.amazonaws.com/ATB/electricity/csv/2024/v3.0.0/ATBe.csv"",""sha256"":""b0f0de40786350ba8dd5eec9023540f72ceeb8ab4478bc31abaf1c0d5eb20959"",""format"":""flat"",""location"":""CSV row 64432"",""dollar_year"":2022},{""file"":""deflator.csv"",""url"":""https://github.com/ReEDS-Model/ReEDS/blob/db6a1ba95836b649176fca50030e82a6b4cf9bb5/inputs/financials/deflator.csv"",""sha256"":""538d3afb409a3c89ce0f96a70867855f9bb64afa82776e875129b2547e329315"",""location"":""value_target=value_source*deflator[source_dollar_year]/deflator[target_dollar_year]"",""dollar_year"":""""}]",ATB 2024 Moderate base-year estimate; year=release-2. Case: Market. Unit from ATB parameter definition; CSV unit blank. Converted with the ReEDS deflator.,2024
reeds,gas-ccs,Gas-CC_H_2x1-CCS_mod,Moderate,{},fom,2020,60.292123252939014,USD/kW-yr,2022,atb,atb_2022_workbook.xlsx | deflator.csv,https://data.openei.org/files/5716/2022 v3 Annual Technology Baseline Workbook Mid-year update 2-15-2023.xlsx | https://github.com/ReEDS-Model/ReEDS/blob/db6a1ba95836b649176fca50030e82a6b4cf9bb5/inputs/financials/deflator.csv,[2020],"[{""file"":""atb_2022_workbook.xlsx"",""url"":""https://data.openei.org/files/5716/2022 v3 Annual Technology Baseline Workbook Mid-year update 2-15-2023.xlsx"",""sha256"":""5ad5e47373f0dea32991d5828831bb407550397f1956abda6870e6786134b87e"",""format"":""workbook"",""location"":""Natural Gas_FE!M190"",""dollar_year"":2020},{""file"":""deflator.csv"",""url"":""https://github.com/ReEDS-Model/ReEDS/blob/db6a1ba95836b649176fca50030e82a6b4cf9bb5/inputs/financials/deflator.csv"",""sha256"":""538d3afb409a3c89ce0f96a70867855f9bb64afa82776e875129b2547e329315"",""location"":""value_target=value_source*deflator[source_dollar_year]/deflator[target_dollar_year]"",""dollar_year"":""""}]",ATB 2022 Moderate base-year estimate; year=release-2. H-frame maps to 2x1 per ATB 2022 workbook Natural Gas_FE!K18 and https://atb.nlr.gov/electricity/2022/fossil_energy_technologies; the separate 1x1 design was introduced in ATB 2024. Converted with the ReEDS deflator.,2022
reeds,gas-ccs,Gas-CC_H_2x1-CCS_mod,Moderate,{},fom,2021,64.0440000587771,USD/kW-yr,2022,atb,atb_2023_flat_file.csv | deflator.csv,https://oedi-data-lake.s3.amazonaws.com/ATB/electricity/csv/2023/ATBe.csv | https://github.com/ReEDS-Model/ReEDS/blob/db6a1ba95836b649176fca50030e82a6b4cf9bb5/inputs/financials/deflator.csv,[2021],"[{""file"":""atb_2023_flat_file.csv"",""url"":""https://oedi-data-lake.s3.amazonaws.com/ATB/electricity/csv/2023/ATBe.csv"",""sha256"":""5073733a55c84facceb25ec56b83d05d9c990155486111fff137854ccd2fab71"",""format"":""flat"",""location"":""CSV row 145414"",""dollar_year"":2021},{""file"":""deflator.csv"",""url"":""https://github.com/ReEDS-Model/ReEDS/blob/db6a1ba95836b649176fca50030e82a6b4cf9bb5/inputs/financials/deflator.csv"",""sha256"":""538d3afb409a3c89ce0f96a70867855f9bb64afa82776e875129b2547e329315"",""location"":""value_target=value_source*deflator[source_dollar_year]/deflator[target_dollar_year]"",""dollar_year"":""""}]",ATB 2023 Moderate base-year estimate; year=release-2. Case: Market.  H-frame maps to 2x1 per ATB 2023 workbook Natural Gas_FE!K16 and https://atb.nlr.gov/electricity/2023/fossil_energy_technologies; the separate 1x1 design was introduced in ATB 2024. Converted with the ReEDS deflator.,2023
reeds,gas-ccs,Gas-CC_H_2x1-CCS_mod,Moderate,{},fom,2022,65.8,USD/kW-yr,2022,atb,atb_2024_flat_file.csv | deflator.csv,https://oedi-data-lake.s3.amazonaws.com/ATB/electricity/csv/2024/v3.0.0/ATBe.csv | https://github.com/ReEDS-Model/ReEDS/blob/db6a1ba95836b649176fca50030e82a6b4cf9bb5/inputs/financials/deflator.csv,[2022],"[{""file"":""atb_2024_flat_file.csv"",""url"":""https://oedi-data-lake.s3.amazonaws.com/ATB/electricity/csv/2024/v3.0.0/ATBe.csv"",""sha256"":""b0f0de40786350ba8dd5eec9023540f72ceeb8ab4478bc31abaf1c0d5eb20959"",""format"":""flat"",""location"":""CSV row 64801"",""dollar_year"":2022},{""file"":""deflator.csv"",""url"":""https://github.com/ReEDS-Model/ReEDS/blob/db6a1ba95836b649176fca50030e82a6b4cf9bb5/inputs/financials/deflator.csv"",""sha256"":""538d3afb409a3c89ce0f96a70867855f9bb64afa82776e875129b2547e329315"",""location"":""value_target=value_source*deflator[source_dollar_year]/deflator[target_dollar_year]"",""dollar_year"":""""}]",ATB 2024 Moderate base-year estimate; year=release-2. Case: Market. Unit from ATB parameter definition; CSV unit blank. Converted with the ReEDS deflator.,2024
reeds,gas-ccs,Gas-CC_H_2x1-CCS_mod,Moderate,{},heatrate,2020,7.007,MMBtu/MWh,,atb,atb_2022_workbook.xlsx,https://data.openei.org/files/5716/2022 v3 Annual Technology Baseline Workbook Mid-year update 2-15-2023.xlsx,[2020],"[{""file"":""atb_2022_workbook.xlsx"",""url"":""https://data.openei.org/files/5716/2022 v3 Annual Technology Baseline Workbook Mid-year update 2-15-2023.xlsx"",""sha256"":""5ad5e47373f0dea32991d5828831bb407550397f1956abda6870e6786134b87e"",""format"":""workbook"",""location"":""Natural Gas_FE!M98"",""dollar_year"":2020}]",ATB 2022 Moderate base-year estimate; year=release-2. H-frame maps to 2x1 per ATB 2022 workbook Natural Gas_FE!K18 and https://atb.nlr.gov/electricity/2022/fossil_energy_technologies; the separate 1x1 design was introduced in ATB 2024.,2022
reeds,gas-ccs,Gas-CC_H_2x1-CCS_mod,Moderate,{},heatrate,2021,7.007,MMBtu/MWh,,atb,atb_2023_flat_file.csv,https://oedi-data-lake.s3.amazonaws.com/ATB/electricity/csv/2023/ATBe.csv,[2021],"[{""file"":""atb_2023_flat_file.csv"",""url"":""https://oedi-data-lake.s3.amazonaws.com/ATB/electricity/csv/2023/ATBe.csv"",""sha256"":""5073733a55c84facceb25ec56b83d05d9c990155486111fff137854ccd2fab71"",""format"":""flat"",""location"":""CSV row 154418"",""dollar_year"":2021}]",ATB 2023 Moderate base-year estimate; year=release-2. Case: Market.  H-frame maps to 2x1 per ATB 2023 workbook Natural Gas_FE!K16 and https://atb.nlr.gov/electricity/2023/fossil_energy_technologies; the separate 1x1 design was introduced in ATB 2024.,2023
reeds,gas-ccs,Gas-CC_H_2x1-CCS_mod,Moderate,{},heatrate,2022,7.007,MMBtu/MWh,,atb,atb_2024_flat_file.csv,https://oedi-data-lake.s3.amazonaws.com/ATB/electricity/csv/2024/v3.0.0/ATBe.csv,[2022],"[{""file"":""atb_2024_flat_file.csv"",""url"":""https://oedi-data-lake.s3.amazonaws.com/ATB/electricity/csv/2024/v3.0.0/ATBe.csv"",""sha256"":""b0f0de40786350ba8dd5eec9023540f72ceeb8ab4478bc31abaf1c0d5eb20959"",""format"":""flat"",""location"":""CSV row 64191"",""dollar_year"":2022}]",ATB 2024 Moderate base-year estimate; year=release-2. Case: Market. Unit from ATB parameter definition; CSV unit blank.,2024
reeds,gas-ccs,Gas-CC_H_2x1-CCS_mod,Moderate,{},vom,2020,4.624808404060776,USD/MWh,2022,atb,atb_2022_workbook.xlsx | deflator.csv,https://data.openei.org/files/5716/2022 v3 Annual Technology Baseline Workbook Mid-year update 2-15-2023.xlsx | https://github.com/ReEDS-Model/ReEDS/blob/db6a1ba95836b649176fca50030e82a6b4cf9bb5/inputs/financials/deflator.csv,[2020],"[{""file"":""atb_2022_workbook.xlsx"",""url"":""https://data.openei.org/files/5716/2022 v3 Annual Technology Baseline Workbook Mid-year update 2-15-2023.xlsx"",""sha256"":""5ad5e47373f0dea32991d5828831bb407550397f1956abda6870e6786134b87e"",""format"":""workbook"",""location"":""Natural Gas_FE!M213"",""dollar_year"":2020},{""file"":""deflator.csv"",""url"":""https://github.com/ReEDS-Model/ReEDS/blob/db6a1ba95836b649176fca50030e82a6b4cf9bb5/inputs/financials/deflator.csv"",""sha256"":""538d3afb409a3c89ce0f96a70867855f9bb64afa82776e875129b2547e329315"",""location"":""value_target=value_source*deflator[source_dollar_year]/deflator[target_dollar_year]"",""dollar_year"":""""}]",ATB 2022 Moderate base-year estimate; year=release-2. H-frame maps to 2x1 per ATB 2022 workbook Natural Gas_FE!K18 and https://atb.nlr.gov/electricity/2022/fossil_energy_technologies; the separate 1x1 design was introduced in ATB 2024. Converted with the ReEDS deflator.,2022
reeds,gas-ccs,Gas-CC_H_2x1-CCS_mod,Moderate,{},vom,2021,4.752000004361202,USD/MWh,2022,atb,atb_2023_flat_file.csv | deflator.csv,https://oedi-data-lake.s3.amazonaws.com/ATB/electricity/csv/2023/ATBe.csv | https://github.com/ReEDS-Model/ReEDS/blob/db6a1ba95836b649176fca50030e82a6b4cf9bb5/inputs/financials/deflator.csv,[2021],"[{""file"":""atb_2023_flat_file.csv"",""url"":""https://oedi-data-lake.s3.amazonaws.com/ATB/electricity/csv/2023/ATBe.csv"",""sha256"":""5073733a55c84facceb25ec56b83d05d9c990155486111fff137854ccd2fab71"",""format"":""flat"",""location"":""CSV row 183976"",""dollar_year"":2021},{""file"":""deflator.csv"",""url"":""https://github.com/ReEDS-Model/ReEDS/blob/db6a1ba95836b649176fca50030e82a6b4cf9bb5/inputs/financials/deflator.csv"",""sha256"":""538d3afb409a3c89ce0f96a70867855f9bb64afa82776e875129b2547e329315"",""location"":""value_target=value_source*deflator[source_dollar_year]/deflator[target_dollar_year]"",""dollar_year"":""""}]",ATB 2023 Moderate base-year estimate; year=release-2. Case: Market.  H-frame maps to 2x1 per ATB 2023 workbook Natural Gas_FE!K16 and https://atb.nlr.gov/electricity/2023/fossil_energy_technologies; the separate 1x1 design was introduced in ATB 2024. Converted with the ReEDS deflator.,2023
reeds,gas-ccs,Gas-CC_H_2x1-CCS_mod,Moderate,{},vom,2022,4.86,USD/MWh,2022,atb,atb_2024_flat_file.csv | deflator.csv,https://oedi-data-lake.s3.amazonaws.com/ATB/electricity/csv/2024/v3.0.0/ATBe.csv | https://github.com/ReEDS-Model/ReEDS/blob/db6a1ba95836b649176fca50030e82a6b4cf9bb5/inputs/financials/deflator.csv,[2022],"[{""file"":""atb_2024_flat_file.csv"",""url"":""https://oedi-data-lake.s3.amazonaws.com/ATB/electricity/csv/2024/v3.0.0/ATBe.csv"",""sha256"":""b0f0de40786350ba8dd5eec9023540f72ceeb8ab4478bc31abaf1c0d5eb20959"",""format"":""flat"",""location"":""CSV row 65012"",""dollar_year"":2022},{""file"":""deflator.csv"",""url"":""https://github.com/ReEDS-Model/ReEDS/blob/db6a1ba95836b649176fca50030e82a6b4cf9bb5/inputs/financials/deflator.csv"",""sha256"":""538d3afb409a3c89ce0f96a70867855f9bb64afa82776e875129b2547e329315"",""location"":""value_target=value_source*deflator[source_dollar_year]/deflator[target_dollar_year]"",""dollar_year"":""""}]",ATB 2024 Moderate base-year estimate; year=release-2. Case: Market. Unit from ATB parameter definition; CSV unit blank. Converted with the ReEDS deflator.,2024
reeds,nuclear,Nuclear,Moderate,{},capcost,2013,7005.99355389471,USD/kW,2022,atb,atb_2015_workbook.xlsm | deflator.csv,https://docs.nlr.gov/docs/fy15osti/64077-DA.xlsm | https://github.com/ReEDS-Model/ReEDS/blob/db6a1ba95836b649176fca50030e82a6b4cf9bb5/inputs/financials/deflator.csv,[2013],"[{""file"":""atb_2015_workbook.xlsm"",""url"":""https://docs.nlr.gov/docs/fy15osti/64077-DA.xlsm"",""sha256"":""1f5e9a1d81f766d8c0a4e320dba9c27953321df5321ae3d04a854a23f7ca48df"",""format"":""workbook"",""location"":""Conventional - Nuclear!L32"",""dollar_year"":2013},{""file"":""deflator.csv"",""url"":""https://github.com/ReEDS-Model/ReEDS/blob/db6a1ba95836b649176fca50030e82a6b4cf9bb5/inputs/financials/deflator.csv"",""sha256"":""538d3afb409a3c89ce0f96a70867855f9bb64afa82776e875129b2547e329315"",""location"":""value_target=value_source*deflator[source_dollar_year]/deflator[target_dollar_year]"",""dollar_year"":""""}]",ATB 2015 Moderate base-year estimate; year=release-2. Converted with the ReEDS deflator.,2015
reeds,nuclear,Nuclear,Moderate,{},capcost,2014,6775.318458451455,USD/kW,2022,atb,atb_2016_workbook.xlsm | deflator.csv,https://docs.nlr.gov/docs/fy16osti/66944-DA.xlsm | https://github.com/ReEDS-Model/ReEDS/blob/db6a1ba95836b649176fca50030e82a6b4cf9bb5/inputs/financials/deflator.csv,[2014],"[{""file"":""atb_2016_workbook.xlsm"",""url"":""https://docs.nlr.gov/docs/fy16osti/66944-DA.xlsm"",""sha256"":""e622248d457ee99cba45474a7a7218a2bfd96f95d698d5a1099e3e2ea1b3b555"",""format"":""workbook"",""location"":""Conventional - Nuclear!L32"",""dollar_year"":2014},{""file"":""deflator.csv"",""url"":""https://github.com/ReEDS-Model/ReEDS/blob/db6a1ba95836b649176fca50030e82a6b4cf9bb5/inputs/financials/deflator.csv"",""sha256"":""538d3afb409a3c89ce0f96a70867855f9bb64afa82776e875129b2547e329315"",""location"":""value_target=value_source*deflator[source_dollar_year]/deflator[target_dollar_year]"",""dollar_year"":""""}]",ATB 2016 Moderate base-year estimate; year=release-2. Converted with the ReEDS deflator.,2016
reeds,nuclear,Nuclear,Moderate,{},capcost,2015,6804.019370145887,USD/kW,2022,atb,atb_2017_workbook.xlsm | deflator.csv,https://data.nlr.gov/system/files/71/2017-ATB-data.xlsm | https://github.com/ReEDS-Model/ReEDS/blob/db6a1ba95836b649176fca50030e82a6b4cf9bb5/inputs/financials/deflator.csv,[2015],"[{""file"":""atb_2017_workbook.xlsm"",""url"":""https://data.nlr.gov/system/files/71/2017-ATB-data.xlsm"",""sha256"":""5712fc8d062ccb40aa6930edbf60ba1f8f4a13c08f7e4e532b78e24fa23ba55d"",""format"":""workbook"",""location"":""Nuclear!L32"",""dollar_year"":2015},{""file"":""deflator.csv"",""url"":""https://github.com/ReEDS-Model/ReEDS/blob/db6a1ba95836b649176fca50030e82a6b4cf9bb5/inputs/financials/deflator.csv"",""sha256"":""538d3afb409a3c89ce0f96a70867855f9bb64afa82776e875129b2547e329315"",""location"":""value_target=value_source*deflator[source_dollar_year]/deflator[target_dollar_year]"",""dollar_year"":""""}]",ATB 2017 Moderate base-year estimate; year=release-2. Converted with the ReEDS deflator.,2017
reeds,nuclear,Nuclear,Moderate,{},capcost,2016,6896.562430305406,USD/kW,2022,atb,atb_2018_workbook.xlsm | deflator.csv,https://data.nlr.gov/system/files/89/2018-ATB-data-interim-geo.xlsm | https://github.com/ReEDS-Model/ReEDS/blob/db6a1ba95836b649176fca50030e82a6b4cf9bb5/inputs/financials/deflator.csv,[2016],"[{""file"":""atb_2018_workbook.xlsm"",""url"":""https://data.nlr.gov/system/files/89/2018-ATB-data-interim-geo.xlsm"",""sha256"":""975f5a963c817b0da3f9e762a3458fdbee58f11b3d80656eb3ba528d2901fbdf"",""format"":""workbook"",""location"":""Nuclear!L32"",""dollar_year"":2016},{""file"":""deflator.csv"",""url"":""https://github.com/ReEDS-Model/ReEDS/blob/db6a1ba95836b649176fca50030e82a6b4cf9bb5/inputs/financials/deflator.csv"",""sha256"":""538d3afb409a3c89ce0f96a70867855f9bb64afa82776e875129b2547e329315"",""location"":""value_target=value_source*deflator[source_dollar_year]/deflator[target_dollar_year]"",""dollar_year"":""""}]",ATB 2018 Moderate base-year estimate; year=release-2. Converted with the ReEDS deflator.,2018
reeds,nuclear,Nuclear,Moderate,{},capcost,2017,7395.550128309372,USD/kW,2022,atb,atb_2019_workbook.xlsm | deflator.csv,https://data.nlr.gov/system/files/115/2019-ATB-data.xlsm | https://github.com/ReEDS-Model/ReEDS/blob/db6a1ba95836b649176fca50030e82a6b4cf9bb5/inputs/financials/deflator.csv,[2017],"[{""file"":""atb_2019_workbook.xlsm"",""url"":""https://data.nlr.gov/system/files/115/2019-ATB-data.xlsm"",""sha256"":""f7807beb3496c1cfde28ed2a3115abd1d88e968273eb90f52cfe89f1845de42b"",""format"":""workbook"",""location"":""Nuclear!L32"",""dollar_year"":2017},{""file"":""deflator.csv"",""url"":""https://github.com/ReEDS-Model/ReEDS/blob/db6a1ba95836b649176fca50030e82a6b4cf9bb5/inputs/financials/deflator.csv"",""sha256"":""538d3afb409a3c89ce0f96a70867855f9bb64afa82776e875129b2547e329315"",""location"":""value_target=value_source*deflator[source_dollar_year]/deflator[target_dollar_year]"",""dollar_year"":""""}]",ATB 2019 Moderate base-year estimate; year=release-2. Converted with the ReEDS deflator.,2019
reeds,nuclear,Nuclear,Moderate,{},capcost,2018,7134.861013401832,USD/kW,2022,atb,atb_2020_workbook.xlsm | deflator.csv,https://atb-archive.nlr.gov/electricity/2020/files/2020-ATB-Data.xlsm | https://github.com/ReEDS-Model/ReEDS/blob/db6a1ba95836b649176fca50030e82a6b4cf9bb5/inputs/financials/deflator.csv,[2018],"[{""file"":""atb_2020_workbook.xlsm"",""url"":""https://atb-archive.nlr.gov/electricity/2020/files/2020-ATB-Data.xlsm"",""sha256"":""2fc2ccf72853304e45803959c77d82806debe8b686eec294838a7ac5219a7a13"",""format"":""workbook"",""location"":""Nuclear!L32"",""dollar_year"":2018},{""file"":""deflator.csv"",""url"":""https://github.com/ReEDS-Model/ReEDS/blob/db6a1ba95836b649176fca50030e82a6b4cf9bb5/inputs/financials/deflator.csv"",""sha256"":""538d3afb409a3c89ce0f96a70867855f9bb64afa82776e875129b2547e329315"",""location"":""value_target=value_source*deflator[source_dollar_year]/deflator[target_dollar_year]"",""dollar_year"":""""}]",ATB 2020 Moderate base-year estimate; year=release-2. Converted with the ReEDS deflator.,2020
reeds,nuclear,Nuclear,Moderate,{},capcost,2019,7206.138948621404,USD/kW,2022,atb,atb_2021_workbook.xlsm | deflator.csv,https://data.openei.org/files/4129/2021-ATB-Data_Master_new.xlsm | https://github.com/ReEDS-Model/ReEDS/blob/db6a1ba95836b649176fca50030e82a6b4cf9bb5/inputs/financials/deflator.csv,[2019],"[{""file"":""atb_2021_workbook.xlsm"",""url"":""https://data.openei.org/files/4129/2021-ATB-Data_Master_new.xlsm"",""sha256"":""211bc492df941a58acac912edea27c2ac2abf6d74fb2a24355fda6660c055632"",""format"":""workbook"",""location"":""Nuclear!L126"",""dollar_year"":2019},{""file"":""deflator.csv"",""url"":""https://github.com/ReEDS-Model/ReEDS/blob/db6a1ba95836b649176fca50030e82a6b4cf9bb5/inputs/financials/deflator.csv"",""sha256"":""538d3afb409a3c89ce0f96a70867855f9bb64afa82776e875129b2547e329315"",""location"":""value_target=value_source*deflator[source_dollar_year]/deflator[target_dollar_year]"",""dollar_year"":""""}]",ATB 2021 Moderate base-year estimate; year=release-2. Converted with the ReEDS deflator.,2021
reeds,nuclear,Nuclear,Moderate,{},capcost,2020,7172.20461450744,USD/kW,2022,atb,atb_2022_workbook.xlsx | deflator.csv,https://data.openei.org/files/5716/2022 v3 Annual Technology Baseline Workbook Mid-year update 2-15-2023.xlsx | https://github.com/ReEDS-Model/ReEDS/blob/db6a1ba95836b649176fca50030e82a6b4cf9bb5/inputs/financials/deflator.csv,[2020],"[{""file"":""atb_2022_workbook.xlsx"",""url"":""https://data.openei.org/files/5716/2022 v3 Annual Technology Baseline Workbook Mid-year update 2-15-2023.xlsx"",""sha256"":""5ad5e47373f0dea32991d5828831bb407550397f1956abda6870e6786134b87e"",""format"":""workbook"",""location"":""Nuclear!M98"",""dollar_year"":2020},{""file"":""deflator.csv"",""url"":""https://github.com/ReEDS-Model/ReEDS/blob/db6a1ba95836b649176fca50030e82a6b4cf9bb5/inputs/financials/deflator.csv"",""sha256"":""538d3afb409a3c89ce0f96a70867855f9bb64afa82776e875129b2547e329315"",""location"":""value_target=value_source*deflator[source_dollar_year]/deflator[target_dollar_year]"",""dollar_year"":""""}]",ATB 2022 Moderate base-year estimate; year=release-2. Converted with the ReEDS deflator.,2022
reeds,nuclear,Nuclear,Moderate,{},capcost,2021,8065.0936517944,USD/kW,2022,atb,atb_2023_flat_file.csv | deflator.csv,https://oedi-data-lake.s3.amazonaws.com/ATB/electricity/csv/2023/ATBe.csv | https://github.com/ReEDS-Model/ReEDS/blob/db6a1ba95836b649176fca50030e82a6b4cf9bb5/inputs/financials/deflator.csv,[2021],"[{""file"":""atb_2023_flat_file.csv"",""url"":""https://oedi-data-lake.s3.amazonaws.com/ATB/electricity/csv/2023/ATBe.csv"",""sha256"":""5073733a55c84facceb25ec56b83d05d9c990155486111fff137854ccd2fab71"",""format"":""flat"",""location"":""CSV row 176716"",""dollar_year"":2021},{""file"":""deflator.csv"",""url"":""https://github.com/ReEDS-Model/ReEDS/blob/db6a1ba95836b649176fca50030e82a6b4cf9bb5/inputs/financials/deflator.csv"",""sha256"":""538d3afb409a3c89ce0f96a70867855f9bb64afa82776e875129b2547e329315"",""location"":""value_target=value_source*deflator[source_dollar_year]/deflator[target_dollar_year]"",""dollar_year"":""""}]",ATB 2023 Moderate base-year estimate; year=release-2. Case: Market. Converted with the ReEDS deflator.,2023
reeds,nuclear,Nuclear,Moderate,{},cf_improvement,2013,0.901,fraction,,atb,atb_2015_workbook.xlsm,https://docs.nlr.gov/docs/fy15osti/64077-DA.xlsm,[2013],"[{""file"":""atb_2015_workbook.xlsm"",""url"":""https://docs.nlr.gov/docs/fy15osti/64077-DA.xlsm"",""sha256"":""1f5e9a1d81f766d8c0a4e320dba9c27953321df5321ae3d04a854a23f7ca48df"",""format"":""workbook"",""location"":""Conventional - Nuclear!L12"",""dollar_year"":2013}]",ATB 2015 Moderate base-year estimate; year=release-2.,2015
reeds,nuclear,Nuclear,Moderate,{},cf_improvement,2014,0.917,fraction,,atb,atb_2016_workbook.xlsm,https://docs.nlr.gov/docs/fy16osti/66944-DA.xlsm,[2014],"[{""file"":""atb_2016_workbook.xlsm"",""url"":""https://docs.nlr.gov/docs/fy16osti/66944-DA.xlsm"",""sha256"":""e622248d457ee99cba45474a7a7218a2bfd96f95d698d5a1099e3e2ea1b3b555"",""format"":""workbook"",""location"":""Conventional - Nuclear!L12"",""dollar_year"":2014}]",ATB 2016 Moderate base-year estimate; year=release-2.,2016
reeds,nuclear,Nuclear,Moderate,{},cf_improvement,2015,0.917,fraction,,atb,atb_2017_workbook.xlsm,https://data.nlr.gov/system/files/71/2017-ATB-data.xlsm,[2015],"[{""file"":""atb_2017_workbook.xlsm"",""url"":""https://data.nlr.gov/system/files/71/2017-ATB-data.xlsm"",""sha256"":""5712fc8d062ccb40aa6930edbf60ba1f8f4a13c08f7e4e532b78e24fa23ba55d"",""format"":""workbook"",""location"":""Nuclear!L12"",""dollar_year"":2015}]",ATB 2017 Moderate base-year estimate; year=release-2.,2017
reeds,nuclear,Nuclear,Moderate,{},cf_improvement,2016,0.923,fraction,,atb,atb_2018_workbook.xlsm,https://data.nlr.gov/system/files/89/2018-ATB-data-interim-geo.xlsm,[2016],"[{""file"":""atb_2018_workbook.xlsm"",""url"":""https://data.nlr.gov/system/files/89/2018-ATB-data-interim-geo.xlsm"",""sha256"":""975f5a963c817b0da3f9e762a3458fdbee58f11b3d80656eb3ba528d2901fbdf"",""format"":""workbook"",""location"":""Nuclear!L12"",""dollar_year"":2016}]",ATB 2018 Moderate base-year estimate; year=release-2.,2018
reeds,nuclear,Nuclear,Moderate,{},cf_improvement,2017,0.922,fraction,,atb,atb_2019_workbook.xlsm,https://data.nlr.gov/system/files/115/2019-ATB-data.xlsm,[2017],"[{""file"":""atb_2019_workbook.xlsm"",""url"":""https://data.nlr.gov/system/files/115/2019-ATB-data.xlsm"",""sha256"":""f7807beb3496c1cfde28ed2a3115abd1d88e968273eb90f52cfe89f1845de42b"",""format"":""workbook"",""location"":""Nuclear!L12"",""dollar_year"":2017}]",ATB 2019 Moderate base-year estimate; year=release-2.,2019
reeds,nuclear,Nuclear,Moderate,{},cf_improvement,2018,0.925,fraction,,atb,atb_2020_workbook.xlsm,https://atb-archive.nlr.gov/electricity/2020/files/2020-ATB-Data.xlsm,[2018],"[{""file"":""atb_2020_workbook.xlsm"",""url"":""https://atb-archive.nlr.gov/electricity/2020/files/2020-ATB-Data.xlsm"",""sha256"":""2fc2ccf72853304e45803959c77d82806debe8b686eec294838a7ac5219a7a13"",""format"":""workbook"",""location"":""Nuclear!L12"",""dollar_year"":2018}]",ATB 2020 Moderate base-year estimate; year=release-2.,2020
reeds,nuclear,Nuclear,Moderate,{},cf_improvement,2019,0.934,fraction,,atb,atb_2021_workbook.xlsm,https://data.openei.org/files/4129/2021-ATB-Data_Master_new.xlsm,[2019],"[{""file"":""atb_2021_workbook.xlsm"",""url"":""https://data.openei.org/files/4129/2021-ATB-Data_Master_new.xlsm"",""sha256"":""211bc492df941a58acac912edea27c2ac2abf6d74fb2a24355fda6660c055632"",""format"":""workbook"",""location"":""Nuclear!L101"",""dollar_year"":2019}]",ATB 2021 Moderate base-year estimate; year=release-2.,2021
reeds,nuclear,Nuclear,Moderate,{},cf_improvement,2020,0.937,fraction,,atb,atb_2022_workbook.xlsx,https://data.openei.org/files/5716/2022 v3 Annual Technology Baseline Workbook Mid-year update 2-15-2023.xlsx,[2020],"[{""file"":""atb_2022_workbook.xlsx"",""url"":""https://data.openei.org/files/5716/2022 v3 Annual Technology Baseline Workbook Mid-year update 2-15-2023.xlsx"",""sha256"":""5ad5e47373f0dea32991d5828831bb407550397f1956abda6870e6786134b87e"",""format"":""workbook"",""location"":""Nuclear!M78"",""dollar_year"":2020}]",ATB 2022 Moderate base-year estimate; year=release-2.,2022
reeds,nuclear,Nuclear,Moderate,{},cf_improvement,2021,0.927,fraction,,atb,atb_2023_flat_file.csv,https://oedi-data-lake.s3.amazonaws.com/ATB/electricity/csv/2023/ATBe.csv,[2021],"[{""file"":""atb_2023_flat_file.csv"",""url"":""https://oedi-data-lake.s3.amazonaws.com/ATB/electricity/csv/2023/ATBe.csv"",""sha256"":""5073733a55c84facceb25ec56b83d05d9c990155486111fff137854ccd2fab71"",""format"":""flat"",""location"":""CSV row 132454"",""dollar_year"":2021}]",ATB 2023 Moderate base-year estimate; year=release-2. Case: Market. Unit from ATB parameter definition; CSV unit blank.,2023
reeds,nuclear,Nuclear,Moderate,{},fom,2013,118.80094809058643,USD/kW-yr,2022,atb,atb_2015_workbook.xlsm | deflator.csv,https://docs.nlr.gov/docs/fy15osti/64077-DA.xlsm | https://github.com/ReEDS-Model/ReEDS/blob/db6a1ba95836b649176fca50030e82a6b4cf9bb5/inputs/financials/deflator.csv,[2013],"[{""file"":""atb_2015_workbook.xlsm"",""url"":""https://docs.nlr.gov/docs/fy15osti/64077-DA.xlsm"",""sha256"":""1f5e9a1d81f766d8c0a4e320dba9c27953321df5321ae3d04a854a23f7ca48df"",""format"":""workbook"",""location"":""Conventional - Nuclear!L36"",""dollar_year"":2013},{""file"":""deflator.csv"",""url"":""https://github.com/ReEDS-Model/ReEDS/blob/db6a1ba95836b649176fca50030e82a6b4cf9bb5/inputs/financials/deflator.csv"",""sha256"":""538d3afb409a3c89ce0f96a70867855f9bb64afa82776e875129b2547e329315"",""location"":""value_target=value_source*deflator[source_dollar_year]/deflator[target_dollar_year]"",""dollar_year"":""""}]",ATB 2015 Moderate base-year estimate; year=release-2. Converted with the ReEDS deflator.,2015
reeds,nuclear,Nuclear,Moderate,{},fom,2014,116.98154193699555,USD/kW-yr,2022,atb,atb_2016_workbook.xlsm | deflator.csv,https://docs.nlr.gov/docs/fy16osti/66944-DA.xlsm | https://github.com/ReEDS-Model/ReEDS/blob/db6a1ba95836b649176fca50030e82a6b4cf9bb5/inputs/financials/deflator.csv,[2014],"[{""file"":""atb_2016_workbook.xlsm"",""url"":""https://docs.nlr.gov/docs/fy16osti/66944-DA.xlsm"",""sha256"":""e622248d457ee99cba45474a7a7218a2bfd96f95d698d5a1099e3e2ea1b3b555"",""format"":""workbook"",""location"":""Conventional - Nuclear!L36"",""dollar_year"":2014},{""file"":""deflator.csv"",""url"":""https://github.com/ReEDS-Model/ReEDS/blob/db6a1ba95836b649176fca50030e82a6b4cf9bb5/inputs/financials/deflator.csv"",""sha256"":""538d3afb409a3c89ce0f96a70867855f9bb64afa82776e875129b2547e329315"",""location"":""value_target=value_source*deflator[source_dollar_year]/deflator[target_dollar_year]"",""dollar_year"":""""}]",ATB 2016 Moderate base-year estimate; year=release-2. Converted with the ReEDS deflator.,2016
reeds,nuclear,Nuclear,Moderate,{},fom,2015,125.52693288124186,USD/kW-yr,2022,atb,atb_2017_workbook.xlsm | deflator.csv,https://data.nlr.gov/system/files/71/2017-ATB-data.xlsm | https://github.com/ReEDS-Model/ReEDS/blob/db6a1ba95836b649176fca50030e82a6b4cf9bb5/inputs/financials/deflator.csv,[2015],"[{""file"":""atb_2017_workbook.xlsm"",""url"":""https://data.nlr.gov/system/files/71/2017-ATB-data.xlsm"",""sha256"":""5712fc8d062ccb40aa6930edbf60ba1f8f4a13c08f7e4e532b78e24fa23ba55d"",""format"":""workbook"",""location"":""Nuclear!L36"",""dollar_year"":2015},{""file"":""deflator.csv"",""url"":""https://github.com/ReEDS-Model/ReEDS/blob/db6a1ba95836b649176fca50030e82a6b4cf9bb5/inputs/financials/deflator.csv"",""sha256"":""538d3afb409a3c89ce0f96a70867855f9bb64afa82776e875129b2547e329315"",""location"":""value_target=value_source*deflator[source_dollar_year]/deflator[target_dollar_year]"",""dollar_year"":""""}]",ATB 2017 Moderate base-year estimate; year=release-2. Converted with the ReEDS deflator.,2017
reeds,nuclear,Nuclear,Moderate,{},fom,2016,120.81542258060676,USD/kW-yr,2022,atb,atb_2018_workbook.xlsm | deflator.csv,https://data.nlr.gov/system/files/89/2018-ATB-data-interim-geo.xlsm | https://github.com/ReEDS-Model/ReEDS/blob/db6a1ba95836b649176fca50030e82a6b4cf9bb5/inputs/financials/deflator.csv,[2016],"[{""file"":""atb_2018_workbook.xlsm"",""url"":""https://data.nlr.gov/system/files/89/2018-ATB-data-interim-geo.xlsm"",""sha256"":""975f5a963c817b0da3f9e762a3458fdbee58f11b3d80656eb3ba528d2901fbdf"",""format"":""workbook"",""location"":""Nuclear!L36"",""dollar_year"":2016},{""file"":""deflator.csv"",""url"":""https://github.com/ReEDS-Model/ReEDS/blob/db6a1ba95836b649176fca50030e82a6b4cf9bb5/inputs/financials/deflator.csv"",""sha256"":""538d3afb409a3c89ce0f96a70867855f9bb64afa82776e875129b2547e329315"",""location"":""value_target=value_source*deflator[source_dollar_year]/deflator[target_dollar_year]"",""dollar_year"":""""}]",ATB 2018 Moderate base-year estimate; year=release-2. Converted with the ReEDS deflator.,2018
reeds,nuclear,Nuclear,Moderate,{},fom,2017,120.3486129876028,USD/kW-yr,2022,atb,atb_2019_workbook.xlsm | deflator.csv,https://data.nlr.gov/system/files/115/2019-ATB-data.xlsm | https://github.com/ReEDS-Model/ReEDS/blob/db6a1ba95836b649176fca50030e82a6b4cf9bb5/inputs/financials/deflator.csv,[2017],"[{""file"":""atb_2019_workbook.xlsm"",""url"":""https://data.nlr.gov/system/files/115/2019-ATB-data.xlsm"",""sha256"":""f7807beb3496c1cfde28ed2a3115abd1d88e968273eb90f52cfe89f1845de42b"",""format"":""workbook"",""location"":""Nuclear!L36"",""dollar_year"":2017},{""file"":""deflator.csv"",""url"":""https://github.com/ReEDS-Model/ReEDS/blob/db6a1ba95836b649176fca50030e82a6b4cf9bb5/inputs/financials/deflator.csv"",""sha256"":""538d3afb409a3c89ce0f96a70867855f9bb64afa82776e875129b2547e329315"",""location"":""value_target=value_source*deflator[source_dollar_year]/deflator[target_dollar_year]"",""dollar_year"":""""}]",ATB 2019 Moderate base-year estimate; year=release-2. Converted with the ReEDS deflator.,2019
reeds,nuclear,Nuclear,Moderate,{},fom,2018,138.61258636368694,USD/kW-yr,2022,atb,atb_2020_workbook.xlsm | deflator.csv,https://atb-archive.nlr.gov/electricity/2020/files/2020-ATB-Data.xlsm | https://github.com/ReEDS-Model/ReEDS/blob/db6a1ba95836b649176fca50030e82a6b4cf9bb5/inputs/financials/deflator.csv,[2018],"[{""file"":""atb_2020_workbook.xlsm"",""url"":""https://atb-archive.nlr.gov/electricity/2020/files/2020-ATB-Data.xlsm"",""sha256"":""2fc2ccf72853304e45803959c77d82806debe8b686eec294838a7ac5219a7a13"",""format"":""workbook"",""location"":""Nuclear!L36"",""dollar_year"":2018},{""file"":""deflator.csv"",""url"":""https://github.com/ReEDS-Model/ReEDS/blob/db6a1ba95836b649176fca50030e82a6b4cf9bb5/inputs/financials/deflator.csv"",""sha256"":""538d3afb409a3c89ce0f96a70867855f9bb64afa82776e875129b2547e329315"",""location"":""value_target=value_source*deflator[source_dollar_year]/deflator[target_dollar_year]"",""dollar_year"":""""}]",ATB 2020 Moderate base-year estimate; year=release-2. Converted with the ReEDS deflator.,2020
reeds,nuclear,Nuclear,Moderate,{},fom,2019,165.89606122524975,USD/kW-yr,2022,atb,atb_2021_workbook.xlsm | deflator.csv,https://data.openei.org/files/4129/2021-ATB-Data_Master_new.xlsm | https://github.com/ReEDS-Model/ReEDS/blob/db6a1ba95836b649176fca50030e82a6b4cf9bb5/inputs/financials/deflator.csv,[2019],"[{""file"":""atb_2021_workbook.xlsm"",""url"":""https://data.openei.org/files/4129/2021-ATB-Data_Master_new.xlsm"",""sha256"":""211bc492df941a58acac912edea27c2ac2abf6d74fb2a24355fda6660c055632"",""format"":""workbook"",""location"":""Nuclear!L131"",""dollar_year"":2019},{""file"":""deflator.csv"",""url"":""https://github.com/ReEDS-Model/ReEDS/blob/db6a1ba95836b649176fca50030e82a6b4cf9bb5/inputs/financials/deflator.csv"",""sha256"":""538d3afb409a3c89ce0f96a70867855f9bb64afa82776e875129b2547e329315"",""location"":""value_target=value_source*deflator[source_dollar_year]/deflator[target_dollar_year]"",""dollar_year"":""""}]",ATB 2021 Moderate base-year estimate; year=release-2. Converted with the ReEDS deflator.,2021
reeds,nuclear,Nuclear,Moderate,{},fom,2020,165.04572974491708,USD/kW-yr,2022,atb,atb_2022_workbook.xlsx | deflator.csv,https://data.openei.org/files/5716/2022 v3 Annual Technology Baseline Workbook Mid-year update 2-15-2023.xlsx | https://github.com/ReEDS-Model/ReEDS/blob/db6a1ba95836b649176fca50030e82a6b4cf9bb5/inputs/financials/deflator.csv,[2020],"[{""file"":""atb_2022_workbook.xlsx"",""url"":""https://data.openei.org/files/5716/2022 v3 Annual Technology Baseline Workbook Mid-year update 2-15-2023.xlsx"",""sha256"":""5ad5e47373f0dea32991d5828831bb407550397f1956abda6870e6786134b87e"",""format"":""workbook"",""location"":""Nuclear!M102"",""dollar_year"":2020},{""file"":""deflator.csv"",""url"":""https://github.com/ReEDS-Model/ReEDS/blob/db6a1ba95836b649176fca50030e82a6b4cf9bb5/inputs/financials/deflator.csv"",""sha256"":""538d3afb409a3c89ce0f96a70867855f9bb64afa82776e875129b2547e329315"",""location"":""value_target=value_source*deflator[source_dollar_year]/deflator[target_dollar_year]"",""dollar_year"":""""}]",ATB 2022 Moderate base-year estimate; year=release-2. Converted with the ReEDS deflator.,2022
reeds,nuclear,Nuclear,Moderate,{},fom,2021,164.28960015077863,USD/kW-yr,2022,atb,atb_2023_flat_file.csv | deflator.csv,https://oedi-data-lake.s3.amazonaws.com/ATB/electricity/csv/2023/ATBe.csv | https://github.com/ReEDS-Model/ReEDS/blob/db6a1ba95836b649176fca50030e82a6b4cf9bb5/inputs/financials/deflator.csv,[2021],"[{""file"":""atb_2023_flat_file.csv"",""url"":""https://oedi-data-lake.s3.amazonaws.com/ATB/electricity/csv/2023/ATBe.csv"",""sha256"":""5073733a55c84facceb25ec56b83d05d9c990155486111fff137854ccd2fab71"",""format"":""flat"",""location"":""CSV row 146168"",""dollar_year"":2021},{""file"":""deflator.csv"",""url"":""https://github.com/ReEDS-Model/ReEDS/blob/db6a1ba95836b649176fca50030e82a6b4cf9bb5/inputs/financials/deflator.csv"",""sha256"":""538d3afb409a3c89ce0f96a70867855f9bb64afa82776e875129b2547e329315"",""location"":""value_target=value_source*deflator[source_dollar_year]/deflator[target_dollar_year]"",""dollar_year"":""""}]",ATB 2023 Moderate base-year estimate; year=release-2. Case: Market. Converted with the ReEDS deflator.,2023
reeds,nuclear,Nuclear,Moderate,{},heatrate,2013,10.46,MMBtu/MWh,,atb,atb_2015_workbook.xlsm,https://docs.nlr.gov/docs/fy15osti/64077-DA.xlsm,[2013],"[{""file"":""atb_2015_workbook.xlsm"",""url"":""https://docs.nlr.gov/docs/fy15osti/64077-DA.xlsm"",""sha256"":""1f5e9a1d81f766d8c0a4e320dba9c27953321df5321ae3d04a854a23f7ca48df"",""format"":""workbook"",""location"":""Conventional - Nuclear!L20"",""dollar_year"":2013}]",ATB 2015 Moderate base-year estimate; year=release-2.,2015
reeds,nuclear,Nuclear,Moderate,{},heatrate,2014,10.479,MMBtu/MWh,,atb,atb_2016_workbook.xlsm,https://docs.nlr.gov/docs/fy16osti/66944-DA.xlsm,[2014],"[{""file"":""atb_2016_workbook.xlsm"",""url"":""https://docs.nlr.gov/docs/fy16osti/66944-DA.xlsm"",""sha256"":""e622248d457ee99cba45474a7a7218a2bfd96f95d698d5a1099e3e2ea1b3b555"",""format"":""workbook"",""location"":""Conventional - Nuclear!L20"",""dollar_year"":2014}]",ATB 2016 Moderate base-year estimate; year=release-2.,2016
reeds,nuclear,Nuclear,Moderate,{},heatrate,2015,10.46,MMBtu/MWh,,atb,atb_2017_workbook.xlsm,https://data.nlr.gov/system/files/71/2017-ATB-data.xlsm,[2015],"[{""file"":""atb_2017_workbook.xlsm"",""url"":""https://data.nlr.gov/system/files/71/2017-ATB-data.xlsm"",""sha256"":""5712fc8d062ccb40aa6930edbf60ba1f8f4a13c08f7e4e532b78e24fa23ba55d"",""format"":""workbook"",""location"":""Nuclear!L20"",""dollar_year"":2015}]",ATB 2017 Moderate base-year estimate; year=release-2.,2017
reeds,nuclear,Nuclear,Moderate,{},heatrate,2016,10.46,MMBtu/MWh,,atb,atb_2018_workbook.xlsm,https://data.nlr.gov/system/files/89/2018-ATB-data-interim-geo.xlsm,[2016],"[{""file"":""atb_2018_workbook.xlsm"",""url"":""https://data.nlr.gov/system/files/89/2018-ATB-data-interim-geo.xlsm"",""sha256"":""975f5a963c817b0da3f9e762a3458fdbee58f11b3d80656eb3ba528d2901fbdf"",""format"":""workbook"",""location"":""Nuclear!L20"",""dollar_year"":2016}]",ATB 2018 Moderate base-year estimate; year=release-2.,2018
reeds,nuclear,Nuclear,Moderate,{},heatrate,2017,10.461,MMBtu/MWh,,atb,atb_2019_workbook.xlsm,https://data.nlr.gov/system/files/115/2019-ATB-data.xlsm,[2017],"[{""file"":""atb_2019_workbook.xlsm"",""url"":""https://data.nlr.gov/system/files/115/2019-ATB-data.xlsm"",""sha256"":""f7807beb3496c1cfde28ed2a3115abd1d88e968273eb90f52cfe89f1845de42b"",""format"":""workbook"",""location"":""Nuclear!L20"",""dollar_year"":2017}]",ATB 2019 Moderate base-year estimate; year=release-2.,2019
reeds,nuclear,Nuclear,Moderate,{},heatrate,2018,10.461,MMBtu/MWh,,atb,atb_2020_workbook.xlsm,https://atb-archive.nlr.gov/electricity/2020/files/2020-ATB-Data.xlsm,[2018],"[{""file"":""atb_2020_workbook.xlsm"",""url"":""https://atb-archive.nlr.gov/electricity/2020/files/2020-ATB-Data.xlsm"",""sha256"":""2fc2ccf72853304e45803959c77d82806debe8b686eec294838a7ac5219a7a13"",""format"":""workbook"",""location"":""Nuclear!L20"",""dollar_year"":2018}]",ATB 2020 Moderate base-year estimate; year=release-2.,2020
reeds,nuclear,Nuclear,Moderate,{},heatrate,2019,10.455,MMBtu/MWh,,atb,atb_2021_workbook.xlsm,https://data.openei.org/files/4129/2021-ATB-Data_Master_new.xlsm,[2019],"[{""file"":""atb_2021_workbook.xlsm"",""url"":""https://data.openei.org/files/4129/2021-ATB-Data_Master_new.xlsm"",""sha256"":""211bc492df941a58acac912edea27c2ac2abf6d74fb2a24355fda6660c055632"",""format"":""workbook"",""location"":""Nuclear!L111"",""dollar_year"":2019}]",ATB 2021 Moderate base-year estimate; year=release-2.,2021
reeds,nuclear,Nuclear,Moderate,{},heatrate,2020,10.443,MMBtu/MWh,,atb,atb_2022_workbook.xlsx,https://data.openei.org/files/5716/2022 v3 Annual Technology Baseline Workbook Mid-year update 2-15-2023.xlsx,[2020],"[{""file"":""atb_2022_workbook.xlsx"",""url"":""https://data.openei.org/files/5716/2022 v3 Annual Technology Baseline Workbook Mid-year update 2-15-2023.xlsx"",""sha256"":""5ad5e47373f0dea32991d5828831bb407550397f1956abda6870e6786134b87e"",""format"":""workbook"",""location"":""Nuclear!M86"",""dollar_year"":2020}]",ATB 2022 Moderate base-year estimate; year=release-2.,2022
reeds,nuclear,Nuclear,Moderate,{},heatrate,2021,10.447,MMBtu/MWh,,atb,atb_2023_flat_file.csv,https://oedi-data-lake.s3.amazonaws.com/ATB/electricity/csv/2023/ATBe.csv,[2021],"[{""file"":""atb_2023_flat_file.csv"",""url"":""https://oedi-data-lake.s3.amazonaws.com/ATB/electricity/csv/2023/ATBe.csv"",""sha256"":""5073733a55c84facceb25ec56b83d05d9c990155486111fff137854ccd2fab71"",""format"":""flat"",""location"":""CSV row 155172"",""dollar_year"":2021}]",ATB 2023 Moderate base-year estimate; year=release-2. Case: Market.,2023
reeds,nuclear,Nuclear,Moderate,{},vom,2013,2.7228354177922744,USD/MWh,2022,atb,atb_2015_workbook.xlsm | deflator.csv,https://docs.nlr.gov/docs/fy15osti/64077-DA.xlsm | https://github.com/ReEDS-Model/ReEDS/blob/db6a1ba95836b649176fca50030e82a6b4cf9bb5/inputs/financials/deflator.csv,[2013],"[{""file"":""atb_2015_workbook.xlsm"",""url"":""https://docs.nlr.gov/docs/fy15osti/64077-DA.xlsm"",""sha256"":""1f5e9a1d81f766d8c0a4e320dba9c27953321df5321ae3d04a854a23f7ca48df"",""format"":""workbook"",""location"":""Conventional - Nuclear!L40"",""dollar_year"":2013},{""file"":""deflator.csv"",""url"":""https://github.com/ReEDS-Model/ReEDS/blob/db6a1ba95836b649176fca50030e82a6b4cf9bb5/inputs/financials/deflator.csv"",""sha256"":""538d3afb409a3c89ce0f96a70867855f9bb64afa82776e875129b2547e329315"",""location"":""value_target=value_source*deflator[source_dollar_year]/deflator[target_dollar_year]"",""dollar_year"":""""}]",ATB 2015 Moderate base-year estimate; year=release-2. Converted with the ReEDS deflator.,2015
reeds,nuclear,Nuclear,Moderate,{},vom,2014,2.6851925318585272,USD/MWh,2022,atb,atb_2016_workbook.xlsm | deflator.csv,https://docs.nlr.gov/docs/fy16osti/66944-DA.xlsm | https://github.com/ReEDS-Model/ReEDS/blob/db6a1ba95836b649176fca50030e82a6b4cf9bb5/inputs/financials/deflator.csv,[2014],"[{""file"":""atb_2016_workbook.xlsm"",""url"":""https://docs.nlr.gov/docs/fy16osti/66944-DA.xlsm"",""sha256"":""e622248d457ee99cba45474a7a7218a2bfd96f95d698d5a1099e3e2ea1b3b555"",""format"":""workbook"",""location"":""Conventional - Nuclear!L40"",""dollar_year"":2014},{""file"":""deflator.csv"",""url"":""https://github.com/ReEDS-Model/ReEDS/blob/db6a1ba95836b649176fca50030e82a6b4cf9bb5/inputs/financials/deflator.csv"",""sha256"":""538d3afb409a3c89ce0f96a70867855f9bb64afa82776e875129b2547e329315"",""location"":""value_target=value_source*deflator[source_dollar_year]/deflator[target_dollar_year]"",""dollar_year"":""""}]",ATB 2016 Moderate base-year estimate; year=release-2. Converted with the ReEDS deflator.,2016
reeds,nuclear,Nuclear,Moderate,{},vom,2015,2.7672195201202245,USD/MWh,2022,atb,atb_2017_workbook.xlsm | deflator.csv,https://data.nlr.gov/system/files/71/2017-ATB-data.xlsm | https://github.com/ReEDS-Model/ReEDS/blob/db6a1ba95836b649176fca50030e82a6b4cf9bb5/inputs/financials/deflator.csv,[2015],"[{""file"":""atb_2017_workbook.xlsm"",""url"":""https://data.nlr.gov/system/files/71/2017-ATB-data.xlsm"",""sha256"":""5712fc8d062ccb40aa6930edbf60ba1f8f4a13c08f7e4e532b78e24fa23ba55d"",""format"":""workbook"",""location"":""Nuclear!L40"",""dollar_year"":2015},{""file"":""deflator.csv"",""url"":""https://github.com/ReEDS-Model/ReEDS/blob/db6a1ba95836b649176fca50030e82a6b4cf9bb5/inputs/financials/deflator.csv"",""sha256"":""538d3afb409a3c89ce0f96a70867855f9bb64afa82776e875129b2547e329315"",""location"":""value_target=value_source*deflator[source_dollar_year]/deflator[target_dollar_year]"",""dollar_year"":""""}]",ATB 2017 Moderate base-year estimate; year=release-2. Converted with the ReEDS deflator.,2017
reeds,nuclear,Nuclear,Moderate,{},vom,2016,2.7674938821781954,USD/MWh,2022,atb,atb_2018_workbook.xlsm | deflator.csv,https://data.nlr.gov/system/files/89/2018-ATB-data-interim-geo.xlsm | https://github.com/ReEDS-Model/ReEDS/blob/db6a1ba95836b649176fca50030e82a6b4cf9bb5/inputs/financials/deflator.csv,[2016],"[{""file"":""atb_2018_workbook.xlsm"",""url"":""https://data.nlr.gov/system/files/89/2018-ATB-data-interim-geo.xlsm"",""sha256"":""975f5a963c817b0da3f9e762a3458fdbee58f11b3d80656eb3ba528d2901fbdf"",""format"":""workbook"",""location"":""Nuclear!L40"",""dollar_year"":2016},{""file"":""deflator.csv"",""url"":""https://github.com/ReEDS-Model/ReEDS/blob/db6a1ba95836b649176fca50030e82a6b4cf9bb5/inputs/financials/deflator.csv"",""sha256"":""538d3afb409a3c89ce0f96a70867855f9bb64afa82776e875129b2547e329315"",""location"":""value_target=value_source*deflator[source_dollar_year]/deflator[target_dollar_year]"",""dollar_year"":""""}]",ATB 2018 Moderate base-year estimate; year=release-2. Converted with the ReEDS deflator.,2018
reeds,nuclear,Nuclear,Moderate,{},vom,2017,2.7608770959308746,USD/MWh,2022,atb,atb_2019_workbook.xlsm | deflator.csv,https://data.nlr.gov/system/files/115/2019-ATB-data.xlsm | https://github.com/ReEDS-Model/ReEDS/blob/db6a1ba95836b649176fca50030e82a6b4cf9bb5/inputs/financials/deflator.csv,[2017],"[{""file"":""atb_2019_workbook.xlsm"",""url"":""https://data.nlr.gov/system/files/115/2019-ATB-data.xlsm"",""sha256"":""f7807beb3496c1cfde28ed2a3115abd1d88e968273eb90f52cfe89f1845de42b"",""format"":""workbook"",""location"":""Nuclear!L40"",""dollar_year"":2017},{""file"":""deflator.csv"",""url"":""https://github.com/ReEDS-Model/ReEDS/blob/db6a1ba95836b649176fca50030e82a6b4cf9bb5/inputs/financials/deflator.csv"",""sha256"":""538d3afb409a3c89ce0f96a70867855f9bb64afa82776e875129b2547e329315"",""location"":""value_target=value_source*deflator[source_dollar_year]/deflator[target_dollar_year]"",""dollar_year"":""""}]",ATB 2019 Moderate base-year estimate; year=release-2. Converted with the ReEDS deflator.,2019
reeds,nuclear,Nuclear,Moderate,{},vom,2018,2.7006167243317196,USD/MWh,2022,atb,atb_2020_workbook.xlsm | deflator.csv,https://atb-archive.nlr.gov/electricity/2020/files/2020-ATB-Data.xlsm | https://github.com/ReEDS-Model/ReEDS/blob/db6a1ba95836b649176fca50030e82a6b4cf9bb5/inputs/financials/deflator.csv,[2018],"[{""file"":""atb_2020_workbook.xlsm"",""url"":""https://atb-archive.nlr.gov/electricity/2020/files/2020-ATB-Data.xlsm"",""sha256"":""2fc2ccf72853304e45803959c77d82806debe8b686eec294838a7ac5219a7a13"",""format"":""workbook"",""location"":""Nuclear!L40"",""dollar_year"":2018},{""file"":""deflator.csv"",""url"":""https://github.com/ReEDS-Model/ReEDS/blob/db6a1ba95836b649176fca50030e82a6b4cf9bb5/inputs/financials/deflator.csv"",""sha256"":""538d3afb409a3c89ce0f96a70867855f9bb64afa82776e875129b2547e329315"",""location"":""value_target=value_source*deflator[source_dollar_year]/deflator[target_dollar_year]"",""dollar_year"":""""}]",ATB 2020 Moderate base-year estimate; year=release-2. Converted with the ReEDS deflator.,2020
reeds,nuclear,Nuclear,Moderate,{},vom,2019,2.6912088017073885,USD/MWh,2022,atb,atb_2021_workbook.xlsm | deflator.csv,https://data.openei.org/files/4129/2021-ATB-Data_Master_new.xlsm | https://github.com/ReEDS-Model/ReEDS/blob/db6a1ba95836b649176fca50030e82a6b4cf9bb5/inputs/financials/deflator.csv,[2019],"[{""file"":""atb_2021_workbook.xlsm"",""url"":""https://data.openei.org/files/4129/2021-ATB-Data_Master_new.xlsm"",""sha256"":""211bc492df941a58acac912edea27c2ac2abf6d74fb2a24355fda6660c055632"",""format"":""workbook"",""location"":""Nuclear!L136"",""dollar_year"":2019},{""file"":""deflator.csv"",""url"":""https://github.com/ReEDS-Model/ReEDS/blob/db6a1ba95836b649176fca50030e82a6b4cf9bb5/inputs/financials/deflator.csv"",""sha256"":""538d3afb409a3c89ce0f96a70867855f9bb64afa82776e875129b2547e329315"",""location"":""value_target=value_source*deflator[source_dollar_year]/deflator[target_dollar_year]"",""dollar_year"":""""}]",ATB 2021 Moderate base-year estimate; year=release-2. Converted with the ReEDS deflator.,2021
reeds,nuclear,Nuclear,Moderate,{},vom,2020,3.211358402819707,USD/MWh,2022,atb,atb_2022_workbook.xlsx | deflator.csv,https://data.openei.org/files/5716/2022 v3 Annual Technology Baseline Workbook Mid-year update 2-15-2023.xlsx | https://github.com/ReEDS-Model/ReEDS/blob/db6a1ba95836b649176fca50030e82a6b4cf9bb5/inputs/financials/deflator.csv,[2020],"[{""file"":""atb_2022_workbook.xlsx"",""url"":""https://data.openei.org/files/5716/2022 v3 Annual Technology Baseline Workbook Mid-year update 2-15-2023.xlsx"",""sha256"":""5ad5e47373f0dea32991d5828831bb407550397f1956abda6870e6786134b87e"",""format"":""workbook"",""location"":""Nuclear!M106"",""dollar_year"":2020},{""file"":""deflator.csv"",""url"":""https://github.com/ReEDS-Model/ReEDS/blob/db6a1ba95836b649176fca50030e82a6b4cf9bb5/inputs/financials/deflator.csv"",""sha256"":""538d3afb409a3c89ce0f96a70867855f9bb64afa82776e875129b2547e329315"",""location"":""value_target=value_source*deflator[source_dollar_year]/deflator[target_dollar_year]"",""dollar_year"":""""}]",ATB 2022 Moderate base-year estimate; year=release-2. Converted with the ReEDS deflator.,2022
reeds,nuclear,Nuclear,Moderate,{},vom,2021,2.66760000244822,USD/MWh,2022,atb,atb_2023_flat_file.csv | deflator.csv,https://oedi-data-lake.s3.amazonaws.com/ATB/electricity/csv/2023/ATBe.csv | https://github.com/ReEDS-Model/ReEDS/blob/db6a1ba95836b649176fca50030e82a6b4cf9bb5/inputs/financials/deflator.csv,[2021],"[{""file"":""atb_2023_flat_file.csv"",""url"":""https://oedi-data-lake.s3.amazonaws.com/ATB/electricity/csv/2023/ATBe.csv"",""sha256"":""5073733a55c84facceb25ec56b83d05d9c990155486111fff137854ccd2fab71"",""format"":""flat"",""location"":""CSV row 184730"",""dollar_year"":2021},{""file"":""deflator.csv"",""url"":""https://github.com/ReEDS-Model/ReEDS/blob/db6a1ba95836b649176fca50030e82a6b4cf9bb5/inputs/financials/deflator.csv"",""sha256"":""538d3afb409a3c89ce0f96a70867855f9bb64afa82776e875129b2547e329315"",""location"":""value_target=value_source*deflator[source_dollar_year]/deflator[target_dollar_year]"",""dollar_year"":""""}]",ATB 2023 Moderate base-year estimate; year=release-2. Case: Market. Converted with the ReEDS deflator.,2023
reeds,nuclear-smr,Nuclear-SMR,Moderate,{},capcost,2020,7699.820892737055,USD/kW,2022,atb,atb_2022_workbook.xlsx | deflator.csv,https://data.openei.org/files/5716/2022 v3 Annual Technology Baseline Workbook Mid-year update 2-15-2023.xlsx | https://github.com/ReEDS-Model/ReEDS/blob/db6a1ba95836b649176fca50030e82a6b4cf9bb5/inputs/financials/deflator.csv,[2020],"[{""file"":""atb_2022_workbook.xlsx"",""url"":""https://data.openei.org/files/5716/2022 v3 Annual Technology Baseline Workbook Mid-year update 2-15-2023.xlsx"",""sha256"":""5ad5e47373f0dea32991d5828831bb407550397f1956abda6870e6786134b87e"",""format"":""workbook"",""location"":""Nuclear!M99"",""dollar_year"":2020},{""file"":""deflator.csv"",""url"":""https://github.com/ReEDS-Model/ReEDS/blob/db6a1ba95836b649176fca50030e82a6b4cf9bb5/inputs/financials/deflator.csv"",""sha256"":""538d3afb409a3c89ce0f96a70867855f9bb64afa82776e875129b2547e329315"",""location"":""value_target=value_source*deflator[source_dollar_year]/deflator[target_dollar_year]"",""dollar_year"":""""}]",ATB 2022 Moderate base-year estimate; year=release-2. Converted with the ReEDS deflator.,2022
reeds,nuclear-smr,Nuclear-SMR,Moderate,{},capcost,2021,8658.389131690703,USD/kW,2022,atb,atb_2023_flat_file.csv | deflator.csv,https://oedi-data-lake.s3.amazonaws.com/ATB/electricity/csv/2023/ATBe.csv | https://github.com/ReEDS-Model/ReEDS/blob/db6a1ba95836b649176fca50030e82a6b4cf9bb5/inputs/financials/deflator.csv,[2021],"[{""file"":""atb_2023_flat_file.csv"",""url"":""https://oedi-data-lake.s3.amazonaws.com/ATB/electricity/csv/2023/ATBe.csv"",""sha256"":""5073733a55c84facceb25ec56b83d05d9c990155486111fff137854ccd2fab71"",""format"":""flat"",""location"":""CSV row 176776"",""dollar_year"":2021},{""file"":""deflator.csv"",""url"":""https://github.com/ReEDS-Model/ReEDS/blob/db6a1ba95836b649176fca50030e82a6b4cf9bb5/inputs/financials/deflator.csv"",""sha256"":""538d3afb409a3c89ce0f96a70867855f9bb64afa82776e875129b2547e329315"",""location"":""value_target=value_source*deflator[source_dollar_year]/deflator[target_dollar_year]"",""dollar_year"":""""}]",ATB 2023 Moderate base-year estimate; year=release-2. Case: Market. Converted with the ReEDS deflator.,2023
reeds,nuclear-smr,Nuclear-SMR,Moderate,{},cf_improvement,2020,0.937,fraction,,atb,atb_2022_workbook.xlsx,https://data.openei.org/files/5716/2022 v3 Annual Technology Baseline Workbook Mid-year update 2-15-2023.xlsx,[2020],"[{""file"":""atb_2022_workbook.xlsx"",""url"":""https://data.openei.org/files/5716/2022 v3 Annual Technology Baseline Workbook Mid-year update 2-15-2023.xlsx"",""sha256"":""5ad5e47373f0dea32991d5828831bb407550397f1956abda6870e6786134b87e"",""format"":""workbook"",""location"":""Nuclear!M79"",""dollar_year"":2020}]",ATB 2022 Moderate base-year estimate; year=release-2.,2022
reeds,nuclear-smr,Nuclear-SMR,Moderate,{},cf_improvement,2021,0.927,fraction,,atb,atb_2023_flat_file.csv,https://oedi-data-lake.s3.amazonaws.com/ATB/electricity/csv/2023/ATBe.csv,[2021],"[{""file"":""atb_2023_flat_file.csv"",""url"":""https://oedi-data-lake.s3.amazonaws.com/ATB/electricity/csv/2023/ATBe.csv"",""sha256"":""5073733a55c84facceb25ec56b83d05d9c990155486111fff137854ccd2fab71"",""format"":""flat"",""location"":""CSV row 132514"",""dollar_year"":2021}]",ATB 2023 Moderate base-year estimate; year=release-2. Case: Market. Unit from ATB parameter definition; CSV unit blank.,2023
reeds,nuclear-smr,Nuclear-SMR,Moderate,{},fom,2020,128.90664011318543,USD/kW-yr,2022,atb,atb_2022_workbook.xlsx | deflator.csv,https://data.openei.org/files/5716/2022 v3 Annual Technology Baseline Workbook Mid-year update 2-15-2023.xlsx | https://github.com/ReEDS-Model/ReEDS/blob/db6a1ba95836b649176fca50030e82a6b4cf9bb5/inputs/financials/deflator.csv,[2020],"[{""file"":""atb_2022_workbook.xlsx"",""url"":""https://data.openei.org/files/5716/2022 v3 Annual Technology Baseline Workbook Mid-year update 2-15-2023.xlsx"",""sha256"":""5ad5e47373f0dea32991d5828831bb407550397f1956abda6870e6786134b87e"",""format"":""workbook"",""location"":""Nuclear!M103"",""dollar_year"":2020},{""file"":""deflator.csv"",""url"":""https://github.com/ReEDS-Model/ReEDS/blob/db6a1ba95836b649176fca50030e82a6b4cf9bb5/inputs/financials/deflator.csv"",""sha256"":""538d3afb409a3c89ce0f96a70867855f9bb64afa82776e875129b2547e329315"",""location"":""value_target=value_source*deflator[source_dollar_year]/deflator[target_dollar_year]"",""dollar_year"":""""}]",ATB 2022 Moderate base-year estimate; year=release-2. Converted with the ReEDS deflator.,2022
reeds,nuclear-smr,Nuclear-SMR,Moderate,{},fom,2021,128.30400011775242,USD/kW-yr,2022,atb,atb_2023_flat_file.csv | deflator.csv,https://oedi-data-lake.s3.amazonaws.com/ATB/electricity/csv/2023/ATBe.csv | https://github.com/ReEDS-Model/ReEDS/blob/db6a1ba95836b649176fca50030e82a6b4cf9bb5/inputs/financials/deflator.csv,[2021],"[{""file"":""atb_2023_flat_file.csv"",""url"":""https://oedi-data-lake.s3.amazonaws.com/ATB/electricity/csv/2023/ATBe.csv"",""sha256"":""5073733a55c84facceb25ec56b83d05d9c990155486111fff137854ccd2fab71"",""format"":""flat"",""location"":""CSV row 146228"",""dollar_year"":2021},{""file"":""deflator.csv"",""url"":""https://github.com/ReEDS-Model/ReEDS/blob/db6a1ba95836b649176fca50030e82a6b4cf9bb5/inputs/financials/deflator.csv"",""sha256"":""538d3afb409a3c89ce0f96a70867855f9bb64afa82776e875129b2547e329315"",""location"":""value_target=value_source*deflator[source_dollar_year]/deflator[target_dollar_year]"",""dollar_year"":""""}]",ATB 2023 Moderate base-year estimate; year=release-2. Case: Market. Converted with the ReEDS deflator.,2023
reeds,nuclear-smr,Nuclear-SMR,Moderate,{},heatrate,2020,10.443,MMBtu/MWh,,atb,atb_2022_workbook.xlsx,https://data.openei.org/files/5716/2022 v3 Annual Technology Baseline Workbook Mid-year update 2-15-2023.xlsx,[2020],"[{""file"":""atb_2022_workbook.xlsx"",""url"":""https://data.openei.org/files/5716/2022 v3 Annual Technology Baseline Workbook Mid-year update 2-15-2023.xlsx"",""sha256"":""5ad5e47373f0dea32991d5828831bb407550397f1956abda6870e6786134b87e"",""format"":""workbook"",""location"":""Nuclear!M87"",""dollar_year"":2020}]",ATB 2022 Moderate base-year estimate; year=release-2.,2022
reeds,nuclear-smr,Nuclear-SMR,Moderate,{},heatrate,2021,10.447,MMBtu/MWh,,atb,atb_2023_flat_file.csv,https://oedi-data-lake.s3.amazonaws.com/ATB/electricity/csv/2023/ATBe.csv,[2021],"[{""file"":""atb_2023_flat_file.csv"",""url"":""https://oedi-data-lake.s3.amazonaws.com/ATB/electricity/csv/2023/ATBe.csv"",""sha256"":""5073733a55c84facceb25ec56b83d05d9c990155486111fff137854ccd2fab71"",""format"":""flat"",""location"":""CSV row 155232"",""dollar_year"":2021}]",ATB 2023 Moderate base-year estimate; year=release-2. Case: Market.,2023
reeds,nuclear-smr,Nuclear-SMR,Moderate,{},vom,2020,4.070736003574277,USD/MWh,2022,atb,atb_2022_workbook.xlsx | deflator.csv,https://data.openei.org/files/5716/2022 v3 Annual Technology Baseline Workbook Mid-year update 2-15-2023.xlsx | https://github.com/ReEDS-Model/ReEDS/blob/db6a1ba95836b649176fca50030e82a6b4cf9bb5/inputs/financials/deflator.csv,[2020],"[{""file"":""atb_2022_workbook.xlsx"",""url"":""https://data.openei.org/files/5716/2022 v3 Annual Technology Baseline Workbook Mid-year update 2-15-2023.xlsx"",""sha256"":""5ad5e47373f0dea32991d5828831bb407550397f1956abda6870e6786134b87e"",""format"":""workbook"",""location"":""Nuclear!M107"",""dollar_year"":2020},{""file"":""deflator.csv"",""url"":""https://github.com/ReEDS-Model/ReEDS/blob/db6a1ba95836b649176fca50030e82a6b4cf9bb5/inputs/financials/deflator.csv"",""sha256"":""538d3afb409a3c89ce0f96a70867855f9bb64afa82776e875129b2547e329315"",""location"":""value_target=value_source*deflator[source_dollar_year]/deflator[target_dollar_year]"",""dollar_year"":""""}]",ATB 2022 Moderate base-year estimate; year=release-2. Converted with the ReEDS deflator.,2022
reeds,nuclear-smr,Nuclear-SMR,Moderate,{},vom,2021,3.3804000031024,USD/MWh,2022,atb,atb_2023_flat_file.csv | deflator.csv,https://oedi-data-lake.s3.amazonaws.com/ATB/electricity/csv/2023/ATBe.csv | https://github.com/ReEDS-Model/ReEDS/blob/db6a1ba95836b649176fca50030e82a6b4cf9bb5/inputs/financials/deflator.csv,[2021],"[{""file"":""atb_2023_flat_file.csv"",""url"":""https://oedi-data-lake.s3.amazonaws.com/ATB/electricity/csv/2023/ATBe.csv"",""sha256"":""5073733a55c84facceb25ec56b83d05d9c990155486111fff137854ccd2fab71"",""format"":""flat"",""location"":""CSV row 184790"",""dollar_year"":2021},{""file"":""deflator.csv"",""url"":""https://github.com/ReEDS-Model/ReEDS/blob/db6a1ba95836b649176fca50030e82a6b4cf9bb5/inputs/financials/deflator.csv"",""sha256"":""538d3afb409a3c89ce0f96a70867855f9bb64afa82776e875129b2547e329315"",""location"":""value_target=value_source*deflator[source_dollar_year]/deflator[target_dollar_year]"",""dollar_year"":""""}]",ATB 2023 Moderate base-year estimate; year=release-2. Case: Market. Converted with the ReEDS deflator.,2023
reeds,upv,*,Moderate,{},capcost,2019,1558.09336272035,USD/kW,2022,atb,atb_2021_workbook.xlsm | deflator.csv,https://data.openei.org/files/4129/2021-ATB-Data_Master_new.xlsm | https://github.com/ReEDS-Model/ReEDS/blob/db6a1ba95836b649176fca50030e82a6b4cf9bb5/inputs/financials/deflator.csv,[2019],"[{""file"":""atb_2021_workbook.xlsm"",""url"":""https://data.openei.org/files/4129/2021-ATB-Data_Master_new.xlsm"",""sha256"":""211bc492df941a58acac912edea27c2ac2abf6d74fb2a24355fda6660c055632"",""format"":""workbook"",""location"":""Solar - Utility PV!L239"",""dollar_year"":2019},{""file"":""deflator.csv"",""url"":""https://github.com/ReEDS-Model/ReEDS/blob/db6a1ba95836b649176fca50030e82a6b4cf9bb5/inputs/financials/deflator.csv"",""sha256"":""538d3afb409a3c89ce0f96a70867855f9bb64afa82776e875129b2547e329315"",""location"":""value_target=value_source*deflator[source_dollar_year]/deflator[target_dollar_year]"",""dollar_year"":""""}]",ATB 2021 Moderate base-year estimate; year=release-2. Converted with the ReEDS deflator.,2021
reeds,upv,*,Moderate,{},capcost,2020,1473.124331317474,USD/kW,2022,atb,atb_2022_workbook.xlsx | deflator.csv,https://data.openei.org/files/5716/2022 v3 Annual Technology Baseline Workbook Mid-year update 2-15-2023.xlsx | https://github.com/ReEDS-Model/ReEDS/blob/db6a1ba95836b649176fca50030e82a6b4cf9bb5/inputs/financials/deflator.csv,[2020],"[{""file"":""atb_2022_workbook.xlsx"",""url"":""https://data.openei.org/files/5716/2022 v3 Annual Technology Baseline Workbook Mid-year update 2-15-2023.xlsx"",""sha256"":""5ad5e47373f0dea32991d5828831bb407550397f1956abda6870e6786134b87e"",""format"":""workbook"",""location"":""Solar - Utility PV!M222"",""dollar_year"":2020},{""file"":""deflator.csv"",""url"":""https://github.com/ReEDS-Model/ReEDS/blob/db6a1ba95836b649176fca50030e82a6b4cf9bb5/inputs/financials/deflator.csv"",""sha256"":""538d3afb409a3c89ce0f96a70867855f9bb64afa82776e875129b2547e329315"",""location"":""value_target=value_source*deflator[source_dollar_year]/deflator[target_dollar_year]"",""dollar_year"":""""}]",ATB 2022 Moderate base-year estimate; year=release-2. Converted with the ReEDS deflator.,2022
reeds,upv,*,Moderate,{},capcost,2021,1345.4802902391425,USD/kW,2022,atb,atb_2023_flat_file.csv | deflator.csv,https://oedi-data-lake.s3.amazonaws.com/ATB/electricity/csv/2023/ATBe.csv | https://github.com/ReEDS-Model/ReEDS/blob/db6a1ba95836b649176fca50030e82a6b4cf9bb5/inputs/financials/deflator.csv,[2021],"[{""file"":""atb_2023_flat_file.csv"",""url"":""https://oedi-data-lake.s3.amazonaws.com/ATB/electricity/csv/2023/ATBe.csv"",""sha256"":""5073733a55c84facceb25ec56b83d05d9c990155486111fff137854ccd2fab71"",""format"":""flat"",""location"":""CSV row 180916"",""dollar_year"":2021},{""file"":""deflator.csv"",""url"":""https://github.com/ReEDS-Model/ReEDS/blob/db6a1ba95836b649176fca50030e82a6b4cf9bb5/inputs/financials/deflator.csv"",""sha256"":""538d3afb409a3c89ce0f96a70867855f9bb64afa82776e875129b2547e329315"",""location"":""value_target=value_source*deflator[source_dollar_year]/deflator[target_dollar_year]"",""dollar_year"":""""}]",ATB 2023 Moderate base-year estimate; year=release-2. Case: Market. Converted with the ReEDS deflator.,2023
reeds,upv,*,Moderate,{},capcost,2022,1366.5982035504765,USD/kW,2022,atb,atb_2024_flat_file.csv | deflator.csv,https://oedi-data-lake.s3.amazonaws.com/ATB/electricity/csv/2024/v3.0.0/ATBe.csv | https://github.com/ReEDS-Model/ReEDS/blob/db6a1ba95836b649176fca50030e82a6b4cf9bb5/inputs/financials/deflator.csv,[2022],"[{""file"":""atb_2024_flat_file.csv"",""url"":""https://oedi-data-lake.s3.amazonaws.com/ATB/electricity/csv/2024/v3.0.0/ATBe.csv"",""sha256"":""b0f0de40786350ba8dd5eec9023540f72ceeb8ab4478bc31abaf1c0d5eb20959"",""format"":""flat"",""location"":""CSV row 438694"",""dollar_year"":2022},{""file"":""deflator.csv"",""url"":""https://github.com/ReEDS-Model/ReEDS/blob/db6a1ba95836b649176fca50030e82a6b4cf9bb5/inputs/financials/deflator.csv"",""sha256"":""538d3afb409a3c89ce0f96a70867855f9bb64afa82776e875129b2547e329315"",""location"":""value_target=value_source*deflator[source_dollar_year]/deflator[target_dollar_year]"",""dollar_year"":""""}]",ATB 2024 Moderate base-year estimate; year=release-2. Case: Market. Unit from ATB parameter definition; CSV unit blank. Converted with the ReEDS deflator.,2024
reeds,upv,*,Moderate,{},cf_improvement,2019,0.2701516019234307,fraction,,atb,atb_2021_workbook.xlsm,https://data.openei.org/files/4129/2021-ATB-Data_Master_new.xlsm,[2019],"[{""file"":""atb_2021_workbook.xlsm"",""url"":""https://data.openei.org/files/4129/2021-ATB-Data_Master_new.xlsm"",""sha256"":""211bc492df941a58acac912edea27c2ac2abf6d74fb2a24355fda6660c055632"",""format"":""workbook"",""location"":""Solar - Utility PV!L111"",""dollar_year"":2019}]",ATB 2021 Moderate base-year estimate; year=release-2.,2021
reeds,upv,*,Moderate,{},cf_improvement,2020,0.2608403996803086,fraction,,atb,atb_2022_workbook.xlsx,https://data.openei.org/files/5716/2022 v3 Annual Technology Baseline Workbook Mid-year update 2-15-2023.xlsx,[2020],"[{""file"":""atb_2022_workbook.xlsx"",""url"":""https://data.openei.org/files/5716/2022 v3 Annual Technology Baseline Workbook Mid-year update 2-15-2023.xlsx"",""sha256"":""5ad5e47373f0dea32991d5828831bb407550397f1956abda6870e6786134b87e"",""format"":""workbook"",""location"":""Solar - Utility PV!M94"",""dollar_year"":2020}]",ATB 2022 Moderate base-year estimate; year=release-2.,2022
reeds,upv,*,Moderate,{},cf_improvement,2021,0.2747074374583729,fraction,,atb,atb_2023_flat_file.csv,https://oedi-data-lake.s3.amazonaws.com/ATB/electricity/csv/2023/ATBe.csv,[2021],"[{""file"":""atb_2023_flat_file.csv"",""url"":""https://oedi-data-lake.s3.amazonaws.com/ATB/electricity/csv/2023/ATBe.csv"",""sha256"":""5073733a55c84facceb25ec56b83d05d9c990155486111fff137854ccd2fab71"",""format"":""flat"",""location"":""CSV row 135124"",""dollar_year"":2021}]",ATB 2023 Moderate base-year estimate; year=release-2. Case: Market. Unit from ATB parameter definition; CSV unit blank.,2023
reeds,upv,*,Moderate,{},cf_improvement,2022,0.2764029014184805,fraction,,atb,atb_2024_flat_file.csv,https://oedi-data-lake.s3.amazonaws.com/ATB/electricity/csv/2024/v3.0.0/ATBe.csv,[2022],"[{""file"":""atb_2024_flat_file.csv"",""url"":""https://oedi-data-lake.s3.amazonaws.com/ATB/electricity/csv/2024/v3.0.0/ATBe.csv"",""sha256"":""b0f0de40786350ba8dd5eec9023540f72ceeb8ab4478bc31abaf1c0d5eb20959"",""format"":""flat"",""location"":""CSV row 438424"",""dollar_year"":2022}]",ATB 2024 Moderate base-year estimate; year=release-2. Case: Market. Unit from ATB parameter definition; CSV unit blank.,2024
reeds,upv,*,Moderate,{},fom,2019,26.191025702529377,USD/kW-yr,2022,atb,atb_2021_workbook.xlsm | deflator.csv,https://data.openei.org/files/4129/2021-ATB-Data_Master_new.xlsm | https://github.com/ReEDS-Model/ReEDS/blob/db6a1ba95836b649176fca50030e82a6b4cf9bb5/inputs/financials/deflator.csv,[2019],"[{""file"":""atb_2021_workbook.xlsm"",""url"":""https://data.openei.org/files/4129/2021-ATB-Data_Master_new.xlsm"",""sha256"":""211bc492df941a58acac912edea27c2ac2abf6d74fb2a24355fda6660c055632"",""format"":""workbook"",""location"":""Solar - Utility PV!L271"",""dollar_year"":2019},{""file"":""deflator.csv"",""url"":""https://github.com/ReEDS-Model/ReEDS/blob/db6a1ba95836b649176fca50030e82a6b4cf9bb5/inputs/financials/deflator.csv"",""sha256"":""538d3afb409a3c89ce0f96a70867855f9bb64afa82776e875129b2547e329315"",""location"":""value_target=value_source*deflator[source_dollar_year]/deflator[target_dollar_year]"",""dollar_year"":""""}]",ATB 2021 Moderate base-year estimate; year=release-2. Converted with the ReEDS deflator.,2021
reeds,upv,*,Moderate,{},fom,2020,25.581963998244436,USD/kW-yr,2022,atb,atb_2022_workbook.xlsx | deflator.csv,https://data.openei.org/files/5716/2022 v3 Annual Technology Baseline Workbook Mid-year update 2-15-2023.xlsx | https://github.com/ReEDS-Model/ReEDS/blob/db6a1ba95836b649176fca50030e82a6b4cf9bb5/inputs/financials/deflator.csv,[2020],"[{""file"":""atb_2022_workbook.xlsx"",""url"":""https://data.openei.org/files/5716/2022 v3 Annual Technology Baseline Workbook Mid-year update 2-15-2023.xlsx"",""sha256"":""5ad5e47373f0dea32991d5828831bb407550397f1956abda6870e6786134b87e"",""format"":""workbook"",""location"":""Solar - Utility PV!M254"",""dollar_year"":2020},{""file"":""deflator.csv"",""url"":""https://github.com/ReEDS-Model/ReEDS/blob/db6a1ba95836b649176fca50030e82a6b4cf9bb5/inputs/financials/deflator.csv"",""sha256"":""538d3afb409a3c89ce0f96a70867855f9bb64afa82776e875129b2547e329315"",""location"":""value_target=value_source*deflator[source_dollar_year]/deflator[target_dollar_year]"",""dollar_year"":""""}]",ATB 2022 Moderate base-year estimate; year=release-2. Converted with the ReEDS deflator.,2022
reeds,upv,*,Moderate,{},fom,2021,24.331221669061826,USD/kW-yr,2022,atb,atb_2023_flat_file.csv | deflator.csv,https://oedi-data-lake.s3.amazonaws.com/ATB/electricity/csv/2023/ATBe.csv | https://github.com/ReEDS-Model/ReEDS/blob/db6a1ba95836b649176fca50030e82a6b4cf9bb5/inputs/financials/deflator.csv,[2021],"[{""file"":""atb_2023_flat_file.csv"",""url"":""https://oedi-data-lake.s3.amazonaws.com/ATB/electricity/csv/2023/ATBe.csv"",""sha256"":""5073733a55c84facceb25ec56b83d05d9c990155486111fff137854ccd2fab71"",""format"":""flat"",""location"":""CSV row 150368"",""dollar_year"":2021},{""file"":""deflator.csv"",""url"":""https://github.com/ReEDS-Model/ReEDS/blob/db6a1ba95836b649176fca50030e82a6b4cf9bb5/inputs/financials/deflator.csv"",""sha256"":""538d3afb409a3c89ce0f96a70867855f9bb64afa82776e875129b2547e329315"",""location"":""value_target=value_source*deflator[source_dollar_year]/deflator[target_dollar_year]"",""dollar_year"":""""}]",ATB 2023 Moderate base-year estimate; year=release-2. Case: Market. Converted with the ReEDS deflator.,2023
reeds,upv,*,Moderate,{},fom,2022,23.76560345636052,USD/kW-yr,2022,atb,atb_2024_flat_file.csv | deflator.csv,https://oedi-data-lake.s3.amazonaws.com/ATB/electricity/csv/2024/v3.0.0/ATBe.csv | https://github.com/ReEDS-Model/ReEDS/blob/db6a1ba95836b649176fca50030e82a6b4cf9bb5/inputs/financials/deflator.csv,[2022],"[{""file"":""atb_2024_flat_file.csv"",""url"":""https://oedi-data-lake.s3.amazonaws.com/ATB/electricity/csv/2024/v3.0.0/ATBe.csv"",""sha256"":""b0f0de40786350ba8dd5eec9023540f72ceeb8ab4478bc31abaf1c0d5eb20959"",""format"":""flat"",""location"":""CSV row 439205"",""dollar_year"":2022},{""file"":""deflator.csv"",""url"":""https://github.com/ReEDS-Model/ReEDS/blob/db6a1ba95836b649176fca50030e82a6b4cf9bb5/inputs/financials/deflator.csv"",""sha256"":""538d3afb409a3c89ce0f96a70867855f9bb64afa82776e875129b2547e329315"",""location"":""value_target=value_source*deflator[source_dollar_year]/deflator[target_dollar_year]"",""dollar_year"":""""}]",ATB 2024 Moderate base-year estimate; year=release-2. Case: Market. Unit from ATB parameter definition; CSV unit blank. Converted with the ReEDS deflator.,2024
reeds,upv,*,Moderate,{},vom,2019,0.0,USD/MWh,2022,atb,atb_2021_workbook.xlsm | deflator.csv,https://data.openei.org/files/4129/2021-ATB-Data_Master_new.xlsm | https://github.com/ReEDS-Model/ReEDS/blob/db6a1ba95836b649176fca50030e82a6b4cf9bb5/inputs/financials/deflator.csv,[2019],"[{""file"":""atb_2021_workbook.xlsm"",""url"":""https://data.openei.org/files/4129/2021-ATB-Data_Master_new.xlsm"",""sha256"":""211bc492df941a58acac912edea27c2ac2abf6d74fb2a24355fda6660c055632"",""format"":""workbook"",""location"":""Solar - Utility PV!L303"",""dollar_year"":2019},{""file"":""deflator.csv"",""url"":""https://github.com/ReEDS-Model/ReEDS/blob/db6a1ba95836b649176fca50030e82a6b4cf9bb5/inputs/financials/deflator.csv"",""sha256"":""538d3afb409a3c89ce0f96a70867855f9bb64afa82776e875129b2547e329315"",""location"":""value_target=value_source*deflator[source_dollar_year]/deflator[target_dollar_year]"",""dollar_year"":""""}]",ATB 2021 Moderate base-year estimate; year=release-2. Converted with the ReEDS deflator.,2021
reeds,upv,*,Moderate,{},vom,2020,0.0,USD/MWh,2022,atb,atb_2022_workbook.xlsx | deflator.csv,https://data.openei.org/files/5716/2022 v3 Annual Technology Baseline Workbook Mid-year update 2-15-2023.xlsx | https://github.com/ReEDS-Model/ReEDS/blob/db6a1ba95836b649176fca50030e82a6b4cf9bb5/inputs/financials/deflator.csv,[2020],"[{""file"":""atb_2022_workbook.xlsx"",""url"":""https://data.openei.org/files/5716/2022 v3 Annual Technology Baseline Workbook Mid-year update 2-15-2023.xlsx"",""sha256"":""5ad5e47373f0dea32991d5828831bb407550397f1956abda6870e6786134b87e"",""format"":""workbook"",""location"":""Solar - Utility PV!M286"",""dollar_year"":2020},{""file"":""deflator.csv"",""url"":""https://github.com/ReEDS-Model/ReEDS/blob/db6a1ba95836b649176fca50030e82a6b4cf9bb5/inputs/financials/deflator.csv"",""sha256"":""538d3afb409a3c89ce0f96a70867855f9bb64afa82776e875129b2547e329315"",""location"":""value_target=value_source*deflator[source_dollar_year]/deflator[target_dollar_year]"",""dollar_year"":""""}]",ATB 2022 Moderate base-year estimate; year=release-2. Converted with the ReEDS deflator.,2022
reeds,wind-ofs,fixed,Moderate,{},capcost,2018,3845.972318640499,USD/kW,2022,calculated,atb_2020_workbook.xlsm | deflator.csv | offshore_cost_multipliers_2024.csv,https://atb-archive.nlr.gov/electricity/2020/files/2020-ATB-Data.xlsm | https://github.com/ReEDS-Model/ReEDS/blob/db6a1ba95836b649176fca50030e82a6b4cf9bb5/inputs/financials/deflator.csv | https://github.com/ReEDS-Model/ReEDS,[2018],"[{""file"":""atb_2020_workbook.xlsm"",""url"":""https://atb-archive.nlr.gov/electricity/2020/files/2020-ATB-Data.xlsm"",""sha256"":""2fc2ccf72853304e45803959c77d82806debe8b686eec294838a7ac5219a7a13"",""format"":""workbook"",""location"":""Offshore Wind!L76"",""dollar_year"":2018},{""file"":""deflator.csv"",""url"":""https://github.com/ReEDS-Model/ReEDS/blob/db6a1ba95836b649176fca50030e82a6b4cf9bb5/inputs/financials/deflator.csv"",""sha256"":""538d3afb409a3c89ce0f96a70867855f9bb64afa82776e875129b2547e329315"",""location"":""value_target=value_source*deflator[source_dollar_year]/deflator[target_dollar_year]"",""dollar_year"":""""},{""file"":""offshore_cost_multipliers_2024.csv"",""url"":""https://github.com/ReEDS-Model/ReEDS"",""sha256"":""91c0eb5de1207f3bf96e49d85bc2e787338528c6edfd1baa6034f93b6c89c75f"",""location"":""Offshore cost multipliers"",""dollar_year"":""""}]",ATB 2020 Moderate base-year estimate; year=release-2. Resource-class history uses the vintage-specific turbine design; it does not assume the ATB 2024 turbine dimensions. Converted with the ReEDS deflator. Offshore multiplier=1.19067103886.,2020
reeds,wind-ofs,fixed,Moderate,{},capcost,2019,3407.5040822207143,USD/kW,2022,calculated,atb_2021_workbook.xlsm | deflator.csv | offshore_cost_multipliers_2024.csv,https://data.openei.org/files/4129/2021-ATB-Data_Master_new.xlsm | https://github.com/ReEDS-Model/ReEDS/blob/db6a1ba95836b649176fca50030e82a6b4cf9bb5/inputs/financials/deflator.csv | https://github.com/ReEDS-Model/ReEDS,[2019],"[{""file"":""atb_2021_workbook.xlsm"",""url"":""https://data.openei.org/files/4129/2021-ATB-Data_Master_new.xlsm"",""sha256"":""211bc492df941a58acac912edea27c2ac2abf6d74fb2a24355fda6660c055632"",""format"":""workbook"",""location"":""Offshore Wind!L270"",""dollar_year"":2019},{""file"":""deflator.csv"",""url"":""https://github.com/ReEDS-Model/ReEDS/blob/db6a1ba95836b649176fca50030e82a6b4cf9bb5/inputs/financials/deflator.csv"",""sha256"":""538d3afb409a3c89ce0f96a70867855f9bb64afa82776e875129b2547e329315"",""location"":""value_target=value_source*deflator[source_dollar_year]/deflator[target_dollar_year]"",""dollar_year"":""""},{""file"":""offshore_cost_multipliers_2024.csv"",""url"":""https://github.com/ReEDS-Model/ReEDS"",""sha256"":""91c0eb5de1207f3bf96e49d85bc2e787338528c6edfd1baa6034f93b6c89c75f"",""location"":""Offshore cost multipliers"",""dollar_year"":""""}]",ATB 2021 Moderate base-year estimate; year=release-2. Resource-class history uses the vintage-specific turbine design; it does not assume the ATB 2024 turbine dimensions. Converted with the ReEDS deflator. Offshore multiplier=1.19067103886.,2021
reeds,wind-ofs,fixed,Moderate,{},capcost,2020,3165.727567633738,USD/kW,2022,calculated,atb_2022_workbook.xlsx | deflator.csv | offshore_cost_multipliers_2024.csv,https://data.openei.org/files/5716/2022 v3 Annual Technology Baseline Workbook Mid-year update 2-15-2023.xlsx | https://github.com/ReEDS-Model/ReEDS/blob/db6a1ba95836b649176fca50030e82a6b4cf9bb5/inputs/financials/deflator.csv | https://github.com/ReEDS-Model/ReEDS,[2020],"[{""file"":""atb_2022_workbook.xlsx"",""url"":""https://data.openei.org/files/5716/2022 v3 Annual Technology Baseline Workbook Mid-year update 2-15-2023.xlsx"",""sha256"":""5ad5e47373f0dea32991d5828831bb407550397f1956abda6870e6786134b87e"",""format"":""workbook"",""location"":""Offshore Wind!M254"",""dollar_year"":2020},{""file"":""deflator.csv"",""url"":""https://github.com/ReEDS-Model/ReEDS/blob/db6a1ba95836b649176fca50030e82a6b4cf9bb5/inputs/financials/deflator.csv"",""sha256"":""538d3afb409a3c89ce0f96a70867855f9bb64afa82776e875129b2547e329315"",""location"":""value_target=value_source*deflator[source_dollar_year]/deflator[target_dollar_year]"",""dollar_year"":""""},{""file"":""offshore_cost_multipliers_2024.csv"",""url"":""https://github.com/ReEDS-Model/ReEDS"",""sha256"":""91c0eb5de1207f3bf96e49d85bc2e787338528c6edfd1baa6034f93b6c89c75f"",""location"":""Offshore cost multipliers"",""dollar_year"":""""}]",ATB 2022 Moderate base-year estimate; year=release-2. Resource-class history uses the vintage-specific turbine design; it does not assume the ATB 2024 turbine dimensions. Converted with the ReEDS deflator. Offshore multiplier=1.19067103886.,2022
reeds,wind-ofs,fixed,Moderate,{},capcost,2021,2883.2757644295493,USD/kW,2022,calculated,atb_2023_flat_file.csv | deflator.csv | offshore_cost_multipliers_2024.csv,https://oedi-data-lake.s3.amazonaws.com/ATB/electricity/csv/2023/ATBe.csv | https://github.com/ReEDS-Model/ReEDS/blob/db6a1ba95836b649176fca50030e82a6b4cf9bb5/inputs/financials/deflator.csv | https://github.com/ReEDS-Model/ReEDS,[2021],"[{""file"":""atb_2023_flat_file.csv"",""url"":""https://oedi-data-lake.s3.amazonaws.com/ATB/electricity/csv/2023/ATBe.csv"",""sha256"":""5073733a55c84facceb25ec56b83d05d9c990155486111fff137854ccd2fab71"",""format"":""flat"",""location"":""CSV row 177316"",""dollar_year"":2021},{""file"":""deflator.csv"",""url"":""https://github.com/ReEDS-Model/ReEDS/blob/db6a1ba95836b649176fca50030e82a6b4cf9bb5/inputs/financials/deflator.csv"",""sha256"":""538d3afb409a3c89ce0f96a70867855f9bb64afa82776e875129b2547e329315"",""location"":""value_target=value_source*deflator[source_dollar_year]/deflator[target_dollar_year]"",""dollar_year"":""""},{""file"":""offshore_cost_multipliers_2024.csv"",""url"":""https://github.com/ReEDS-Model/ReEDS"",""sha256"":""91c0eb5de1207f3bf96e49d85bc2e787338528c6edfd1baa6034f93b6c89c75f"",""location"":""Offshore cost multipliers"",""dollar_year"":""""}]",ATB 2023 Moderate base-year estimate; year=release-2. Case: Market. Converted with the ReEDS deflator. Offshore multiplier=1.19067103886.,2023
reeds,wind-ofs,fixed,Moderate,{},capcost,2022,5237.460541105204,USD/kW,2022,calculated,atb_2024_flat_file.csv | deflator.csv | offshore_cost_multipliers_2024.csv,https://oedi-data-lake.s3.amazonaws.com/ATB/electricity/csv/2024/v3.0.0/ATBe.csv | https://github.com/ReEDS-Model/ReEDS/blob/db6a1ba95836b649176fca50030e82a6b4cf9bb5/inputs/financials/deflator.csv | https://github.com/ReEDS-Model/ReEDS,[2022],"[{""file"":""atb_2024_flat_file.csv"",""url"":""https://oedi-data-lake.s3.amazonaws.com/ATB/electricity/csv/2024/v3.0.0/ATBe.csv"",""sha256"":""b0f0de40786350ba8dd5eec9023540f72ceeb8ab4478bc31abaf1c0d5eb20959"",""format"":""flat"",""location"":""CSV row 281248"",""dollar_year"":2022},{""file"":""deflator.csv"",""url"":""https://github.com/ReEDS-Model/ReEDS/blob/db6a1ba95836b649176fca50030e82a6b4cf9bb5/inputs/financials/deflator.csv"",""sha256"":""538d3afb409a3c89ce0f96a70867855f9bb64afa82776e875129b2547e329315"",""location"":""value_target=value_source*deflator[source_dollar_year]/deflator[target_dollar_year]"",""dollar_year"":""""},{""file"":""offshore_cost_multipliers_2024.csv"",""url"":""https://github.com/ReEDS-Model/ReEDS"",""sha256"":""91c0eb5de1207f3bf96e49d85bc2e787338528c6edfd1baa6034f93b6c89c75f"",""location"":""Offshore cost multipliers"",""dollar_year"":""""}]",ATB 2024 Moderate base-year estimate; year=release-2. Case: Market. Unit from ATB parameter definition; CSV unit blank. Converted with the ReEDS deflator. Offshore multiplier=1.19067103886.,2024
reeds,wind-ofs,fixed,Moderate,{},cf_improvement,2018,0.4388755534209584,fraction,,atb,atb_2020_workbook.xlsm,https://atb-archive.nlr.gov/electricity/2020/files/2020-ATB-Data.xlsm,[2018],"[{""file"":""atb_2020_workbook.xlsm"",""url"":""https://atb-archive.nlr.gov/electricity/2020/files/2020-ATB-Data.xlsm"",""sha256"":""2fc2ccf72853304e45803959c77d82806debe8b686eec294838a7ac5219a7a13"",""format"":""workbook"",""location"":""Offshore Wind!L12"",""dollar_year"":2018}]",ATB 2020 Moderate base-year estimate; year=release-2. Resource-class history uses the vintage-specific turbine design; it does not assume the ATB 2024 turbine dimensions.,2020
reeds,wind-ofs,fixed,Moderate,{},cf_improvement,2019,0.4496976736599159,fraction,,atb,atb_2021_workbook.xlsm,https://data.openei.org/files/4129/2021-ATB-Data_Master_new.xlsm,[2019],"[{""file"":""atb_2021_workbook.xlsm"",""url"":""https://data.openei.org/files/4129/2021-ATB-Data_Master_new.xlsm"",""sha256"":""211bc492df941a58acac912edea27c2ac2abf6d74fb2a24355fda6660c055632"",""format"":""workbook"",""location"":""Offshore Wind!L94"",""dollar_year"":2019}]",ATB 2021 Moderate base-year estimate; year=release-2. Resource-class history uses the vintage-specific turbine design; it does not assume the ATB 2024 turbine dimensions.,2021
reeds,wind-ofs,fixed,Moderate,{},cf_improvement,2020,0.4560282081780016,fraction,,atb,atb_2022_workbook.xlsx,https://data.openei.org/files/5716/2022 v3 Annual Technology Baseline Workbook Mid-year update 2-15-2023.xlsx,[2020],"[{""file"":""atb_2022_workbook.xlsx"",""url"":""https://data.openei.org/files/5716/2022 v3 Annual Technology Baseline Workbook Mid-year update 2-15-2023.xlsx"",""sha256"":""5ad5e47373f0dea32991d5828831bb407550397f1956abda6870e6786134b87e"",""format"":""workbook"",""location"":""Offshore Wind!M78"",""dollar_year"":2020}]",ATB 2022 Moderate base-year estimate; year=release-2. Resource-class history uses the vintage-specific turbine design; it does not assume the ATB 2024 turbine dimensions.,2022
reeds,wind-ofs,fixed,Moderate,{},cf_improvement,2021,0.4635197938988728,fraction,,atb,atb_2023_flat_file.csv,https://oedi-data-lake.s3.amazonaws.com/ATB/electricity/csv/2023/ATBe.csv,[2021],"[{""file"":""atb_2023_flat_file.csv"",""url"":""https://oedi-data-lake.s3.amazonaws.com/ATB/electricity/csv/2023/ATBe.csv"",""sha256"":""5073733a55c84facceb25ec56b83d05d9c990155486111fff137854ccd2fab71"",""format"":""flat"",""location"":""CSV row 133054"",""dollar_year"":2021}]",ATB 2023 Moderate base-year estimate; year=release-2. Case: Market. Unit from ATB parameter definition; CSV unit blank.,2023
reeds,wind-ofs,fixed,Moderate,{},cf_improvement,2022,0.4709,fraction,,atb,atb_2024_flat_file.csv,https://oedi-data-lake.s3.amazonaws.com/ATB/electricity/csv/2024/v3.0.0/ATBe.csv,[2022],"[{""file"":""atb_2024_flat_file.csv"",""url"":""https://oedi-data-lake.s3.amazonaws.com/ATB/electricity/csv/2024/v3.0.0/ATBe.csv"",""sha256"":""b0f0de40786350ba8dd5eec9023540f72ceeb8ab4478bc31abaf1c0d5eb20959"",""format"":""flat"",""location"":""CSV row 264221"",""dollar_year"":2022}]",ATB 2024 Moderate base-year estimate; year=release-2. Case: Market. Unit from ATB parameter definition; CSV unit blank.,2024
reeds,wind-ofs,fixed,Moderate,{},fom,2018,144.28443214759278,USD/kW-yr,2022,calculated,atb_2020_workbook.xlsm | deflator.csv | offshore_cost_multipliers_2024.csv,https://atb-archive.nlr.gov/electricity/2020/files/2020-ATB-Data.xlsm | https://github.com/ReEDS-Model/ReEDS/blob/db6a1ba95836b649176fca50030e82a6b4cf9bb5/inputs/financials/deflator.csv | https://github.com/ReEDS-Model/ReEDS,[2018],"[{""file"":""atb_2020_workbook.xlsm"",""url"":""https://atb-archive.nlr.gov/electricity/2020/files/2020-ATB-Data.xlsm"",""sha256"":""2fc2ccf72853304e45803959c77d82806debe8b686eec294838a7ac5219a7a13"",""format"":""workbook"",""location"":""Offshore Wind!L92"",""dollar_year"":2018},{""file"":""deflator.csv"",""url"":""https://github.com/ReEDS-Model/ReEDS/blob/db6a1ba95836b649176fca50030e82a6b4cf9bb5/inputs/financials/deflator.csv"",""sha256"":""538d3afb409a3c89ce0f96a70867855f9bb64afa82776e875129b2547e329315"",""location"":""value_target=value_source*deflator[source_dollar_year]/deflator[target_dollar_year]"",""dollar_year"":""""},{""file"":""offshore_cost_multipliers_2024.csv"",""url"":""https://github.com/ReEDS-Model/ReEDS"",""sha256"":""91c0eb5de1207f3bf96e49d85bc2e787338528c6edfd1baa6034f93b6c89c75f"",""location"":""Offshore cost multipliers"",""dollar_year"":""""}]",ATB 2020 Moderate base-year estimate; year=release-2. Resource-class history uses the vintage-specific turbine design; it does not assume the ATB 2024 turbine dimensions. Converted with the ReEDS deflator. Offshore multiplier=1.002655373133.,2020
reeds,wind-ofs,fixed,Moderate,{},fom,2019,130.72100738763706,USD/kW-yr,2022,calculated,atb_2021_workbook.xlsm | deflator.csv | offshore_cost_multipliers_2024.csv,https://data.openei.org/files/4129/2021-ATB-Data_Master_new.xlsm | https://github.com/ReEDS-Model/ReEDS/blob/db6a1ba95836b649176fca50030e82a6b4cf9bb5/inputs/financials/deflator.csv | https://github.com/ReEDS-Model/ReEDS,[2019],"[{""file"":""atb_2021_workbook.xlsm"",""url"":""https://data.openei.org/files/4129/2021-ATB-Data_Master_new.xlsm"",""sha256"":""211bc492df941a58acac912edea27c2ac2abf6d74fb2a24355fda6660c055632"",""format"":""workbook"",""location"":""Offshore Wind!L314"",""dollar_year"":2019},{""file"":""deflator.csv"",""url"":""https://github.com/ReEDS-Model/ReEDS/blob/db6a1ba95836b649176fca50030e82a6b4cf9bb5/inputs/financials/deflator.csv"",""sha256"":""538d3afb409a3c89ce0f96a70867855f9bb64afa82776e875129b2547e329315"",""location"":""value_target=value_source*deflator[source_dollar_year]/deflator[target_dollar_year]"",""dollar_year"":""""},{""file"":""offshore_cost_multipliers_2024.csv"",""url"":""https://github.com/ReEDS-Model/ReEDS"",""sha256"":""91c0eb5de1207f3bf96e49d85bc2e787338528c6edfd1baa6034f93b6c89c75f"",""location"":""Offshore cost multipliers"",""dollar_year"":""""}]",ATB 2021 Moderate base-year estimate; year=release-2. Resource-class history uses the vintage-specific turbine design; it does not assume the ATB 2024 turbine dimensions. Converted with the ReEDS deflator. Offshore multiplier=1.002655373133.,2021
reeds,wind-ofs,fixed,Moderate,{},fom,2020,121.57654185657474,USD/kW-yr,2022,calculated,atb_2022_workbook.xlsx | deflator.csv | offshore_cost_multipliers_2024.csv,https://data.openei.org/files/5716/2022 v3 Annual Technology Baseline Workbook Mid-year update 2-15-2023.xlsx | https://github.com/ReEDS-Model/ReEDS/blob/db6a1ba95836b649176fca50030e82a6b4cf9bb5/inputs/financials/deflator.csv | https://github.com/ReEDS-Model/ReEDS,[2020],"[{""file"":""atb_2022_workbook.xlsx"",""url"":""https://data.openei.org/files/5716/2022 v3 Annual Technology Baseline Workbook Mid-year update 2-15-2023.xlsx"",""sha256"":""5ad5e47373f0dea32991d5828831bb407550397f1956abda6870e6786134b87e"",""format"":""workbook"",""location"":""Offshore Wind!M298"",""dollar_year"":2020},{""file"":""deflator.csv"",""url"":""https://github.com/ReEDS-Model/ReEDS/blob/db6a1ba95836b649176fca50030e82a6b4cf9bb5/inputs/financials/deflator.csv"",""sha256"":""538d3afb409a3c89ce0f96a70867855f9bb64afa82776e875129b2547e329315"",""location"":""value_target=value_source*deflator[source_dollar_year]/deflator[target_dollar_year]"",""dollar_year"":""""},{""file"":""offshore_cost_multipliers_2024.csv"",""url"":""https://github.com/ReEDS-Model/ReEDS"",""sha256"":""91c0eb5de1207f3bf96e49d85bc2e787338528c6edfd1baa6034f93b6c89c75f"",""location"":""Offshore cost multipliers"",""dollar_year"":""""}]",ATB 2022 Moderate base-year estimate; year=release-2. Resource-class history uses the vintage-specific turbine design; it does not assume the ATB 2024 turbine dimensions. Converted with the ReEDS deflator. Offshore multiplier=1.002655373133.,2022
reeds,wind-ofs,fixed,Moderate,{},fom,2021,116.18821931205053,USD/kW-yr,2022,calculated,atb_2023_flat_file.csv | deflator.csv | offshore_cost_multipliers_2024.csv,https://oedi-data-lake.s3.amazonaws.com/ATB/electricity/csv/2023/ATBe.csv | https://github.com/ReEDS-Model/ReEDS/blob/db6a1ba95836b649176fca50030e82a6b4cf9bb5/inputs/financials/deflator.csv | https://github.com/ReEDS-Model/ReEDS,[2021],"[{""file"":""atb_2023_flat_file.csv"",""url"":""https://oedi-data-lake.s3.amazonaws.com/ATB/electricity/csv/2023/ATBe.csv"",""sha256"":""5073733a55c84facceb25ec56b83d05d9c990155486111fff137854ccd2fab71"",""format"":""flat"",""location"":""CSV row 146768"",""dollar_year"":2021},{""file"":""deflator.csv"",""url"":""https://github.com/ReEDS-Model/ReEDS/blob/db6a1ba95836b649176fca50030e82a6b4cf9bb5/inputs/financials/deflator.csv"",""sha256"":""538d3afb409a3c89ce0f96a70867855f9bb64afa82776e875129b2547e329315"",""location"":""value_target=value_source*deflator[source_dollar_year]/deflator[target_dollar_year]"",""dollar_year"":""""},{""file"":""offshore_cost_multipliers_2024.csv"",""url"":""https://github.com/ReEDS-Model/ReEDS"",""sha256"":""91c0eb5de1207f3bf96e49d85bc2e787338528c6edfd1baa6034f93b6c89c75f"",""location"":""Offshore cost multipliers"",""dollar_year"":""""}]",ATB 2023 Moderate base-year estimate; year=release-2. Case: Market. Converted with the ReEDS deflator. Offshore multiplier=1.002655373133.,2023
reeds,wind-ofs,fixed,Moderate,{},fom,2022,90.91066241643179,USD/kW-yr,2022,calculated,atb_2024_flat_file.csv | deflator.csv | offshore_cost_multipliers_2024.csv,https://oedi-data-lake.s3.amazonaws.com/ATB/electricity/csv/2024/v3.0.0/ATBe.csv | https://github.com/ReEDS-Model/ReEDS/blob/db6a1ba95836b649176fca50030e82a6b4cf9bb5/inputs/financials/deflator.csv | https://github.com/ReEDS-Model/ReEDS,[2022],"[{""file"":""atb_2024_flat_file.csv"",""url"":""https://oedi-data-lake.s3.amazonaws.com/ATB/electricity/csv/2024/v3.0.0/ATBe.csv"",""sha256"":""b0f0de40786350ba8dd5eec9023540f72ceeb8ab4478bc31abaf1c0d5eb20959"",""format"":""flat"",""location"":""CSV row 315886"",""dollar_year"":2022},{""file"":""deflator.csv"",""url"":""https://github.com/ReEDS-Model/ReEDS/blob/db6a1ba95836b649176fca50030e82a6b4cf9bb5/inputs/financials/deflator.csv"",""sha256"":""538d3afb409a3c89ce0f96a70867855f9bb64afa82776e875129b2547e329315"",""location"":""value_target=value_source*deflator[source_dollar_year]/deflator[target_dollar_year]"",""dollar_year"":""""},{""file"":""offshore_cost_multipliers_2024.csv"",""url"":""https://github.com/ReEDS-Model/ReEDS"",""sha256"":""91c0eb5de1207f3bf96e49d85bc2e787338528c6edfd1baa6034f93b6c89c75f"",""location"":""Offshore cost multipliers"",""dollar_year"":""""}]",ATB 2024 Moderate base-year estimate; year=release-2. Case: Market. Unit from ATB parameter definition; CSV unit blank. Converted with the ReEDS deflator. Offshore multiplier=1.002655373133.,2024
reeds,wind-ofs,fixed,Moderate,{},vom,2018,0.0,USD/MWh,2022,atb,atb_2020_workbook.xlsm | deflator.csv,https://atb-archive.nlr.gov/electricity/2020/files/2020-ATB-Data.xlsm | https://github.com/ReEDS-Model/ReEDS/blob/db6a1ba95836b649176fca50030e82a6b4cf9bb5/inputs/financials/deflator.csv,[2018],"[{""file"":""atb_2020_workbook.xlsm"",""url"":""https://atb-archive.nlr.gov/electricity/2020/files/2020-ATB-Data.xlsm"",""sha256"":""2fc2ccf72853304e45803959c77d82806debe8b686eec294838a7ac5219a7a13"",""format"":""workbook"",""location"":""Offshore Wind!L108"",""dollar_year"":2018},{""file"":""deflator.csv"",""url"":""https://github.com/ReEDS-Model/ReEDS/blob/db6a1ba95836b649176fca50030e82a6b4cf9bb5/inputs/financials/deflator.csv"",""sha256"":""538d3afb409a3c89ce0f96a70867855f9bb64afa82776e875129b2547e329315"",""location"":""value_target=value_source*deflator[source_dollar_year]/deflator[target_dollar_year]"",""dollar_year"":""""}]",ATB 2020 Moderate base-year estimate; year=release-2. Resource-class history uses the vintage-specific turbine design; it does not assume the ATB 2024 turbine dimensions. Converted with the ReEDS deflator.,2020
reeds,wind-ofs,fixed,Moderate,{},vom,2019,0.0,USD/MWh,2022,atb,atb_2021_workbook.xlsm | deflator.csv,https://data.openei.org/files/4129/2021-ATB-Data_Master_new.xlsm | https://github.com/ReEDS-Model/ReEDS/blob/db6a1ba95836b649176fca50030e82a6b4cf9bb5/inputs/financials/deflator.csv,[2019],"[{""file"":""atb_2021_workbook.xlsm"",""url"":""https://data.openei.org/files/4129/2021-ATB-Data_Master_new.xlsm"",""sha256"":""211bc492df941a58acac912edea27c2ac2abf6d74fb2a24355fda6660c055632"",""format"":""workbook"",""location"":""Offshore Wind!L358"",""dollar_year"":2019},{""file"":""deflator.csv"",""url"":""https://github.com/ReEDS-Model/ReEDS/blob/db6a1ba95836b649176fca50030e82a6b4cf9bb5/inputs/financials/deflator.csv"",""sha256"":""538d3afb409a3c89ce0f96a70867855f9bb64afa82776e875129b2547e329315"",""location"":""value_target=value_source*deflator[source_dollar_year]/deflator[target_dollar_year]"",""dollar_year"":""""}]",ATB 2021 Moderate base-year estimate; year=release-2. Resource-class history uses the vintage-specific turbine design; it does not assume the ATB 2024 turbine dimensions. Converted with the ReEDS deflator.,2021
reeds,wind-ofs,fixed,Moderate,{},vom,2020,0.0,USD/MWh,2022,atb,atb_2022_workbook.xlsx | deflator.csv,https://data.openei.org/files/5716/2022 v3 Annual Technology Baseline Workbook Mid-year update 2-15-2023.xlsx | https://github.com/ReEDS-Model/ReEDS/blob/db6a1ba95836b649176fca50030e82a6b4cf9bb5/inputs/financials/deflator.csv,[2020],"[{""file"":""atb_2022_workbook.xlsx"",""url"":""https://data.openei.org/files/5716/2022 v3 Annual Technology Baseline Workbook Mid-year update 2-15-2023.xlsx"",""sha256"":""5ad5e47373f0dea32991d5828831bb407550397f1956abda6870e6786134b87e"",""format"":""workbook"",""location"":""Offshore Wind!M342"",""dollar_year"":2020},{""file"":""deflator.csv"",""url"":""https://github.com/ReEDS-Model/ReEDS/blob/db6a1ba95836b649176fca50030e82a6b4cf9bb5/inputs/financials/deflator.csv"",""sha256"":""538d3afb409a3c89ce0f96a70867855f9bb64afa82776e875129b2547e329315"",""location"":""value_target=value_source*deflator[source_dollar_year]/deflator[target_dollar_year]"",""dollar_year"":""""}]",ATB 2022 Moderate base-year estimate; year=release-2. Resource-class history uses the vintage-specific turbine design; it does not assume the ATB 2024 turbine dimensions. Converted with the ReEDS deflator.,2022
reeds,wind-ofs,floating,Moderate,{},capcost,2018,6589.749397592133,USD/kW,2022,calculated,atb_2020_workbook.xlsm | deflator.csv | offshore_cost_multipliers_2024.csv,https://atb-archive.nlr.gov/electricity/2020/files/2020-ATB-Data.xlsm | https://github.com/ReEDS-Model/ReEDS/blob/db6a1ba95836b649176fca50030e82a6b4cf9bb5/inputs/financials/deflator.csv | https://github.com/ReEDS-Model/ReEDS,[2018],"[{""file"":""atb_2020_workbook.xlsm"",""url"":""https://atb-archive.nlr.gov/electricity/2020/files/2020-ATB-Data.xlsm"",""sha256"":""2fc2ccf72853304e45803959c77d82806debe8b686eec294838a7ac5219a7a13"",""format"":""workbook"",""location"":""Offshore Wind!L83"",""dollar_year"":2018},{""file"":""deflator.csv"",""url"":""https://github.com/ReEDS-Model/ReEDS/blob/db6a1ba95836b649176fca50030e82a6b4cf9bb5/inputs/financials/deflator.csv"",""sha256"":""538d3afb409a3c89ce0f96a70867855f9bb64afa82776e875129b2547e329315"",""location"":""value_target=value_source*deflator[source_dollar_year]/deflator[target_dollar_year]"",""dollar_year"":""""},{""file"":""offshore_cost_multipliers_2024.csv"",""url"":""https://github.com/ReEDS-Model/ReEDS"",""sha256"":""91c0eb5de1207f3bf96e49d85bc2e787338528c6edfd1baa6034f93b6c89c75f"",""location"":""Offshore cost multipliers"",""dollar_year"":""""}]",ATB 2020 Moderate base-year estimate; year=release-2. Resource-class history uses the vintage-specific turbine design; it does not assume the ATB 2024 turbine dimensions. Converted with the ReEDS deflator. Offshore multiplier=1.37210783975.,2020
reeds,wind-ofs,floating,Moderate,{},capcost,2019,5906.514617417398,USD/kW,2022,calculated,atb_2021_workbook.xlsm | deflator.csv | offshore_cost_multipliers_2024.csv,https://data.openei.org/files/4129/2021-ATB-Data_Master_new.xlsm | https://github.com/ReEDS-Model/ReEDS/blob/db6a1ba95836b649176fca50030e82a6b4cf9bb5/inputs/financials/deflator.csv | https://github.com/ReEDS-Model/ReEDS,[2019],"[{""file"":""atb_2021_workbook.xlsm"",""url"":""https://data.openei.org/files/4129/2021-ATB-Data_Master_new.xlsm"",""sha256"":""211bc492df941a58acac912edea27c2ac2abf6d74fb2a24355fda6660c055632"",""format"":""workbook"",""location"":""Offshore Wind!L291"",""dollar_year"":2019},{""file"":""deflator.csv"",""url"":""https://github.com/ReEDS-Model/ReEDS/blob/db6a1ba95836b649176fca50030e82a6b4cf9bb5/inputs/financials/deflator.csv"",""sha256"":""538d3afb409a3c89ce0f96a70867855f9bb64afa82776e875129b2547e329315"",""location"":""value_target=value_source*deflator[source_dollar_year]/deflator[target_dollar_year]"",""dollar_year"":""""},{""file"":""offshore_cost_multipliers_2024.csv"",""url"":""https://github.com/ReEDS-Model/ReEDS"",""sha256"":""91c0eb5de1207f3bf96e49d85bc2e787338528c6edfd1baa6034f93b6c89c75f"",""location"":""Offshore cost multipliers"",""dollar_year"":""""}]",ATB 2021 Moderate base-year estimate; year=release-2. Resource-class history uses the vintage-specific turbine design; it does not assume the ATB 2024 turbine dimensions. Converted with the ReEDS deflator. Offshore multiplier=1.37210783975.,2021
reeds,wind-ofs,floating,Moderate,{},capcost,2020,5513.965513369151,USD/kW,2022,calculated,atb_2022_workbook.xlsx | deflator.csv | offshore_cost_multipliers_2024.csv,https://data.openei.org/files/5716/2022 v3 Annual Technology Baseline Workbook Mid-year update 2-15-2023.xlsx | https://github.com/ReEDS-Model/ReEDS/blob/db6a1ba95836b649176fca50030e82a6b4cf9bb5/inputs/financials/deflator.csv | https://github.com/ReEDS-Model/ReEDS,[2020],"[{""file"":""atb_2022_workbook.xlsx"",""url"":""https://data.openei.org/files/5716/2022 v3 Annual Technology Baseline Workbook Mid-year update 2-15-2023.xlsx"",""sha256"":""5ad5e47373f0dea32991d5828831bb407550397f1956abda6870e6786134b87e"",""format"":""workbook"",""location"":""Offshore Wind!M275"",""dollar_year"":2020},{""file"":""deflator.csv"",""url"":""https://github.com/ReEDS-Model/ReEDS/blob/db6a1ba95836b649176fca50030e82a6b4cf9bb5/inputs/financials/deflator.csv"",""sha256"":""538d3afb409a3c89ce0f96a70867855f9bb64afa82776e875129b2547e329315"",""location"":""value_target=value_source*deflator[source_dollar_year]/deflator[target_dollar_year]"",""dollar_year"":""""},{""file"":""offshore_cost_multipliers_2024.csv"",""url"":""https://github.com/ReEDS-Model/ReEDS"",""sha256"":""91c0eb5de1207f3bf96e49d85bc2e787338528c6edfd1baa6034f93b6c89c75f"",""location"":""Offshore cost multipliers"",""dollar_year"":""""}]",ATB 2022 Moderate base-year estimate; year=release-2. Resource-class history uses the vintage-specific turbine design; it does not assume the ATB 2024 turbine dimensions. Converted with the ReEDS deflator. Offshore multiplier=1.37210783975.,2022
reeds,wind-ofs,floating,Moderate,{},capcost,2021,5052.197721548793,USD/kW,2022,calculated,atb_2023_flat_file.csv | deflator.csv | offshore_cost_multipliers_2024.csv,https://oedi-data-lake.s3.amazonaws.com/ATB/electricity/csv/2023/ATBe.csv | https://github.com/ReEDS-Model/ReEDS/blob/db6a1ba95836b649176fca50030e82a6b4cf9bb5/inputs/financials/deflator.csv | https://github.com/ReEDS-Model/ReEDS,[2021],"[{""file"":""atb_2023_flat_file.csv"",""url"":""https://oedi-data-lake.s3.amazonaws.com/ATB/electricity/csv/2023/ATBe.csv"",""sha256"":""5073733a55c84facceb25ec56b83d05d9c990155486111fff137854ccd2fab71"",""format"":""flat"",""location"":""CSV row 177946"",""dollar_year"":2021},{""file"":""deflator.csv"",""url"":""https://github.com/ReEDS-Model/ReEDS/blob/db6a1ba95836b649176fca50030e82a6b4cf9bb5/inputs/financials/deflator.csv"",""sha256"":""538d3afb409a3c89ce0f96a70867855f9bb64afa82776e875129b2547e329315"",""location"":""value_target=value_source*deflator[source_dollar_year]/deflator[target_dollar_year]"",""dollar_year"":""""},{""file"":""offshore_cost_multipliers_2024.csv"",""url"":""https://github.com/ReEDS-Model/ReEDS"",""sha256"":""91c0eb5de1207f3bf96e49d85bc2e787338528c6edfd1baa6034f93b6c89c75f"",""location"":""Offshore cost multipliers"",""dollar_year"":""""}]",ATB 2023 Moderate base-year estimate; year=release-2. Case: Market. Converted with the ReEDS deflator. Offshore multiplier=1.37210783975.,2023
reeds,wind-ofs,floating,Moderate,{},cf_improvement,2018,0.5102336270990606,fraction,,atb,atb_2020_workbook.xlsm,https://atb-archive.nlr.gov/electricity/2020/files/2020-ATB-Data.xlsm,[2018],"[{""file"":""atb_2020_workbook.xlsm"",""url"":""https://atb-archive.nlr.gov/electricity/2020/files/2020-ATB-Data.xlsm"",""sha256"":""2fc2ccf72853304e45803959c77d82806debe8b686eec294838a7ac5219a7a13"",""format"":""workbook"",""location"":""Offshore Wind!L19"",""dollar_year"":2018}]",ATB 2020 Moderate base-year estimate; year=release-2. Resource-class history uses the vintage-specific turbine design; it does not assume the ATB 2024 turbine dimensions.,2020
reeds,wind-ofs,floating,Moderate,{},cf_improvement,2019,0.5154960313127394,fraction,,atb,atb_2021_workbook.xlsm,https://data.openei.org/files/4129/2021-ATB-Data_Master_new.xlsm,[2019],"[{""file"":""atb_2021_workbook.xlsm"",""url"":""https://data.openei.org/files/4129/2021-ATB-Data_Master_new.xlsm"",""sha256"":""211bc492df941a58acac912edea27c2ac2abf6d74fb2a24355fda6660c055632"",""format"":""workbook"",""location"":""Offshore Wind!L115"",""dollar_year"":2019}]",ATB 2021 Moderate base-year estimate; year=release-2. Resource-class history uses the vintage-specific turbine design; it does not assume the ATB 2024 turbine dimensions.,2021
reeds,wind-ofs,floating,Moderate,{},cf_improvement,2020,0.5185743404413783,fraction,,atb,atb_2022_workbook.xlsx,https://data.openei.org/files/5716/2022 v3 Annual Technology Baseline Workbook Mid-year update 2-15-2023.xlsx,[2020],"[{""file"":""atb_2022_workbook.xlsx"",""url"":""https://data.openei.org/files/5716/2022 v3 Annual Technology Baseline Workbook Mid-year update 2-15-2023.xlsx"",""sha256"":""5ad5e47373f0dea32991d5828831bb407550397f1956abda6870e6786134b87e"",""format"":""workbook"",""location"":""Offshore Wind!M99"",""dollar_year"":2020}]",ATB 2022 Moderate base-year estimate; year=release-2. Resource-class history uses the vintage-specific turbine design; it does not assume the ATB 2024 turbine dimensions.,2022
reeds,wind-ofs,floating,Moderate,{},cf_improvement,2021,0.5237584355264171,fraction,,atb,atb_2023_flat_file.csv,https://oedi-data-lake.s3.amazonaws.com/ATB/electricity/csv/2023/ATBe.csv,[2021],"[{""file"":""atb_2023_flat_file.csv"",""url"":""https://oedi-data-lake.s3.amazonaws.com/ATB/electricity/csv/2023/ATBe.csv"",""sha256"":""5073733a55c84facceb25ec56b83d05d9c990155486111fff137854ccd2fab71"",""format"":""flat"",""location"":""CSV row 133684"",""dollar_year"":2021}]",ATB 2023 Moderate base-year estimate; year=release-2. Case: Market. Unit from ATB parameter definition; CSV unit blank.,2023
reeds,wind-ofs,floating,Moderate,{},fom,2018,101.74343913150997,USD/kW-yr,2022,calculated,atb_2020_workbook.xlsm | deflator.csv | offshore_cost_multipliers_2024.csv,https://atb-archive.nlr.gov/electricity/2020/files/2020-ATB-Data.xlsm | https://github.com/ReEDS-Model/ReEDS/blob/db6a1ba95836b649176fca50030e82a6b4cf9bb5/inputs/financials/deflator.csv | https://github.com/ReEDS-Model/ReEDS,[2018],"[{""file"":""atb_2020_workbook.xlsm"",""url"":""https://atb-archive.nlr.gov/electricity/2020/files/2020-ATB-Data.xlsm"",""sha256"":""2fc2ccf72853304e45803959c77d82806debe8b686eec294838a7ac5219a7a13"",""format"":""workbook"",""location"":""Offshore Wind!L99"",""dollar_year"":2018},{""file"":""deflator.csv"",""url"":""https://github.com/ReEDS-Model/ReEDS/blob/db6a1ba95836b649176fca50030e82a6b4cf9bb5/inputs/financials/deflator.csv"",""sha256"":""538d3afb409a3c89ce0f96a70867855f9bb64afa82776e875129b2547e329315"",""location"":""value_target=value_source*deflator[source_dollar_year]/deflator[target_dollar_year]"",""dollar_year"":""""},{""file"":""offshore_cost_multipliers_2024.csv"",""url"":""https://github.com/ReEDS-Model/ReEDS"",""sha256"":""91c0eb5de1207f3bf96e49d85bc2e787338528c6edfd1baa6034f93b6c89c75f"",""location"":""Offshore cost multipliers"",""dollar_year"":""""}]",ATB 2020 Moderate base-year estimate; year=release-2. Resource-class history uses the vintage-specific turbine design; it does not assume the ATB 2024 turbine dimensions. Converted with the ReEDS deflator. Offshore multiplier=0.978659140911.,2020
reeds,wind-ofs,floating,Moderate,{},fom,2019,93.2296398999746,USD/kW-yr,2022,calculated,atb_2021_workbook.xlsm | deflator.csv | offshore_cost_multipliers_2024.csv,https://data.openei.org/files/4129/2021-ATB-Data_Master_new.xlsm | https://github.com/ReEDS-Model/ReEDS/blob/db6a1ba95836b649176fca50030e82a6b4cf9bb5/inputs/financials/deflator.csv | https://github.com/ReEDS-Model/ReEDS,[2019],"[{""file"":""atb_2021_workbook.xlsm"",""url"":""https://data.openei.org/files/4129/2021-ATB-Data_Master_new.xlsm"",""sha256"":""211bc492df941a58acac912edea27c2ac2abf6d74fb2a24355fda6660c055632"",""format"":""workbook"",""location"":""Offshore Wind!L335"",""dollar_year"":2019},{""file"":""deflator.csv"",""url"":""https://github.com/ReEDS-Model/ReEDS/blob/db6a1ba95836b649176fca50030e82a6b4cf9bb5/inputs/financials/deflator.csv"",""sha256"":""538d3afb409a3c89ce0f96a70867855f9bb64afa82776e875129b2547e329315"",""location"":""value_target=value_source*deflator[source_dollar_year]/deflator[target_dollar_year]"",""dollar_year"":""""},{""file"":""offshore_cost_multipliers_2024.csv"",""url"":""https://github.com/ReEDS-Model/ReEDS"",""sha256"":""91c0eb5de1207f3bf96e49d85bc2e787338528c6edfd1baa6034f93b6c89c75f"",""location"":""Offshore cost multipliers"",""dollar_year"":""""}]",ATB 2021 Moderate base-year estimate; year=release-2. Resource-class history uses the vintage-specific turbine design; it does not assume the ATB 2024 turbine dimensions. Converted with the ReEDS deflator. Offshore multiplier=0.978659140911.,2021
reeds,wind-ofs,floating,Moderate,{},fom,2020,87.0339537319993,USD/kW-yr,2022,calculated,atb_2022_workbook.xlsx | deflator.csv | offshore_cost_multipliers_2024.csv,https://data.openei.org/files/5716/2022 v3 Annual Technology Baseline Workbook Mid-year update 2-15-2023.xlsx | https://github.com/ReEDS-Model/ReEDS/blob/db6a1ba95836b649176fca50030e82a6b4cf9bb5/inputs/financials/deflator.csv | https://github.com/ReEDS-Model/ReEDS,[2020],"[{""file"":""atb_2022_workbook.xlsx"",""url"":""https://data.openei.org/files/5716/2022 v3 Annual Technology Baseline Workbook Mid-year update 2-15-2023.xlsx"",""sha256"":""5ad5e47373f0dea32991d5828831bb407550397f1956abda6870e6786134b87e"",""format"":""workbook"",""location"":""Offshore Wind!M319"",""dollar_year"":2020},{""file"":""deflator.csv"",""url"":""https://github.com/ReEDS-Model/ReEDS/blob/db6a1ba95836b649176fca50030e82a6b4cf9bb5/inputs/financials/deflator.csv"",""sha256"":""538d3afb409a3c89ce0f96a70867855f9bb64afa82776e875129b2547e329315"",""location"":""value_target=value_source*deflator[source_dollar_year]/deflator[target_dollar_year]"",""dollar_year"":""""},{""file"":""offshore_cost_multipliers_2024.csv"",""url"":""https://github.com/ReEDS-Model/ReEDS"",""sha256"":""91c0eb5de1207f3bf96e49d85bc2e787338528c6edfd1baa6034f93b6c89c75f"",""location"":""Offshore cost multipliers"",""dollar_year"":""""}]",ATB 2022 Moderate base-year estimate; year=release-2. Resource-class history uses the vintage-specific turbine design; it does not assume the ATB 2024 turbine dimensions. Converted with the ReEDS deflator. Offshore multiplier=0.978659140911.,2022
reeds,wind-ofs,floating,Moderate,{},fom,2021,83.42240192195612,USD/kW-yr,2022,calculated,atb_2023_flat_file.csv | deflator.csv | offshore_cost_multipliers_2024.csv,https://oedi-data-lake.s3.amazonaws.com/ATB/electricity/csv/2023/ATBe.csv | https://github.com/ReEDS-Model/ReEDS/blob/db6a1ba95836b649176fca50030e82a6b4cf9bb5/inputs/financials/deflator.csv | https://github.com/ReEDS-Model/ReEDS,[2021],"[{""file"":""atb_2023_flat_file.csv"",""url"":""https://oedi-data-lake.s3.amazonaws.com/ATB/electricity/csv/2023/ATBe.csv"",""sha256"":""5073733a55c84facceb25ec56b83d05d9c990155486111fff137854ccd2fab71"",""format"":""flat"",""location"":""CSV row 147398"",""dollar_year"":2021},{""file"":""deflator.csv"",""url"":""https://github.com/ReEDS-Model/ReEDS/blob/db6a1ba95836b649176fca50030e82a6b4cf9bb5/inputs/financials/deflator.csv"",""sha256"":""538d3afb409a3c89ce0f96a70867855f9bb64afa82776e875129b2547e329315"",""location"":""value_target=value_source*deflator[source_dollar_year]/deflator[target_dollar_year]"",""dollar_year"":""""},{""file"":""offshore_cost_multipliers_2024.csv"",""url"":""https://github.com/ReEDS-Model/ReEDS"",""sha256"":""91c0eb5de1207f3bf96e49d85bc2e787338528c6edfd1baa6034f93b6c89c75f"",""location"":""Offshore cost multipliers"",""dollar_year"":""""}]",ATB 2023 Moderate base-year estimate; year=release-2. Case: Market. Converted with the ReEDS deflator. Offshore multiplier=0.978659140911.,2023
reeds,wind-ofs,floating,Moderate,{},vom,2018,0.0,USD/MWh,2022,atb,atb_2020_workbook.xlsm | deflator.csv,https://atb-archive.nlr.gov/electricity/2020/files/2020-ATB-Data.xlsm | https://github.com/ReEDS-Model/ReEDS/blob/db6a1ba95836b649176fca50030e82a6b4cf9bb5/inputs/financials/deflator.csv,[2018],"[{""file"":""atb_2020_workbook.xlsm"",""url"":""https://atb-archive.nlr.gov/electricity/2020/files/2020-ATB-Data.xlsm"",""sha256"":""2fc2ccf72853304e45803959c77d82806debe8b686eec294838a7ac5219a7a13"",""format"":""workbook"",""location"":""Offshore Wind!L115"",""dollar_year"":2018},{""file"":""deflator.csv"",""url"":""https://github.com/ReEDS-Model/ReEDS/blob/db6a1ba95836b649176fca50030e82a6b4cf9bb5/inputs/financials/deflator.csv"",""sha256"":""538d3afb409a3c89ce0f96a70867855f9bb64afa82776e875129b2547e329315"",""location"":""value_target=value_source*deflator[source_dollar_year]/deflator[target_dollar_year]"",""dollar_year"":""""}]",ATB 2020 Moderate base-year estimate; year=release-2. Resource-class history uses the vintage-specific turbine design; it does not assume the ATB 2024 turbine dimensions. Converted with the ReEDS deflator.,2020
reeds,wind-ofs,floating,Moderate,{},vom,2019,0.0,USD/MWh,2022,atb,atb_2021_workbook.xlsm | deflator.csv,https://data.openei.org/files/4129/2021-ATB-Data_Master_new.xlsm | https://github.com/ReEDS-Model/ReEDS/blob/db6a1ba95836b649176fca50030e82a6b4cf9bb5/inputs/financials/deflator.csv,[2019],"[{""file"":""atb_2021_workbook.xlsm"",""url"":""https://data.openei.org/files/4129/2021-ATB-Data_Master_new.xlsm"",""sha256"":""211bc492df941a58acac912edea27c2ac2abf6d74fb2a24355fda6660c055632"",""format"":""workbook"",""location"":""Offshore Wind!L379"",""dollar_year"":2019},{""file"":""deflator.csv"",""url"":""https://github.com/ReEDS-Model/ReEDS/blob/db6a1ba95836b649176fca50030e82a6b4cf9bb5/inputs/financials/deflator.csv"",""sha256"":""538d3afb409a3c89ce0f96a70867855f9bb64afa82776e875129b2547e329315"",""location"":""value_target=value_source*deflator[source_dollar_year]/deflator[target_dollar_year]"",""dollar_year"":""""}]",ATB 2021 Moderate base-year estimate; year=release-2. Resource-class history uses the vintage-specific turbine design; it does not assume the ATB 2024 turbine dimensions. Converted with the ReEDS deflator.,2021
reeds,wind-ofs,floating,Moderate,{},vom,2020,0.0,USD/MWh,2022,atb,atb_2022_workbook.xlsx | deflator.csv,https://data.openei.org/files/5716/2022 v3 Annual Technology Baseline Workbook Mid-year update 2-15-2023.xlsx | https://github.com/ReEDS-Model/ReEDS/blob/db6a1ba95836b649176fca50030e82a6b4cf9bb5/inputs/financials/deflator.csv,[2020],"[{""file"":""atb_2022_workbook.xlsx"",""url"":""https://data.openei.org/files/5716/2022 v3 Annual Technology Baseline Workbook Mid-year update 2-15-2023.xlsx"",""sha256"":""5ad5e47373f0dea32991d5828831bb407550397f1956abda6870e6786134b87e"",""format"":""workbook"",""location"":""Offshore Wind!M363"",""dollar_year"":2020},{""file"":""deflator.csv"",""url"":""https://github.com/ReEDS-Model/ReEDS/blob/db6a1ba95836b649176fca50030e82a6b4cf9bb5/inputs/financials/deflator.csv"",""sha256"":""538d3afb409a3c89ce0f96a70867855f9bb64afa82776e875129b2547e329315"",""location"":""value_target=value_source*deflator[source_dollar_year]/deflator[target_dollar_year]"",""dollar_year"":""""}]",ATB 2022 Moderate base-year estimate; year=release-2. Resource-class history uses the vintage-specific turbine design; it does not assume the ATB 2024 turbine dimensions. Converted with the ReEDS deflator.,2022
reeds,wind-ons,*,Moderate,{},capcost,2018,1736.625880211523,USD/kW,2022,atb,atb_2020_workbook.xlsm | deflator.csv,https://atb-archive.nlr.gov/electricity/2020/files/2020-ATB-Data.xlsm | https://github.com/ReEDS-Model/ReEDS/blob/db6a1ba95836b649176fca50030e82a6b4cf9bb5/inputs/financials/deflator.csv,[2018],"[{""file"":""atb_2020_workbook.xlsm"",""url"":""https://atb-archive.nlr.gov/electricity/2020/files/2020-ATB-Data.xlsm"",""sha256"":""2fc2ccf72853304e45803959c77d82806debe8b686eec294838a7ac5219a7a13"",""format"":""workbook"",""location"":""Land-Based Wind!L59"",""dollar_year"":2018},{""file"":""deflator.csv"",""url"":""https://github.com/ReEDS-Model/ReEDS/blob/db6a1ba95836b649176fca50030e82a6b4cf9bb5/inputs/financials/deflator.csv"",""sha256"":""538d3afb409a3c89ce0f96a70867855f9bb64afa82776e875129b2547e329315"",""location"":""value_target=value_source*deflator[source_dollar_year]/deflator[target_dollar_year]"",""dollar_year"":""""}]",ATB 2020 Moderate base-year estimate; year=release-2. Resource-class history uses the vintage-specific turbine design; it does not assume the ATB 2024 turbine dimensions. Converted with the ReEDS deflator.,2020
reeds,wind-ons,*,Moderate,{},capcost,2019,1574.4751298600806,USD/kW,2022,atb,atb_2021_workbook.xlsm | deflator.csv,https://data.openei.org/files/4129/2021-ATB-Data_Master_new.xlsm | https://github.com/ReEDS-Model/ReEDS/blob/db6a1ba95836b649176fca50030e82a6b4cf9bb5/inputs/financials/deflator.csv,[2019],"[{""file"":""atb_2021_workbook.xlsm"",""url"":""https://data.openei.org/files/4129/2021-ATB-Data_Master_new.xlsm"",""sha256"":""211bc492df941a58acac912edea27c2ac2abf6d74fb2a24355fda6660c055632"",""format"":""workbook"",""location"":""Land-Based Wind!L230"",""dollar_year"":2019},{""file"":""deflator.csv"",""url"":""https://github.com/ReEDS-Model/ReEDS/blob/db6a1ba95836b649176fca50030e82a6b4cf9bb5/inputs/financials/deflator.csv"",""sha256"":""538d3afb409a3c89ce0f96a70867855f9bb64afa82776e875129b2547e329315"",""location"":""value_target=value_source*deflator[source_dollar_year]/deflator[target_dollar_year]"",""dollar_year"":""""}]",ATB 2021 Moderate base-year estimate; year=release-2. Resource-class history uses the vintage-specific turbine design; it does not assume the ATB 2024 turbine dimensions. Converted with the ReEDS deflator.,2021
reeds,wind-ons,*,Moderate,{},capcost,2020,1588.9052990456003,USD/kW,2022,atb,atb_2022_workbook.xlsx | deflator.csv,https://data.openei.org/files/5716/2022 v3 Annual Technology Baseline Workbook Mid-year update 2-15-2023.xlsx | https://github.com/ReEDS-Model/ReEDS/blob/db6a1ba95836b649176fca50030e82a6b4cf9bb5/inputs/financials/deflator.csv,[2020],"[{""file"":""atb_2022_workbook.xlsx"",""url"":""https://data.openei.org/files/5716/2022 v3 Annual Technology Baseline Workbook Mid-year update 2-15-2023.xlsx"",""sha256"":""5ad5e47373f0dea32991d5828831bb407550397f1956abda6870e6786134b87e"",""format"":""workbook"",""location"":""Land-Based Wind!M214"",""dollar_year"":2020},{""file"":""deflator.csv"",""url"":""https://github.com/ReEDS-Model/ReEDS/blob/db6a1ba95836b649176fca50030e82a6b4cf9bb5/inputs/financials/deflator.csv"",""sha256"":""538d3afb409a3c89ce0f96a70867855f9bb64afa82776e875129b2547e329315"",""location"":""value_target=value_source*deflator[source_dollar_year]/deflator[target_dollar_year]"",""dollar_year"":""""}]",ATB 2022 Moderate base-year estimate; year=release-2. Resource-class history uses the vintage-specific turbine design; it does not assume the ATB 2024 turbine dimensions. Converted with the ReEDS deflator.,2022
reeds,wind-ons,*,Moderate,{},capcost,2021,1386.5936790690628,USD/kW,2022,atb,atb_2023_flat_file.csv | deflator.csv,https://oedi-data-lake.s3.amazonaws.com/ATB/electricity/csv/2023/ATBe.csv | https://github.com/ReEDS-Model/ReEDS/blob/db6a1ba95836b649176fca50030e82a6b4cf9bb5/inputs/financials/deflator.csv,[2021],"[{""file"":""atb_2023_flat_file.csv"",""url"":""https://oedi-data-lake.s3.amazonaws.com/ATB/electricity/csv/2023/ATBe.csv"",""sha256"":""5073733a55c84facceb25ec56b83d05d9c990155486111fff137854ccd2fab71"",""format"":""flat"",""location"":""CSV row 175512"",""dollar_year"":2021},{""file"":""deflator.csv"",""url"":""https://github.com/ReEDS-Model/ReEDS/blob/db6a1ba95836b649176fca50030e82a6b4cf9bb5/inputs/financials/deflator.csv"",""sha256"":""538d3afb409a3c89ce0f96a70867855f9bb64afa82776e875129b2547e329315"",""location"":""value_target=value_source*deflator[source_dollar_year]/deflator[target_dollar_year]"",""dollar_year"":""""}]",ATB 2023 Moderate base-year estimate; year=release-2. Case: Market. Converted with the ReEDS deflator.,2023
reeds,wind-ons,*,Moderate,{},capcost,2022,1471.55593599714,USD/kW,2022,atb,atb_2024_flat_file.csv | deflator.csv,https://oedi-data-lake.s3.amazonaws.com/ATB/electricity/csv/2024/v3.0.0/ATBe.csv | https://github.com/ReEDS-Model/ReEDS/blob/db6a1ba95836b649176fca50030e82a6b4cf9bb5/inputs/financials/deflator.csv,[2022],"[{""file"":""atb_2024_flat_file.csv"",""url"":""https://oedi-data-lake.s3.amazonaws.com/ATB/electricity/csv/2024/v3.0.0/ATBe.csv"",""sha256"":""b0f0de40786350ba8dd5eec9023540f72ceeb8ab4478bc31abaf1c0d5eb20959"",""format"":""flat"",""location"":""CSV row 94232"",""dollar_year"":2022},{""file"":""deflator.csv"",""url"":""https://github.com/ReEDS-Model/ReEDS/blob/db6a1ba95836b649176fca50030e82a6b4cf9bb5/inputs/financials/deflator.csv"",""sha256"":""538d3afb409a3c89ce0f96a70867855f9bb64afa82776e875129b2547e329315"",""location"":""value_target=value_source*deflator[source_dollar_year]/deflator[target_dollar_year]"",""dollar_year"":""""}]",ATB 2024 Moderate base-year estimate; year=release-2. Case: Market. Unit from ATB parameter definition; CSV unit blank. Converted with the ReEDS deflator.,2024
reeds,wind-ons,*,Moderate,{},cf_improvement,2018,0.428546,fraction,,atb,atb_2020_workbook.xlsm,https://atb-archive.nlr.gov/electricity/2020/files/2020-ATB-Data.xlsm,[2018],"[{""file"":""atb_2020_workbook.xlsm"",""url"":""https://atb-archive.nlr.gov/electricity/2020/files/2020-ATB-Data.xlsm"",""sha256"":""2fc2ccf72853304e45803959c77d82806debe8b686eec294838a7ac5219a7a13"",""format"":""workbook"",""location"":""Land-Based Wind!L15"",""dollar_year"":2018}]",ATB 2020 Moderate base-year estimate; year=release-2. Resource-class history uses the vintage-specific turbine design; it does not assume the ATB 2024 turbine dimensions.,2020
reeds,wind-ons,*,Moderate,{},cf_improvement,2019,0.42975,fraction,,atb,atb_2021_workbook.xlsm,https://data.openei.org/files/4129/2021-ATB-Data_Master_new.xlsm,[2019],"[{""file"":""atb_2021_workbook.xlsm"",""url"":""https://data.openei.org/files/4129/2021-ATB-Data_Master_new.xlsm"",""sha256"":""211bc492df941a58acac912edea27c2ac2abf6d74fb2a24355fda6660c055632"",""format"":""workbook"",""location"":""Land-Based Wind!L102"",""dollar_year"":2019}]",ATB 2021 Moderate base-year estimate; year=release-2. Resource-class history uses the vintage-specific turbine design; it does not assume the ATB 2024 turbine dimensions.,2021
reeds,wind-ons,*,Moderate,{},cf_improvement,2020,0.437,fraction,,atb,atb_2022_workbook.xlsx,https://data.openei.org/files/5716/2022 v3 Annual Technology Baseline Workbook Mid-year update 2-15-2023.xlsx,[2020],"[{""file"":""atb_2022_workbook.xlsx"",""url"":""https://data.openei.org/files/5716/2022 v3 Annual Technology Baseline Workbook Mid-year update 2-15-2023.xlsx"",""sha256"":""5ad5e47373f0dea32991d5828831bb407550397f1956abda6870e6786134b87e"",""format"":""workbook"",""location"":""Land-Based Wind!M86"",""dollar_year"":2020}]",ATB 2022 Moderate base-year estimate; year=release-2. Resource-class history uses the vintage-specific turbine design; it does not assume the ATB 2024 turbine dimensions.,2022
reeds,wind-ons,*,Moderate,{},cf_improvement,2021,0.44469,fraction,,atb,atb_2023_flat_file.csv,https://oedi-data-lake.s3.amazonaws.com/ATB/electricity/csv/2023/ATBe.csv,[2021],"[{""file"":""atb_2023_flat_file.csv"",""url"":""https://oedi-data-lake.s3.amazonaws.com/ATB/electricity/csv/2023/ATBe.csv"",""sha256"":""5073733a55c84facceb25ec56b83d05d9c990155486111fff137854ccd2fab71"",""format"":""flat"",""location"":""CSV row 131944"",""dollar_year"":2021}]",ATB 2023 Moderate base-year estimate; year=release-2. Case: Market. Unit from ATB parameter definition; CSV unit blank.,2023
reeds,wind-ons,*,Moderate,{},cf_improvement,2022,0.448106,fraction,,atb,atb_2024_flat_file.csv,https://oedi-data-lake.s3.amazonaws.com/ATB/electricity/csv/2024/v3.0.0/ATBe.csv,[2022],"[{""file"":""atb_2024_flat_file.csv"",""url"":""https://oedi-data-lake.s3.amazonaws.com/ATB/electricity/csv/2024/v3.0.0/ATBe.csv"",""sha256"":""b0f0de40786350ba8dd5eec9023540f72ceeb8ab4478bc31abaf1c0d5eb20959"",""format"":""flat"",""location"":""CSV row 91779"",""dollar_year"":2022}]",ATB 2024 Moderate base-year estimate; year=release-2. Case: Market. Unit from ATB parameter definition; CSV unit blank.,2024
reeds,wind-ons,*,Moderate,{},fom,2018,50.33112101288767,USD/kW-yr,2022,atb,atb_2020_workbook.xlsm | deflator.csv,https://atb-archive.nlr.gov/electricity/2020/files/2020-ATB-Data.xlsm | https://github.com/ReEDS-Model/ReEDS/blob/db6a1ba95836b649176fca50030e82a6b4cf9bb5/inputs/financials/deflator.csv,[2018],"[{""file"":""atb_2020_workbook.xlsm"",""url"":""https://atb-archive.nlr.gov/electricity/2020/files/2020-ATB-Data.xlsm"",""sha256"":""2fc2ccf72853304e45803959c77d82806debe8b686eec294838a7ac5219a7a13"",""format"":""workbook"",""location"":""Land-Based Wind!L70"",""dollar_year"":2018},{""file"":""deflator.csv"",""url"":""https://github.com/ReEDS-Model/ReEDS/blob/db6a1ba95836b649176fca50030e82a6b4cf9bb5/inputs/financials/deflator.csv"",""sha256"":""538d3afb409a3c89ce0f96a70867855f9bb64afa82776e875129b2547e329315"",""location"":""value_target=value_source*deflator[source_dollar_year]/deflator[target_dollar_year]"",""dollar_year"":""""}]",ATB 2020 Moderate base-year estimate; year=release-2. Resource-class history uses the vintage-specific turbine design; it does not assume the ATB 2024 turbine dimensions. Converted with the ReEDS deflator.,2020
reeds,wind-ons,*,Moderate,{},fom,2019,49.20615219121795,USD/kW-yr,2022,atb,atb_2021_workbook.xlsm | deflator.csv,https://data.openei.org/files/4129/2021-ATB-Data_Master_new.xlsm | https://github.com/ReEDS-Model/ReEDS/blob/db6a1ba95836b649176fca50030e82a6b4cf9bb5/inputs/financials/deflator.csv,[2019],"[{""file"":""atb_2021_workbook.xlsm"",""url"":""https://data.openei.org/files/4129/2021-ATB-Data_Master_new.xlsm"",""sha256"":""211bc492df941a58acac912edea27c2ac2abf6d74fb2a24355fda6660c055632"",""format"":""workbook"",""location"":""Land-Based Wind!L262"",""dollar_year"":2019},{""file"":""deflator.csv"",""url"":""https://github.com/ReEDS-Model/ReEDS/blob/db6a1ba95836b649176fca50030e82a6b4cf9bb5/inputs/financials/deflator.csv"",""sha256"":""538d3afb409a3c89ce0f96a70867855f9bb64afa82776e875129b2547e329315"",""location"":""value_target=value_source*deflator[source_dollar_year]/deflator[target_dollar_year]"",""dollar_year"":""""}]",ATB 2021 Moderate base-year estimate; year=release-2. Resource-class history uses the vintage-specific turbine design; it does not assume the ATB 2024 turbine dimensions. Converted with the ReEDS deflator.,2021
reeds,wind-ons,*,Moderate,{},fom,2020,48.62268004269275,USD/kW-yr,2022,atb,atb_2022_workbook.xlsx | deflator.csv,https://data.openei.org/files/5716/2022 v3 Annual Technology Baseline Workbook Mid-year update 2-15-2023.xlsx | https://github.com/ReEDS-Model/ReEDS/blob/db6a1ba95836b649176fca50030e82a6b4cf9bb5/inputs/financials/deflator.csv,[2020],"[{""file"":""atb_2022_workbook.xlsx"",""url"":""https://data.openei.org/files/5716/2022 v3 Annual Technology Baseline Workbook Mid-year update 2-15-2023.xlsx"",""sha256"":""5ad5e47373f0dea32991d5828831bb407550397f1956abda6870e6786134b87e"",""format"":""workbook"",""location"":""Land-Based Wind!M246"",""dollar_year"":2020},{""file"":""deflator.csv"",""url"":""https://github.com/ReEDS-Model/ReEDS/blob/db6a1ba95836b649176fca50030e82a6b4cf9bb5/inputs/financials/deflator.csv"",""sha256"":""538d3afb409a3c89ce0f96a70867855f9bb64afa82776e875129b2547e329315"",""location"":""value_target=value_source*deflator[source_dollar_year]/deflator[target_dollar_year]"",""dollar_year"":""""}]",ATB 2022 Moderate base-year estimate; year=release-2. Resource-class history uses the vintage-specific turbine design; it does not assume the ATB 2024 turbine dimensions. Converted with the ReEDS deflator.,2022
reeds,wind-ons,*,Moderate,{},fom,2021,32.72400003003282,USD/kW-yr,2022,atb,atb_2023_flat_file.csv | deflator.csv,https://oedi-data-lake.s3.amazonaws.com/ATB/electricity/csv/2023/ATBe.csv | https://github.com/ReEDS-Model/ReEDS/blob/db6a1ba95836b649176fca50030e82a6b4cf9bb5/inputs/financials/deflator.csv,[2021],"[{""file"":""atb_2023_flat_file.csv"",""url"":""https://oedi-data-lake.s3.amazonaws.com/ATB/electricity/csv/2023/ATBe.csv"",""sha256"":""5073733a55c84facceb25ec56b83d05d9c990155486111fff137854ccd2fab71"",""format"":""flat"",""location"":""CSV row 144604"",""dollar_year"":2021},{""file"":""deflator.csv"",""url"":""https://github.com/ReEDS-Model/ReEDS/blob/db6a1ba95836b649176fca50030e82a6b4cf9bb5/inputs/financials/deflator.csv"",""sha256"":""538d3afb409a3c89ce0f96a70867855f9bb64afa82776e875129b2547e329315"",""location"":""value_target=value_source*deflator[source_dollar_year]/deflator[target_dollar_year]"",""dollar_year"":""""}]",ATB 2023 Moderate base-year estimate; year=release-2. Case: Market. Converted with the ReEDS deflator.,2023
reeds,wind-ons,*,Moderate,{},fom,2022,32.4430472671293,USD/kW-yr,2022,atb,atb_2024_flat_file.csv | deflator.csv,https://oedi-data-lake.s3.amazonaws.com/ATB/electricity/csv/2024/v3.0.0/ATBe.csv | https://github.com/ReEDS-Model/ReEDS/blob/db6a1ba95836b649176fca50030e82a6b4cf9bb5/inputs/financials/deflator.csv,[2022],"[{""file"":""atb_2024_flat_file.csv"",""url"":""https://oedi-data-lake.s3.amazonaws.com/ATB/electricity/csv/2024/v3.0.0/ATBe.csv"",""sha256"":""b0f0de40786350ba8dd5eec9023540f72ceeb8ab4478bc31abaf1c0d5eb20959"",""format"":""flat"",""location"":""CSV row 99143"",""dollar_year"":2022},{""file"":""deflator.csv"",""url"":""https://github.com/ReEDS-Model/ReEDS/blob/db6a1ba95836b649176fca50030e82a6b4cf9bb5/inputs/financials/deflator.csv"",""sha256"":""538d3afb409a3c89ce0f96a70867855f9bb64afa82776e875129b2547e329315"",""location"":""value_target=value_source*deflator[source_dollar_year]/deflator[target_dollar_year]"",""dollar_year"":""""}]",ATB 2024 Moderate base-year estimate; year=release-2. Case: Market. Unit from ATB parameter definition; CSV unit blank. Converted with the ReEDS deflator.,2024
reeds,wind-ons,*,Moderate,{},vom,2018,0.0,USD/MWh,2022,atb,atb_2020_workbook.xlsm | deflator.csv,https://atb-archive.nlr.gov/electricity/2020/files/2020-ATB-Data.xlsm | https://github.com/ReEDS-Model/ReEDS/blob/db6a1ba95836b649176fca50030e82a6b4cf9bb5/inputs/financials/deflator.csv,[2018],"[{""file"":""atb_2020_workbook.xlsm"",""url"":""https://atb-archive.nlr.gov/electricity/2020/files/2020-ATB-Data.xlsm"",""sha256"":""2fc2ccf72853304e45803959c77d82806debe8b686eec294838a7ac5219a7a13"",""format"":""workbook"",""location"":""Land-Based Wind!L81"",""dollar_year"":2018},{""file"":""deflator.csv"",""url"":""https://github.com/ReEDS-Model/ReEDS/blob/db6a1ba95836b649176fca50030e82a6b4cf9bb5/inputs/financials/deflator.csv"",""sha256"":""538d3afb409a3c89ce0f96a70867855f9bb64afa82776e875129b2547e329315"",""location"":""value_target=value_source*deflator[source_dollar_year]/deflator[target_dollar_year]"",""dollar_year"":""""}]",ATB 2020 Moderate base-year estimate; year=release-2. Resource-class history uses the vintage-specific turbine design; it does not assume the ATB 2024 turbine dimensions. Converted with the ReEDS deflator.,2020
reeds,wind-ons,*,Moderate,{},vom,2019,0.0,USD/MWh,2022,atb,atb_2021_workbook.xlsm | deflator.csv,https://data.openei.org/files/4129/2021-ATB-Data_Master_new.xlsm | https://github.com/ReEDS-Model/ReEDS/blob/db6a1ba95836b649176fca50030e82a6b4cf9bb5/inputs/financials/deflator.csv,[2019],"[{""file"":""atb_2021_workbook.xlsm"",""url"":""https://data.openei.org/files/4129/2021-ATB-Data_Master_new.xlsm"",""sha256"":""211bc492df941a58acac912edea27c2ac2abf6d74fb2a24355fda6660c055632"",""format"":""workbook"",""location"":""Land-Based Wind!L294"",""dollar_year"":2019},{""file"":""deflator.csv"",""url"":""https://github.com/ReEDS-Model/ReEDS/blob/db6a1ba95836b649176fca50030e82a6b4cf9bb5/inputs/financials/deflator.csv"",""sha256"":""538d3afb409a3c89ce0f96a70867855f9bb64afa82776e875129b2547e329315"",""location"":""value_target=value_source*deflator[source_dollar_year]/deflator[target_dollar_year]"",""dollar_year"":""""}]",ATB 2021 Moderate base-year estimate; year=release-2. Resource-class history uses the vintage-specific turbine design; it does not assume the ATB 2024 turbine dimensions. Converted with the ReEDS deflator.,2021
reeds,wind-ons,*,Moderate,{},vom,2020,0.0,USD/MWh,2022,atb,atb_2022_workbook.xlsx | deflator.csv,https://data.openei.org/files/5716/2022 v3 Annual Technology Baseline Workbook Mid-year update 2-15-2023.xlsx | https://github.com/ReEDS-Model/ReEDS/blob/db6a1ba95836b649176fca50030e82a6b4cf9bb5/inputs/financials/deflator.csv,[2020],"[{""file"":""atb_2022_workbook.xlsx"",""url"":""https://data.openei.org/files/5716/2022 v3 Annual Technology Baseline Workbook Mid-year update 2-15-2023.xlsx"",""sha256"":""5ad5e47373f0dea32991d5828831bb407550397f1956abda6870e6786134b87e"",""format"":""workbook"",""location"":""Land-Based Wind!M278"",""dollar_year"":2020},{""file"":""deflator.csv"",""url"":""https://github.com/ReEDS-Model/ReEDS/blob/db6a1ba95836b649176fca50030e82a6b4cf9bb5/inputs/financials/deflator.csv"",""sha256"":""538d3afb409a3c89ce0f96a70867855f9bb64afa82776e875129b2547e329315"",""location"":""value_target=value_source*deflator[source_dollar_year]/deflator[target_dollar_year]"",""dollar_year"":""""}]",ATB 2022 Moderate base-year estimate; year=release-2. Resource-class history uses the vintage-specific turbine design; it does not assume the ATB 2024 turbine dimensions. Converted with the ReEDS deflator.,2022
