i,r,t,Value
coal-new,p101,2010,3213017.8665
coal-new,p101,2015,3182149.659
coal-new,p101,2020,246664.08
coal-new,p101,2023,3154651.9641
coal-new,p101,2026,2974095.8286
coal-new,p101,2029,3187453.2183
coal-new,p102,2010,2257434.63
coal-new,p102,2015,2158403.94
coal-new,p109,2010,3685929.96
coal-new,p109,2015,8628293.147203
coal-new,p109,2020,5011907.752723
coal-new,p109,2023,7892291.518763
coal-new,p109,2026,8604723.749185
coal-new,p109,2029,8539875.501816
coal-new,p109,2044,193728.438845
coal-new,p109,2047,227461.631422
coal-new,p109,2050,219339.824307
coal-new,p116,2015,2219410.610011
coal-new,p116,2020,373176.0
coal-new,p116,2023,373176.0
coal-new,p116,2026,373176.0
coal-new,p116,2029,373176.0
coal-new,p118,2015,2810911.081998
coal-new,p118,2020,320616.0
coal-new,p118,2023,320616.0
coal-new,p12,2010,1504386.483163
coal-new,p12,2015,1497800.066162
coal-new,p12,2020,1490543.107654
coal-new,p12,2023,1421175.814531
coal-new,p12,2026,1287076.608588
coal-new,p12,2029,1079602.49497
coal-new,p121,2010,1238676.84
coal-new,p121,2015,94608.0
coal-new,p121,2020,94608.0
coal-new,p121,2023,94608.0
coal-new,p18,2010,734969.946
coal-new,p18,2015,405286.254
coal-new,p18,2020,163111.656
coal-new,p18,2023,56239.2
coal-new,p18,2026,56239.2
coal-new,p18,2029,75206.448
coal-new,p23,2010,2442283.292955
coal-new,p23,2015,5063887.39059
coal-new,p23,2020,3449364.904813
coal-new,p23,2023,1000012.869099
coal-new,p23,2026,3825447.118769
coal-new,p23,2029,2461821.429863
coal-new,p25,2050,-0.0
coal-new,p26,2050,0.0
coal-new,p29,2010,5707453.44
coal-new,p29,2015,5669302.08
coal-new,p29,2020,5636247.552
coal-new,p29,2023,5414919.744
coal-new,p29,2026,5437263.936
coal-new,p29,2029,4873098.048
coal-new,p34,2010,5158194.99975
coal-new,p34,2015,5116826.7045
coal-new,p34,2020,3574518.254463
coal-new,p34,2023,1434943.739709
coal-new,p34,2026,4041126.753659
coal-new,p34,2029,2568680.450966
coal-new,p40,2015,1491326.522606
coal-new,p40,2020,569563.521727
coal-new,p40,2023,318074.09634
coal-new,p40,2026,1256157.341497
coal-new,p40,2029,951927.994698
coal-new,p41,2010,4709694.276
coal-new,p41,2015,4668975.6144
coal-new,p41,2020,4656422.532
coal-new,p41,2023,4654428.9648
coal-new,p41,2026,4661071.44
coal-new,p45,2010,5520434.01
coal-new,p45,2015,5485935.735
coal-new,p45,2020,5467857.045
coal-new,p45,2023,5465695.62
coal-new,p45,2026,5476382.197169
coal-new,p45,2029,5329651.425
coal-new,p54,2010,6172362.175195
coal-new,p54,2015,6104131.599304
coal-new,p54,2020,1825036.895799
coal-new,p54,2023,3651178.911764
coal-new,p54,2026,5744833.156291
coal-new,p54,2029,5020899.044542
coal-new,p55,2015,1865707.180425
coal-new,p55,2020,317037.5208
coal-new,p55,2023,1666099.68853
coal-new,p55,2026,1864428.92955
coal-new,p55,2029,1719370.446121
coal-new,p63,2010,5847202.45611
coal-new,p63,2015,12657098.132329
coal-new,p63,2020,7003134.699026
coal-new,p63,2023,7424122.393495
coal-new,p63,2026,10319433.349878
coal-new,p63,2029,5131158.789527
coal-new,p65,2010,5368978.67637
coal-new,p65,2015,5121701.1
coal-new,p65,2020,2329262.205
coal-new,p65,2023,2336659.907643
coal-new,p65,2026,3977703.085596
coal-new,p65,2029,2236494.084026
coal-new,p70,2010,124105.3107
coal-new,p70,2015,29900.5524
coal-new,p70,2020,24825.366
coal-new,p70,2023,24818.2812
coal-new,p75,2010,3812911.463189
coal-new,p75,2015,3796665.295252
coal-new,p75,2020,3775446.454558
coal-new,p75,2023,3780812.728008
coal-new,p75,2026,3786863.596416
coal-new,p75,2029,3774061.405142
coal-new,p75,2044,32718.103824
coal-new,p75,2047,42571.224903
coal-new,p75,2050,42571.224903
coal-new,p81,2015,11050972.125
coal-new,p81,2020,856728.0
coal-new,p81,2023,856728.0
coal-new,p81,2026,2647030.03704
coal-new,p81,2029,856728.0
coal-new,p82,2010,1404995.7054
coal-new,p82,2015,1381778.4267
coal-new,p82,2020,107590.32
coal-new,p82,2023,107590.32
coal-new,p82,2026,332185.113
coal-new,p82,2029,107590.32
coal-new,p85,2010,4661270.29476
coal-new,p85,2015,8875722.827271
coal-new,p85,2020,699048.0
coal-new,p85,2023,699048.0
coal-new,p85,2026,8984950.115772
coal-new,p88,2010,3017492.28
coal-new,p88,2015,2034307.366974
coal-new,p88,2020,231264.0
coal-new,p88,2023,1288790.013398
coal-new,p88,2026,2966202.36
coal-new,p88,2029,2975393.52
coal-new,p96,2010,12134231.235945
coal-new,p96,2015,12002420.47974
coal-new,p96,2020,930312.0
coal-new,p96,2023,11745542.8926
coal-new,p96,2026,7173474.454687
coal-new,p96,2029,11630558.46738
coal-new,p96,2047,14785.483263
coal-new,p96,2050,14785.483263
coal-new,p97,2015,3511910.53472
coal-new,p97,2020,443606.4
coal-new,p97,2023,443606.4
coal-new,p97,2026,443606.4
coal-new,p97,2029,443606.4
coal-new,p99,2010,7695137.609643
coal-new,p99,2015,7358641.328828
coal-new,p99,2020,585938.88
coal-new,p99,2023,1334999.996504
coal-new,z122,2010,5118180.762
coal-new,z122,2015,2486197.19713
coal-new,z122,2020,390520.8
coal-new,z122,2023,1191396.234651
coal-new,z122,2026,3292289.736
coal-new,z122,2029,885533.64
coal-new,z122,2044,24981.148529
coal-new,z122,2047,28091.451999
coal-new,z122,2050,25790.875878
CoalOldScr,p101,2010,31058925.680631
CoalOldScr,p101,2015,22108535.64206
CoalOldScr,p101,2020,2383806.24
CoalOldScr,p101,2023,10838923.632
CoalOldScr,p101,2026,6332874.13668
CoalOldScr,p101,2029,11878604.696363
CoalOldScr,p101,2038,0.0
CoalOldScr,p101,2041,0.0
CoalOldScr,p101,2044,1050.477764
CoalOldScr,p101,2047,35710.13876
CoalOldScr,p101,2050,35710.13876
CoalOldScr,p103,2010,21733535.780327
CoalOldScr,p103,2015,31127406.732477
CoalOldScr,p103,2020,14947763.297712
CoalOldScr,p103,2023,14642542.093492
CoalOldScr,p103,2026,9252547.990838
CoalOldScr,p103,2029,4428993.423323
CoalOldScr,p105,2010,18031789.06662
CoalOldScr,p105,2015,16664079.595857
CoalOldScr,p105,2020,13733738.220849
CoalOldScr,p105,2023,7643167.02528
CoalOldScr,p105,2026,6821039.95332
CoalOldScr,p105,2029,6765157.95936
CoalOldScr,p107,2010,44259808.248008
CoalOldScr,p107,2015,60728351.297146
CoalOldScr,p107,2020,35804529.716511
CoalOldScr,p107,2023,27345203.662678
CoalOldScr,p107,2026,26071997.644208
CoalOldScr,p107,2029,20019318.282337
CoalOldScr,p107,2041,301994.329133
CoalOldScr,p107,2044,231605.412424
CoalOldScr,p107,2047,322311.778109
CoalOldScr,p107,2050,284696.643751
CoalOldScr,p108,2010,13475054.229708
CoalOldScr,p108,2015,13183122.645045
CoalOldScr,p108,2020,2828328.354
CoalOldScr,p108,2023,2834095.464
CoalOldScr,p108,2026,2838383.892
CoalOldScr,p108,2029,2838361.374
CoalOldScr,p109,2010,15923013.209724
CoalOldScr,p109,2015,27460734.233006
CoalOldScr,p109,2020,13173072.198
CoalOldScr,p109,2023,13945099.064377
CoalOldScr,p109,2026,31411196.271608
CoalOldScr,p109,2029,20662059.425391
CoalOldScr,p109,2047,34762.598053
CoalOldScr,p109,2050,34762.598053
CoalOldScr,p111,2010,4433420.7585
CoalOldScr,p111,2015,4317203.7405
CoalOldScr,p111,2020,4137152.283
CoalOldScr,p111,2023,9198.0
CoalOldScr,p111,2026,9198.0
CoalOldScr,p111,2029,9198.0
CoalOldScr,p112,2010,28379962.764
CoalOldScr,p112,2015,32209888.935112
CoalOldScr,p112,2020,20165506.224
CoalOldScr,p112,2023,9179415.596391
CoalOldScr,p112,2026,14614820.275234
CoalOldScr,p112,2029,16484241.386978
CoalOldScr,p114,2010,16063515.5715
CoalOldScr,p114,2015,15958904.345685
CoalOldScr,p114,2020,14855281.75238
CoalOldScr,p114,2023,6853555.44
CoalOldScr,p114,2026,6735004.92
CoalOldScr,p115,2010,3892431.9
CoalOldScr,p115,2015,3853594.365
CoalOldScr,p115,2020,296964.0
CoalOldScr,p116,2010,37466836.728564
CoalOldScr,p116,2015,35578819.413168
CoalOldScr,p116,2020,2860315.2
CoalOldScr,p116,2023,20810127.580539
CoalOldScr,p116,2026,3184183.945376
CoalOldScr,p116,2029,6784816.520643
CoalOldScr,p116,2044,336000.779573
CoalOldScr,p116,2047,419829.831788
CoalOldScr,p116,2050,419829.831788
CoalOldScr,p117,2010,23418407.7714
CoalOldScr,p117,2015,18769839.0144
CoalOldScr,p117,2020,2206994.4
CoalOldScr,p117,2023,16635963.670876
CoalOldScr,p117,2026,3427757.352
CoalOldScr,p117,2029,9142951.79131
CoalOldScr,p12,2010,3590598.402
CoalOldScr,p12,2015,3561647.76
CoalOldScr,p12,2020,3359779.042018
CoalOldScr,p12,2023,309762.546394
CoalOldScr,p12,2026,1420813.662738
CoalOldScr,p12,2029,1238961.158232
CoalOldScr,p123,2010,17072743.569441
CoalOldScr,p123,2015,1302436.8
CoalOldScr,p123,2020,1302436.8
CoalOldScr,p123,2023,669088.8
CoalOldScr,p123,2026,669088.8
CoalOldScr,p123,2029,669088.8
CoalOldScr,p125,2015,215496.0
CoalOldScr,p125,2020,215496.0
CoalOldScr,p125,2023,215496.0
CoalOldScr,p125,2026,215496.0
CoalOldScr,p125,2029,215496.0
CoalOldScr,p126,2010,3187067.924532
CoalOldScr,p126,2015,243352.8
CoalOldScr,p126,2020,243352.8
CoalOldScr,p127,2010,4677841.83461
CoalOldScr,p127,2015,355515.84
CoalOldScr,p2,2010,9249851.16
CoalOldScr,p2,2015,8926678.762025
CoalOldScr,p2,2020,4270757.015712
CoalOldScr,p2,2023,1774447.563972
CoalOldScr,p20,2010,14650353.331014
CoalOldScr,p20,2015,14417258.624568
CoalOldScr,p20,2020,9032101.921662
CoalOldScr,p20,2023,7497012.964649
CoalOldScr,p20,2026,9098902.836605
CoalOldScr,p20,2029,5139679.332337
CoalOldScr,p21,2010,7202935.422
CoalOldScr,p21,2015,7172595.195
CoalOldScr,p21,2020,6765711.917431
CoalOldScr,p21,2023,6599661.745748
CoalOldScr,p21,2026,6630017.778
CoalOldScr,p21,2029,5352521.451
CoalOldScr,p23,2015,2173345.953
CoalOldScr,p23,2020,174499.2
CoalOldScr,p23,2023,174499.2
CoalOldScr,p23,2026,174499.2
CoalOldScr,p23,2029,326207.475343
CoalOldScr,p24,2010,11664772.8264
CoalOldScr,p24,2015,13702002.088828
CoalOldScr,p24,2020,11889265.361034
CoalOldScr,p24,2023,11588647.0176
CoalOldScr,p24,2026,11674141.275206
CoalOldScr,p24,2029,10094743.495163
CoalOldScr,p25,2010,22104798.7776
CoalOldScr,p25,2015,27972010.234422
CoalOldScr,p25,2020,24156834.678633
CoalOldScr,p25,2023,21517127.475779
CoalOldScr,p25,2026,11471788.891018
CoalOldScr,p25,2029,10335392.48997
CoalOldScr,p26,2010,3152430.0936
CoalOldScr,p26,2015,3140130.3048
CoalOldScr,p26,2020,3117695.292
CoalOldScr,p26,2023,3114541.9584
CoalOldScr,p26,2026,3016123.02
CoalOldScr,p26,2029,2908475.131494
CoalOldScr,p29,2010,5398757.04
CoalOldScr,p29,2015,10488760.569918
CoalOldScr,p29,2020,8771429.175208
CoalOldScr,p29,2023,5226158.496
CoalOldScr,p29,2026,8717058.79941
CoalOldScr,p29,2029,5129072.899821
CoalOldScr,p31,2010,12858911.01
CoalOldScr,p31,2015,12791703.21
CoalOldScr,p31,2020,11010785.247
CoalOldScr,p31,2023,5227761.0
CoalOldScr,p31,2026,5045846.19
CoalOldScr,p31,2029,4586624.837263
CoalOldScr,p33,2010,12561564.078
CoalOldScr,p33,2015,15850866.383051
CoalOldScr,p33,2020,13700794.848322
CoalOldScr,p33,2023,12412523.496078
CoalOldScr,p33,2026,10459692.3702
CoalOldScr,p33,2029,1010529.32787
CoalOldScr,p34,2010,4537839.24
CoalOldScr,p34,2015,4521118.14
CoalOldScr,p34,2020,4532294.297136
CoalOldScr,p34,2023,2230392.48
CoalOldScr,p34,2026,102492.0
CoalOldScr,p34,2029,240122.071957
CoalOldScr,p36,2010,12185812.038746
CoalOldScr,p36,2015,16573631.288428
CoalOldScr,p36,2020,12136993.989781
CoalOldScr,p36,2023,12143159.579214
CoalOldScr,p36,2026,15184867.352569
CoalOldScr,p36,2029,12173298.33994
CoalOldScr,p36,2044,208925.793187
CoalOldScr,p36,2047,292486.360779
CoalOldScr,p36,2050,291455.444501
CoalOldScr,p37,2010,7827461.1918
CoalOldScr,p37,2015,7785663.525
CoalOldScr,p37,2020,7766409.4596
CoalOldScr,p37,2023,7772008.524
CoalOldScr,p37,2026,7781496.7794
CoalOldScr,p37,2029,7724894.453394
CoalOldScr,p38,2020,250868.88
CoalOldScr,p38,2023,250868.88
CoalOldScr,p38,2026,1167901.572583
CoalOldScr,p38,2029,571637.316912
CoalOldScr,p40,2010,10559334.201
CoalOldScr,p40,2015,10138135.065
CoalOldScr,p40,2020,9952005.072
CoalOldScr,p40,2023,9903285.222
CoalOldScr,p40,2026,10112919.945
CoalOldScr,p40,2029,566342.4
CoalOldScr,p40,2041,1042113.206248
CoalOldScr,p40,2044,328788.287146
CoalOldScr,p40,2047,328788.287146
CoalOldScr,p40,2050,268716.018691
CoalOldScr,p41,2010,5018325.9444
CoalOldScr,p41,2015,4962357.72
CoalOldScr,p41,2020,4932725.9328
CoalOldScr,p41,2023,4927171.9587
CoalOldScr,p41,2026,4948166.205
CoalOldScr,p41,2029,504958.296
CoalOldScr,p41,2041,0.0
CoalOldScr,p41,2047,0.0
CoalOldScr,p41,2050,0.0
CoalOldScr,p43,2010,17762684.820096
CoalOldScr,p43,2015,17609675.861616
CoalOldScr,p43,2020,15842273.616
CoalOldScr,p43,2023,11912645.92032
CoalOldScr,p43,2026,11548844.384873
CoalOldScr,p43,2029,9265749.53395
CoalOldScr,p43,2044,78174.401966
CoalOldScr,p43,2047,107789.783769
CoalOldScr,p43,2050,65588.960111
CoalOldScr,p45,2010,4840837.7238
CoalOldScr,p45,2015,12646692.708382
CoalOldScr,p45,2020,5479915.62528
CoalOldScr,p45,2023,4937036.364
CoalOldScr,p45,2026,10889196.238209
CoalOldScr,p45,2029,7515593.488529
CoalOldScr,p46,2020,204878.88
CoalOldScr,p46,2023,204878.88
CoalOldScr,p46,2026,204878.88
CoalOldScr,p46,2029,204878.88
CoalOldScr,p48,2010,7297162.851
CoalOldScr,p48,2015,5054932.166352
CoalOldScr,p48,2020,560815.2
CoalOldScr,p48,2023,560815.2
CoalOldScr,p48,2026,560815.2
CoalOldScr,p5,2010,4037058.09
CoalOldScr,p5,2015,3983928.975
CoalOldScr,p50,2010,5204235.48
CoalOldScr,p50,2015,3428442.214559
CoalOldScr,p50,2020,945554.4
CoalOldScr,p50,2023,945554.4
CoalOldScr,p50,2026,4454661.420604
CoalOldScr,p51,2010,7255880.859
CoalOldScr,p51,2015,7127958.27791
CoalOldScr,p51,2020,3454110.118574
CoalOldScr,p51,2023,767323.44
CoalOldScr,p51,2026,4466869.53259
CoalOldScr,p51,2029,19727.64846
CoalOldScr,p51,2041,241692.495851
CoalOldScr,p51,2044,120550.947242
CoalOldScr,p51,2047,120550.947242
CoalOldScr,p51,2050,108289.409229
CoalOldScr,p52,2010,2457772.323
CoalOldScr,p52,2015,2430244.3341
CoalOldScr,p52,2020,2419129.002484
CoalOldScr,p52,2023,2310554.0553
CoalOldScr,p52,2026,2288755.1871
CoalOldScr,p52,2029,2072783.1642
CoalOldScr,p52,2044,48955.985083
CoalOldScr,p52,2047,48955.985083
CoalOldScr,p52,2050,36998.871314
CoalOldScr,p53,2010,5011437.3846
CoalOldScr,p53,2015,27015598.550423
CoalOldScr,p53,2020,5720172.164473
CoalOldScr,p53,2023,4843752.359174
CoalOldScr,p53,2026,17680096.43321
CoalOldScr,p53,2029,12567898.52138
CoalOldScr,p54,2010,4829044.432905
CoalOldScr,p54,2015,4765886.645295
CoalOldScr,p54,2020,369234.0
CoalOldScr,p54,2023,369234.0
CoalOldScr,p54,2026,3531243.273772
CoalOldScr,p54,2029,2179475.445474
CoalOldScr,p55,2010,2619918.732
CoalOldScr,p55,2015,2592963.666
CoalOldScr,p55,2020,1145566.905782
CoalOldScr,p55,2023,1235437.824
CoalOldScr,p55,2026,1248781.872
CoalOldScr,p55,2029,1211918.76
CoalOldScr,p56,2020,259646.4
CoalOldScr,p56,2023,259646.4
CoalOldScr,p56,2026,2279677.298986
CoalOldScr,p56,2029,189939.473197
CoalOldScr,p57,2010,11280109.6998
CoalOldScr,p57,2015,11034693.8244
CoalOldScr,p57,2020,2581962.295127
CoalOldScr,p57,2023,525600.0
CoalOldScr,p57,2026,6715362.0
CoalOldScr,p58,2010,11338348.684808
CoalOldScr,p58,2015,11129641.919397
CoalOldScr,p58,2020,10523191.0164
CoalOldScr,p58,2023,3989620.262189
CoalOldScr,p58,2026,6910418.233074
CoalOldScr,p58,2029,6896830.922817
CoalOldScr,p60,2010,4444272.3
CoalOldScr,p60,2015,4239701.7
CoalOldScr,p63,2010,30022636.06386
CoalOldScr,p63,2015,28586662.401832
CoalOldScr,p63,2020,13891008.593631
CoalOldScr,p63,2023,15406048.025453
CoalOldScr,p63,2026,28860838.449593
CoalOldScr,p63,2029,18905062.152281
CoalOldScr,p63,2044,96343.346867
CoalOldScr,p63,2047,368167.151839
CoalOldScr,p63,2050,368167.151839
CoalOldScr,p64,2010,2985276.85857
CoalOldScr,p64,2015,6537849.14397
CoalOldScr,p64,2020,4356285.356414
CoalOldScr,p64,2023,4417204.748805
CoalOldScr,p64,2026,5646515.902917
CoalOldScr,p64,2029,2956988.13084
CoalOldScr,p65,2010,16722597.552
CoalOldScr,p65,2015,15217944.803909
CoalOldScr,p65,2020,14057123.385
CoalOldScr,p65,2023,8905813.231216
CoalOldScr,p65,2026,10265738.984322
CoalOldScr,p65,2041,205509.6
CoalOldScr,p67,2010,17190473.058
CoalOldScr,p67,2015,16972667.64
CoalOldScr,p67,2020,16791659.64
CoalOldScr,p67,2023,16849900.367518
CoalOldScr,p67,2026,16921962.774
CoalOldScr,p67,2041,1972584.36519
CoalOldScr,p67,2044,1321358.4
CoalOldScr,p67,2047,1321358.4
CoalOldScr,p67,2050,939177.736002
CoalOldScr,p69,2010,1658822.748138
CoalOldScr,p69,2015,1645900.048021
CoalOldScr,p69,2020,1641134.846783
CoalOldScr,p70,2010,6237793.508154
CoalOldScr,p70,2015,10921328.692758
CoalOldScr,p70,2020,8108836.592534
CoalOldScr,p70,2023,7031367.709571
CoalOldScr,p70,2026,10722086.575523
CoalOldScr,p70,2029,9253568.903703
CoalOldScr,p72,2010,31127279.314404
CoalOldScr,p72,2015,30755917.719918
CoalOldScr,p72,2020,27003099.337056
CoalOldScr,p72,2023,26956648.603084
CoalOldScr,p72,2026,22639785.985254
CoalOldScr,p72,2029,22453790.105394
CoalOldScr,p72,2047,127831.968365
CoalOldScr,p72,2050,115478.311284
CoalOldScr,p75,2020,175918.32
CoalOldScr,p75,2023,175918.32
CoalOldScr,p75,2026,175918.32
CoalOldScr,p75,2029,175918.32
CoalOldScr,p76,2015,6202007.249743
CoalOldScr,p76,2020,594926.64
CoalOldScr,p76,2023,594926.64
CoalOldScr,p76,2026,594926.64
CoalOldScr,p76,2029,594926.64
CoalOldScr,p79,2020,213078.24
CoalOldScr,p79,2023,213078.24
CoalOldScr,p79,2026,213078.24
CoalOldScr,p79,2029,213078.24
CoalOldScr,p81,2010,1166878.98
CoalOldScr,p81,2015,12282522.90216
CoalOldScr,p81,2020,934516.8
CoalOldScr,p81,2023,934516.8
CoalOldScr,p81,2026,934516.8
CoalOldScr,p81,2029,934516.8
CoalOldScr,p82,2010,14248344.37404
CoalOldScr,p82,2015,13546733.781046
CoalOldScr,p82,2020,2140330.19004
CoalOldScr,p82,2023,891943.2
CoalOldScr,p82,2026,2073494.977939
CoalOldScr,p82,2029,1436672.141193
CoalOldScr,p83,2020,312732.0
CoalOldScr,p83,2023,312732.0
CoalOldScr,p83,2026,312732.0
CoalOldScr,p83,2029,312732.0
CoalOldScr,p84,2010,8280980.4564
CoalOldScr,p84,2015,8223286.1706
CoalOldScr,p84,2020,8175363.3198
CoalOldScr,p84,2023,8191086.7914
CoalOldScr,p84,2026,8216015.1714
CoalOldScr,p84,2041,345879.776183
CoalOldScr,p84,2044,345879.776183
CoalOldScr,p84,2047,345879.776183
CoalOldScr,p84,2050,280054.782132
CoalOldScr,p85,2010,19989360.499267
CoalOldScr,p85,2015,19736828.202538
CoalOldScr,p85,2020,19568312.457406
CoalOldScr,p85,2023,19563792.043313
CoalOldScr,p85,2026,19779275.374293
CoalOldScr,p85,2029,19768989.761942
CoalOldScr,p87,2020,527702.4
CoalOldScr,p87,2023,527702.4
CoalOldScr,p87,2026,527702.4
CoalOldScr,p89,2010,14377057.878655
CoalOldScr,p89,2015,4411673.273458
CoalOldScr,p89,2020,1897153.2
CoalOldScr,p89,2023,1897153.2
CoalOldScr,p89,2026,20762700.833829
CoalOldScr,p89,2029,18074505.268795
CoalOldScr,p90,2010,8471947.151004
CoalOldScr,p90,2015,4259014.896
CoalOldScr,p90,2020,397616.4
CoalOldScr,p90,2023,397616.4
CoalOldScr,p90,2026,5061784.329247
CoalOldScr,p90,2029,3746363.490451
CoalOldScr,p92,2010,17104780.00062
CoalOldScr,p92,2015,16948183.09977
CoalOldScr,p92,2020,15570680.878478
CoalOldScr,p92,2023,16283347.02189
CoalOldScr,p92,2026,16574932.865516
CoalOldScr,p94,2010,39830327.40566
CoalOldScr,p94,2015,23641690.863808
CoalOldScr,p94,2020,4406630.4
CoalOldScr,p94,2023,16364910.408
CoalOldScr,p94,2026,6172690.807659
CoalOldScr,p94,2029,16579809.24
CoalOldScr,p94,2044,174660.508865
CoalOldScr,p94,2047,248965.815042
CoalOldScr,p94,2050,238342.364439
CoalOldScr,p96,2010,15856416.85206
CoalOldScr,p96,2015,10996219.92321
CoalOldScr,p96,2020,1568390.4
CoalOldScr,p96,2023,5256851.272015
CoalOldScr,p96,2026,1568390.4
CoalOldScr,p96,2029,2567551.104397
CoalOldScr,p96,2044,246442.367961
CoalOldScr,p96,2047,296964.0
CoalOldScr,p96,2050,294156.418676
CoalOldScr,p97,2010,9599136.23748
CoalOldScr,p97,2015,8655091.402752
CoalOldScr,p97,2020,632822.4
CoalOldScr,p97,2023,8025447.275808
CoalOldScr,p97,2026,4005405.504
CoalOldScr,p97,2029,6894221.820672
CoalOldScr,p98,2010,14486568.443682
CoalOldScr,p98,2015,10877667.322607
CoalOldScr,p98,2020,1101657.6
CoalOldScr,p98,2023,7875103.716102
CoalOldScr,p98,2026,1101657.6
CoalOldScr,p98,2029,2674905.522
CoalOldScr,p98,2044,99652.297525
CoalOldScr,p98,2047,99652.297525
CoalOldScr,p98,2050,103908.387668
CoalOldScr,p99,2010,721456.47
CoalOldScr,p99,2015,55188.0
CoalOldScr,p99,2020,55188.0
CoalOldScr,z122,2010,24745004.124744
CoalOldScr,z122,2015,21336450.918013
CoalOldScr,z122,2020,4600140.307549
CoalOldScr,z122,2023,13271989.44
CoalOldScr,z122,2026,13378925.065941
CoalOldScr,z122,2029,13674600.0
CoalOldScr,z28,2010,5666358.348
CoalOldScr,z28,2015,5647362.0
CoalOldScr,z28,2020,3029989.308
CoalOldScr,z28,2023,3009868.464
CoalOldScr,z28,2026,2916057.27
CoalOldScr,z28,2029,2751458.403693
coalolduns,p101,2010,2006168.949
coalolduns,p101,2015,1988160.876
coalolduns,p101,2020,154000.8
coalolduns,p101,2023,1969556.841
coalolduns,p101,2026,1890634.068
coalolduns,p101,2029,1990317.063
coalolduns,p101,2044,96215.801792
coalolduns,p101,2047,96215.801792
coalolduns,p101,2050,96215.801792
coalolduns,p103,2010,13610677.774788
coalolduns,p103,2015,13075770.261212
coalolduns,p103,2020,9992540.49821
coalolduns,p105,2010,159360.7536
coalolduns,p105,2015,12193.92
coalolduns,p105,2020,12193.92
coalolduns,p107,2010,6374079.504513
coalolduns,p107,2015,6120048.851564
coalolduns,p107,2020,3440200.31568
coalolduns,p107,2023,224588.88
coalolduns,p107,2026,608417.739072
coalolduns,p107,2029,337997.74608
coalolduns,p108,2010,2431299.968388
coalolduns,p108,2015,1980734.22306
coalolduns,p111,2010,196727.829
coalolduns,p111,2015,15505.2
coalolduns,p111,2020,15505.2
coalolduns,p111,2023,15505.2
coalolduns,p111,2026,15505.2
coalolduns,p111,2029,15505.2
coalolduns,p112,2010,19527728.77704
coalolduns,p112,2015,18800809.13181
coalolduns,p112,2020,10197036.386781
coalolduns,p112,2023,8018793.95733
coalolduns,p112,2026,7983333.69444
coalolduns,p112,2029,8020962.28824
coalolduns,p112,2044,185460.630705
coalolduns,p112,2047,261965.848903
coalolduns,p112,2050,246685.644
coalolduns,p116,2010,11326313.811564
coalolduns,p116,2015,10986039.807831
coalolduns,p116,2020,861721.2
coalolduns,p116,2023,861721.2
coalolduns,p116,2026,861721.2
coalolduns,p116,2029,861721.2
coalolduns,p123,2010,9023404.835701
coalolduns,p123,2015,686959.2
coalolduns,p123,2020,352152.0
coalolduns,p127,2010,3064743.48
coalolduns,p127,2015,233892.0
coalolduns,p127,2020,233892.0
coalolduns,p130,2010,94395.3426
coalolduns,p130,2015,50142.24
coalolduns,p130,2020,50142.24
coalolduns,p130,2023,50142.24
coalolduns,p130,2026,50142.24
coalolduns,p132,2010,1925107.157232
coalolduns,p132,2015,135394.56
coalolduns,p132,2020,135394.56
coalolduns,p24,2010,1361546.898156
coalolduns,p24,2015,1355995.967895
coalolduns,p24,2020,1300084.388964
coalolduns,p24,2023,1254247.495758
coalolduns,p24,2026,1254470.327496
coalolduns,p31,2010,5294905.77
coalolduns,p31,2015,5277393.66
coalolduns,p31,2020,5250551.46
coalolduns,p31,2023,5227761.0
coalolduns,p31,2026,5045312.58
coalolduns,p31,2029,4550741.304781
coalolduns,p33,2010,1230717.006
coalolduns,p33,2015,1226252.925
coalolduns,p33,2020,1177835.394
coalolduns,p33,2023,1174948.482
coalolduns,p33,2026,1177683.96
coalolduns,p34,2010,529309.011
coalolduns,p34,2015,277019.127
coalolduns,p34,2020,40471.2
coalolduns,p34,2023,40471.2
coalolduns,p34,2026,40471.2
coalolduns,p34,2029,65201.136
coalolduns,p35,2010,344348.142635
coalolduns,p35,2015,27909.36
coalolduns,p35,2020,27909.36
coalolduns,p36,2010,714617.2908
coalolduns,p36,2015,54820.08
coalolduns,p36,2020,54820.08
coalolduns,p41,2010,3842743.181994
coalolduns,p41,2015,3792878.519591
coalolduns,p41,2020,3685957.221996
coalolduns,p41,2023,3462000.854829
coalolduns,p41,2026,3730248.769878
coalolduns,p41,2029,3063209.154585
coalolduns,p43,2010,5511458.01
coalolduns,p43,2015,5428298.8125
coalolduns,p43,2020,4206082.8462
coalolduns,p43,2023,3478583.955
coalolduns,p43,2026,3442243.469899
coalolduns,p54,2010,3854701.8
coalolduns,p54,2015,3818744.478
coalolduns,p54,2020,3766196.916
coalolduns,p54,2023,3779777.646
coalolduns,p54,2026,3760098.654
coalolduns,p54,2029,3679984.992
coalolduns,p70,2010,787687.476387
coalolduns,p70,2015,783022.153861
coalolduns,p70,2020,780348.563393
coalolduns,p70,2023,779819.004464
coalolduns,p70,2026,781997.112984
coalolduns,p70,2029,761994.471116
coalolduns,p72,2010,6499222.425738
coalolduns,p72,2015,6438385.17246
coalolduns,p72,2020,6324050.970252
coalolduns,p72,2023,2924861.107998
coalolduns,p72,2026,2932964.153094
coalolduns,p72,2029,2933075.514138
coalolduns,p77,2010,2136038.460435
coalolduns,p77,2015,2120509.70244
coalolduns,p77,2020,327170.047368
coalolduns,p80,2010,8253345.74928
coalolduns,p80,2015,8171849.8497
coalolduns,p80,2020,4628634.342005
coalolduns,p81,2010,7451520.390252
coalolduns,p81,2015,6728401.537848
coalolduns,p81,2020,2427044.858741
coalolduns,p81,2023,63072.0
coalolduns,p81,2026,63072.0
coalolduns,p82,2010,2142486.79983
coalolduns,p82,2015,1716899.727495
coalolduns,p82,2020,1626681.73673
coalolduns,p90,2010,3015303.72
coalolduns,p90,2015,2499618.156
coalolduns,p90,2020,2453294.634
coalolduns,p90,2023,2455351.518
coalolduns,p90,2026,2467535.352
coalolduns,p90,2029,2465594.67
coalolduns,p90,2044,35202.946715
coalolduns,p90,2047,44830.581999
coalolduns,p90,2050,44830.581999
coalolduns,p92,2010,12702194.462994
coalolduns,p92,2015,12570662.16879
coalolduns,p92,2020,8412689.093556
coalolduns,p92,2023,5460491.614978
coalolduns,p92,2026,6057966.017616
coalolduns,p92,2029,6671793.575658
coalolduns,p97,2010,11199331.367624
coalolduns,p97,2015,5322514.140528
coalolduns,p97,2020,749505.6
coalolduns,p97,2023,2546173.64208
coalolduns,p97,2026,1665953.21472
coalolduns,p97,2029,2478695.60322
coalolduns,p98,2010,7219400.959776
coalolduns,p98,2015,7112969.922912
coalolduns,p98,2020,550303.2
coalolduns,p98,2023,4479914.187753
coalolduns,p98,2026,550303.2
coalolduns,p98,2029,550303.2
coalolduns,p99,2010,4659444.74313
coalolduns,p99,2015,4626010.53981
coalolduns,p99,2020,352152.0
coalolduns,z28,2010,768322.464
coalolduns,z28,2015,766439.52
coalolduns,z28,2020,764370.096
coalolduns,z28,2023,757407.168
coalolduns,z28,2026,734301.12
coalolduns,z28,2029,705540.864
coal-ccs_mod,p101,2032,2245116.778833
coal-ccs_mod,p101,2035,2244444.772613
coal-ccs_mod,p101,2038,2238553.911075
coal-ccs_mod,p101,2041,2244079.295546
coal-ccs_mod,p101,2044,172127.908854
coal-ccs_mod,p101,2047,172127.908854
coal-ccs_mod,p101,2050,172127.908854
coal-ccs_mod,p107,2032,7434153.353477
coal-ccs_mod,p107,2035,7444765.899418
coal-ccs_mod,p107,2038,7400085.365357
coal-ccs_mod,p107,2041,7416617.325612
coal-ccs_mod,p107,2044,569932.986351
coal-ccs_mod,p107,2047,569932.986351
coal-ccs_mod,p107,2050,569932.986351
coal-ccs_mod,p114,2032,5175856.519558
coal-ccs_mod,p114,2035,5191669.33006
coal-ccs_mod,p114,2038,5167939.343151
coal-ccs_mod,p114,2041,5167794.330341
coal-ccs_mod,p114,2044,396972.568164
coal-ccs_mod,p114,2047,396972.568164
coal-ccs_mod,p114,2050,396972.568164
coal-ccs_mod,p115,2035,317.65707
coal-ccs_mod,p115,2038,316.699017
coal-ccs_mod,p115,2041,317.039913
coal-ccs_mod,p115,2044,317.633679
coal-ccs_mod,p115,2047,24.248895
coal-ccs_mod,p115,2050,24.248895
coal-ccs_mod,p117,2032,8715907.948145
coal-ccs_mod,p117,2035,8807882.568715
coal-ccs_mod,p117,2038,8768131.156176
coal-ccs_mod,p117,2041,8774880.526781
coal-ccs_mod,p117,2044,672633.521043
coal-ccs_mod,p117,2047,672633.521043
coal-ccs_mod,p117,2050,672633.521043
coal-ccs_mod,p37,2032,9838976.981491
coal-ccs_mod,p37,2035,10209841.425026
coal-ccs_mod,p37,2038,10184515.848097
coal-ccs_mod,p37,2041,10191519.652284
coal-ccs_mod,p37,2044,784068.046994
coal-ccs_mod,p37,2047,784068.046994
coal-ccs_mod,p37,2050,784068.046994
coal-ccs_mod,p39,2035,237184.982265
coal-ccs_mod,p39,2038,236506.791418
coal-ccs_mod,p39,2041,236652.637794
coal-ccs_mod,p39,2044,236838.610116
coal-ccs_mod,p39,2047,18212.605211
coal-ccs_mod,p39,2050,18212.605211
coal-ccs_mod,p41,2032,7560967.335476
coal-ccs_mod,p41,2035,7558130.157229
coal-ccs_mod,p41,2038,7532280.679256
coal-ccs_mod,p41,2041,7536645.823825
coal-ccs_mod,p41,2044,580693.49159
coal-ccs_mod,p41,2047,580693.49159
coal-ccs_mod,p41,2050,580693.49159
coal-ccs_mod,p42,2032,1063229.99521
coal-ccs_mod,p42,2035,1116168.77566
coal-ccs_mod,p42,2038,1115010.361424
coal-ccs_mod,p42,2041,1114926.779637
coal-ccs_mod,p42,2044,85634.672682
coal-ccs_mod,p42,2047,85634.672682
coal-ccs_mod,p42,2050,85634.672682
coal-ccs_mod,p44,2032,1109607.2511
coal-ccs_mod,p44,2035,1109713.684238
coal-ccs_mod,p44,2038,1108604.641228
coal-ccs_mod,p44,2041,1108483.628209
coal-ccs_mod,p44,2044,85146.50977
coal-ccs_mod,p44,2047,85146.50977
coal-ccs_mod,p44,2050,85146.50977
coal-ccs_mod,p50,2035,171690.001368
coal-ccs_mod,p50,2038,170583.92269
coal-ccs_mod,p50,2041,170871.169822
coal-ccs_mod,p50,2044,170920.489755
coal-ccs_mod,p50,2047,13212.312293
coal-ccs_mod,p50,2050,13212.312293
coal-ccs_mod,p51,2032,2291758.780126
coal-ccs_mod,p51,2035,2292534.001167
coal-ccs_mod,p51,2038,2277393.028136
coal-ccs_mod,p51,2041,2281840.984705
coal-ccs_mod,p51,2044,176387.956318
coal-ccs_mod,p51,2047,176387.956318
coal-ccs_mod,p51,2050,176387.956318
coal-ccs_mod,p53,2032,1370849.943311
coal-ccs_mod,p53,2035,1391744.347305
coal-ccs_mod,p53,2038,1385935.756976
coal-ccs_mod,p53,2041,1386395.438376
coal-ccs_mod,p53,2044,106953.759906
coal-ccs_mod,p53,2047,106953.759906
coal-ccs_mod,p53,2050,106953.759906
coal-ccs_mod,p54,2032,3207054.012338
coal-ccs_mod,p54,2035,3206839.093689
coal-ccs_mod,p54,2038,3189471.419307
coal-ccs_mod,p54,2041,3199340.820812
coal-ccs_mod,p54,2044,246102.923955
coal-ccs_mod,p54,2047,246102.923955
coal-ccs_mod,p54,2050,246102.923955
coal-ccs_mod,p55,2032,5366088.865505
coal-ccs_mod,p55,2035,5707567.252238
coal-ccs_mod,p55,2038,5676257.665019
coal-ccs_mod,p55,2041,5693922.432129
coal-ccs_mod,p55,2044,437994.225546
coal-ccs_mod,p55,2047,437994.225546
coal-ccs_mod,p55,2050,437994.225546
coal-ccs_mod,p65,2044,-0.0
coal-ccs_mod,p67,2032,26417174.163478
coal-ccs_mod,p67,2035,27229805.715007
coal-ccs_mod,p67,2038,27142411.388441
coal-ccs_mod,p67,2041,27150922.50327
coal-ccs_mod,p67,2044,2094308.03096
coal-ccs_mod,p67,2047,2094308.03096
coal-ccs_mod,p67,2050,2094308.03096
coal-ccs_mod,p73,2032,834914.146809
coal-ccs_mod,p73,2035,834910.124286
coal-ccs_mod,p73,2038,830777.896092
coal-ccs_mod,p73,2041,832462.236186
coal-ccs_mod,p73,2044,64067.821202
coal-ccs_mod,p73,2047,64067.821202
coal-ccs_mod,p73,2050,64067.821202
coal-ccs_mod,p77,2032,1032252.497454
coal-ccs_mod,p77,2035,1045289.52143
coal-ccs_mod,p77,2038,1042050.466415
coal-ccs_mod,p77,2041,1042134.995288
coal-ccs_mod,p77,2044,80051.126909
coal-ccs_mod,p77,2047,80051.126909
coal-ccs_mod,p77,2050,80051.126909
coal-ccs_mod,p84,2032,4003198.999364
coal-ccs_mod,p84,2035,4003137.631747
coal-ccs_mod,p84,2038,3983366.739012
coal-ccs_mod,p84,2041,3995794.558071
coal-ccs_mod,p84,2044,149748.311675
coal-ccs_mod,p84,2047,149748.311675
coal-ccs_mod,p84,2050,149748.311675
coal-ccs_mod,p90,2032,964867.923242
coal-ccs_mod,p90,2035,976246.971369
coal-ccs_mod,p90,2038,973859.007103
coal-ccs_mod,p90,2041,973664.915688
coal-ccs_mod,p90,2044,74735.859151
coal-ccs_mod,p90,2047,74735.859151
coal-ccs_mod,p90,2050,74735.859151
coal-ccs_mod,p93,2032,5526346.881001
coal-ccs_mod,p93,2035,5547783.272916
coal-ccs_mod,p93,2038,5535319.430879
coal-ccs_mod,p93,2041,5532640.128781
coal-ccs_mod,p93,2044,424424.708446
coal-ccs_mod,p93,2047,424424.708446
coal-ccs_mod,p93,2050,424424.708446
coal-ccs_mod,p94,2032,5126504.14156
coal-ccs_mod,p94,2035,5200037.252066
coal-ccs_mod,p94,2038,5179906.029439
coal-ccs_mod,p94,2041,5182152.929244
coal-ccs_mod,p94,2044,398035.233521
coal-ccs_mod,p94,2047,398035.233521
coal-ccs_mod,p94,2050,398035.233521
coal-ccs_mod,p96,2032,6308675.099368
coal-ccs_mod,p96,2035,6465514.796035
coal-ccs_mod,p96,2038,6441260.485064
coal-ccs_mod,p96,2041,6443098.831373
coal-ccs_mod,p96,2044,494743.891258
coal-ccs_mod,p96,2047,494743.891258
coal-ccs_mod,p96,2050,494743.891258
coal-ccs_mod,p97,2032,2115361.926108
coal-ccs_mod,p97,2035,2114941.473072
coal-ccs_mod,p97,2038,2107657.308622
coal-ccs_mod,p97,2041,2107590.921301
coal-ccs_mod,p97,2044,161542.482471
coal-ccs_mod,p97,2047,161542.482471
coal-ccs_mod,p97,2050,161542.482471
coal-ccs_mod,p98,2035,30879.983792
coal-ccs_mod,p98,2038,30784.479576
coal-ccs_mod,p98,2041,30782.217846
coal-ccs_mod,p98,2044,30844.805822
coal-ccs_mod,p98,2047,2358.660655
coal-ccs_mod,p98,2050,2358.660655
coal-ccs_mod,z28,2047,0.0
coal-igcc,p107,2015,464420.16
coal-igcc,p107,2020,464420.16
coal-igcc,p107,2023,464420.16
coal-igcc,p107,2026,464420.16
coal-igcc,p107,2029,464420.16
coal-igcc,p14,2044,0.0
coal-igcc,p29,2050,-0.0
gas-cc,p1,2010,5919365.200029
gas-cc,p1,2015,4770231.611552
gas-cc,p1,2020,5565876.517942
gas-cc,p1,2023,3052774.866725
gas-cc,p1,2026,2305203.571038
gas-cc,p1,2029,1345227.804079
gas-cc,p1,2032,1329643.789666
gas-cc,p1,2035,1180486.720392
gas-cc,p1,2038,1172967.14878
gas-cc,p1,2041,1430272.093691
gas-cc,p1,2044,1783295.991238
gas-cc,p1,2047,1643891.418695
gas-cc,p1,2050,680605.298617
gas-cc,p10,2010,58604499.894784
gas-cc,p10,2015,32275737.100566
gas-cc,p10,2020,5307403.68
gas-cc,p10,2023,47326421.741745
gas-cc,p10,2026,31757814.534497
gas-cc,p10,2029,16094378.831402
gas-cc,p10,2032,18225156.594514
gas-cc,p10,2035,17373288.105968
gas-cc,p10,2038,14691997.555881
gas-cc,p10,2041,5232505.68
gas-cc,p10,2044,5101946.64
gas-cc,p10,2047,5097741.84
gas-cc,p10,2050,4950048.24
gas-cc,p100,2015,10614993.56445
gas-cc,p100,2020,10598139.68334
gas-cc,p100,2023,10580749.87878
gas-cc,p100,2026,10581974.0916
gas-cc,p100,2029,9820616.201175
gas-cc,p100,2032,9994759.09267
gas-cc,p100,2035,10134548.179281
gas-cc,p100,2038,10160129.532887
gas-cc,p100,2041,10170988.405222
gas-cc,p100,2044,10279736.94762
gas-cc,p101,2010,108434119.82627
gas-cc,p101,2015,86586112.777481
gas-cc,p101,2020,107074206.627804
gas-cc,p101,2023,89971110.648384
gas-cc,p101,2026,78969638.397642
gas-cc,p101,2029,77130155.896752
gas-cc,p101,2032,81189146.044233
gas-cc,p101,2035,67711624.072116
gas-cc,p101,2038,72001579.816108
gas-cc,p101,2041,76807277.396409
gas-cc,p101,2044,90923796.237043
gas-cc,p101,2047,98449523.150115
gas-cc,p101,2050,86002092.864599
gas-cc,p102,2010,45774687.845464
gas-cc,p102,2015,71363642.832644
gas-cc,p102,2020,80840158.994191
gas-cc,p102,2023,85914438.714475
gas-cc,p102,2026,85094351.327103
gas-cc,p102,2029,83641522.993713
gas-cc,p102,2032,84535966.179422
gas-cc,p102,2035,80902299.982951
gas-cc,p102,2038,82593860.880092
gas-cc,p102,2041,81705849.143443
gas-cc,p102,2044,79354147.916893
gas-cc,p102,2047,84287642.813748
gas-cc,p102,2050,82965409.051785
gas-cc,p103,2010,14489057.137555
gas-cc,p103,2015,12707952.877747
gas-cc,p103,2020,12730558.232167
gas-cc,p103,2023,23676992.509089
gas-cc,p103,2026,27595606.504544
gas-cc,p103,2029,26902921.701553
gas-cc,p103,2032,19074156.093126
gas-cc,p103,2035,33627852.151198
gas-cc,p103,2038,45316571.330002
gas-cc,p103,2041,53559227.194642
gas-cc,p103,2044,58743121.680058
gas-cc,p103,2047,65238782.795708
gas-cc,p103,2050,69753933.852234
gas-cc,p104,2010,12448970.416034
gas-cc,p104,2015,12469084.806316
gas-cc,p104,2020,12477295.027157
gas-cc,p104,2023,20844272.029425
gas-cc,p104,2026,20825020.44178
gas-cc,p104,2029,19056968.504702
gas-cc,p104,2032,18532391.917822
gas-cc,p104,2035,35395493.9423
gas-cc,p104,2038,49415390.723904
gas-cc,p104,2041,48980389.405574
gas-cc,p104,2044,49518424.727898
gas-cc,p104,2047,49485647.825795
gas-cc,p104,2050,50650928.381318
gas-cc,p105,2010,6707722.771019
gas-cc,p105,2015,7504070.613034
gas-cc,p105,2020,13484204.158479
gas-cc,p105,2023,12886472.155974
gas-cc,p105,2026,10406555.716932
gas-cc,p105,2029,9653324.311673
gas-cc,p105,2032,10983488.529188
gas-cc,p105,2035,12119333.285454
gas-cc,p105,2038,12668364.137024
gas-cc,p105,2041,33726416.209925
gas-cc,p105,2044,49565618.345989
gas-cc,p105,2047,109519826.40287
gas-cc,p105,2050,114745995.667001
gas-cc,p106,2010,1283986.65311
gas-cc,p106,2015,692882.70867
gas-cc,p106,2020,218707.749
gas-cc,p106,2023,231784.695
gas-cc,p106,2026,2941968.679218
gas-cc,p106,2029,4488542.878866
gas-cc,p106,2032,5205879.178504
gas-cc,p106,2035,12742516.441814
gas-cc,p106,2038,23159975.394463
gas-cc,p106,2041,23159975.394463
gas-cc,p106,2044,27244488.321691
gas-cc,p106,2047,28063158.293077
gas-cc,p106,2050,30185797.740069
gas-cc,p107,2010,9218182.889412
gas-cc,p107,2015,9212852.87349
gas-cc,p107,2020,14413472.785569
gas-cc,p107,2023,14418593.103573
gas-cc,p107,2026,14410249.077867
gas-cc,p107,2029,14181452.100782
gas-cc,p107,2032,35482960.377653
gas-cc,p107,2035,38506382.867951
gas-cc,p107,2038,38528484.394787
gas-cc,p107,2041,38658461.626382
gas-cc,p107,2044,38645038.712354
gas-cc,p107,2047,38654331.698576
gas-cc,p107,2050,38934513.380103
gas-cc,p108,2020,8514486.523128
gas-cc,p108,2023,8517142.1973
gas-cc,p108,2026,8511761.7189
gas-cc,p108,2029,21967619.177856
gas-cc,p108,2032,14674287.913389
gas-cc,p108,2035,14570329.87439
gas-cc,p108,2038,14623816.661141
gas-cc,p108,2041,14585865.864
gas-cc,p108,2044,14664012.380105
gas-cc,p108,2047,14698678.8654
gas-cc,p108,2050,14698908.1494
gas-cc,p109,2015,5349767.816064
gas-cc,p109,2020,5346307.889925
gas-cc,p109,2023,5344287.714111
gas-cc,p109,2026,10673674.09749
gas-cc,p109,2029,26511098.101687
gas-cc,p109,2032,14551449.57531
gas-cc,p109,2035,14953659.263084
gas-cc,p109,2038,15003434.217255
gas-cc,p109,2041,15010221.470984
gas-cc,p109,2044,15505576.246446
gas-cc,p109,2047,15532527.487797
gas-cc,p109,2050,16959833.134943
gas-cc,p11,2010,9199208.28402
gas-cc,p11,2015,8865773.008086
gas-cc,p11,2020,5603268.559153
gas-cc,p11,2023,7874676.34213
gas-cc,p11,2026,10064844.128331
gas-cc,p11,2029,10553200.462395
gas-cc,p11,2032,7414573.371307
gas-cc,p11,2035,6708167.039129
gas-cc,p11,2038,4673864.438777
gas-cc,p11,2041,2703395.252184
gas-cc,p11,2044,1191693.28384
gas-cc,p11,2047,1191693.28384
gas-cc,p11,2050,1165728.64384
gas-cc,p110,2032,84769.083484
gas-cc,p110,2035,771897.029262
gas-cc,p110,2038,1033462.485714
gas-cc,p110,2041,1033462.485714
gas-cc,p110,2044,1054962.247829
gas-cc,p110,2047,1211722.599548
gas-cc,p110,2050,1850372.353653
gas-cc,p111,2010,12299.04
gas-cc,p111,2015,5308786.340937
gas-cc,p111,2020,18526806.241035
gas-cc,p111,2023,27879895.86394
gas-cc,p111,2026,34865101.443482
gas-cc,p111,2029,45902747.626986
gas-cc,p111,2032,36172563.32823
gas-cc,p111,2035,36505719.332199
gas-cc,p111,2038,36492553.247469
gas-cc,p111,2041,36105981.243799
gas-cc,p111,2044,37596633.661529
gas-cc,p111,2047,40590616.368095
gas-cc,p111,2050,42219306.032926
gas-cc,p112,2010,21845150.111699
gas-cc,p112,2015,25070432.115305
gas-cc,p112,2020,30176361.542045
gas-cc,p112,2023,46785712.664859
gas-cc,p112,2026,46114281.759538
gas-cc,p112,2029,42687012.668415
gas-cc,p112,2032,49910629.69711
gas-cc,p112,2035,51111463.031605
gas-cc,p112,2038,51392454.768158
gas-cc,p112,2041,50922620.967059
gas-cc,p112,2044,56347314.251258
gas-cc,p112,2047,51881382.010918
gas-cc,p112,2050,54407063.760208
gas-cc,p113,2035,1262212.192103
gas-cc,p113,2038,7419624.873585
gas-cc,p113,2041,7419624.873585
gas-cc,p113,2044,9759502.896306
gas-cc,p113,2047,17019307.916162
gas-cc,p113,2050,18609092.42364
gas-cc,p114,2020,3625543.82268
gas-cc,p114,2023,3624575.551272
gas-cc,p114,2026,3625603.40844
gas-cc,p114,2029,3586632.063261
gas-cc,p114,2032,5436600.48812
gas-cc,p114,2035,5933806.524189
gas-cc,p114,2038,5933837.010645
gas-cc,p114,2041,11896486.018594
gas-cc,p114,2044,27780265.107513
gas-cc,p114,2047,30004582.39007
gas-cc,p114,2050,31046872.183006
gas-cc,p115,2010,11349163.188874
gas-cc,p115,2015,10729173.670309
gas-cc,p115,2020,12870737.742066
gas-cc,p115,2023,15234760.971013
gas-cc,p115,2026,13554352.067109
gas-cc,p115,2029,12887862.511136
gas-cc,p115,2032,16670766.868695
gas-cc,p115,2035,21542639.324173
gas-cc,p115,2038,21548775.12577
gas-cc,p115,2041,23868271.066104
gas-cc,p115,2044,32737993.593485
gas-cc,p115,2047,55898089.240839
gas-cc,p115,2050,62345041.48638
gas-cc,p116,2026,2613711.85965
gas-cc,p116,2029,19544689.84292
gas-cc,p116,2032,32832613.17194
gas-cc,p116,2035,32832613.17194
gas-cc,p116,2038,32832613.17194
gas-cc,p116,2041,32832613.17194
gas-cc,p116,2044,32832613.17194
gas-cc,p116,2047,32832613.17194
gas-cc,p116,2050,32832613.17194
gas-cc,p117,2044,-0.0
gas-cc,p117,2047,237543.59844
gas-cc,p117,2050,237543.59844
gas-cc,p12,2010,4645567.28694
gas-cc,p12,2015,1162367.724543
gas-cc,p12,2020,2714847.357877
gas-cc,p12,2023,374752.8
gas-cc,p12,2026,374752.8
gas-cc,p12,2029,411276.549583
gas-cc,p12,2032,440840.386648
gas-cc,p12,2035,440889.876895
gas-cc,p12,2038,440927.229961
gas-cc,p12,2041,1620659.199491
gas-cc,p12,2044,1663688.808415
gas-cc,p12,2047,1661395.24601
gas-cc,p12,2050,1621344.496981
gas-cc,p120,2026,1307104.387587
gas-cc,p120,2029,1295519.065655
gas-cc,p120,2032,591871.86099
gas-cc,p120,2035,591871.86099
gas-cc,p120,2038,591871.86099
gas-cc,p120,2041,591871.86099
gas-cc,p120,2044,591871.86099
gas-cc,p120,2047,591871.86099
gas-cc,p120,2050,591871.86099
gas-cc,p121,2035,8743768.44314
gas-cc,p121,2038,8743768.44314
gas-cc,p121,2041,8743768.44314
gas-cc,p121,2044,8743768.44314
gas-cc,p121,2047,25832028.311879
gas-cc,p121,2050,25832028.311879
gas-cc,p123,2010,2585858.332234
gas-cc,p123,2015,203512.32
gas-cc,p123,2020,22672533.194861
gas-cc,p123,2023,22619383.740826
gas-cc,p123,2026,22440682.678614
gas-cc,p123,2029,22358538.1344
gas-cc,p123,2032,16005987.554293
gas-cc,p123,2035,15343050.091027
gas-cc,p123,2038,14200171.270308
gas-cc,p123,2041,15076813.521827
gas-cc,p123,2044,20328225.996691
gas-cc,p123,2047,21368571.914242
gas-cc,p123,2050,22072002.611419
gas-cc,p125,2010,8175306.835612
gas-cc,p125,2015,10437187.445499
gas-cc,p125,2020,9026086.260497
gas-cc,p125,2023,786297.6
gas-cc,p125,2026,2318584.893408
gas-cc,p125,2029,937287.17856
gas-cc,p125,2032,1364070.37716
gas-cc,p125,2035,1023657.47424
gas-cc,p125,2038,786297.6
gas-cc,p125,2041,778413.6
gas-cc,p125,2044,648064.8
gas-cc,p125,2047,582890.4
gas-cc,p125,2050,481975.2
gas-cc,p126,2010,43573094.600451
gas-cc,p126,2015,38595963.27143
gas-cc,p126,2020,44005676.999474
gas-cc,p126,2023,39894456.668719
gas-cc,p126,2026,39837644.285164
gas-cc,p126,2029,29444234.636642
gas-cc,p126,2032,36887446.152785
gas-cc,p126,2035,33289269.907853
gas-cc,p126,2038,30192648.894141
gas-cc,p126,2041,18893581.277775
gas-cc,p126,2044,6991589.377817
gas-cc,p126,2047,3416715.36
gas-cc,p126,2050,2924319.111227
gas-cc,p127,2010,44970142.528634
gas-cc,p127,2015,36903808.679407
gas-cc,p127,2020,32180350.260811
gas-cc,p127,2023,34095448.155568
gas-cc,p127,2026,32114200.918897
gas-cc,p127,2029,27750097.032022
gas-cc,p127,2032,29318190.173513
gas-cc,p127,2035,24919053.956229
gas-cc,p127,2038,24617992.491066
gas-cc,p128,2010,5331740.211834
gas-cc,p128,2015,3785662.336341
gas-cc,p128,2020,3562424.77021
gas-cc,p128,2023,3573859.675718
gas-cc,p128,2026,3393461.627038
gas-cc,p128,2029,3176336.110004
gas-cc,p128,2032,3458067.990043
gas-cc,p128,2035,2909005.369352
gas-cc,p128,2038,2637414.40751
gas-cc,p13,2010,29294284.692707
gas-cc,p13,2015,30084961.939673
gas-cc,p13,2020,30647807.927402
gas-cc,p13,2023,20841840.043197
gas-cc,p13,2026,15497519.809213
gas-cc,p13,2029,13848407.438709
gas-cc,p13,2032,22136865.652882
gas-cc,p13,2035,23605760.081835
gas-cc,p13,2038,25487645.266654
gas-cc,p13,2041,34764559.803822
gas-cc,p13,2044,30934217.72658
gas-cc,p13,2047,33056480.613841
gas-cc,p13,2050,34768551.087856
gas-cc,p130,2010,9555060.318394
gas-cc,p130,2015,1495188.9225
gas-cc,p130,2020,645699.6
gas-cc,p130,2023,645699.6
gas-cc,p130,2026,645699.6
gas-cc,p130,2029,645699.6
gas-cc,p130,2032,645699.6
gas-cc,p130,2035,645699.6
gas-cc,p130,2038,2196255.376782
gas-cc,p130,2041,2195239.022452
gas-cc,p130,2044,1289800.984706
gas-cc,p130,2047,1234510.63056
gas-cc,p130,2050,2198112.193856
gas-cc,p131,2010,37776549.614087
gas-cc,p131,2015,30192781.743824
gas-cc,p131,2020,18330012.008763
gas-cc,p131,2023,20975830.859097
gas-cc,p131,2026,15724094.170088
gas-cc,p131,2029,9772677.414015
gas-cc,p131,2032,15346453.828363
gas-cc,p131,2035,20820471.252661
gas-cc,p131,2038,20657196.310951
gas-cc,p131,2041,25195244.391068
gas-cc,p131,2044,24179430.810334
gas-cc,p131,2047,19031543.872936
gas-cc,p131,2050,23190386.382542
gas-cc,p132,2010,14875566.582701
gas-cc,p132,2015,19528375.847066
gas-cc,p132,2020,27883071.021589
gas-cc,p132,2023,28186343.70135
gas-cc,p132,2026,27185263.378566
gas-cc,p132,2029,18989795.803715
gas-cc,p132,2032,23734768.961389
gas-cc,p132,2035,20689503.283195
gas-cc,p132,2038,19743031.402045
gas-cc,p132,2041,17577208.753597
gas-cc,p132,2044,14054321.303477
gas-cc,p132,2047,13076233.321596
gas-cc,p132,2050,18488663.884002
gas-cc,p133,2010,13342408.083247
gas-cc,p133,2015,7088764.519105
gas-cc,p133,2020,943557.12
gas-cc,p133,2023,1478111.563573
gas-cc,p133,2026,12724029.576417
gas-cc,p133,2029,10382916.68474
gas-cc,p133,2032,6047634.433135
gas-cc,p133,2035,5382198.834567
gas-cc,p133,2038,6364461.285881
gas-cc,p133,2041,6360407.030935
gas-cc,p133,2044,3449250.286986
gas-cc,p133,2047,3068628.701881
gas-cc,p133,2050,5369095.219354
gas-cc,p134,2010,9845073.169303
gas-cc,p134,2015,1824217.177946
gas-cc,p134,2020,668668.32
gas-cc,p134,2023,668668.32
gas-cc,p134,2026,668668.32
gas-cc,p134,2029,668668.32
gas-cc,p134,2032,1321729.280222
gas-cc,p134,2035,1096995.947773
gas-cc,p134,2038,2563045.934923
gas-cc,p134,2041,1670958.970884
gas-cc,p134,2044,1113462.764912
gas-cc,p134,2047,1052121.60007
gas-cc,p134,2050,2936611.76316
gas-cc,p14,2010,1646774.97453
gas-cc,p14,2015,422268.21
gas-cc,p14,2020,1088193.55428
gas-cc,p14,2023,110376.0
gas-cc,p14,2026,110376.0
gas-cc,p14,2029,110376.0
gas-cc,p14,2032,110376.0
gas-cc,p14,2035,125500.535339
gas-cc,p14,2038,125500.535339
gas-cc,p14,2041,125500.535339
gas-cc,p14,2044,125500.535339
gas-cc,p14,2047,125500.535339
gas-cc,p14,2050,125603.715741
gas-cc,p15,2015,2246379.486342
gas-cc,p15,2020,2189374.100842
gas-cc,p15,2023,2181497.773162
gas-cc,p15,2026,2115388.299438
gas-cc,p15,2029,716438.95635
gas-cc,p15,2032,949557.066198
gas-cc,p15,2035,875065.943741
gas-cc,p15,2038,795593.94525
gas-cc,p15,2041,814058.63409
gas-cc,p15,2044,822006.714422
gas-cc,p15,2047,799252.42995
gas-cc,p15,2050,556164.58911
gas-cc,p16,2047,0.0
gas-cc,p18,2044,575416.937661
gas-cc,p18,2047,457957.109706
gas-cc,p18,2050,364043.298599
gas-cc,p2,2010,14112291.371933
gas-cc,p2,2015,10368942.415501
gas-cc,p2,2020,12924019.6325
gas-cc,p2,2023,4742190.585143
gas-cc,p2,2026,3153733.912114
gas-cc,p2,2029,2892749.616907
gas-cc,p2,2032,3005684.457074
gas-cc,p2,2035,1973542.366379
gas-cc,p2,2038,2004602.027789
gas-cc,p2,2041,3428845.399431
gas-cc,p2,2044,2988503.404196
gas-cc,p2,2047,2662903.101528
gas-cc,p2,2050,3961143.589538
gas-cc,p20,2032,1909944.773761
gas-cc,p20,2035,1464261.960115
gas-cc,p20,2038,1050169.939221
gas-cc,p20,2041,1100379.297037
gas-cc,p20,2044,1909944.773761
gas-cc,p20,2047,1665019.010025
gas-cc,p20,2050,1281871.872109
gas-cc,p21,2026,164899.268784
gas-cc,p21,2029,88012.135296
gas-cc,p21,2032,3104111.776175
gas-cc,p21,2035,3104111.776175
gas-cc,p21,2038,3104111.776175
gas-cc,p21,2041,3060104.198906
gas-cc,p21,2044,3104111.776175
gas-cc,p21,2047,3265779.060854
gas-cc,p21,2050,3265779.060854
gas-cc,p22,2041,0.0
gas-cc,p22,2044,0.0
gas-cc,p22,2050,-0.0
gas-cc,p23,2032,3581521.246741
gas-cc,p23,2035,3581521.246741
gas-cc,p23,2038,3581521.246741
gas-cc,p23,2041,3581521.246741
gas-cc,p23,2044,3581521.246741
gas-cc,p23,2047,3581521.246741
gas-cc,p23,2050,3581521.246741
gas-cc,p24,2015,719186.339094
gas-cc,p24,2020,720703.807602
gas-cc,p24,2023,704076.796014
gas-cc,p24,2026,645638.11452
gas-cc,p24,2029,1443586.763568
gas-cc,p24,2032,5300674.93134
gas-cc,p24,2035,5284115.706066
gas-cc,p24,2038,5282221.500222
gas-cc,p24,2041,4839664.306317
gas-cc,p24,2044,5285258.374578
gas-cc,p24,2047,5228076.946374
gas-cc,p24,2050,5206430.401338
gas-cc,p25,2010,9101190.449241
gas-cc,p25,2015,12072541.030939
gas-cc,p25,2020,13481909.89262
gas-cc,p25,2023,12597124.711823
gas-cc,p25,2026,18484179.858864
gas-cc,p25,2029,14417796.897371
gas-cc,p25,2032,23947858.192571
gas-cc,p25,2035,20463003.558056
gas-cc,p25,2038,21924433.489764
gas-cc,p25,2041,22458512.602512
gas-cc,p25,2044,27789737.416726
gas-cc,p25,2047,26119858.403558
gas-cc,p25,2050,25842730.833714
gas-cc,p26,2032,2029832.09439
gas-cc,p26,2035,2029832.09439
gas-cc,p26,2038,3716319.640629
gas-cc,p26,2041,3716319.640629
gas-cc,p26,2044,3716319.640629
gas-cc,p26,2047,3716319.640629
gas-cc,p26,2050,3716319.640629
gas-cc,p27,2010,6510738.396254
gas-cc,p27,2015,4305019.05
gas-cc,p27,2020,4364884.345921
gas-cc,p27,2023,4105511.507531
gas-cc,p27,2026,3350437.2
gas-cc,p27,2029,2766901.252958
gas-cc,p27,2032,4101762.639506
gas-cc,p27,2035,4138574.038239
gas-cc,p27,2038,4156149.153356
gas-cc,p27,2041,3884771.723025
gas-cc,p27,2044,3851552.186566
gas-cc,p27,2047,4391206.93532
gas-cc,p27,2050,5690600.850887
gas-cc,p29,2032,8327307.392965
gas-cc,p29,2035,8327307.392965
gas-cc,p29,2038,8327307.392965
gas-cc,p29,2041,8327307.392965
gas-cc,p29,2044,8327307.392965
gas-cc,p29,2047,8327307.392965
gas-cc,p29,2050,8327307.392965
gas-cc,p3,2044,140376.989113
gas-cc,p3,2047,127129.637924
gas-cc,p3,2050,130225.082767
gas-cc,p31,2010,6043109.509602
gas-cc,p31,2015,5006231.48712
gas-cc,p31,2020,5510329.142563
gas-cc,p31,2023,4668404.312088
gas-cc,p31,2026,5495911.888326
gas-cc,p31,2029,6814553.175242
gas-cc,p31,2032,6080709.333526
gas-cc,p31,2035,5688667.616001
gas-cc,p31,2038,5602405.237598
gas-cc,p31,2041,4985391.223154
gas-cc,p31,2044,5224030.628576
gas-cc,p31,2047,5125662.151192
gas-cc,p31,2050,4955816.603053
gas-cc,p32,2032,1132656.648863
gas-cc,p32,2035,1132656.648863
gas-cc,p32,2038,1132656.648863
gas-cc,p32,2041,1132656.648863
gas-cc,p32,2044,1132656.648863
gas-cc,p32,2047,1132656.648863
gas-cc,p32,2050,1132656.648863
gas-cc,p33,2010,13370447.828404
gas-cc,p33,2015,11367421.531106
gas-cc,p33,2020,14181125.322132
gas-cc,p33,2023,13011405.428497
gas-cc,p33,2026,8292882.364115
gas-cc,p33,2029,3337008.21482
gas-cc,p33,2032,7996486.19868
gas-cc,p33,2035,12027946.414752
gas-cc,p33,2038,16854448.24951
gas-cc,p33,2041,23892792.066754
gas-cc,p33,2044,29232630.004544
gas-cc,p33,2047,29246621.862259
gas-cc,p33,2050,29049339.628556
gas-cc,p34,2010,3515886.1887
gas-cc,p34,2015,4817778.832572
gas-cc,p34,2020,4942514.2644
gas-cc,p34,2023,4807234.945788
gas-cc,p34,2026,4185255.077277
gas-cc,p34,2029,1756900.942192
gas-cc,p34,2032,5774214.826693
gas-cc,p34,2035,4839823.333487
gas-cc,p34,2038,4099678.62538
gas-cc,p34,2041,3332387.238208
gas-cc,p34,2044,3836395.96504
gas-cc,p34,2047,3501276.869798
gas-cc,p34,2050,3361039.249356
gas-cc,p35,2010,348532.06872
gas-cc,p35,2015,321923.60928
gas-cc,p35,2020,291768.23616
gas-cc,p35,2023,266983.24032
gas-cc,p35,2026,147850.11516
gas-cc,p35,2029,21024.0
gas-cc,p35,2032,21024.0
gas-cc,p35,2035,32097.6
gas-cc,p35,2038,21024.0
gas-cc,p35,2041,39484.207619
gas-cc,p35,2044,290857.233537
gas-cc,p35,2047,235810.213116
gas-cc,p35,2050,207405.539455
gas-cc,p36,2010,36804.0162
gas-cc,p36,2015,7521.2247
gas-cc,p36,2020,12479.8782
gas-cc,p36,2023,14275.5288
gas-cc,p36,2026,7201.5711
gas-cc,p36,2029,3125.204804
gas-cc,p36,2032,3275.255154
gas-cc,p36,2035,3275.255154
gas-cc,p36,2038,3275.255154
gas-cc,p36,2041,3275.255154
gas-cc,p36,2044,3303.979523
gas-cc,p36,2047,3275.255154
gas-cc,p36,2050,3275.255154
gas-cc,p37,2044,2123561.177724
gas-cc,p37,2047,3048192.261264
gas-cc,p37,2050,4057946.96857
gas-cc,p38,2015,2252355.68826
gas-cc,p38,2020,2218190.506635
gas-cc,p38,2023,2172798.488475
gas-cc,p38,2026,1760168.336551
gas-cc,p38,2029,628619.6064
gas-cc,p38,2032,155052.0
gas-cc,p38,2035,155052.0
gas-cc,p38,2038,155052.0
gas-cc,p38,2041,508833.55647
gas-cc,p38,2044,2027308.00983
gas-cc,p38,2047,852002.770166
gas-cc,p38,2050,1941808.689502
gas-cc,p39,2035,95649.684267
gas-cc,p39,2038,95649.684267
gas-cc,p39,2041,95649.684267
gas-cc,p39,2044,95649.684267
gas-cc,p39,2047,95649.684267
gas-cc,p39,2050,95649.684267
gas-cc,p4,2032,4732929.082415
gas-cc,p4,2035,11953622.395815
gas-cc,p4,2038,11995037.900794
gas-cc,p4,2041,11629633.12221
gas-cc,p4,2044,15806592.585709
gas-cc,p4,2047,22740335.634988
gas-cc,p4,2050,31057488.988999
gas-cc,p40,2010,975293.588962
gas-cc,p40,2015,115369.2
gas-cc,p40,2020,115369.2
gas-cc,p40,2023,115369.2
gas-cc,p40,2026,115369.2
gas-cc,p40,2029,126547.55774
gas-cc,p40,2032,135727.961209
gas-cc,p40,2035,135727.961209
gas-cc,p40,2038,135727.961209
gas-cc,p40,2041,135738.126645
gas-cc,p40,2044,972100.278484
gas-cc,p40,2047,972050.84846
gas-cc,p40,2050,917984.481678
gas-cc,p41,2010,765580.112795
gas-cc,p41,2015,191383.883073
gas-cc,p41,2020,785012.099635
gas-cc,p41,2023,705876.245238
gas-cc,p41,2026,166493.297146
gas-cc,p41,2029,68831.039198
gas-cc,p41,2032,73825.071592
gas-cc,p41,2035,73830.686193
gas-cc,p41,2038,73830.686193
gas-cc,p41,2041,73851.686427
gas-cc,p41,2044,2454111.721689
gas-cc,p41,2047,2718908.4002
gas-cc,p41,2050,2718894.439937
gas-cc,p43,2010,12720460.247272
gas-cc,p43,2015,8350986.119801
gas-cc,p43,2020,8018546.213032
gas-cc,p43,2023,8101888.799271
gas-cc,p43,2026,6992925.32218
gas-cc,p43,2029,5904266.555495
gas-cc,p43,2032,5912691.907324
gas-cc,p43,2035,5219697.903156
gas-cc,p43,2038,4562626.537734
gas-cc,p43,2041,4991742.226311
gas-cc,p43,2044,15738268.009636
gas-cc,p43,2047,19389100.446182
gas-cc,p43,2050,20906003.619075
gas-cc,p44,2029,688565.409395
gas-cc,p44,2032,553632.0
gas-cc,p44,2035,553632.0
gas-cc,p44,2038,553632.0
gas-cc,p44,2041,492499.279584
gas-cc,p44,2044,553632.0
gas-cc,p44,2047,553632.0
gas-cc,p44,2050,553632.0
gas-cc,p45,2010,3962449.801136
gas-cc,p45,2015,1931773.661491
gas-cc,p45,2020,2973529.465891
gas-cc,p45,2023,2513295.668661
gas-cc,p45,2026,1033054.485483
gas-cc,p45,2029,310210.446395
gas-cc,p45,2032,328456.597208
gas-cc,p45,2035,328458.954433
gas-cc,p45,2038,328466.831344
gas-cc,p45,2041,328466.831344
gas-cc,p45,2044,470069.113345
gas-cc,p45,2047,525811.604296
gas-cc,p45,2050,1770028.822014
gas-cc,p46,2029,4527568.743363
gas-cc,p46,2032,2497417.6
gas-cc,p46,2035,4881264.422381
gas-cc,p46,2038,6114059.564788
gas-cc,p46,2041,7425289.857123
gas-cc,p46,2044,8687699.854095
gas-cc,p46,2047,9810488.608315
gas-cc,p46,2050,9966079.749207
gas-cc,p47,2010,4483600.134255
gas-cc,p47,2015,3121495.110951
gas-cc,p47,2020,739552.327281
gas-cc,p47,2023,782184.814023
gas-cc,p47,2026,303849.36
gas-cc,p47,2029,303849.36
gas-cc,p47,2032,303849.36
gas-cc,p47,2035,598511.797679
gas-cc,p47,2038,410569.979329
gas-cc,p47,2041,1096591.874147
gas-cc,p47,2044,1598297.707918
gas-cc,p47,2047,921674.655325
gas-cc,p47,2050,1125832.026641
gas-cc,p48,2010,3905220.294281
gas-cc,p48,2015,1598705.022079
gas-cc,p48,2020,903906.451218
gas-cc,p48,2023,901069.317078
gas-cc,p48,2026,283193.28
gas-cc,p48,2029,283193.28
gas-cc,p48,2032,283193.28
gas-cc,p48,2035,264271.68
gas-cc,p48,2038,264271.68
gas-cc,p48,2041,264271.68
gas-cc,p48,2044,717769.359195
gas-cc,p48,2047,1634446.892217
gas-cc,p48,2050,1780351.624546
gas-cc,p5,2010,16254748.941748
gas-cc,p5,2015,12417621.452756
gas-cc,p5,2020,18411177.024027
gas-cc,p5,2023,12509295.723074
gas-cc,p5,2026,11180184.81774
gas-cc,p5,2029,7092005.405071
gas-cc,p5,2032,8331635.46175
gas-cc,p5,2035,5847559.936175
gas-cc,p5,2038,5553533.346749
gas-cc,p5,2041,6227960.580554
gas-cc,p5,2044,8275596.306937
gas-cc,p5,2047,7140494.344624
gas-cc,p5,2050,6853608.790248
gas-cc,p50,2010,29783724.461046
gas-cc,p50,2015,18244846.303674
gas-cc,p50,2020,17936763.602781
gas-cc,p50,2023,17153132.646995
gas-cc,p50,2026,10256555.336904
gas-cc,p50,2029,7202299.267552
gas-cc,p50,2032,6433771.489623
gas-cc,p50,2035,6599527.243921
gas-cc,p50,2038,6488589.075838
gas-cc,p50,2041,6651630.963622
gas-cc,p50,2044,9949666.894235
gas-cc,p50,2047,8290948.866605
gas-cc,p50,2050,15320141.806165
gas-cc,p51,2010,21139865.470116
gas-cc,p51,2015,17999183.262151
gas-cc,p51,2020,20547768.581812
gas-cc,p51,2023,17832718.646023
gas-cc,p51,2026,7805833.335096
gas-cc,p51,2029,6127045.476613
gas-cc,p51,2032,5750157.911594
gas-cc,p51,2035,5806456.577021
gas-cc,p51,2038,5867113.604453
gas-cc,p51,2041,6047767.352421
gas-cc,p51,2044,6332446.163736
gas-cc,p51,2047,6161572.302172
gas-cc,p51,2050,6613513.320477
gas-cc,p53,2010,1159327.188099
gas-cc,p53,2015,1144285.503102
gas-cc,p53,2020,1950701.89662
gas-cc,p53,2023,1693379.64981
gas-cc,p53,2026,1181785.305536
gas-cc,p53,2029,578098.067616
gas-cc,p53,2032,701576.289936
gas-cc,p53,2035,531514.14624
gas-cc,p53,2038,360521.058135
gas-cc,p53,2041,358207.335552
gas-cc,p53,2044,6935577.388452
gas-cc,p53,2047,6307929.56401
gas-cc,p53,2050,5821798.702559
gas-cc,p54,2010,5019418.546946
gas-cc,p54,2015,1411913.444413
gas-cc,p54,2020,2382444.649043
gas-cc,p54,2023,2312100.293732
gas-cc,p54,2026,468835.2
gas-cc,p54,2029,468835.2
gas-cc,p54,2032,551457.841561
gas-cc,p54,2035,551567.763558
gas-cc,p54,2038,551567.763558
gas-cc,p54,2041,6062968.662301
gas-cc,p54,2044,6064982.397577
gas-cc,p54,2047,6547558.208451
gas-cc,p54,2050,6546266.946157
gas-cc,p55,2010,4139503.939224
gas-cc,p55,2015,4112145.319644
gas-cc,p55,2020,4115259.002088
gas-cc,p55,2023,4112008.138782
gas-cc,p55,2026,3789362.940588
gas-cc,p55,2029,2404796.369357
gas-cc,p55,2032,1182541.802924
gas-cc,p55,2035,1583635.604621
gas-cc,p55,2038,1303632.289036
gas-cc,p55,2041,1216657.277277
gas-cc,p55,2044,4115141.778347
gas-cc,p55,2047,1873276.567154
gas-cc,p55,2050,1597086.82025
gas-cc,p56,2010,1072599.108743
gas-cc,p56,2015,91906.170722
gas-cc,p56,2020,85147.2
gas-cc,p56,2023,111609.9
gas-cc,p56,2026,85147.2
gas-cc,p56,2029,85147.2
gas-cc,p56,2032,7390699.536944
gas-cc,p56,2035,7390269.297748
gas-cc,p56,2038,7390269.297748
gas-cc,p56,2041,7391642.266949
gas-cc,p56,2044,7391439.801444
gas-cc,p56,2047,7390319.914124
gas-cc,p56,2050,7390319.914124
gas-cc,p57,2010,5679598.345012
gas-cc,p57,2015,4911263.494286
gas-cc,p57,2020,7047268.697186
gas-cc,p57,2023,7025034.886535
gas-cc,p57,2026,3865162.959644
gas-cc,p57,2029,3815538.130286
gas-cc,p57,2032,3785239.246458
gas-cc,p57,2035,3335919.404078
gas-cc,p57,2038,3238637.49481
gas-cc,p57,2041,3239645.332866
gas-cc,p57,2044,3440859.195833
gas-cc,p57,2047,4635652.586846
gas-cc,p57,2050,5977505.515086
gas-cc,p58,2010,22380496.688041
gas-cc,p58,2015,29234265.033735
gas-cc,p58,2020,45462331.241014
gas-cc,p58,2023,45419812.893106
gas-cc,p58,2026,54643074.987939
gas-cc,p58,2029,53283295.642256
gas-cc,p58,2032,52796644.251402
gas-cc,p58,2035,47121688.33289
gas-cc,p58,2038,43485932.596393
gas-cc,p58,2041,42065472.561276
gas-cc,p58,2044,51172844.771849
gas-cc,p58,2047,56465995.789384
gas-cc,p58,2050,63082768.624285
gas-cc,p59,2010,2378094.718014
gas-cc,p59,2015,2239347.195088
gas-cc,p59,2020,2315604.861916
gas-cc,p59,2023,2385595.263965
gas-cc,p59,2026,12892718.509111
gas-cc,p59,2029,12858361.539374
gas-cc,p59,2032,7926736.423444
gas-cc,p59,2035,8503476.365717
gas-cc,p59,2038,9243833.543579
gas-cc,p59,2041,9822291.130455
gas-cc,p59,2044,10591606.996463
gas-cc,p59,2047,11201743.019522
gas-cc,p59,2050,11777055.92678
gas-cc,p6,2010,3882964.31775
gas-cc,p6,2015,3864569.39778
gas-cc,p6,2020,3750388.77507
gas-cc,p6,2023,3592856.57934
gas-cc,p6,2026,3025830.57462
gas-cc,p6,2029,2000888.13391
gas-cc,p6,2032,2204519.742878
gas-cc,p6,2035,1516461.30657
gas-cc,p6,2038,1515476.71233
gas-cc,p6,2041,1439257.58424
gas-cc,p6,2044,1550780.892739
gas-cc,p6,2047,1440155.43819
gas-cc,p6,2050,2012010.55902
gas-cc,p60,2010,473738.055985
gas-cc,p60,2015,366450.48
gas-cc,p60,2020,332853.144
gas-cc,p60,2023,335245.14
gas-cc,p60,2026,120292.9962
gas-cc,p60,2029,123257.804416
gas-cc,p60,2032,131090.823529
gas-cc,p60,2035,131090.823529
gas-cc,p60,2038,131090.823529
gas-cc,p60,2041,131090.823529
gas-cc,p60,2044,131090.823529
gas-cc,p60,2047,131090.823529
gas-cc,p60,2050,131090.823529
gas-cc,p62,2010,8404303.823607
gas-cc,p62,2015,4011186.435206
gas-cc,p62,2020,3189082.464393
gas-cc,p62,2023,3991990.537399
gas-cc,p62,2026,806270.4
gas-cc,p62,2029,889660.15538
gas-cc,p62,2032,948552.030366
gas-cc,p62,2035,948644.904051
gas-cc,p62,2038,948600.238014
gas-cc,p62,2041,948579.93527
gas-cc,p62,2044,948579.93527
gas-cc,p62,2047,948583.995818
gas-cc,p62,2050,948552.030366
gas-cc,p63,2010,73929113.563743
gas-cc,p63,2015,93695000.876749
gas-cc,p63,2020,102653165.548392
gas-cc,p63,2023,102972493.777922
gas-cc,p63,2026,46137911.922694
gas-cc,p63,2029,34970420.164996
gas-cc,p63,2032,57994667.091675
gas-cc,p63,2035,52483661.331502
gas-cc,p63,2038,51406169.994969
gas-cc,p63,2041,45794919.830101
gas-cc,p63,2044,66443804.174053
gas-cc,p63,2047,73864791.614595
gas-cc,p63,2050,73580006.055516
gas-cc,p64,2010,33801689.59041
gas-cc,p64,2015,31616940.42227
gas-cc,p64,2020,30251393.743827
gas-cc,p64,2023,32860386.993877
gas-cc,p64,2026,12327339.151411
gas-cc,p64,2029,26878920.508001
gas-cc,p64,2032,37163706.40734
gas-cc,p64,2035,36896884.321423
gas-cc,p64,2038,34758870.829455
gas-cc,p64,2041,33890025.23978
gas-cc,p64,2044,43903332.340481
gas-cc,p64,2047,44851859.473346
gas-cc,p64,2050,39193438.850847
gas-cc,p65,2010,36066919.145896
gas-cc,p65,2015,35054502.482571
gas-cc,p65,2020,46069438.944173
gas-cc,p65,2023,46758831.282516
gas-cc,p65,2026,17879219.088527
gas-cc,p65,2029,20187436.795044
gas-cc,p65,2032,19948089.219786
gas-cc,p65,2035,17728477.162061
gas-cc,p65,2038,25053158.581544
gas-cc,p65,2041,23901785.942754
gas-cc,p65,2044,32864004.888599
gas-cc,p65,2047,33110683.586044
gas-cc,p65,2050,33346419.405169
gas-cc,p66,2010,17526340.813897
gas-cc,p66,2015,14570439.197419
gas-cc,p66,2020,13345301.204306
gas-cc,p66,2023,21349673.817958
gas-cc,p66,2026,31576874.443363
gas-cc,p66,2029,31374742.077393
gas-cc,p66,2032,25739710.782013
gas-cc,p66,2035,22692914.167305
gas-cc,p66,2038,21546319.053177
gas-cc,p66,2041,21042529.004692
gas-cc,p66,2044,24199783.165264
gas-cc,p66,2047,25954887.412347
gas-cc,p66,2050,29833258.860113
gas-cc,p67,2010,26550847.386117
gas-cc,p67,2015,30640689.172086
gas-cc,p67,2020,37010138.498855
gas-cc,p67,2023,41042335.866459
gas-cc,p67,2026,99014464.828826
gas-cc,p67,2029,96691958.262075
gas-cc,p67,2032,64462548.385954
gas-cc,p67,2035,65375135.085788
gas-cc,p67,2038,58880151.971058
gas-cc,p67,2041,77005301.575017
gas-cc,p67,2044,95341965.01118
gas-cc,p67,2047,100360880.100982
gas-cc,p67,2050,109683301.274041
gas-cc,p68,2010,3485177.156942
gas-cc,p68,2015,1823443.516058
gas-cc,p68,2020,2981262.800878
gas-cc,p68,2023,3039921.484129
gas-cc,p68,2026,1803164.714738
gas-cc,p68,2029,898233.23143
gas-cc,p68,2032,1079737.077157
gas-cc,p68,2035,1194260.308032
gas-cc,p68,2038,1190526.657725
gas-cc,p68,2041,1179653.291573
gas-cc,p68,2044,1356536.119241
gas-cc,p68,2047,1324425.649791
gas-cc,p68,2050,1304375.914934
gas-cc,p69,2032,6528892.893876
gas-cc,p69,2035,7859528.117974
gas-cc,p69,2038,8033999.961907
gas-cc,p69,2041,8033999.961907
gas-cc,p69,2044,8033999.961907
gas-cc,p69,2047,8146006.018988
gas-cc,p69,2050,8264808.863013
gas-cc,p70,2010,4009134.948536
gas-cc,p70,2015,3976873.6658
gas-cc,p70,2020,9093169.440328
gas-cc,p70,2023,8848195.205956
gas-cc,p70,2026,7985068.848852
gas-cc,p70,2029,10287849.777545
gas-cc,p70,2032,21401781.671575
gas-cc,p70,2035,23072426.65883
gas-cc,p70,2038,30614409.046771
gas-cc,p70,2041,30900539.722409
gas-cc,p70,2044,41968326.775467
gas-cc,p70,2047,42094270.403798
gas-cc,p70,2050,42452112.079323
gas-cc,p71,2038,355532.779841
gas-cc,p71,2041,355532.779841
gas-cc,p71,2044,355532.779841
gas-cc,p71,2047,455400.48076
gas-cc,p71,2050,455400.48076
gas-cc,p72,2010,19559.6568
gas-cc,p72,2015,15347.52
gas-cc,p72,2020,15347.52
gas-cc,p72,2023,15347.52
gas-cc,p72,2026,15347.52
gas-cc,p72,2029,16496.407708
gas-cc,p72,2032,18055.905882
gas-cc,p72,2035,18055.905882
gas-cc,p72,2038,1160367.000498
gas-cc,p72,2041,3877526.111071
gas-cc,p72,2044,5900367.56432
gas-cc,p72,2047,12721027.050898
gas-cc,p72,2050,12721027.050898
gas-cc,p74,2032,2741188.593834
gas-cc,p74,2035,3216697.588375
gas-cc,p74,2038,3551939.609823
gas-cc,p74,2041,4052095.777973
gas-cc,p74,2044,4159536.010513
gas-cc,p74,2047,4164898.765713
gas-cc,p74,2050,4373737.794588
gas-cc,p75,2029,1662514.5152
gas-cc,p75,2032,1986214.81066
gas-cc,p75,2035,2382819.274372
gas-cc,p75,2038,4905702.332917
gas-cc,p75,2041,5455918.683599
gas-cc,p75,2044,5777341.445268
gas-cc,p75,2047,7342884.662953
gas-cc,p75,2050,10803724.303711
gas-cc,p76,2010,4370170.823237
gas-cc,p76,2015,4475784.874522
gas-cc,p76,2020,4421855.818264
gas-cc,p76,2023,4099849.663678
gas-cc,p76,2026,3562787.316405
gas-cc,p76,2029,987464.028878
gas-cc,p76,2032,3527662.992174
gas-cc,p76,2035,4203340.01124
gas-cc,p76,2038,7941380.170554
gas-cc,p76,2041,6143990.847611
gas-cc,p76,2044,13816416.687847
gas-cc,p76,2047,13832437.011949
gas-cc,p76,2050,15088938.164485
gas-cc,p77,2029,586296.923385
gas-cc,p77,2032,372268.676325
gas-cc,p77,2035,372268.676325
gas-cc,p77,2038,372268.676325
gas-cc,p77,2041,372268.676325
gas-cc,p77,2044,607322.028927
gas-cc,p77,2047,991999.580459
gas-cc,p77,2050,1344742.246569
gas-cc,p78,2010,4942855.411429
gas-cc,p78,2015,5079568.939132
gas-cc,p78,2020,10426133.998517
gas-cc,p78,2023,10372253.852394
gas-cc,p78,2026,9695174.522863
gas-cc,p78,2029,9057694.600897
gas-cc,p78,2032,9328842.553264
gas-cc,p78,2035,9364533.560327
gas-cc,p78,2038,10070838.569241
gas-cc,p78,2041,10002106.851145
gas-cc,p78,2044,12817559.173257
gas-cc,p78,2047,12808137.259652
gas-cc,p78,2050,12969662.147399
gas-cc,p79,2010,11284432.974504
gas-cc,p79,2015,11089995.637695
gas-cc,p79,2020,10633908.395515
gas-cc,p79,2023,10589513.514604
gas-cc,p79,2026,9837208.501378
gas-cc,p79,2029,17715429.696844
gas-cc,p79,2032,15385379.141841
gas-cc,p79,2035,17454762.756769
gas-cc,p79,2038,22439582.479874
gas-cc,p79,2041,26330692.588641
gas-cc,p79,2044,29309618.19075
gas-cc,p79,2047,30066602.219238
gas-cc,p79,2050,34093924.76049
gas-cc,p8,2032,22319.393727
gas-cc,p8,2035,19643.17801
gas-cc,p8,2038,14806.748603
gas-cc,p8,2041,7590.428338
gas-cc,p8,2044,3347.909059
gas-cc,p8,2047,3347.909059
gas-cc,p8,2050,3347.909059
gas-cc,p80,2010,8780813.006595
gas-cc,p80,2015,13431357.812256
gas-cc,p80,2020,13451268.100428
gas-cc,p80,2023,32061356.168838
gas-cc,p80,2026,53871085.96207
gas-cc,p80,2029,49960970.211875
gas-cc,p80,2032,38410050.689755
gas-cc,p80,2035,39011256.159106
gas-cc,p80,2038,40835293.187737
gas-cc,p80,2041,40799619.003213
gas-cc,p80,2044,41799202.534621
gas-cc,p81,2010,7430815.246562
gas-cc,p81,2015,7516997.497118
gas-cc,p81,2020,7656633.963532
gas-cc,p81,2023,7389928.885543
gas-cc,p81,2026,6039274.122997
gas-cc,p81,2029,1570161.211446
gas-cc,p81,2032,542524.32
gas-cc,p81,2035,442134.72
gas-cc,p81,2038,1948297.055184
gas-cc,p81,2041,1407438.137828
gas-cc,p81,2044,5940510.223454
gas-cc,p83,2010,4492658.690026
gas-cc,p83,2015,4624574.040394
gas-cc,p83,2020,4621958.757456
gas-cc,p83,2023,4561126.448502
gas-cc,p83,2026,3758236.843314
gas-cc,p83,2029,996140.851379
gas-cc,p83,2032,316516.32
gas-cc,p83,2035,316516.32
gas-cc,p83,2038,316516.32
gas-cc,p83,2041,316516.32
gas-cc,p83,2044,4373415.245566
gas-cc,p84,2010,3207415.861986
gas-cc,p84,2015,867320.79
gas-cc,p84,2020,282774.87
gas-cc,p84,2023,519044.904
gas-cc,p84,2026,228110.4
gas-cc,p84,2029,585712.312207
gas-cc,p84,2032,280756.783472
gas-cc,p84,2035,280733.959648
gas-cc,p84,2038,280733.959648
gas-cc,p84,2041,280737.07461
gas-cc,p84,2044,280757.244947
gas-cc,p84,2047,280742.362353
gas-cc,p84,2050,280742.362353
gas-cc,p85,2010,44684937.053089
gas-cc,p85,2015,40607190.9504
gas-cc,p85,2020,35251671.931462
gas-cc,p85,2023,34173210.189804
gas-cc,p85,2026,18976301.904114
gas-cc,p85,2029,11384230.786677
gas-cc,p85,2032,11567173.4951
gas-cc,p85,2035,10507729.124741
gas-cc,p85,2038,9147716.174695
gas-cc,p85,2041,8449535.086757
gas-cc,p85,2044,10771596.066282
gas-cc,p85,2047,10374906.410151
gas-cc,p85,2050,10802871.808271
gas-cc,p86,2010,16310561.803703
gas-cc,p86,2015,11733616.030034
gas-cc,p86,2020,8493769.127651
gas-cc,p86,2023,9011379.377623
gas-cc,p86,2026,7374957.250248
gas-cc,p86,2029,7317119.638647
gas-cc,p86,2032,7313495.498743
gas-cc,p86,2035,7264240.680602
gas-cc,p86,2038,7204409.695158
gas-cc,p86,2041,7168634.447284
gas-cc,p86,2044,8699036.789202
gas-cc,p86,2047,8708672.581713
gas-cc,p86,2050,8707513.121565
gas-cc,p87,2010,39803805.436762
gas-cc,p87,2015,39775893.381818
gas-cc,p87,2020,29329252.559733
gas-cc,p87,2023,32192814.609749
gas-cc,p87,2026,21242114.666526
gas-cc,p87,2029,16033902.381932
gas-cc,p87,2032,21559762.304723
gas-cc,p87,2035,13672420.354636
gas-cc,p87,2038,11710887.509957
gas-cc,p87,2041,11604702.711671
gas-cc,p87,2044,22827858.812344
gas-cc,p87,2047,22128505.564558
gas-cc,p87,2050,18550653.332602
gas-cc,p88,2010,24689217.932706
gas-cc,p88,2015,25291180.200273
gas-cc,p88,2020,16145580.945529
gas-cc,p88,2023,16409931.933902
gas-cc,p88,2026,14299946.110757
gas-cc,p88,2029,11071268.103449
gas-cc,p88,2032,13993959.429531
gas-cc,p88,2035,12714905.713211
gas-cc,p88,2038,11081115.086485
gas-cc,p88,2041,11312442.14216
gas-cc,p88,2044,13781032.222107
gas-cc,p88,2047,13702324.467439
gas-cc,p88,2050,13619990.793414
gas-cc,p89,2010,12213960.855683
gas-cc,p89,2015,12050450.305317
gas-cc,p89,2020,11664989.382012
gas-cc,p89,2023,10149845.456229
gas-cc,p89,2026,3271317.320918
gas-cc,p89,2029,831499.2
gas-cc,p89,2032,885443.256151
gas-cc,p89,2035,885443.256151
gas-cc,p89,2038,885443.256151
gas-cc,p89,2041,885443.256151
gas-cc,p89,2044,3449002.18083
gas-cc,p89,2047,2187378.91811
gas-cc,p89,2050,2341630.372465
gas-cc,p9,2010,54532380.775528
gas-cc,p9,2015,38429122.163621
gas-cc,p9,2020,16293135.854033
gas-cc,p9,2023,40795199.715688
gas-cc,p9,2026,29407092.536812
gas-cc,p9,2029,24529381.955556
gas-cc,p9,2032,27127731.275043
gas-cc,p9,2035,26030144.593427
gas-cc,p9,2038,19288442.065397
gas-cc,p9,2041,11799877.029509
gas-cc,p9,2044,5354188.531712
gas-cc,p9,2047,5321706.451712
gas-cc,p9,2050,5156247.571712
gas-cc,p90,2010,62628777.869041
gas-cc,p90,2015,62193651.246347
gas-cc,p90,2020,61701144.707694
gas-cc,p90,2023,70820570.91867
gas-cc,p90,2026,66673653.06634
gas-cc,p90,2029,46504377.535094
gas-cc,p90,2032,61702706.52914
gas-cc,p90,2035,52567392.613391
gas-cc,p90,2038,51657249.178101
gas-cc,p90,2041,52165057.030749
gas-cc,p90,2044,64286743.224977
gas-cc,p90,2047,65291401.526989
gas-cc,p90,2050,64627587.46137
gas-cc,p91,2010,9781255.761976
gas-cc,p91,2015,8805832.045166
gas-cc,p91,2020,8403824.611536
gas-cc,p91,2023,8279153.821402
gas-cc,p91,2026,8183573.989758
gas-cc,p91,2029,8057385.365987
gas-cc,p91,2032,8136208.786732
gas-cc,p91,2035,7840164.606107
gas-cc,p91,2038,7744875.185289
gas-cc,p91,2041,145863.821793
gas-cc,p91,2044,324938.264455
gas-cc,p91,2047,867667.282716
gas-cc,p91,2050,2630635.860155
gas-cc,p92,2010,4076540.19675
gas-cc,p92,2015,10860684.315309
gas-cc,p92,2020,18976756.309474
gas-cc,p92,2023,18956566.21031
gas-cc,p92,2026,26074651.793878
gas-cc,p92,2029,47816048.347687
gas-cc,p92,2032,37154549.059766
gas-cc,p92,2035,36884142.329743
gas-cc,p92,2038,39744649.908613
gas-cc,p92,2041,52640882.653153
gas-cc,p92,2044,59448743.278993
gas-cc,p92,2047,65011279.237751
gas-cc,p92,2050,82811733.172166
gas-cc,p93,2029,8222547.968001
gas-cc,p93,2032,3737600.0
gas-cc,p93,2035,3737600.0
gas-cc,p93,2038,3737600.0
gas-cc,p93,2041,3737600.0
gas-cc,p93,2044,3934842.857272
gas-cc,p93,2047,3955215.113272
gas-cc,p93,2050,5291799.287001
gas-cc,p94,2010,42086455.04108
gas-cc,p94,2015,59592490.369841
gas-cc,p94,2020,59211224.420334
gas-cc,p94,2023,57376233.579788
gas-cc,p94,2026,49784245.333793
gas-cc,p94,2029,28306315.298123
gas-cc,p94,2032,39100916.508487
gas-cc,p94,2035,40739321.094041
gas-cc,p94,2038,42989656.000753
gas-cc,p94,2041,45180432.864525
gas-cc,p94,2044,53540293.996166
gas-cc,p94,2047,66486039.866959
gas-cc,p94,2050,85460018.643819
gas-cc,p95,2010,4178760.158844
gas-cc,p95,2015,3855479.51688
gas-cc,p95,2020,9924958.55676
gas-cc,p95,2023,9795349.66812
gas-cc,p95,2026,9586944.5718
gas-cc,p95,2029,8333401.168349
gas-cc,p95,2032,7655914.19485
gas-cc,p95,2035,4577928.4608
gas-cc,p95,2038,4993223.242808
gas-cc,p95,2041,4507089.11226
gas-cc,p95,2044,8643957.914486
gas-cc,p95,2047,8877123.248415
gas-cc,p95,2050,9341626.839973
gas-cc,p96,2010,14201935.598922
gas-cc,p96,2015,9462094.566132
gas-cc,p96,2020,9612972.713684
gas-cc,p96,2023,8058996.38985
gas-cc,p96,2026,6131041.1928
gas-cc,p96,2029,3138397.734154
gas-cc,p96,2032,2447780.346288
gas-cc,p96,2035,1874590.483965
gas-cc,p96,2038,1785903.041968
gas-cc,p96,2041,1531645.534342
gas-cc,p96,2044,8673884.747587
gas-cc,p96,2047,9201746.663973
gas-cc,p96,2050,11501114.136839
gas-cc,p97,2010,3943487.505927
gas-cc,p97,2015,14233739.950656
gas-cc,p97,2020,21807389.08851
gas-cc,p97,2023,21773475.810994
gas-cc,p97,2026,23626333.155396
gas-cc,p97,2029,26056978.625383
gas-cc,p97,2032,23300872.665833
gas-cc,p97,2035,18968738.732523
gas-cc,p97,2038,19342947.569137
gas-cc,p97,2041,18099919.403607
gas-cc,p97,2044,32368545.280957
gas-cc,p97,2047,32860420.907201
gas-cc,p97,2050,44734263.801799
gas-cc,p98,2010,3924130.48935
gas-cc,p98,2015,20076921.28968
gas-cc,p98,2020,20107825.14861
gas-cc,p98,2023,19965113.086462
gas-cc,p98,2026,18406502.407883
gas-cc,p98,2029,14863060.594946
gas-cc,p98,2032,14759097.474702
gas-cc,p98,2035,10689288.799387
gas-cc,p98,2038,11024359.197077
gas-cc,p98,2041,10041040.998515
gas-cc,p98,2044,18432226.757872
gas-cc,p98,2047,20377868.874754
gas-cc,p98,2050,20529086.253519
gas-cc,p99,2010,23283813.854393
gas-cc,p99,2015,23168774.06676
gas-cc,p99,2020,51534204.131787
gas-cc,p99,2023,50131101.97353
gas-cc,p99,2026,48720922.202835
gas-cc,p99,2029,40054160.055356
gas-cc,p99,2032,33545407.743025
gas-cc,p99,2035,41673326.580908
gas-cc,p99,2038,42469649.086251
gas-cc,p99,2041,39419419.422607
gas-cc,p99,2044,46779582.389346
gas-cc,z122,2010,50549642.197119
gas-cc,z122,2015,55610499.086526
gas-cc,z122,2020,120426496.828686
gas-cc,z122,2023,119903005.001465
gas-cc,z122,2026,155097865.514887
gas-cc,z122,2029,148008941.680467
gas-cc,z122,2032,135192744.122874
gas-cc,z122,2035,136058649.487457
gas-cc,z122,2038,128010561.351408
gas-cc,z122,2041,147309062.555825
gas-cc,z122,2044,148259605.533012
gas-cc,z122,2047,147965747.000609
gas-cc,z122,2050,154617112.160129
gas-cc,z28,2010,65478136.867774
gas-cc,z28,2015,43367674.948531
gas-cc,z28,2020,57465956.33154
gas-cc,z28,2023,14716110.5238
gas-cc,z28,2026,4770398.16
gas-cc,z28,2029,18544739.896491
gas-cc,z28,2032,24346264.011356
gas-cc,z28,2035,21330775.505047
gas-cc,z28,2038,26469657.80111
gas-cc,z28,2041,44503152.806091
gas-cc,z28,2044,59561554.940333
gas-cc,z28,2047,58825487.849681
gas-cc,z28,2050,62216859.744082
gas-ct,p1,2010,288028.8
gas-ct,p1,2015,288028.8
gas-ct,p1,2020,288028.8
gas-ct,p1,2023,288028.8
gas-ct,p1,2026,288028.8
gas-ct,p1,2029,419779.2
gas-ct,p1,2032,419779.2
gas-ct,p1,2035,419779.2
gas-ct,p1,2038,424886.502816
gas-ct,p1,2041,327124.902816
gas-ct,p1,2044,462600.745441
gas-ct,p1,2047,327124.902816
gas-ct,p1,2050,327124.902816
gas-ct,p10,2010,1479616.56
gas-ct,p10,2015,2805652.8
gas-ct,p10,2020,2879762.4
gas-ct,p10,2023,2879762.4
gas-ct,p10,2026,2879762.4
gas-ct,p10,2029,3657948.24
gas-ct,p10,2032,3488705.04
gas-ct,p10,2035,3477562.32
gas-ct,p10,2038,4231010.575558
gas-ct,p10,2041,4079637.775558
gas-ct,p10,2044,3709720.495558
gas-ct,p10,2047,3587518.495558
gas-ct,p10,2050,3563340.895558
gas-ct,p100,2029,6657.6
gas-ct,p100,2032,6657.6
gas-ct,p100,2035,6657.6
gas-ct,p100,2038,6657.6
gas-ct,p100,2041,6657.6
gas-ct,p100,2044,6657.6
gas-ct,p101,2010,6519411.975141
gas-ct,p101,2015,2855205.701831
gas-ct,p101,2020,3115257.717605
gas-ct,p101,2023,2883441.6
gas-ct,p101,2026,6296611.139551
gas-ct,p101,2029,6242474.339551
gas-ct,p101,2032,6242474.339551
gas-ct,p101,2035,6181504.739551
gas-ct,p101,2038,6181504.739551
gas-ct,p101,2041,6181504.739551
gas-ct,p101,2044,6181504.739551
gas-ct,p101,2047,6063244.739551
gas-ct,p101,2050,5825673.539551
gas-ct,p102,2010,1417016.145405
gas-ct,p102,2015,625989.6
gas-ct,p102,2020,2526635.551058
gas-ct,p102,2023,1954578.169321
gas-ct,p102,2026,5114592.939813
gas-ct,p102,2029,5109862.539813
gas-ct,p102,2032,5105657.739813
gas-ct,p102,2035,5068655.499813
gas-ct,p102,2038,5062348.299813
gas-ct,p102,2041,5062348.299813
gas-ct,p102,2044,5027868.939813
gas-ct,p102,2047,4917387.819813
gas-ct,p102,2050,4917387.819813
gas-ct,p103,2010,2658421.528224
gas-ct,p103,2015,3423860.394895
gas-ct,p103,2020,6097072.5225
gas-ct,p103,2023,4991281.495333
gas-ct,p103,2026,1858784.4
gas-ct,p103,2029,1841965.2
gas-ct,p103,2032,1838811.6
gas-ct,p103,2035,1734269.76
gas-ct,p103,2038,1734269.76
gas-ct,p103,2041,1730748.24
gas-ct,p103,2044,1730748.24
gas-ct,p103,2047,1693956.24
gas-ct,p103,2050,1685178.72
gas-ct,p104,2010,56264.094
gas-ct,p104,2015,43568.352
gas-ct,p104,2020,47991.744
gas-ct,p104,2023,40996.8
gas-ct,p104,2026,40996.8
gas-ct,p104,2029,40996.8
gas-ct,p104,2032,48231.529412
gas-ct,p104,2035,48231.529412
gas-ct,p104,2038,45077.929412
gas-ct,p104,2041,45077.929412
gas-ct,p104,2044,45077.929412
gas-ct,p104,2047,45077.929412
gas-ct,p104,2050,45077.929412
gas-ct,p105,2010,1075229.163279
gas-ct,p105,2015,1211759.167337
gas-ct,p105,2020,1478444.907503
gas-ct,p105,2023,890319.905988
gas-ct,p105,2026,750714.48
gas-ct,p105,2029,750714.48
gas-ct,p105,2032,777345.546472
gas-ct,p105,2035,695877.546472
gas-ct,p105,2038,695877.546472
gas-ct,p105,2041,695877.546472
gas-ct,p105,2044,695877.546472
gas-ct,p105,2047,660136.746472
gas-ct,p105,2050,529157.226472
gas-ct,p106,2010,479453.5968
gas-ct,p106,2015,830271.5328
gas-ct,p106,2020,1114222.944582
gas-ct,p106,2023,685059.023422
gas-ct,p106,2026,317672.64
gas-ct,p106,2029,317672.64
gas-ct,p106,2032,373732.517647
gas-ct,p106,2035,373732.517647
gas-ct,p106,2038,373732.517647
gas-ct,p106,2041,373732.517647
gas-ct,p106,2044,373732.517647
gas-ct,p106,2047,373732.517647
gas-ct,p106,2050,303302.117647
gas-ct,p107,2010,1170624.6957
gas-ct,p107,2015,1373502.16163
gas-ct,p107,2020,1552483.550442
gas-ct,p107,2023,908502.411658
gas-ct,p107,2026,876175.2
gas-ct,p107,2029,876175.2
gas-ct,p107,2032,876175.2
gas-ct,p107,2035,876175.2
gas-ct,p107,2038,876175.2
gas-ct,p107,2041,876175.2
gas-ct,p107,2044,876175.2
gas-ct,p107,2047,798386.4
gas-ct,p107,2050,798386.4
gas-ct,p108,2010,30484.8
gas-ct,p108,2015,30484.8
gas-ct,p108,2020,30484.8
gas-ct,p108,2023,1396017.653289
gas-ct,p108,2026,378957.6
gas-ct,p108,2029,378957.6
gas-ct,p108,2032,348472.8
gas-ct,p108,2035,348472.8
gas-ct,p108,2038,348472.8
gas-ct,p108,2041,348472.8
gas-ct,p108,2044,348472.8
gas-ct,p108,2047,348472.8
gas-ct,p108,2050,348472.8
gas-ct,p109,2010,9367262.728488
gas-ct,p109,2015,3047199.148714
gas-ct,p109,2020,2327166.660366
gas-ct,p109,2023,1961335.320049
gas-ct,p109,2026,1754978.4
gas-ct,p109,2029,1754978.4
gas-ct,p109,2032,7234161.325844
gas-ct,p109,2035,7550557.226478
gas-ct,p109,2038,7550557.226478
gas-ct,p109,2041,7550557.226478
gas-ct,p109,2044,7550557.226478
gas-ct,p109,2047,7550557.226478
gas-ct,p109,2050,7359764.426478
gas-ct,p11,2010,2445908.16696
gas-ct,p11,2015,305794.08
gas-ct,p11,2020,749347.92
gas-ct,p11,2023,1851135.951591
gas-ct,p11,2026,1181965.965665
gas-ct,p11,2029,1181965.965665
gas-ct,p11,2032,1181965.965665
gas-ct,p11,2035,1181965.965665
gas-ct,p11,2038,1181965.965665
gas-ct,p11,2041,1181965.965665
gas-ct,p11,2044,1181965.965665
gas-ct,p11,2047,1181965.965665
gas-ct,p11,2050,1181965.965665
gas-ct,p110,2010,1690888.478871
gas-ct,p110,2015,433620.0
gas-ct,p110,2020,433620.0
gas-ct,p110,2023,433620.0
gas-ct,p110,2026,433620.0
gas-ct,p110,2029,433620.0
gas-ct,p110,2032,751003.781546
gas-ct,p110,2035,1169402.557479
gas-ct,p110,2038,1347625.619522
gas-ct,p110,2041,1347625.619522
gas-ct,p110,2044,1347625.619522
gas-ct,p110,2047,1347625.619522
gas-ct,p110,2050,1347625.619522
gas-ct,p111,2010,1460060.7738
gas-ct,p111,2015,3106620.580961
gas-ct,p111,2020,2676401.144834
gas-ct,p111,2023,1091897.723498
gas-ct,p111,2026,653320.8
gas-ct,p111,2029,653320.8
gas-ct,p111,2032,653320.8
gas-ct,p111,2035,632191.68
gas-ct,p111,2038,632191.68
gas-ct,p111,2041,632191.68
gas-ct,p111,2044,632191.68
gas-ct,p111,2047,631718.64
gas-ct,p111,2050,631718.64
gas-ct,p112,2010,2293991.375872
gas-ct,p112,2015,1982731.5348
gas-ct,p112,2020,1554918.093384
gas-ct,p112,2023,1325458.08
gas-ct,p112,2026,1325458.08
gas-ct,p112,2029,1325458.08
gas-ct,p112,2032,1388343.726045
gas-ct,p112,2035,1368108.126045
gas-ct,p112,2038,1368108.126045
gas-ct,p112,2041,1368108.126045
gas-ct,p112,2044,1361538.126045
gas-ct,p112,2047,1353496.446045
gas-ct,p112,2050,1353496.446045
gas-ct,p113,2010,410724.4302
gas-ct,p113,2015,393674.4
gas-ct,p113,2020,393674.4
gas-ct,p113,2023,393674.4
gas-ct,p113,2026,426278.304743
gas-ct,p113,2029,426278.304743
gas-ct,p113,2032,463146.352941
gas-ct,p113,2035,383307.712941
gas-ct,p113,2038,383307.712941
gas-ct,p113,2041,383307.712941
gas-ct,p113,2044,383307.712941
gas-ct,p113,2047,383307.712941
gas-ct,p113,2050,335478.112941
gas-ct,p114,2010,640811.52
gas-ct,p114,2015,640811.52
gas-ct,p114,2020,640811.52
gas-ct,p114,2023,640811.52
gas-ct,p114,2026,634504.32
gas-ct,p114,2029,634504.32
gas-ct,p114,2032,744925.166619
gas-ct,p114,2035,673338.446619
gas-ct,p114,2038,673338.446619
gas-ct,p114,2041,673338.446619
gas-ct,p114,2044,673338.446619
gas-ct,p114,2047,464149.646619
gas-ct,p114,2050,423152.846619
gas-ct,p115,2010,2975400.158683
gas-ct,p115,2015,553489.0254
gas-ct,p115,2020,456536.16
gas-ct,p115,2023,468099.36
gas-ct,p115,2026,468099.36
gas-ct,p115,2029,468099.36
gas-ct,p115,2032,522406.550626
gas-ct,p115,2035,526348.51902
gas-ct,p115,2038,526348.51902
gas-ct,p115,2041,526348.51902
gas-ct,p115,2044,526348.51902
gas-ct,p115,2047,526348.51902
gas-ct,p115,2050,526348.51902
gas-ct,p116,2010,1569992.9085
gas-ct,p116,2015,651249.6093
gas-ct,p116,2020,564905.106426
gas-ct,p116,2023,464602.7592
gas-ct,p116,2026,179282.16
gas-ct,p116,2029,179282.16
gas-ct,p116,2032,179282.16
gas-ct,p116,2035,179282.16
gas-ct,p116,2038,179282.16
gas-ct,p116,2041,179282.16
gas-ct,p116,2044,179282.16
gas-ct,p116,2047,179282.16
gas-ct,p116,2050,179282.16
gas-ct,p117,2010,2806084.849535
gas-ct,p117,2015,641439.892137
gas-ct,p117,2020,1116547.590546
gas-ct,p117,2023,570476.104496
gas-ct,p117,2026,394200.0
gas-ct,p117,2029,394200.0
gas-ct,p117,2032,462382.066811
gas-ct,p117,2035,463764.705882
gas-ct,p117,2038,463764.705882
gas-ct,p117,2041,463764.705882
gas-ct,p117,2044,463764.705882
gas-ct,p117,2047,463764.705882
gas-ct,p117,2050,463764.705882
gas-ct,p118,2010,1052587.772181
gas-ct,p118,2015,191155.209
gas-ct,p118,2020,214021.923
gas-ct,p118,2023,176076.0
gas-ct,p118,2026,176076.0
gas-ct,p118,2029,176076.0
gas-ct,p118,2032,176076.0
gas-ct,p118,2035,176076.0
gas-ct,p118,2038,176076.0
gas-ct,p118,2041,176076.0
gas-ct,p118,2044,176076.0
gas-ct,p12,2010,69694.56
gas-ct,p12,2015,69694.56
gas-ct,p12,2020,69694.56
gas-ct,p12,2023,69694.56
gas-ct,p12,2026,69694.56
gas-ct,p12,2029,186155.450417
gas-ct,p12,2032,186155.450417
gas-ct,p12,2035,186155.450417
gas-ct,p12,2038,186155.450417
gas-ct,p12,2041,186155.450417
gas-ct,p12,2044,186155.450417
gas-ct,p12,2047,186155.450417
gas-ct,p12,2050,116460.890417
gas-ct,p120,2010,161095.2591
gas-ct,p120,2015,97859.511067
gas-ct,p120,2020,68485.68
gas-ct,p120,2023,68485.68
gas-ct,p120,2026,76914.129307
gas-ct,p120,2029,76914.129307
gas-ct,p120,2032,80571.388235
gas-ct,p120,2035,78363.868235
gas-ct,p120,2038,78363.868235
gas-ct,p120,2041,78363.868235
gas-ct,p120,2044,78363.868235
gas-ct,p120,2047,78363.868235
gas-ct,p120,2050,78363.868235
gas-ct,p121,2032,4122441.981925
gas-ct,p121,2035,4122441.981925
gas-ct,p121,2038,4122441.981925
gas-ct,p121,2041,4122441.981925
gas-ct,p121,2044,4122441.981925
gas-ct,p121,2047,4122441.981925
gas-ct,p121,2050,4122441.981925
gas-ct,p123,2010,2086634.320926
gas-ct,p123,2015,975408.48
gas-ct,p123,2020,854257.68
gas-ct,p123,2023,854257.68
gas-ct,p123,2026,905582.832903
gas-ct,p123,2029,905582.832903
gas-ct,p123,2032,1019125.906039
gas-ct,p123,2035,3524965.670332
gas-ct,p123,2038,3798136.952455
gas-ct,p123,2041,5138660.876572
gas-ct,p123,2044,5138660.876572
gas-ct,p123,2047,4776522.476572
gas-ct,p123,2050,4703464.076572
gas-ct,p125,2010,494911.158878
gas-ct,p125,2015,96710.4
gas-ct,p125,2020,96710.4
gas-ct,p125,2023,96710.4
gas-ct,p125,2026,96710.4
gas-ct,p125,2029,96710.4
gas-ct,p125,2032,96710.4
gas-ct,p125,2035,96710.4
gas-ct,p125,2038,96710.4
gas-ct,p125,2041,96710.4
gas-ct,p125,2044,96710.4
gas-ct,p125,2047,74635.2
gas-ct,p125,2050,74635.2
gas-ct,p126,2010,3581974.446628
gas-ct,p126,2015,1492704.0
gas-ct,p126,2020,1558877.04
gas-ct,p126,2023,1519141.68
gas-ct,p126,2026,1445294.88
gas-ct,p126,2029,1338300.24
gas-ct,p126,2032,1338300.24
gas-ct,p126,2035,1338300.24
gas-ct,p126,2038,4948755.53961
gas-ct,p126,2041,7765003.665813
gas-ct,p126,2044,7730839.665813
gas-ct,p126,2047,7639490.385813
gas-ct,p126,2050,7551084.465813
gas-ct,p127,2010,1200628.08
gas-ct,p127,2015,1201574.16
gas-ct,p127,2020,1171457.28
gas-ct,p127,2023,819042.48
gas-ct,p127,2026,651165.84
gas-ct,p127,2029,453960.72
gas-ct,p127,2032,453960.72
gas-ct,p127,2035,431570.16
gas-ct,p127,2038,431570.16
gas-ct,p128,2010,441293.76
gas-ct,p128,2015,441293.76
gas-ct,p128,2020,441293.76
gas-ct,p128,2023,441293.76
gas-ct,p128,2026,380247.611122
gas-ct,p128,2029,377356.811122
gas-ct,p128,2032,377356.811122
gas-ct,p128,2035,306032.891122
gas-ct,p128,2038,306032.891122
gas-ct,p13,2010,549252.0
gas-ct,p13,2015,549252.0
gas-ct,p13,2020,878006.054027
gas-ct,p13,2023,549252.0
gas-ct,p13,2026,782618.4
gas-ct,p13,2029,753710.4
gas-ct,p13,2032,753710.4
gas-ct,p13,2035,753710.4
gas-ct,p13,2038,753710.4
gas-ct,p13,2041,753710.4
gas-ct,p13,2044,753710.4
gas-ct,p13,2047,637027.2
gas-ct,p13,2050,599184.0
gas-ct,p130,2041,2843.845079
gas-ct,p130,2044,5283.968215
gas-ct,p130,2047,5283.968215
gas-ct,p130,2050,307318.003804
gas-ct,p131,2010,135709.92
gas-ct,p131,2015,135709.92
gas-ct,p131,2020,409232.16
gas-ct,p131,2023,407287.44
gas-ct,p131,2026,398877.84
gas-ct,p131,2029,396302.4
gas-ct,p131,2032,394305.12
gas-ct,p131,2035,390520.8
gas-ct,p131,2038,389259.36
gas-ct,p131,2041,387997.92
gas-ct,p131,2044,1086735.449643
gas-ct,p131,2047,2563820.020029
gas-ct,p131,2050,3429381.020013
gas-ct,p132,2010,824474.705715
gas-ct,p132,2015,211869.36
gas-ct,p132,2020,261643.68
gas-ct,p132,2023,261643.68
gas-ct,p132,2026,261643.68
gas-ct,p132,2029,261643.68
gas-ct,p132,2032,261643.68
gas-ct,p132,2035,261643.68
gas-ct,p132,2038,261643.68
gas-ct,p132,2041,2240290.268318
gas-ct,p132,2044,2240290.268318
gas-ct,p132,2047,2240290.268318
gas-ct,p132,2050,2273240.990552
gas-ct,p133,2041,225466.773928
gas-ct,p133,2044,225466.773928
gas-ct,p133,2047,331551.135181
gas-ct,p133,2050,810137.784566
gas-ct,p134,2010,93556.8
gas-ct,p134,2015,93556.8
gas-ct,p134,2020,93556.8
gas-ct,p134,2023,93556.8
gas-ct,p134,2026,104177.753795
gas-ct,p134,2029,104177.753795
gas-ct,p134,2032,104177.753795
gas-ct,p134,2035,108917.150167
gas-ct,p134,2038,125702.151327
gas-ct,p134,2041,125702.151327
gas-ct,p134,2044,125702.151327
gas-ct,p134,2047,202534.668801
gas-ct,p134,2050,466069.971358
gas-ct,p14,2010,69379.2
gas-ct,p14,2015,69379.2
gas-ct,p14,2020,69379.2
gas-ct,p14,2023,69379.2
gas-ct,p14,2026,74445.813971
gas-ct,p14,2029,74445.813971
gas-ct,p14,2032,83015.982553
gas-ct,p14,2035,83982.902135
gas-ct,p14,2038,83982.902135
gas-ct,p14,2041,83982.902135
gas-ct,p14,2044,83982.902135
gas-ct,p14,2047,84395.320039
gas-ct,p14,2050,84281.158506
gas-ct,p15,2010,229739.76
gas-ct,p15,2015,229739.76
gas-ct,p15,2020,229739.76
gas-ct,p15,2023,229739.76
gas-ct,p15,2026,230326.944683
gas-ct,p15,2029,230326.944683
gas-ct,p15,2032,283178.047275
gas-ct,p15,2035,283178.047275
gas-ct,p15,2038,283178.047275
gas-ct,p15,2041,283178.047275
gas-ct,p15,2044,283178.047275
gas-ct,p15,2047,283178.047275
gas-ct,p15,2050,285662.180749
gas-ct,p16,2026,9198.0
gas-ct,p16,2029,140160.0
gas-ct,p16,2032,140160.0
gas-ct,p16,2035,140160.0
gas-ct,p16,2038,140160.0
gas-ct,p16,2041,140160.0
gas-ct,p16,2044,140160.0
gas-ct,p16,2047,140160.0
gas-ct,p16,2050,140160.0
gas-ct,p17,2010,28382.4
gas-ct,p17,2015,97919.28
gas-ct,p17,2020,97919.28
gas-ct,p17,2023,97919.28
gas-ct,p17,2026,97919.28
gas-ct,p17,2029,150479.28
gas-ct,p17,2032,150479.28
gas-ct,p17,2035,150479.28
gas-ct,p17,2038,150479.28
gas-ct,p17,2041,150479.28
gas-ct,p17,2044,150479.28
gas-ct,p17,2047,150479.28
gas-ct,p17,2050,150479.28
gas-ct,p18,2029,56764.8
gas-ct,p18,2032,352189.430234
gas-ct,p18,2035,352189.430234
gas-ct,p18,2038,352189.430234
gas-ct,p18,2041,352189.430234
gas-ct,p18,2044,352189.430234
gas-ct,p18,2047,419094.046035
gas-ct,p18,2050,477564.190685
gas-ct,p2,2029,100214.4
gas-ct,p2,2032,100214.4
gas-ct,p2,2035,100214.4
gas-ct,p2,2038,100214.4
gas-ct,p2,2041,100214.4
gas-ct,p2,2044,182995.679152
gas-ct,p2,2047,100214.4
gas-ct,p2,2050,100214.4
gas-ct,p20,2026,87039.36
gas-ct,p20,2029,87039.36
gas-ct,p20,2032,441345.283225
gas-ct,p20,2035,441345.283225
gas-ct,p20,2038,441345.283225
gas-ct,p20,2041,441345.283225
gas-ct,p20,2044,441345.283225
gas-ct,p20,2047,441345.283225
gas-ct,p20,2050,441345.283225
gas-ct,p21,2047,170313.064214
gas-ct,p21,2050,269361.425198
gas-ct,p22,2010,7884.0
gas-ct,p22,2015,7884.0
gas-ct,p22,2020,7884.0
gas-ct,p22,2023,5256.0
gas-ct,p22,2026,5256.0
gas-ct,p22,2029,5256.0
gas-ct,p22,2032,7579.933884
gas-ct,p22,2035,7579.933884
gas-ct,p22,2038,7579.933884
gas-ct,p22,2041,7579.933884
gas-ct,p22,2044,7579.933884
gas-ct,p22,2047,7579.933884
gas-ct,p22,2050,9792.912821
gas-ct,p23,2010,51508.8
gas-ct,p23,2015,51508.8
gas-ct,p23,2020,51508.8
gas-ct,p23,2023,51508.8
gas-ct,p23,2026,51508.8
gas-ct,p23,2029,51508.8
gas-ct,p23,2032,81529.504493
gas-ct,p23,2035,81529.504493
gas-ct,p23,2038,81529.504493
gas-ct,p23,2041,81529.504493
gas-ct,p23,2044,81529.504493
gas-ct,p23,2047,81529.504493
gas-ct,p23,2050,81529.504493
gas-ct,p24,2015,19447.2
gas-ct,p24,2020,19447.2
gas-ct,p24,2023,19447.2
gas-ct,p24,2026,19447.2
gas-ct,p24,2029,19447.2
gas-ct,p24,2032,19447.2
gas-ct,p24,2035,19447.2
gas-ct,p24,2038,19447.2
gas-ct,p24,2041,19447.2
gas-ct,p24,2044,19447.2
gas-ct,p24,2047,19447.2
gas-ct,p24,2050,19447.2
gas-ct,p25,2010,249239.52
gas-ct,p25,2015,260277.12
gas-ct,p25,2020,276570.72
gas-ct,p25,2023,279198.72
gas-ct,p25,2026,295019.28
gas-ct,p25,2029,463125.054718
gas-ct,p25,2032,402102.894718
gas-ct,p25,2035,402102.894718
gas-ct,p25,2038,402102.894718
gas-ct,p25,2041,395848.254718
gas-ct,p25,2044,393115.134718
gas-ct,p25,2047,711884.584113
gas-ct,p25,2050,1036035.914953
gas-ct,p26,2010,7834.4592
gas-ct,p26,2015,7410.96
gas-ct,p26,2020,8263.442429
gas-ct,p26,2023,8777.52
gas-ct,p26,2026,9933.84
gas-ct,p26,2029,9933.84
gas-ct,p26,2032,9933.84
gas-ct,p26,2035,9933.84
gas-ct,p26,2038,9933.84
gas-ct,p26,2041,9933.84
gas-ct,p26,2044,14340.740157
gas-ct,p26,2047,55322.296223
gas-ct,p26,2050,82820.951923
gas-ct,p27,2010,211062.273176
gas-ct,p27,2015,47304.0
gas-ct,p27,2020,218200.785206
gas-ct,p27,2023,47304.0
gas-ct,p27,2026,47304.0
gas-ct,p27,2029,47304.0
gas-ct,p27,2032,47304.0
gas-ct,p27,2035,47304.0
gas-ct,p27,2038,47304.0
gas-ct,p27,2041,47304.0
gas-ct,p27,2044,47304.0
gas-ct,p27,2047,47304.0
gas-ct,p27,2050,47304.0
gas-ct,p3,2010,39840.48
gas-ct,p3,2015,39840.48
gas-ct,p3,2020,89776.042733
gas-ct,p3,2023,39840.48
gas-ct,p3,2026,39840.48
gas-ct,p3,2029,39928.08
gas-ct,p3,2032,40528.632652
gas-ct,p3,2035,17027.738605
gas-ct,p3,2038,17027.738605
gas-ct,p3,2041,17027.738605
gas-ct,p3,2044,17027.738605
gas-ct,p3,2047,17027.738605
gas-ct,p3,2050,17027.738605
gas-ct,p31,2010,286872.48
gas-ct,p31,2015,351521.28
gas-ct,p31,2020,659236.326824
gas-ct,p31,2023,342586.08
gas-ct,p31,2026,342586.08
gas-ct,p31,2029,384637.160381
gas-ct,p31,2032,384637.160381
gas-ct,p31,2035,382955.240381
gas-ct,p31,2038,382955.240381
gas-ct,p31,2041,382955.240381
gas-ct,p31,2044,382955.240381
gas-ct,p31,2047,382955.240381
gas-ct,p31,2050,382955.240381
gas-ct,p32,2010,53611.2
gas-ct,p32,2015,53611.2
gas-ct,p32,2020,53611.2
gas-ct,p32,2023,53611.2
gas-ct,p32,2026,53611.2
gas-ct,p32,2029,53611.2
gas-ct,p32,2032,46703.671063
gas-ct,p32,2035,28833.271063
gas-ct,p32,2038,28833.271063
gas-ct,p32,2041,28833.271063
gas-ct,p32,2044,28833.271063
gas-ct,p32,2047,28833.271063
gas-ct,p32,2050,28833.271063
gas-ct,p33,2010,1079267.04
gas-ct,p33,2015,1079267.04
gas-ct,p33,2020,1079267.04
gas-ct,p33,2023,1081369.44
gas-ct,p33,2026,1075167.36
gas-ct,p33,2029,1187365.44
gas-ct,p33,2032,1228365.039628
gas-ct,p33,2035,1264654.050651
gas-ct,p33,2038,1289751.810996
gas-ct,p33,2041,1862818.681703
gas-ct,p33,2044,1862818.681703
gas-ct,p33,2047,2397639.794709
gas-ct,p33,2050,3335743.817522
gas-ct,p34,2010,242564.4
gas-ct,p34,2015,337172.4
gas-ct,p34,2020,425813.997476
gas-ct,p34,2023,437036.4
gas-ct,p34,2026,422845.2
gas-ct,p34,2029,422845.2
gas-ct,p34,2032,422845.2
gas-ct,p34,2035,419428.8
gas-ct,p34,2038,419428.8
gas-ct,p34,2041,419428.8
gas-ct,p34,2044,419428.8
gas-ct,p34,2047,419428.8
gas-ct,p34,2050,488029.924659
gas-ct,p35,2010,159159.979715
gas-ct,p35,2015,96447.6
gas-ct,p35,2020,106013.52
gas-ct,p35,2023,106013.52
gas-ct,p35,2026,106013.52
gas-ct,p35,2029,93609.36
gas-ct,p35,2032,93609.36
gas-ct,p35,2035,77792.226045
gas-ct,p35,2038,85337.263217
gas-ct,p35,2041,85337.263217
gas-ct,p35,2044,85337.263217
gas-ct,p35,2047,85337.263217
gas-ct,p35,2050,85337.263217
gas-ct,p36,2015,175550.4
gas-ct,p36,2020,273732.48
gas-ct,p36,2023,294756.48
gas-ct,p36,2026,619892.64
gas-ct,p36,2029,619892.64
gas-ct,p36,2032,619892.64
gas-ct,p36,2035,619892.64
gas-ct,p36,2038,619892.64
gas-ct,p36,2041,619892.64
gas-ct,p36,2044,619892.64
gas-ct,p36,2047,619892.64
gas-ct,p36,2050,619892.64
gas-ct,p37,2032,175085.51942
gas-ct,p37,2035,720176.788429
gas-ct,p37,2038,834285.148018
gas-ct,p37,2041,834285.148018
gas-ct,p37,2044,834285.148018
gas-ct,p37,2047,834285.148018
gas-ct,p37,2050,834285.148018
gas-ct,p38,2010,578157.357806
gas-ct,p38,2015,307318.32
gas-ct,p38,2020,307318.32
gas-ct,p38,2023,458112.96
gas-ct,p38,2026,355095.36
gas-ct,p38,2029,353939.04
gas-ct,p38,2032,792847.816851
gas-ct,p38,2035,792847.816851
gas-ct,p38,2038,792847.816851
gas-ct,p38,2041,792847.816851
gas-ct,p38,2044,792847.816851
gas-ct,p38,2047,792847.816851
gas-ct,p38,2050,792847.816851
gas-ct,p39,2010,1839.6
gas-ct,p39,2015,1839.6
gas-ct,p39,2020,1839.6
gas-ct,p39,2023,1839.6
gas-ct,p39,2026,1839.6
gas-ct,p39,2029,1839.6
gas-ct,p39,2032,98881.044277
gas-ct,p39,2035,97041.444277
gas-ct,p39,2038,97041.444277
gas-ct,p39,2041,97041.444277
gas-ct,p39,2044,97041.444277
gas-ct,p39,2047,97041.444277
gas-ct,p39,2050,97041.444277
gas-ct,p4,2029,140160.0
gas-ct,p4,2032,140160.0
gas-ct,p4,2035,213507.829183
gas-ct,p4,2038,505512.645585
gas-ct,p4,2041,505512.645585
gas-ct,p4,2044,505512.645585
gas-ct,p4,2047,505512.645585
gas-ct,p4,2050,505512.645585
gas-ct,p40,2010,73110.96
gas-ct,p40,2015,73110.96
gas-ct,p40,2020,73110.96
gas-ct,p40,2023,73110.96
gas-ct,p40,2026,73110.96
gas-ct,p40,2029,69578.112882
gas-ct,p40,2032,274406.794846
gas-ct,p40,2035,253172.554846
gas-ct,p40,2038,253172.554846
gas-ct,p40,2041,253172.554846
gas-ct,p40,2044,253172.554846
gas-ct,p40,2047,252594.394846
gas-ct,p40,2050,252594.394846
gas-ct,p41,2010,706195.54034
gas-ct,p41,2015,564179.04
gas-ct,p41,2020,569067.12
gas-ct,p41,2023,569067.12
gas-ct,p41,2026,879066.0
gas-ct,p41,2029,795916.08
gas-ct,p41,2032,1715720.059865
gas-ct,p41,2035,1862429.112629
gas-ct,p41,2038,1931020.664011
gas-ct,p41,2041,2097803.415694
gas-ct,p41,2044,2097803.415694
gas-ct,p41,2047,2097803.415694
gas-ct,p41,2050,2096541.975694
gas-ct,p42,2010,94478.057586
gas-ct,p42,2015,22232.88
gas-ct,p42,2020,47758.6881
gas-ct,p42,2023,52253.7399
gas-ct,p42,2026,22232.88
gas-ct,p42,2029,22232.88
gas-ct,p42,2032,22232.88
gas-ct,p42,2035,22232.88
gas-ct,p42,2038,37533.586738
gas-ct,p42,2041,37533.586738
gas-ct,p42,2044,37533.586738
gas-ct,p42,2047,38463.485208
gas-ct,p42,2050,38463.485208
gas-ct,p43,2010,1463640.8001
gas-ct,p43,2015,744564.96
gas-ct,p43,2020,941875.2
gas-ct,p43,2023,978801.211571
gas-ct,p43,2026,811684.08
gas-ct,p43,2029,806375.52
gas-ct,p43,2032,2551271.046748
gas-ct,p43,2035,4218010.803191
gas-ct,p43,2038,6407011.590464
gas-ct,p43,2041,7147915.32478
gas-ct,p43,2044,7147915.32478
gas-ct,p43,2047,7294586.509973
gas-ct,p43,2050,7593538.227287
gas-ct,p44,2010,10288.998
gas-ct,p44,2015,3153.6
gas-ct,p44,2020,3153.6
gas-ct,p44,2023,3153.6
gas-ct,p44,2026,3153.6
gas-ct,p45,2010,359766.165729
gas-ct,p45,2015,120152.16
gas-ct,p45,2020,148382.34001
gas-ct,p45,2023,124523.889
gas-ct,p45,2026,120152.16
gas-ct,p45,2029,120152.16
gas-ct,p45,2032,1386307.642613
gas-ct,p45,2035,1379737.642613
gas-ct,p45,2038,1399290.950698
gas-ct,p45,2041,1399290.950698
gas-ct,p45,2044,1399290.950698
gas-ct,p45,2047,1399290.950698
gas-ct,p45,2050,1510146.217854
gas-ct,p46,2010,141071.04
gas-ct,p46,2015,141071.04
gas-ct,p46,2020,141071.04
gas-ct,p46,2023,141071.04
gas-ct,p46,2026,160570.8
gas-ct,p46,2029,158994.0
gas-ct,p46,2032,943482.160604
gas-ct,p46,2035,942378.400604
gas-ct,p46,2038,993386.627961
gas-ct,p46,2041,993386.627961
gas-ct,p46,2044,991809.827961
gas-ct,p46,2047,991809.827961
gas-ct,p46,2050,991809.827961
gas-ct,p47,2010,146116.8
gas-ct,p47,2015,168980.4
gas-ct,p47,2020,168980.4
gas-ct,p47,2023,168980.4
gas-ct,p47,2026,131662.8
gas-ct,p47,2029,131662.8
gas-ct,p47,2032,131662.8
gas-ct,p47,2035,131662.8
gas-ct,p47,2038,131662.8
gas-ct,p47,2041,22863.6
gas-ct,p47,2044,22863.6
gas-ct,p47,2047,22863.6
gas-ct,p47,2050,22863.6
gas-ct,p48,2010,299434.32
gas-ct,p48,2015,746089.2
gas-ct,p48,2020,949654.08
gas-ct,p48,2023,949654.08
gas-ct,p48,2026,941244.48
gas-ct,p48,2029,581096.965317
gas-ct,p48,2032,581096.965317
gas-ct,p48,2035,581096.965317
gas-ct,p48,2038,581096.965317
gas-ct,p48,2041,581096.965317
gas-ct,p48,2044,581096.965317
gas-ct,p48,2047,585033.584606
gas-ct,p48,2050,638013.385638
gas-ct,p5,2010,17765.28
gas-ct,p5,2015,138232.8
gas-ct,p5,2020,593855.935482
gas-ct,p5,2023,133081.92
gas-ct,p5,2026,133081.92
gas-ct,p5,2029,133081.92
gas-ct,p5,2032,133081.92
gas-ct,p5,2035,133081.92
gas-ct,p5,2038,133081.92
gas-ct,p5,2041,133081.92
gas-ct,p5,2044,276339.95122
gas-ct,p5,2047,133081.92
gas-ct,p5,2050,133081.92
gas-ct,p50,2010,1172178.876951
gas-ct,p50,2015,595242.0
gas-ct,p50,2020,2012195.688893
gas-ct,p50,2023,2038927.295451
gas-ct,p50,2026,1066810.32
gas-ct,p50,2029,649904.4
gas-ct,p50,2032,882698.514181
gas-ct,p50,2035,879439.794181
gas-ct,p50,2038,879439.794181
gas-ct,p50,2041,879439.794181
gas-ct,p50,2044,879439.794181
gas-ct,p50,2047,879439.794181
gas-ct,p50,2050,1170448.598544
gas-ct,p51,2010,355108.534993
gas-ct,p51,2015,83044.8
gas-ct,p51,2020,219250.857096
gas-ct,p51,2023,214298.694911
gas-ct,p51,2026,304848.0
gas-ct,p51,2029,304848.0
gas-ct,p51,2032,304848.0
gas-ct,p51,2035,304848.0
gas-ct,p51,2038,304848.0
gas-ct,p51,2041,304848.0
gas-ct,p51,2044,304848.0
gas-ct,p51,2047,304848.0
gas-ct,p51,2050,304848.0
gas-ct,p52,2010,81362.88
gas-ct,p52,2015,151477.92
gas-ct,p52,2020,151477.92
gas-ct,p52,2023,151477.92
gas-ct,p52,2026,150531.84
gas-ct,p52,2029,150531.84
gas-ct,p52,2032,118102.32
gas-ct,p52,2035,71376.48
gas-ct,p52,2038,71376.48
gas-ct,p52,2041,71376.48
gas-ct,p52,2044,71376.48
gas-ct,p52,2047,71376.48
gas-ct,p52,2050,70956.0
gas-ct,p53,2010,1812237.561049
gas-ct,p53,2015,1247196.24
gas-ct,p53,2020,1288403.28
gas-ct,p53,2023,1284198.48
gas-ct,p53,2026,1277891.28
gas-ct,p53,2029,1009992.96
gas-ct,p53,2032,1510786.842948
gas-ct,p53,2035,1464586.602948
gas-ct,p53,2038,1458910.122948
gas-ct,p53,2041,1457648.682948
gas-ct,p53,2044,1439252.682948
gas-ct,p53,2047,1977393.759544
gas-ct,p53,2050,1966408.719544
gas-ct,p54,2010,804535.92
gas-ct,p54,2015,804535.92
gas-ct,p54,2020,786875.76
gas-ct,p54,2023,786875.76
gas-ct,p54,2026,786875.76
gas-ct,p54,2029,721701.36
gas-ct,p54,2032,783330.541391
gas-ct,p54,2035,1505493.863794
gas-ct,p54,2038,1469647.943794
gas-ct,p54,2041,1644176.698172
gas-ct,p54,2044,1644176.698172
gas-ct,p54,2047,1640865.418172
gas-ct,p54,2050,1724457.904945
gas-ct,p55,2010,454759.058299
gas-ct,p55,2015,373701.6
gas-ct,p55,2020,373701.6
gas-ct,p55,2023,373701.6
gas-ct,p55,2026,373701.6
gas-ct,p55,2029,128772.0
gas-ct,p55,2032,151320.557647
gas-ct,p55,2035,510716.320308
gas-ct,p55,2038,510716.320308
gas-ct,p55,2041,510716.320308
gas-ct,p55,2044,471296.320308
gas-ct,p55,2047,429248.320308
gas-ct,p55,2050,381944.320308
gas-ct,p56,2010,852685.529369
gas-ct,p56,2015,377977.494226
gas-ct,p56,2020,696776.559554
gas-ct,p56,2023,786814.089405
gas-ct,p56,2026,234943.2
gas-ct,p56,2029,234943.2
gas-ct,p56,2032,308194.314665
gas-ct,p56,2035,308194.314665
gas-ct,p56,2038,308194.314665
gas-ct,p56,2041,308194.314665
gas-ct,p56,2044,308194.314665
gas-ct,p56,2047,308194.314665
gas-ct,p56,2050,308194.314665
gas-ct,p58,2010,1135171.341157
gas-ct,p58,2015,538477.2
gas-ct,p58,2020,2092882.150901
gas-ct,p58,2023,2196856.937392
gas-ct,p58,2026,896432.9131
gas-ct,p58,2029,831394.08
gas-ct,p58,2032,831394.08
gas-ct,p58,2035,831394.08
gas-ct,p58,2038,831394.08
gas-ct,p58,2041,831394.08
gas-ct,p58,2044,831394.08
gas-ct,p58,2047,831394.08
gas-ct,p58,2050,831394.08
gas-ct,p59,2010,132806.86629
gas-ct,p59,2015,1217612.896676
gas-ct,p59,2020,2773344.419304
gas-ct,p59,2023,4058714.943106
gas-ct,p59,2026,337855.68
gas-ct,p59,2029,337855.68
gas-ct,p59,2032,304742.88
gas-ct,p59,2035,304742.88
gas-ct,p59,2038,304742.88
gas-ct,p59,2041,304742.88
gas-ct,p59,2044,304742.88
gas-ct,p59,2047,304742.88
gas-ct,p59,2050,304742.88
gas-ct,p6,2010,81010.635912
gas-ct,p6,2015,52560.0
gas-ct,p6,2020,255418.814906
gas-ct,p6,2023,52560.0
gas-ct,p6,2026,52560.0
gas-ct,p6,2029,52560.0
gas-ct,p6,2032,52560.0
gas-ct,p6,2035,52560.0
gas-ct,p6,2038,52560.0
gas-ct,p6,2041,52560.0
gas-ct,p6,2044,52560.0
gas-ct,p6,2047,52560.0
gas-ct,p6,2050,52560.0
gas-ct,p60,2038,425983.011817
gas-ct,p60,2041,1292745.152727
gas-ct,p60,2044,1292745.152727
gas-ct,p60,2047,1292745.152727
gas-ct,p60,2050,1292745.152729
gas-ct,p61,2020,3665.295565
gas-ct,p61,2023,3563.67411
gas-ct,p61,2026,59918.4
gas-ct,p61,2029,59918.4
gas-ct,p61,2032,59918.4
gas-ct,p61,2035,59918.4
gas-ct,p61,2038,686786.298857
gas-ct,p61,2041,686786.298857
gas-ct,p61,2044,686786.298857
gas-ct,p61,2047,686786.298857
gas-ct,p61,2050,686786.298857
gas-ct,p62,2010,533410.447612
gas-ct,p62,2015,1235685.873234
gas-ct,p62,2020,1182283.017636
gas-ct,p62,2023,1253396.245825
gas-ct,p62,2026,346896.0
gas-ct,p62,2029,346896.0
gas-ct,p62,2032,346896.0
gas-ct,p62,2035,346896.0
gas-ct,p62,2038,346896.0
gas-ct,p62,2041,346896.0
gas-ct,p62,2044,246506.4
gas-ct,p62,2047,178704.0
gas-ct,p62,2050,178704.0
gas-ct,p63,2010,828466.414121
gas-ct,p63,2015,674174.688489
gas-ct,p63,2020,1413061.345876
gas-ct,p63,2023,1507595.407103
gas-ct,p63,2026,657840.96
gas-ct,p63,2029,864201.022509
gas-ct,p63,2032,864201.022509
gas-ct,p63,2035,864201.022509
gas-ct,p63,2038,998859.661328
gas-ct,p63,2041,2679182.905702
gas-ct,p63,2044,2679182.905702
gas-ct,p63,2047,2535168.505702
gas-ct,p63,2050,2425843.705702
gas-ct,p64,2010,1987881.749595
gas-ct,p64,2015,1876376.255103
gas-ct,p64,2020,2186242.988797
gas-ct,p64,2023,2282165.713747
gas-ct,p64,2026,708351.12
gas-ct,p64,2029,708351.12
gas-ct,p64,2032,697313.52
gas-ct,p64,2035,697313.52
gas-ct,p64,2038,697313.52
gas-ct,p64,2041,697313.52
gas-ct,p64,2044,587988.72
gas-ct,p64,2047,587988.72
gas-ct,p64,2050,587988.72
gas-ct,p65,2010,2893235.264732
gas-ct,p65,2015,3038584.441158
gas-ct,p65,2020,5611175.376202
gas-ct,p65,2023,6753421.975613
gas-ct,p65,2026,796809.6
gas-ct,p65,2029,1580284.305379
gas-ct,p65,2032,1580284.305379
gas-ct,p65,2035,1580284.305379
gas-ct,p65,2038,1580284.305379
gas-ct,p65,2041,2951808.406184
gas-ct,p65,2044,3264557.045568
gas-ct,p65,2047,3593322.252238
gas-ct,p65,2050,4242845.344309
gas-ct,p66,2010,517406.993687
gas-ct,p66,2015,629048.147803
gas-ct,p66,2020,916106.500297
gas-ct,p66,2023,1138515.493086
gas-ct,p66,2026,206136.726619
gas-ct,p66,2029,153054.72
gas-ct,p66,2032,153054.72
gas-ct,p66,2035,153054.72
gas-ct,p66,2038,153054.72
gas-ct,p66,2041,153054.72
gas-ct,p66,2044,153054.72
gas-ct,p66,2047,153054.72
gas-ct,p66,2050,153054.72
gas-ct,p67,2010,2267962.780939
gas-ct,p67,2015,2531322.834726
gas-ct,p67,2020,5774240.475409
gas-ct,p67,2023,14899886.732192
gas-ct,p67,2026,2436261.12
gas-ct,p67,2029,2436261.12
gas-ct,p67,2032,2087788.32
gas-ct,p67,2035,2073597.12
gas-ct,p67,2038,2073597.12
gas-ct,p67,2041,2073597.12
gas-ct,p67,2044,6261646.148043
gas-ct,p67,2047,6623420.808231
gas-ct,p67,2050,6301545.477246
gas-ct,p68,2010,971654.815135
gas-ct,p68,2015,505784.88
gas-ct,p68,2020,505784.88
gas-ct,p68,2023,564291.688168
gas-ct,p68,2026,505784.88
gas-ct,p68,2029,517187.993534
gas-ct,p68,2032,517820.146988
gas-ct,p68,2035,513667.906988
gas-ct,p68,2038,566049.622628
gas-ct,p68,2041,566049.622628
gas-ct,p68,2044,566049.622628
gas-ct,p68,2047,589743.84791
gas-ct,p68,2050,603498.074874
gas-ct,p69,2010,155840.4
gas-ct,p69,2015,155840.4
gas-ct,p69,2020,155840.4
gas-ct,p69,2023,155840.4
gas-ct,p69,2026,155840.4
gas-ct,p69,2029,147430.8
gas-ct,p69,2032,138292.764459
gas-ct,p69,2035,32647.164459
gas-ct,p69,2038,32647.164459
gas-ct,p69,2041,32647.164459
gas-ct,p69,2044,32647.164459
gas-ct,p69,2047,32647.164459
gas-ct,p69,2050,32647.164459
gas-ct,p70,2010,335753.28
gas-ct,p70,2015,335753.28
gas-ct,p70,2020,335753.28
gas-ct,p70,2023,364766.4
gas-ct,p70,2026,344110.32
gas-ct,p70,2029,247562.825207
gas-ct,p70,2032,235725.511892
gas-ct,p70,2035,129922.231892
gas-ct,p70,2038,127215.503246
gas-ct,p70,2041,147837.079866
gas-ct,p70,2044,147837.079866
gas-ct,p70,2047,106787.719866
gas-ct,p70,2050,65528.119866
gas-ct,p71,2010,36450.857017
gas-ct,p71,2015,14639.4303
gas-ct,p71,2020,13770.2643
gas-ct,p71,2023,17972.490942
gas-ct,p71,2026,7253.28
gas-ct,p71,2029,7253.28
gas-ct,p71,2032,705751.935156
gas-ct,p71,2035,724006.990217
gas-ct,p71,2038,883872.010283
gas-ct,p71,2041,883872.010283
gas-ct,p71,2044,883872.010283
gas-ct,p71,2047,883872.010283
gas-ct,p71,2050,883872.010283
gas-ct,p72,2010,1511447.050307
gas-ct,p72,2015,532720.483113
gas-ct,p72,2020,528228.0
gas-ct,p72,2023,739629.542429
gas-ct,p72,2026,504576.0
gas-ct,p72,2029,496692.0
gas-ct,p72,2032,2178924.587683
gas-ct,p72,2035,2357918.069673
gas-ct,p72,2038,2395170.459406
gas-ct,p72,2041,2395170.459406
gas-ct,p72,2044,2395170.459406
gas-ct,p72,2047,2395170.459406
gas-ct,p72,2050,2395170.459406
gas-ct,p73,2015,37288.728
gas-ct,p73,2020,19864.584
gas-ct,p73,2023,29378.376
gas-ct,p73,2026,12614.4
gas-ct,p73,2029,12614.4
gas-ct,p73,2032,132610.62221
gas-ct,p73,2035,132610.62221
gas-ct,p73,2038,132610.62221
gas-ct,p73,2041,132610.62221
gas-ct,p73,2044,132610.62221
gas-ct,p73,2047,132610.62221
gas-ct,p73,2050,132610.62221
gas-ct,p74,2020,768508.954302
gas-ct,p74,2023,776094.957285
gas-ct,p74,2026,125197.92
gas-ct,p74,2029,127300.32
gas-ct,p74,2032,127300.32
gas-ct,p74,2035,127300.32
gas-ct,p74,2038,127300.32
gas-ct,p74,2041,127300.32
gas-ct,p74,2044,127300.32
gas-ct,p74,2047,127300.32
gas-ct,p74,2050,127300.32
gas-ct,p75,2010,333800.5554
gas-ct,p75,2015,291182.4
gas-ct,p75,2020,291182.4
gas-ct,p75,2023,469155.226606
gas-ct,p75,2026,307423.44
gas-ct,p75,2029,288133.92
gas-ct,p75,2032,289464.525691
gas-ct,p75,2035,289464.525691
gas-ct,p75,2038,292480.816138
gas-ct,p75,2041,292480.816138
gas-ct,p75,2044,292480.816138
gas-ct,p75,2047,294646.553197
gas-ct,p75,2050,253544.633197
gas-ct,p76,2010,937256.737463
gas-ct,p76,2015,1010097.797324
gas-ct,p76,2020,1335396.010265
gas-ct,p76,2023,1267035.944664
gas-ct,p76,2026,419323.68
gas-ct,p76,2029,419323.68
gas-ct,p76,2032,1805734.930159
gas-ct,p76,2035,1797430.450159
gas-ct,p76,2038,1797430.450159
gas-ct,p76,2041,1797430.450159
gas-ct,p76,2044,1797430.450159
gas-ct,p76,2047,1797430.450159
gas-ct,p76,2050,1668185.410159
gas-ct,p77,2010,578.16
gas-ct,p77,2015,578.16
gas-ct,p77,2020,578.16
gas-ct,p77,2023,578.16
gas-ct,p77,2026,578.16
gas-ct,p77,2029,801.858551
gas-ct,p77,2032,536574.762262
gas-ct,p77,2035,763676.542585
gas-ct,p77,2038,766105.870708
gas-ct,p77,2041,766105.870708
gas-ct,p77,2044,766105.870708
gas-ct,p77,2047,766105.870708
gas-ct,p77,2050,766105.870708
gas-ct,p78,2010,652533.557519
gas-ct,p78,2015,673478.532224
gas-ct,p78,2020,986573.048889
gas-ct,p78,2023,858848.269078
gas-ct,p78,2026,287503.2
gas-ct,p78,2029,269737.92
gas-ct,p78,2032,415405.69182
gas-ct,p78,2035,402686.17182
gas-ct,p78,2038,407535.144864
gas-ct,p78,2041,408629.463567
gas-ct,p78,2044,408629.463567
gas-ct,p78,2047,408629.463567
gas-ct,p78,2050,408629.463567
gas-ct,p79,2010,1299797.46109
gas-ct,p79,2015,1045279.221667
gas-ct,p79,2020,1254865.207717
gas-ct,p79,2023,1198294.310736
gas-ct,p79,2026,605228.4
gas-ct,p79,2029,605228.4
gas-ct,p79,2032,655363.25283
gas-ct,p79,2035,655363.25283
gas-ct,p79,2038,655363.25283
gas-ct,p79,2041,655363.25283
gas-ct,p79,2044,655363.25283
gas-ct,p79,2047,655363.25283
gas-ct,p79,2050,273252.05283
gas-ct,p8,2010,14339.354253
gas-ct,p8,2015,2943.36
gas-ct,p8,2020,2943.36
gas-ct,p8,2023,2943.36
gas-ct,p8,2026,2943.36
gas-ct,p8,2029,2943.36
gas-ct,p8,2032,11629.793461
gas-ct,p8,2035,28787.76855
gas-ct,p8,2038,39854.480846
gas-ct,p8,2041,39854.480846
gas-ct,p8,2044,39854.480846
gas-ct,p8,2047,39854.480846
gas-ct,p8,2050,39854.480846
gas-ct,p80,2010,9280669.746233
gas-ct,p80,2015,11936159.662341
gas-ct,p80,2020,15641562.040449
gas-ct,p80,2023,13805470.984326
gas-ct,p80,2026,3847129.2
gas-ct,p80,2029,3847129.2
gas-ct,p80,2032,3847129.2
gas-ct,p80,2035,3841295.04
gas-ct,p80,2038,3841295.04
gas-ct,p80,2041,3841295.04
gas-ct,p80,2044,3838667.04
gas-ct,p81,2010,1203107.652475
gas-ct,p81,2015,872548.56
gas-ct,p81,2020,1417746.081167
gas-ct,p81,2023,1073822.561279
gas-ct,p81,2026,763539.12
gas-ct,p81,2029,761226.48
gas-ct,p81,2032,752974.56
gas-ct,p81,2035,705985.92
gas-ct,p81,2038,705985.92
gas-ct,p81,2041,705985.92
gas-ct,p81,2044,705985.92
gas-ct,p82,2010,56975.04
gas-ct,p82,2015,56975.04
gas-ct,p82,2020,56975.04
gas-ct,p82,2023,56975.04
gas-ct,p82,2026,61097.766614
gas-ct,p82,2029,61192.272378
gas-ct,p82,2032,67029.458824
gas-ct,p82,2035,67029.458824
gas-ct,p82,2038,67029.458824
gas-ct,p82,2041,67029.458824
gas-ct,p82,2044,67029.458824
gas-ct,p83,2010,1846580.585281
gas-ct,p83,2015,2420922.625464
gas-ct,p83,2020,3031199.178807
gas-ct,p83,2023,2754740.459649
gas-ct,p83,2026,913930.953507
gas-ct,p83,2029,785404.08
gas-ct,p83,2032,785404.08
gas-ct,p83,2035,784720.8
gas-ct,p83,2038,784720.8
gas-ct,p83,2041,784720.8
gas-ct,p83,2044,784720.8
gas-ct,p84,2010,264115.17761
gas-ct,p84,2015,91244.16
gas-ct,p84,2020,91244.16
gas-ct,p84,2023,91244.16
gas-ct,p84,2026,91244.16
gas-ct,p84,2029,91244.16
gas-ct,p84,2032,84043.44
gas-ct,p84,2035,84043.44
gas-ct,p84,2038,84043.44
gas-ct,p84,2041,84043.44
gas-ct,p84,2044,84043.44
gas-ct,p84,2047,84043.44
gas-ct,p84,2050,84043.44
gas-ct,p85,2010,937203.435803
gas-ct,p85,2015,645094.240671
gas-ct,p85,2020,759677.693706
gas-ct,p85,2023,869151.000443
gas-ct,p85,2026,190056.96
gas-ct,p86,2010,535138.725973
gas-ct,p86,2015,403072.910443
gas-ct,p86,2020,722785.507153
gas-ct,p86,2023,721029.126758
gas-ct,p86,2026,227449.5795
gas-ct,p86,2029,43486.971484
gas-ct,p86,2032,43486.971484
gas-ct,p86,2035,43486.971484
gas-ct,p86,2038,43486.971484
gas-ct,p86,2041,43486.971484
gas-ct,p86,2044,43486.971484
gas-ct,p86,2047,43486.971484
gas-ct,p86,2050,43486.971484
gas-ct,p87,2010,1244626.958634
gas-ct,p87,2015,615071.981453
gas-ct,p87,2020,799824.976453
gas-ct,p87,2023,749803.564194
gas-ct,p87,2026,509937.12
gas-ct,p87,2029,426787.2
gas-ct,p87,2032,426787.2
gas-ct,p87,2035,426787.2
gas-ct,p87,2038,426787.2
gas-ct,p87,2041,426787.2
gas-ct,p87,2044,426787.2
gas-ct,p87,2047,426787.2
gas-ct,p87,2050,426787.2
gas-ct,p88,2010,154972.326
gas-ct,p88,2015,154105.92
gas-ct,p88,2020,154105.92
gas-ct,p88,2023,154105.92
gas-ct,p88,2026,2175575.919739
gas-ct,p88,2029,2175575.919739
gas-ct,p88,2032,2175575.919739
gas-ct,p88,2035,2175575.919739
gas-ct,p88,2038,2175575.919739
gas-ct,p88,2041,2175575.919739
gas-ct,p88,2044,2175575.919739
gas-ct,p88,2047,2175575.919739
gas-ct,p88,2050,2175575.919739
gas-ct,p89,2010,976642.3032
gas-ct,p89,2015,579841.92
gas-ct,p89,2020,579841.92
gas-ct,p89,2023,928314.72
gas-ct,p89,2026,928314.72
gas-ct,p89,2029,562691.638171
gas-ct,p89,2032,562691.638171
gas-ct,p89,2035,562691.638171
gas-ct,p89,2038,562691.638171
gas-ct,p89,2041,562691.638171
gas-ct,p89,2044,562691.638171
gas-ct,p89,2047,562691.638171
gas-ct,p89,2050,349298.038171
gas-ct,p9,2010,3847749.193324
gas-ct,p9,2015,2099614.32
gas-ct,p9,2020,2099614.32
gas-ct,p9,2023,2163317.04
gas-ct,p9,2026,2317227.0047
gas-ct,p9,2029,2305010.935975
gas-ct,p9,2032,2305010.935975
gas-ct,p9,2035,2305010.935975
gas-ct,p9,2038,2646708.506529
gas-ct,p9,2041,4215545.641011
gas-ct,p9,2044,4152263.401011
gas-ct,p9,2047,4074001.561011
gas-ct,p9,2050,4028694.841011
gas-ct,p90,2010,5082085.214542
gas-ct,p90,2015,2662541.843096
gas-ct,p90,2020,2576262.547915
gas-ct,p90,2023,1725860.035787
gas-ct,p90,2026,777362.4
gas-ct,p90,2029,485654.4
gas-ct,p90,2032,485654.4
gas-ct,p90,2035,485654.4
gas-ct,p90,2038,485654.4
gas-ct,p90,2041,485654.4
gas-ct,p90,2044,485654.4
gas-ct,p90,2047,472514.4
gas-ct,p90,2050,472514.4
gas-ct,p91,2010,6307.2
gas-ct,p91,2015,6307.2
gas-ct,p91,2020,6307.2
gas-ct,p91,2023,601232.296757
gas-ct,p91,2026,491015.52
gas-ct,p91,2029,221071.743669
gas-ct,p91,2032,221071.743669
gas-ct,p91,2035,221071.743669
gas-ct,p91,2038,221071.743669
gas-ct,p91,2041,368824.930761
gas-ct,p91,2044,368824.930761
gas-ct,p91,2047,368824.930761
gas-ct,p91,2050,368824.930761
gas-ct,p92,2010,4259437.385521
gas-ct,p92,2015,1747935.36
gas-ct,p92,2020,1747935.36
gas-ct,p92,2023,1747935.36
gas-ct,p92,2026,1351843.2
gas-ct,p92,2029,1351843.2
gas-ct,p92,2032,1078921.874348
gas-ct,p92,2035,1078921.874348
gas-ct,p92,2038,1367338.434891
gas-ct,p92,2041,1571741.184602
gas-ct,p92,2044,1571741.184602
gas-ct,p92,2047,1571741.184602
gas-ct,p92,2050,1571741.184602
gas-ct,p93,2010,1858162.159039
gas-ct,p93,2015,687142.435739
gas-ct,p93,2020,647228.310856
gas-ct,p93,2023,526988.754439
gas-ct,p93,2026,363504.96
gas-ct,p93,2029,363504.96
gas-ct,p93,2032,363504.96
gas-ct,p93,2035,363504.96
gas-ct,p93,2038,363504.96
gas-ct,p93,2041,363504.96
gas-ct,p93,2044,363504.96
gas-ct,p93,2047,363504.96
gas-ct,p93,2050,363504.96
gas-ct,p94,2010,14760480.877825
gas-ct,p94,2015,3919031.28
gas-ct,p94,2020,3919241.52
gas-ct,p94,2023,3922395.12
gas-ct,p94,2026,4142306.16
gas-ct,p94,2029,4142306.16
gas-ct,p94,2032,4142306.16
gas-ct,p94,2035,4140203.76
gas-ct,p94,2038,4708515.193184
gas-ct,p94,2041,5451653.195109
gas-ct,p94,2044,5451653.195109
gas-ct,p94,2047,5451653.195109
gas-ct,p94,2050,4949652.635109
gas-ct,p95,2010,3132587.391665
gas-ct,p95,2015,1067230.8
gas-ct,p95,2020,1073800.8
gas-ct,p95,2023,1073800.8
gas-ct,p95,2026,1073800.8
gas-ct,p95,2029,1073800.8
gas-ct,p95,2032,1073800.8
gas-ct,p95,2035,1073800.8
gas-ct,p95,2038,1073800.8
gas-ct,p95,2041,1073800.8
gas-ct,p95,2044,1161760.234076
gas-ct,p95,2047,1161760.234076
gas-ct,p95,2050,1161760.234076
gas-ct,p96,2010,430700.716403
gas-ct,p96,2015,369181.44
gas-ct,p96,2020,293757.84
gas-ct,p96,2023,241197.84
gas-ct,p96,2026,307423.44
gas-ct,p96,2029,307423.44
gas-ct,p96,2032,307423.44
gas-ct,p96,2035,286925.04
gas-ct,p96,2038,945607.273332
gas-ct,p96,2041,1893212.592199
gas-ct,p96,2044,1893212.592199
gas-ct,p96,2047,1846959.792199
gas-ct,p96,2050,1842544.752199
gas-ct,p97,2010,5160140.288926
gas-ct,p97,2015,2474649.491284
gas-ct,p97,2020,2411719.278916
gas-ct,p97,2023,2089032.647368
gas-ct,p97,2026,2232380.88
gas-ct,p97,2029,2232380.88
gas-ct,p97,2032,2232380.88
gas-ct,p97,2035,2232380.88
gas-ct,p97,2038,2934483.214926
gas-ct,p97,2041,2934483.214926
gas-ct,p97,2044,2934483.214926
gas-ct,p97,2047,2934483.214926
gas-ct,p97,2050,2476685.614926
gas-ct,p98,2010,3102146.316324
gas-ct,p98,2015,1051725.6
gas-ct,p98,2020,1095876.0
gas-ct,p98,2023,1095876.0
gas-ct,p98,2026,1152315.969955
gas-ct,p98,2029,1852302.0
gas-ct,p98,2032,1831278.0
gas-ct,p98,2035,1831278.0
gas-ct,p98,2038,2117223.237834
gas-ct,p98,2041,3654137.015664
gas-ct,p98,2044,3654137.015664
gas-ct,p98,2047,7140609.895837
gas-ct,p98,2050,7140609.895837
gas-ct,p99,2010,8612736.101372
gas-ct,p99,2015,1860624.0
gas-ct,p99,2020,2030392.8
gas-ct,p99,2023,2030392.8
gas-ct,p99,2026,2030392.8
gas-ct,p99,2029,2443602.0
gas-ct,p99,2032,2443602.0
gas-ct,p99,2035,2443602.0
gas-ct,p99,2038,2443602.0
gas-ct,p99,2041,2443602.0
gas-ct,p99,2044,2264898.0
gas-ct,z122,2010,1523497.820807
gas-ct,z122,2015,988138.838219
gas-ct,z122,2020,583469.505087
gas-ct,z122,2023,479399.76
gas-ct,z122,2026,434776.32
gas-ct,z122,2029,402189.12
gas-ct,z122,2032,402189.12
gas-ct,z122,2035,402189.12
gas-ct,z122,2038,402189.12
gas-ct,z122,2041,395881.92
gas-ct,z122,2044,364924.08
gas-ct,z122,2047,364924.08
gas-ct,z122,2050,364924.08
gas-ct,z28,2010,909550.8
gas-ct,z28,2015,1183283.28
gas-ct,z28,2020,3028037.80651
gas-ct,z28,2023,1642552.56
gas-ct,z28,2026,1727069.04
gas-ct,z28,2029,1335917.52
gas-ct,z28,2032,1266012.72
gas-ct,z28,2035,1260756.72
gas-ct,z28,2038,1260756.72
gas-ct,z28,2041,1260756.72
gas-ct,z28,2044,1239469.92001
gas-ct,z28,2047,1239469.92
gas-ct,z28,2050,1239469.92
o-g-s,p1,2010,4152.24
o-g-s,p1,2015,4152.24
o-g-s,p1,2020,4152.24
o-g-s,p1,2023,4152.24
o-g-s,p1,2026,4152.24
o-g-s,p1,2029,4152.24
o-g-s,p1,2032,1314.0
o-g-s,p10,2010,2520935.28
o-g-s,p10,2015,2529029.52
o-g-s,p10,2020,2547215.28
o-g-s,p10,2023,2061718.56
o-g-s,p10,2026,1295709.12
o-g-s,p10,2029,374700.24
o-g-s,p10,2032,363610.08
o-g-s,p10,2035,264692.16
o-g-s,p10,2038,30589.92
o-g-s,p10,2041,30589.92
o-g-s,p10,2044,30589.92
o-g-s,p10,2047,29118.24
o-g-s,p10,2050,29118.24
o-g-s,p101,2010,6487188.470547
o-g-s,p101,2015,3025998.535997
o-g-s,p101,2020,3262402.289009
o-g-s,p101,2023,2342073.6
o-g-s,p101,2026,2270066.4
o-g-s,p101,2029,1897691.854536
o-g-s,p101,2032,1750523.854536
o-g-s,p101,2035,964338.048564
o-g-s,p101,2038,964338.048564
o-g-s,p101,2041,964338.048564
o-g-s,p101,2044,926494.848564
o-g-s,p101,2047,852910.848564
o-g-s,p101,2050,835040.448564
o-g-s,p102,2010,463463.734449
o-g-s,p102,2015,336804.48
o-g-s,p102,2020,336804.48
o-g-s,p102,2023,336804.48
o-g-s,p102,2026,323138.88
o-g-s,p102,2029,353.711511
o-g-s,p102,2032,353.711511
o-g-s,p102,2035,333.831314
o-g-s,p102,2038,333.831314
o-g-s,p102,2041,333.831314
o-g-s,p102,2044,333.831314
o-g-s,p102,2047,333.831314
o-g-s,p102,2050,52.56
o-g-s,p103,2010,9573820.241896
o-g-s,p103,2015,5852360.586792
o-g-s,p103,2020,7368971.024909
o-g-s,p103,2023,5557146.538423
o-g-s,p103,2026,5351208.459955
o-g-s,p103,2029,2015465.76
o-g-s,p103,2032,2007792.0
o-g-s,p103,2035,1863935.28
o-g-s,p103,2038,1862516.16
o-g-s,p103,2041,1859099.76
o-g-s,p103,2044,2419635.740587
o-g-s,p103,2047,1966804.135548
o-g-s,p103,2050,2398151.841008
o-g-s,p105,2010,42517.992
o-g-s,p105,2015,20866.32
o-g-s,p105,2020,20866.32
o-g-s,p105,2023,20866.32
o-g-s,p105,2026,20393.28
o-g-s,p105,2029,20393.28
o-g-s,p105,2032,20393.28
o-g-s,p105,2035,10932.48
o-g-s,p105,2038,10932.48
o-g-s,p105,2041,10932.48
o-g-s,p105,2044,10932.48
o-g-s,p105,2047,946.08
o-g-s,p105,2050,946.08
o-g-s,p106,2010,2804098.000245
o-g-s,p106,2015,2258886.980266
o-g-s,p106,2020,2671419.597048
o-g-s,p106,2023,1863828.649176
o-g-s,p106,2026,349208.64
o-g-s,p106,2029,349208.64
o-g-s,p106,2032,349208.64
o-g-s,p106,2035,221487.84
o-g-s,p106,2038,221487.84
o-g-s,p106,2041,221487.84
o-g-s,p106,2044,221487.84
o-g-s,p106,2047,221487.84
o-g-s,p106,2050,1787.04
o-g-s,p107,2010,44130.72
o-g-s,p107,2015,13832.547
o-g-s,p107,2020,11731.347
o-g-s,p107,2023,5781.6
o-g-s,p107,2026,5781.6
o-g-s,p107,2029,5781.6
o-g-s,p107,2032,5781.6
o-g-s,p107,2035,1051.2
o-g-s,p107,2038,1051.2
o-g-s,p107,2041,1051.2
o-g-s,p107,2044,1051.2
o-g-s,p107,2047,1051.2
o-g-s,p107,2050,1051.2
o-g-s,p108,2010,2151363.337463
o-g-s,p108,2015,1102016.074995
o-g-s,p108,2020,554137.452565
o-g-s,p108,2023,276943.323319
o-g-s,p108,2026,238622.4
o-g-s,p108,2029,238622.4
o-g-s,p109,2010,61701.2382
o-g-s,p109,2015,31967.4579
o-g-s,p109,2020,10583.5506
o-g-s,p109,2023,6783.6426
o-g-s,p109,2026,6254.64
o-g-s,p109,2029,6254.64
o-g-s,p109,2032,6254.64
o-g-s,p11,2015,3258.72
o-g-s,p11,2020,6149.52
o-g-s,p11,2023,44430.394291
o-g-s,p11,2026,6307.2
o-g-s,p11,2029,6307.2
o-g-s,p11,2032,6307.2
o-g-s,p11,2035,6307.2
o-g-s,p11,2038,6307.2
o-g-s,p11,2041,6307.2
o-g-s,p11,2044,6307.2
o-g-s,p110,2010,1562776.8
o-g-s,p110,2015,1328746.475962
o-g-s,p110,2020,1199216.160024
o-g-s,p110,2023,1023103.2426
o-g-s,p110,2026,136656.0
o-g-s,p110,2029,136656.0
o-g-s,p110,2032,136656.0
o-g-s,p110,2035,136656.0
o-g-s,p111,2010,704785.06041
o-g-s,p111,2015,504365.89491
o-g-s,p111,2020,651976.302183
o-g-s,p111,2023,508749.004062
o-g-s,p111,2026,115737.12
o-g-s,p111,2029,115737.12
o-g-s,p111,2032,115737.12
o-g-s,p111,2035,40996.8
o-g-s,p111,2038,40996.8
o-g-s,p111,2041,40996.8
o-g-s,p111,2044,139121.461273
o-g-s,p111,2047,113866.813318
o-g-s,p111,2050,113514.015406
o-g-s,p112,2010,525416.104692
o-g-s,p112,2015,268197.771516
o-g-s,p112,2020,229769.622976
o-g-s,p112,2023,103280.4
o-g-s,p112,2026,103280.4
o-g-s,p112,2029,103280.4
o-g-s,p112,2032,103280.4
o-g-s,p112,2035,62704.08
o-g-s,p112,2038,62704.08
o-g-s,p112,2041,62704.08
o-g-s,p112,2044,56396.88
o-g-s,p112,2047,56396.88
o-g-s,p112,2050,25176.24
o-g-s,p113,2010,115073.982933
o-g-s,p113,2015,62078.94
o-g-s,p113,2020,50874.2175
o-g-s,p113,2023,31010.4
o-g-s,p113,2026,31010.4
o-g-s,p113,2029,31010.4
o-g-s,p113,2032,31010.4
o-g-s,p113,2035,8672.4
o-g-s,p113,2038,8672.4
o-g-s,p114,2010,186358.694469
o-g-s,p114,2015,232487.691312
o-g-s,p114,2020,252946.712811
o-g-s,p114,2023,150907.711443
o-g-s,p114,2026,49406.4
o-g-s,p114,2029,49406.4
o-g-s,p114,2032,49406.4
o-g-s,p114,2035,19972.8
o-g-s,p114,2038,19972.8
o-g-s,p114,2041,19972.8
o-g-s,p114,2044,118990.521228
o-g-s,p114,2047,109618.548927
o-g-s,p114,2050,118444.936152
o-g-s,p115,2010,17727.999201
o-g-s,p115,2015,14123.5293
o-g-s,p115,2020,11247.84
o-g-s,p115,2023,11247.84
o-g-s,p115,2026,11247.84
o-g-s,p115,2029,11247.84
o-g-s,p115,2032,11247.84
o-g-s,p116,2010,5781.6
o-g-s,p116,2015,5781.6
o-g-s,p116,2020,5781.6
o-g-s,p116,2023,5781.6
o-g-s,p116,2026,5781.6
o-g-s,p116,2029,5781.6
o-g-s,p116,2032,5781.6
o-g-s,p118,2010,970950.78414
o-g-s,p118,2015,243405.36
o-g-s,p118,2020,244982.16
o-g-s,p118,2023,244982.16
o-g-s,p118,2026,244982.16
o-g-s,p118,2029,244982.16
o-g-s,p118,2032,244982.16
o-g-s,p118,2035,3206.16
o-g-s,p118,2038,3206.16
o-g-s,p118,2041,3206.16
o-g-s,p118,2044,3206.16
o-g-s,p12,2010,178704.0
o-g-s,p12,2015,178704.0
o-g-s,p12,2020,194711.184021
o-g-s,p12,2023,178704.0
o-g-s,p12,2026,178704.0
o-g-s,p12,2029,56764.8
o-g-s,p12,2032,56764.8
o-g-s,p12,2035,56764.8
o-g-s,p12,2038,56764.8
o-g-s,p12,2041,56764.8
o-g-s,p12,2044,56764.8
o-g-s,p12,2047,56764.8
o-g-s,p123,2010,2232520.327189
o-g-s,p123,2015,1511467.92
o-g-s,p123,2020,1510521.84
o-g-s,p123,2023,1487290.32
o-g-s,p123,2026,907395.84
o-g-s,p123,2029,900878.4
o-g-s,p123,2032,900878.4
o-g-s,p123,2035,680126.4
o-g-s,p123,2038,680126.4
o-g-s,p123,2041,630036.72
o-g-s,p123,2044,629826.48
o-g-s,p123,2047,626672.88
o-g-s,p123,2050,313940.88
o-g-s,p124,2010,1226131.360916
o-g-s,p124,2015,215626.9908
o-g-s,p124,2020,244254.761946
o-g-s,p124,2023,196574.4
o-g-s,p124,2026,196574.4
o-g-s,p124,2029,196574.4
o-g-s,p124,2032,196574.4
o-g-s,p124,2035,174236.4
o-g-s,p124,2038,174236.4
o-g-s,p124,2041,174236.4
o-g-s,p124,2044,172974.96
o-g-s,p125,2010,1431641.070721
o-g-s,p125,2015,492329.52
o-g-s,p125,2020,493012.8
o-g-s,p125,2023,438823.44
o-g-s,p125,2026,438823.44
o-g-s,p125,2029,438823.44
o-g-s,p125,2032,438823.44
o-g-s,p125,2035,335227.68
o-g-s,p125,2038,335227.68
o-g-s,p125,2041,245350.08
o-g-s,p125,2044,132104.67655
o-g-s,p125,2047,81539.049723
o-g-s,p125,2050,15137.28
o-g-s,p126,2010,22811.04
o-g-s,p126,2015,27808.106856
o-g-s,p126,2020,68363.358799
o-g-s,p126,2023,24650.64
o-g-s,p126,2026,24650.64
o-g-s,p126,2029,24650.64
o-g-s,p126,2032,24650.64
o-g-s,p126,2035,35412.522
o-g-s,p126,2038,14348.88
o-g-s,p126,2041,13875.84
o-g-s,p126,2044,13875.84
o-g-s,p126,2047,13875.84
o-g-s,p126,2050,13875.84
o-g-s,p127,2010,15739156.161429
o-g-s,p127,2015,11786818.339714
o-g-s,p127,2020,13161561.121621
o-g-s,p127,2023,9098709.485986
o-g-s,p127,2026,6160651.190434
o-g-s,p127,2029,5951752.252192
o-g-s,p127,2032,4580919.36
o-g-s,p127,2035,4303925.977651
o-g-s,p127,2038,3074392.08
o-g-s,p128,2010,9167286.179116
o-g-s,p128,2015,4966730.014322
o-g-s,p128,2020,1897626.24
o-g-s,p128,2023,1900727.28
o-g-s,p128,2026,1900727.28
o-g-s,p128,2029,1075689.745767
o-g-s,p128,2032,922007.190344
o-g-s,p128,2035,500843.910344
o-g-s,p128,2038,500843.910344
o-g-s,p129,2010,216555.669822
o-g-s,p129,2015,68328.0
o-g-s,p129,2020,68328.0
o-g-s,p129,2023,66225.6
o-g-s,p129,2026,61810.56
o-g-s,p129,2029,61810.56
o-g-s,p129,2032,61810.56
o-g-s,p129,2035,23757.12
o-g-s,p129,2038,23757.12
o-g-s,p129,2041,23757.12
o-g-s,p129,2044,70234.597475
o-g-s,p129,2047,71757.765233
o-g-s,p129,2050,23757.12
o-g-s,p130,2010,253496.88
o-g-s,p130,2015,253496.88
o-g-s,p130,2020,253496.88
o-g-s,p130,2023,253496.88
o-g-s,p130,2026,253496.88
o-g-s,p130,2029,242629.680271
o-g-s,p130,2032,161554.982654
o-g-s,p130,2035,118403.222654
o-g-s,p130,2038,118403.222654
o-g-s,p130,2041,118403.222654
o-g-s,p130,2044,118403.222654
o-g-s,p130,2047,118403.222654
o-g-s,p131,2010,9093804.030836
o-g-s,p131,2015,1319886.72
o-g-s,p131,2020,1320990.48
o-g-s,p131,2023,973516.32
o-g-s,p131,2026,973516.32
o-g-s,p131,2029,449978.728241
o-g-s,p131,2032,220974.808241
o-g-s,p131,2035,123738.808241
o-g-s,p131,2038,123738.808241
o-g-s,p131,2041,123738.808241
o-g-s,p131,2044,196790.092993
o-g-s,p131,2047,169576.610305
o-g-s,p131,2050,123738.808241
o-g-s,p132,2010,2165263.013796
o-g-s,p132,2015,1488814.56
o-g-s,p132,2020,1504109.52
o-g-s,p132,2023,1423324.8
o-g-s,p132,2026,1427529.6
o-g-s,p132,2029,1325392.621461
o-g-s,p132,2032,1303488.0
o-g-s,p132,2035,1114639.92
o-g-s,p132,2038,1114639.92
o-g-s,p132,2041,1114639.92
o-g-s,p132,2044,1394120.38783
o-g-s,p132,2047,1302646.607889
o-g-s,p132,2050,399508.56
o-g-s,p133,2010,7471.3338
o-g-s,p133,2015,2417.76
o-g-s,p133,2020,3731.76
o-g-s,p133,2023,3731.76
o-g-s,p133,2026,3731.76
o-g-s,p133,2029,3731.76
o-g-s,p133,2032,3731.76
o-g-s,p133,2035,3731.76
o-g-s,p133,2038,3731.76
o-g-s,p133,2041,3731.76
o-g-s,p133,2044,4583.09916
o-g-s,p133,2047,4497.08994
o-g-s,p133,2050,3731.76
o-g-s,p134,2010,1256656.16842
o-g-s,p134,2015,442712.88
o-g-s,p134,2020,442712.88
o-g-s,p134,2023,442712.88
o-g-s,p134,2026,442712.88
o-g-s,p134,2029,393359.04
o-g-s,p134,2032,393359.04
o-g-s,p134,2035,325083.6
o-g-s,p134,2038,325083.6
o-g-s,p134,2041,266794.56
o-g-s,p134,2044,266794.56
o-g-s,p134,2047,266794.56
o-g-s,p134,2050,266794.56
o-g-s,p15,2010,2838.24
o-g-s,p15,2015,2838.24
o-g-s,p15,2020,2838.24
o-g-s,p15,2023,2838.24
o-g-s,p15,2026,2838.24
o-g-s,p15,2029,2838.24
o-g-s,p15,2032,2838.24
o-g-s,p20,2010,27331.2
o-g-s,p20,2015,27331.2
o-g-s,p20,2020,27331.2
o-g-s,p20,2023,27331.2
o-g-s,p20,2026,27331.2
o-g-s,p20,2029,27331.2
o-g-s,p20,2032,27331.2
o-g-s,p20,2035,27331.2
o-g-s,p20,2038,19417.352508
o-g-s,p21,2010,3097934.332208
o-g-s,p21,2015,694685.52
o-g-s,p21,2020,1824594.514143
o-g-s,p21,2023,694685.52
o-g-s,p21,2026,694685.52
o-g-s,p21,2029,563811.12
o-g-s,p21,2032,563811.12
o-g-s,p21,2035,562392.0
o-g-s,p25,2010,139441.68
o-g-s,p25,2015,144592.56
o-g-s,p25,2020,144592.56
o-g-s,p25,2023,144592.56
o-g-s,p25,2026,144592.56
o-g-s,p25,2029,144592.56
o-g-s,p25,2032,19762.56
o-g-s,p25,2035,19762.56
o-g-s,p25,2038,12404.16
o-g-s,p25,2041,12404.16
o-g-s,p25,2044,12404.16
o-g-s,p25,2047,12404.16
o-g-s,p25,2050,5991.84
o-g-s,p31,2010,209451.6
o-g-s,p31,2015,209451.6
o-g-s,p31,2020,248047.02925
o-g-s,p31,2023,209451.6
o-g-s,p31,2026,185799.6
o-g-s,p31,2029,161622.0
o-g-s,p31,2032,161622.0
o-g-s,p32,2010,5256.0
o-g-s,p32,2015,5256.0
o-g-s,p32,2020,5256.0
o-g-s,p32,2023,5256.0
o-g-s,p32,2026,5256.0
o-g-s,p32,2029,5256.0
o-g-s,p32,2032,5256.0
o-g-s,p33,2010,1011695.71834
o-g-s,p33,2015,164092.32
o-g-s,p33,2020,719860.115619
o-g-s,p33,2023,164092.32
o-g-s,p33,2026,164092.32
o-g-s,p33,2029,1156.32
o-g-s,p33,2032,1156.32
o-g-s,p34,2010,180648.72
o-g-s,p34,2015,180648.72
o-g-s,p34,2020,173080.08
o-g-s,p34,2023,103438.08
o-g-s,p34,2026,103438.08
o-g-s,p34,2029,50878.08
o-g-s,p34,2032,50878.08
o-g-s,p34,2035,9303.12
o-g-s,p34,2038,9303.12
o-g-s,p34,2041,9303.12
o-g-s,p34,2044,8935.2
o-g-s,p34,2047,8935.2
o-g-s,p34,2050,5939.28
o-g-s,p37,2010,25544.16
o-g-s,p37,2015,76474.8
o-g-s,p37,2020,106602.527837
o-g-s,p37,2023,99549.525627
o-g-s,p37,2026,69011.28
o-g-s,p37,2029,58289.04
o-g-s,p37,2032,58289.04
o-g-s,p37,2035,56186.64
o-g-s,p37,2038,56186.64
o-g-s,p37,2041,56186.64
o-g-s,p37,2044,56186.64
o-g-s,p37,2047,56186.64
o-g-s,p37,2050,56186.64
o-g-s,p38,2010,145483.574261
o-g-s,p38,2015,103543.2
o-g-s,p38,2020,103543.2
o-g-s,p38,2023,103543.2
o-g-s,p38,2026,103543.2
o-g-s,p38,2029,9250.56
o-g-s,p38,2032,9250.56
o-g-s,p38,2035,3942.0
o-g-s,p38,2038,3942.0
o-g-s,p38,2041,3942.0
o-g-s,p38,2044,3942.0
o-g-s,p38,2047,3942.0
o-g-s,p38,2050,3942.0
o-g-s,p39,2010,19091.997559
o-g-s,p39,2015,4835.52
o-g-s,p39,2020,4835.52
o-g-s,p39,2023,3784.32
o-g-s,p39,2026,3784.32
o-g-s,p39,2029,3784.32
o-g-s,p39,2032,3258.72
o-g-s,p40,2010,322084.648488
o-g-s,p40,2015,162515.52
o-g-s,p40,2020,162515.52
o-g-s,p40,2023,159151.68
o-g-s,p40,2026,159151.68
o-g-s,p40,2029,159151.68
o-g-s,p40,2032,158626.08
o-g-s,p40,2035,14821.92
o-g-s,p40,2038,14138.64
o-g-s,p40,2041,14138.64
o-g-s,p40,2044,13875.84
o-g-s,p40,2047,8251.92
o-g-s,p40,2050,4204.8
o-g-s,p41,2010,771709.788743
o-g-s,p41,2015,232893.36
o-g-s,p41,2020,234995.76
o-g-s,p41,2023,234995.76
o-g-s,p41,2026,108851.76
o-g-s,p41,2029,108851.76
o-g-s,p41,2032,107695.44
o-g-s,p41,2035,13297.68
o-g-s,p41,2038,10564.56
o-g-s,p41,2041,10564.56
o-g-s,p41,2044,8619.84
o-g-s,p41,2047,5150.88
o-g-s,p41,2050,2943.36
o-g-s,p42,2010,14364.1287
o-g-s,p42,2015,15768.0
o-g-s,p42,2020,15768.0
o-g-s,p42,2023,15768.0
o-g-s,p42,2026,15768.0
o-g-s,p42,2029,15768.0
o-g-s,p42,2032,15768.0
o-g-s,p42,2035,8567.28
o-g-s,p42,2038,8567.28
o-g-s,p42,2041,8567.28
o-g-s,p42,2044,8567.28
o-g-s,p42,2047,8567.28
o-g-s,p42,2050,8567.28
o-g-s,p43,2010,1294227.175948
o-g-s,p43,2015,351941.76
o-g-s,p43,2020,339695.28
o-g-s,p43,2023,326923.2
o-g-s,p43,2026,247767.84
o-g-s,p43,2029,177968.16
o-g-s,p43,2032,172712.16
o-g-s,p43,2035,62178.48
o-g-s,p43,2038,62178.48
o-g-s,p43,2041,61547.76
o-g-s,p43,2044,59970.96
o-g-s,p43,2047,56607.12
o-g-s,p43,2050,43624.8
o-g-s,p44,2010,98966.288248
o-g-s,p44,2015,26069.76
o-g-s,p44,2020,26069.76
o-g-s,p44,2023,29328.48
o-g-s,p44,2026,29328.48
o-g-s,p44,2029,29328.48
o-g-s,p44,2032,29328.48
o-g-s,p44,2035,19079.28
o-g-s,p44,2038,19079.28
o-g-s,p44,2041,19079.28
o-g-s,p44,2044,19079.28
o-g-s,p44,2047,19079.28
o-g-s,p44,2050,19079.28
o-g-s,p45,2010,309484.351841
o-g-s,p45,2015,150584.4
o-g-s,p45,2020,151583.04
o-g-s,p45,2023,151950.96
o-g-s,p45,2026,148482.0
o-g-s,p45,2029,145486.08
o-g-s,p45,2032,145486.08
o-g-s,p45,2035,100126.8
o-g-s,p45,2038,99023.04
o-g-s,p45,2041,60444.0
o-g-s,p45,2044,55818.72
o-g-s,p45,2047,51088.32
o-g-s,p45,2050,28802.88
o-g-s,p46,2010,195766.807378
o-g-s,p46,2015,135447.12
o-g-s,p46,2020,135447.12
o-g-s,p46,2023,132819.12
o-g-s,p46,2026,103227.84
o-g-s,p46,2029,99864.0
o-g-s,p46,2032,37317.6
o-g-s,p46,2035,16556.4
o-g-s,p46,2038,15715.44
o-g-s,p46,2041,14454.0
o-g-s,p46,2044,14454.0
o-g-s,p46,2047,12772.08
o-g-s,p46,2050,8830.08
o-g-s,p47,2010,1506855.872767
o-g-s,p47,2015,873547.377878
o-g-s,p47,2020,1089220.855489
o-g-s,p47,2023,962681.456353
o-g-s,p47,2026,107748.0
o-g-s,p48,2010,6431688.895957
o-g-s,p48,2015,2372648.942016
o-g-s,p48,2020,3483059.495496
o-g-s,p48,2023,2533056.336781
o-g-s,p48,2026,1244095.2
o-g-s,p50,2010,12208163.843038
o-g-s,p50,2015,6210941.459313
o-g-s,p50,2020,9350101.241836
o-g-s,p50,2023,7779446.067714
o-g-s,p50,2026,1644865.2
o-g-s,p50,2029,839864.729534
o-g-s,p50,2032,839864.729534
o-g-s,p50,2035,839864.729534
o-g-s,p50,2038,801802.8
o-g-s,p50,2041,801802.8
o-g-s,p50,2044,801802.8
o-g-s,p50,2047,539002.8
o-g-s,p50,2050,2102.4
o-g-s,p51,2010,10924421.394382
o-g-s,p51,2015,5176215.830125
o-g-s,p51,2020,7806511.018345
o-g-s,p51,2023,6477233.834244
o-g-s,p51,2026,1404981.36
o-g-s,p51,2029,1404981.36
o-g-s,p51,2032,1316680.56
o-g-s,p51,2035,1225699.2
o-g-s,p51,2038,1225699.2
o-g-s,p51,2041,1225699.2
o-g-s,p51,2044,1225699.2
o-g-s,p51,2047,997588.8
o-g-s,p51,2050,758966.4
o-g-s,p52,2010,190141.861248
o-g-s,p52,2015,76737.6
o-g-s,p52,2020,81468.0
o-g-s,p52,2023,81468.0
o-g-s,p52,2026,83465.28
o-g-s,p52,2029,32324.4
o-g-s,p52,2032,32324.4
o-g-s,p52,2035,14191.2
o-g-s,p52,2038,14191.2
o-g-s,p52,2041,14191.2
o-g-s,p52,2044,12088.8
o-g-s,p52,2047,9460.8
o-g-s,p52,2050,9460.8
o-g-s,p53,2010,594768.96
o-g-s,p53,2015,598816.08
o-g-s,p53,2020,609748.56
o-g-s,p53,2023,614741.76
o-g-s,p53,2026,586569.6
o-g-s,p53,2029,64729.507969
o-g-s,p53,2032,64729.507969
o-g-s,p53,2035,23680.147969
o-g-s,p53,2038,23680.147969
o-g-s,p53,2041,17688.307969
o-g-s,p53,2044,17688.307969
o-g-s,p53,2047,17688.307969
o-g-s,p53,2050,16847.347969
o-g-s,p54,2010,750631.9932
o-g-s,p54,2015,491097.311068
o-g-s,p54,2020,471539.6598
o-g-s,p54,2023,459828.369
o-g-s,p54,2026,372100.113
o-g-s,p54,2029,278305.2
o-g-s,p54,2032,228583.44
o-g-s,p54,2035,49879.44
o-g-s,p54,2038,46568.16
o-g-s,p54,2041,21917.52
o-g-s,p54,2044,19815.12
o-g-s,p54,2047,19815.12
o-g-s,p54,2050,16030.8
o-g-s,p55,2010,124973.721
o-g-s,p55,2015,113004.0
o-g-s,p55,2020,32061.6
o-g-s,p55,2023,32061.6
o-g-s,p55,2026,26280.0
o-g-s,p57,2010,2897898.266938
o-g-s,p57,2015,2916476.739827
o-g-s,p57,2020,3852401.702841
o-g-s,p57,2023,3581170.204956
o-g-s,p57,2026,643860.0
o-g-s,p57,2029,643860.0
o-g-s,p57,2032,643860.0
o-g-s,p57,2035,643860.0
o-g-s,p57,2038,643860.0
o-g-s,p57,2041,552405.6
o-g-s,p57,2044,552405.6
o-g-s,p57,2047,179755.2
o-g-s,p58,2010,21971654.009922
o-g-s,p58,2015,20376265.009106
o-g-s,p58,2020,24256817.026504
o-g-s,p58,2023,22174074.701194
o-g-s,p58,2026,5937165.080145
o-g-s,p58,2029,2953914.334669
o-g-s,p58,2032,1511047.44
o-g-s,p58,2035,777835.44
o-g-s,p58,2038,777835.44
o-g-s,p58,2041,777835.44
o-g-s,p58,2044,777835.44
o-g-s,p58,2047,569895.283874
o-g-s,p58,2050,333545.76
o-g-s,p59,2010,620664.358276
o-g-s,p59,2015,667192.503612
o-g-s,p59,2020,601054.004423
o-g-s,p59,2023,586919.23749
o-g-s,p59,2026,124041.6
o-g-s,p59,2029,47304.0
o-g-s,p60,2010,616965.7503
o-g-s,p60,2015,423940.156333
o-g-s,p60,2020,361125.79458
o-g-s,p60,2023,398237.379976
o-g-s,p60,2026,208663.2
o-g-s,p60,2029,208663.2
o-g-s,p60,2032,208663.2
o-g-s,p60,2035,208663.2
o-g-s,p62,2015,167867.881418
o-g-s,p62,2020,147737.383785
o-g-s,p62,2023,125224.078815
o-g-s,p62,2026,23652.0
o-g-s,p62,2029,23652.0
o-g-s,p62,2032,23652.0
o-g-s,p62,2035,23652.0
o-g-s,p62,2038,23652.0
o-g-s,p62,2041,23652.0
o-g-s,p62,2044,32940.86589
o-g-s,p62,2047,31151.03508
o-g-s,p62,2050,23652.0
o-g-s,p63,2010,9184844.574648
o-g-s,p63,2015,8353774.896846
o-g-s,p63,2020,9521337.327278
o-g-s,p63,2023,8651007.912694
o-g-s,p63,2026,2788781.04
o-g-s,p63,2029,2767231.44
o-g-s,p63,2032,2703108.24
o-g-s,p63,2035,2324676.24
o-g-s,p63,2038,2127576.24
o-g-s,p63,2041,1740209.04
o-g-s,p63,2044,1236684.24
o-g-s,p63,2047,912389.04
o-g-s,p63,2050,535008.24
o-g-s,p64,2010,4815873.332774
o-g-s,p64,2015,5119919.768584
o-g-s,p64,2020,4268744.207884
o-g-s,p64,2023,2468186.022098
o-g-s,p64,2026,381585.6
o-g-s,p64,2029,381585.6
o-g-s,p64,2032,381585.6
o-g-s,p64,2035,381585.6
o-g-s,p64,2038,381585.6
o-g-s,p64,2041,310104.0
o-g-s,p64,2044,316427.98404
o-g-s,p64,2047,62546.4
o-g-s,p64,2050,62546.4
o-g-s,p65,2010,3041867.009181
o-g-s,p65,2015,2741430.607101
o-g-s,p65,2020,2307873.343358
o-g-s,p65,2023,2349672.396722
o-g-s,p65,2026,464157.36
o-g-s,p65,2029,27909.36
o-g-s,p65,2032,27909.36
o-g-s,p65,2035,27909.36
o-g-s,p65,2038,27909.36
o-g-s,p65,2041,59846.096662
o-g-s,p65,2044,82443.511412
o-g-s,p65,2047,87780.648386
o-g-s,p65,2050,82278.625603
o-g-s,p66,2010,8732049.289397
o-g-s,p66,2015,8853265.800753
o-g-s,p66,2020,10079345.04757
o-g-s,p66,2023,8715446.577794
o-g-s,p66,2026,1274895.36
o-g-s,p66,2029,1274895.36
o-g-s,p66,2032,1274895.36
o-g-s,p66,2035,1012095.36
o-g-s,p66,2038,1012095.36
o-g-s,p66,2041,1012095.36
o-g-s,p66,2044,1012095.36
o-g-s,p66,2047,226848.96
o-g-s,p66,2050,226848.96
o-g-s,p67,2010,4503213.651492
o-g-s,p67,2015,4763739.079817
o-g-s,p67,2020,5095051.436273
o-g-s,p67,2023,5495773.053242
o-g-s,p67,2026,600340.32
o-g-s,p67,2029,600340.32
o-g-s,p67,2032,600340.32
o-g-s,p67,2035,422687.52
o-g-s,p67,2038,296543.52
o-g-s,p67,2041,403054.697854
o-g-s,p67,2044,102334.51364
o-g-s,p67,2047,101513.895552
o-g-s,p67,2050,93068.180197
o-g-s,p68,2010,436324.609791
o-g-s,p68,2015,111424.388077
o-g-s,p68,2020,102085.68554
o-g-s,p68,2023,99008.795979
o-g-s,p68,2026,97393.68
o-g-s,p68,2029,97393.68
o-g-s,p68,2032,97393.68
o-g-s,p68,2035,58078.8
o-g-s,p68,2038,58078.8
o-g-s,p68,2041,58078.8
o-g-s,p68,2044,54609.84
o-g-s,p68,2047,47409.12
o-g-s,p68,2050,40681.44
o-g-s,p69,2010,211110.3102
o-g-s,p69,2015,78997.68
o-g-s,p69,2020,78997.68
o-g-s,p69,2023,78945.12
o-g-s,p69,2026,78945.12
o-g-s,p69,2029,78314.4
o-g-s,p69,2032,78314.4
o-g-s,p69,2035,45254.16
o-g-s,p69,2038,44676.0
o-g-s,p69,2041,43099.2
o-g-s,p69,2044,39420.0
o-g-s,p69,2047,36686.88
o-g-s,p69,2050,11037.6
o-g-s,p70,2010,2628444.225548
o-g-s,p70,2015,837511.957974
o-g-s,p70,2020,1055230.923743
o-g-s,p70,2023,732077.594159
o-g-s,p70,2026,515107.962878
o-g-s,p70,2029,408654.0
o-g-s,p70,2032,372650.4
o-g-s,p70,2035,317672.64
o-g-s,p70,2038,312626.88
o-g-s,p70,2041,311260.32
o-g-s,p70,2044,149165.28
o-g-s,p70,2047,143331.12
o-g-s,p70,2050,111637.44
o-g-s,p71,2010,65436.6954
o-g-s,p71,2015,27699.12
o-g-s,p71,2020,31903.92
o-g-s,p71,2023,26227.44
o-g-s,p71,2026,26227.44
o-g-s,p71,2029,26227.44
o-g-s,p71,2032,24650.64
o-g-s,p71,2035,20971.44
o-g-s,p71,2038,20971.44
o-g-s,p71,2041,18343.44
o-g-s,p71,2044,15820.56
o-g-s,p71,2047,15820.56
o-g-s,p71,2050,13140.0
o-g-s,p72,2010,1138923.88698
o-g-s,p72,2015,315780.48
o-g-s,p72,2020,315780.48
o-g-s,p72,2023,168612.48
o-g-s,p72,2026,168612.48
o-g-s,p72,2029,82203.84
o-g-s,p72,2032,82203.84
o-g-s,p72,2035,15768.0
o-g-s,p72,2038,15768.0
o-g-s,p72,2041,15768.0
o-g-s,p72,2044,15768.0
o-g-s,p72,2047,15768.0
o-g-s,p72,2050,14191.2
o-g-s,p74,2010,38053.44
o-g-s,p74,2015,38053.44
o-g-s,p74,2020,28592.64
o-g-s,p74,2023,19447.2
o-g-s,p74,2026,19447.2
o-g-s,p74,2029,8935.2
o-g-s,p74,2032,8935.2
o-g-s,p75,2010,488194.194063
o-g-s,p75,2015,256453.381165
o-g-s,p75,2020,339856.799869
o-g-s,p75,2023,216773.26343
o-g-s,p75,2026,41207.04
o-g-s,p75,2029,41207.04
o-g-s,p75,2032,41207.04
o-g-s,p75,2035,32376.96
o-g-s,p75,2038,32376.96
o-g-s,p75,2041,32376.96
o-g-s,p75,2044,32376.96
o-g-s,p75,2047,30695.04
o-g-s,p75,2050,30695.04
o-g-s,p76,2010,52636.704073
o-g-s,p76,2015,7463.52
o-g-s,p76,2020,7463.52
o-g-s,p76,2023,7463.52
o-g-s,p76,2026,7463.52
o-g-s,p76,2029,6202.08
o-g-s,p76,2032,6202.08
o-g-s,p76,2035,4415.04
o-g-s,p76,2038,4415.04
o-g-s,p76,2041,4415.04
o-g-s,p76,2044,4415.04
o-g-s,p76,2047,4415.04
o-g-s,p76,2050,4415.04
o-g-s,p77,2010,26816.157
o-g-s,p77,2015,7936.56
o-g-s,p77,2020,7936.56
o-g-s,p77,2023,7936.56
o-g-s,p77,2026,7936.56
o-g-s,p77,2029,7936.56
o-g-s,p77,2032,7936.56
o-g-s,p77,2035,6675.12
o-g-s,p77,2038,6675.12
o-g-s,p77,2041,5886.72
o-g-s,p77,2044,5886.72
o-g-s,p77,2047,5886.72
o-g-s,p77,2050,3048.48
o-g-s,p78,2010,298327.708688
o-g-s,p78,2015,121367.197609
o-g-s,p78,2020,77893.92
o-g-s,p78,2023,77893.92
o-g-s,p78,2026,77893.92
o-g-s,p78,2029,77893.92
o-g-s,p78,2032,77893.92
o-g-s,p78,2035,27594.0
o-g-s,p78,2038,27594.0
o-g-s,p78,2041,27594.0
o-g-s,p78,2044,27594.0
o-g-s,p78,2047,27594.0
o-g-s,p78,2050,27594.0
o-g-s,p79,2010,5514416.308205
o-g-s,p79,2015,7073908.776941
o-g-s,p79,2020,6945442.32327
o-g-s,p79,2023,6466697.394413
o-g-s,p79,2026,4025587.466441
o-g-s,p79,2029,807389.928
o-g-s,p79,2032,807389.928
o-g-s,p79,2035,833457.034929
o-g-s,p79,2038,805970.808
o-g-s,p79,2041,805970.808
o-g-s,p79,2044,3061379.363137
o-g-s,p79,2047,2886497.296223
o-g-s,p79,2050,3109202.782546
o-g-s,p80,2010,7389265.55355
o-g-s,p80,2015,5877216.705154
o-g-s,p80,2020,6316148.919383
o-g-s,p80,2023,211028.4
o-g-s,p80,2026,211028.4
o-g-s,p80,2029,208295.28
o-g-s,p80,2032,208295.28
o-g-s,p80,2035,27699.12
o-g-s,p80,2038,27699.12
o-g-s,p80,2041,27699.12
o-g-s,p80,2044,104773.851485
o-g-s,p81,2010,415000.674168
o-g-s,p81,2015,177877.701929
o-g-s,p81,2020,182426.225958
o-g-s,p81,2023,110347.614876
o-g-s,p81,2026,68853.6
o-g-s,p81,2029,66751.2
o-g-s,p81,2032,65174.4
o-g-s,p81,2035,34479.36
o-g-s,p81,2038,33112.8
o-g-s,p81,2041,33112.8
o-g-s,p81,2044,28750.32
o-g-s,p82,2010,103253.040256
o-g-s,p82,2015,23054.379362
o-g-s,p82,2020,62472.448434
o-g-s,p82,2023,28806.885826
o-g-s,p82,2026,17134.56
o-g-s,p82,2029,17134.56
o-g-s,p82,2032,17134.56
o-g-s,p82,2035,2680.56
o-g-s,p82,2038,2680.56
o-g-s,p82,2041,2680.56
o-g-s,p82,2044,2680.56
o-g-s,p83,2010,310112.7651
o-g-s,p83,2015,193790.311173
o-g-s,p83,2020,168157.855783
o-g-s,p83,2023,104530.960078
o-g-s,p83,2026,48144.96
o-g-s,p83,2029,48144.96
o-g-s,p83,2032,48144.96
o-g-s,p83,2035,40103.28
o-g-s,p83,2038,40103.28
o-g-s,p83,2041,40103.28
o-g-s,p83,2044,40103.28
o-g-s,p84,2010,35112.787539
o-g-s,p84,2015,19920.24
o-g-s,p84,2020,19920.24
o-g-s,p84,2023,19920.24
o-g-s,p84,2026,19920.24
o-g-s,p84,2029,19920.24
o-g-s,p84,2032,19920.24
o-g-s,p84,2035,6202.08
o-g-s,p84,2038,6202.08
o-g-s,p84,2041,6202.08
o-g-s,p84,2044,6202.08
o-g-s,p85,2010,1772275.247535
o-g-s,p85,2015,1695309.842044
o-g-s,p85,2020,2931076.113264
o-g-s,p85,2023,2580446.918065
o-g-s,p85,2026,412490.88
o-g-s,p87,2010,5302735.967808
o-g-s,p87,2015,5155890.759078
o-g-s,p87,2020,3544614.941891
o-g-s,p87,2023,1998753.427897
o-g-s,p87,2026,755024.4
o-g-s,p87,2029,383688.0
o-g-s,p87,2032,383688.0
o-g-s,p87,2035,383688.0
o-g-s,p87,2038,383688.0
o-g-s,p87,2041,383688.0
o-g-s,p87,2044,536075.526338
o-g-s,p87,2047,562934.78304
o-g-s,p89,2010,6904988.359577
o-g-s,p89,2015,6471573.992176
o-g-s,p89,2020,5743339.733446
o-g-s,p89,2023,4050767.641086
o-g-s,p89,2026,825034.32
o-g-s,p89,2029,825034.32
o-g-s,p89,2032,825034.32
o-g-s,p89,2035,548568.72
o-g-s,p89,2038,280512.72
o-g-s,p89,2041,9250.56
o-g-s,p89,2044,9250.56
o-g-s,p89,2047,9250.56
o-g-s,p9,2010,121781.52
o-g-s,p9,2015,131242.32
o-g-s,p9,2020,168770.16
o-g-s,p9,2023,142122.24
o-g-s,p9,2026,142122.24
o-g-s,p9,2029,84306.24
o-g-s,p9,2032,56186.64
o-g-s,p9,2035,56186.64
o-g-s,p9,2038,56186.64
o-g-s,p9,2041,56186.64
o-g-s,p9,2044,56186.64
o-g-s,p9,2047,56186.64
o-g-s,p9,2050,56186.64
o-g-s,p90,2010,810078.613718
o-g-s,p90,2015,562629.9675
o-g-s,p90,2020,318549.79135
o-g-s,p90,2023,153529.44
o-g-s,p90,2026,88826.4
o-g-s,p91,2010,914702.640491
o-g-s,p91,2015,502473.6
o-g-s,p91,2020,502473.6
o-g-s,p91,2023,502473.6
o-g-s,p91,2026,502473.6
o-g-s,p91,2029,19581.978076
o-g-s,p91,2032,19581.978076
o-g-s,p91,2035,19581.978076
o-g-s,p91,2038,19581.978076
o-g-s,p91,2041,2762.778076
o-g-s,p91,2044,2762.778076
o-g-s,p91,2047,2762.778076
o-g-s,p92,2010,247242.24
o-g-s,p92,2015,247242.24
o-g-s,p92,2020,247242.24
o-g-s,p92,2023,247242.24
o-g-s,p92,2026,22705.92
o-g-s,p92,2029,22705.92
o-g-s,p92,2032,22705.92
o-g-s,p92,2035,22705.92
o-g-s,p92,2038,22705.92
o-g-s,p92,2041,22705.92
o-g-s,p92,2044,22705.92
o-g-s,p92,2047,22705.92
o-g-s,p92,2050,12299.04
o-g-s,p94,2010,1921203.599936
o-g-s,p94,2015,946185.12
o-g-s,p94,2020,946605.6
o-g-s,p94,2023,913492.8
o-g-s,p94,2026,913492.8
o-g-s,p94,2029,913492.8
o-g-s,p94,2032,913335.12
o-g-s,p94,2035,499425.12
o-g-s,p94,2038,499425.12
o-g-s,p94,2041,499320.0
o-g-s,p94,2044,498689.28
o-g-s,p94,2047,414593.28
o-g-s,p94,2050,420.48
o-g-s,p95,2010,292447.368854
o-g-s,p95,2015,109272.24
o-g-s,p95,2020,109272.24
o-g-s,p95,2023,19920.24
o-g-s,p95,2026,19920.24
o-g-s,p95,2029,19920.24
o-g-s,p95,2032,19920.24
o-g-s,p95,2035,19920.24
o-g-s,p95,2038,19920.24
o-g-s,p95,2041,19920.24
o-g-s,p95,2044,19920.24
o-g-s,p95,2047,19920.24
o-g-s,p95,2050,19920.24
o-g-s,p96,2010,2131647.339468
o-g-s,p96,2015,629143.2
o-g-s,p96,2020,857212.013128
o-g-s,p96,2023,504313.2
o-g-s,p96,2026,480661.2
o-g-s,p96,2029,480661.2
o-g-s,p96,2032,480661.2
o-g-s,p96,2035,226796.4
o-g-s,p96,2038,219963.6
o-g-s,p96,2041,219963.6
o-g-s,p96,2044,219963.6
o-g-s,p96,2047,416520.650197
o-g-s,p96,2050,219963.6
o-g-s,p97,2010,13764052.694823
o-g-s,p97,2015,4962640.111101
o-g-s,p97,2020,5567127.327328
o-g-s,p97,2023,3099122.567039
o-g-s,p97,2026,1773742.32
o-g-s,p97,2029,1773742.32
o-g-s,p97,2032,1773742.32
o-g-s,p97,2035,1551939.12
o-g-s,p97,2038,1551939.12
o-g-s,p97,2041,1551939.12
o-g-s,p97,2044,1206094.32
o-g-s,p97,2047,1206094.32
o-g-s,p97,2050,38211.12
o-g-s,p98,2010,587030.026918
o-g-s,p98,2015,157154.4
o-g-s,p98,2020,157154.4
o-g-s,p98,2023,157154.4
o-g-s,p98,2026,157154.4
o-g-s,p98,2029,157154.4
o-g-s,p98,2032,157154.4
o-g-s,p98,2035,91980.0
o-g-s,p98,2038,91349.28
o-g-s,p98,2041,630.72
o-g-s,p98,2044,630.72
o-g-s,p98,2047,630.72
o-g-s,p98,2050,630.72
o-g-s,p99,2010,3178004.127705
o-g-s,p99,2015,1054301.04
o-g-s,p99,2020,643702.32
o-g-s,p99,2023,223747.92
o-g-s,p99,2026,223747.92
o-g-s,p99,2029,223747.92
o-g-s,p99,2032,223747.92
o-g-s,p99,2035,81520.56
o-g-s,p99,2038,79943.76
o-g-s,p99,2041,78366.96
o-g-s,p99,2044,41469.84
o-g-s,z122,2010,17034653.876795
o-g-s,z122,2015,15144182.616875
o-g-s,z122,2020,8164098.361206
o-g-s,z122,2023,3625588.8
o-g-s,z122,2026,3228971.04
o-g-s,z122,2029,3099147.84
o-g-s,z122,2032,3099147.84
o-g-s,z122,2035,2931738.955682
o-g-s,z122,2038,2072283.12
o-g-s,z122,2041,1807380.72
o-g-s,z122,2044,1912798.356275
o-g-s,z122,2047,1943231.119271
o-g-s,z122,2050,545625.36
o-g-s,z28,2010,1758215.308437
o-g-s,z28,2015,982142.136069
o-g-s,z28,2020,3519022.098343
o-g-s,z28,2023,620050.32
o-g-s,z28,2026,620050.32
o-g-s,z28,2029,609538.32
o-g-s,z28,2032,550145.52
o-g-s,z28,2035,187113.6
o-g-s,z28,2038,91980.0
o-g-s,z28,2041,91980.0
o-g-s,z28,2044,91980.0
o-g-s,z28,2047,91980.0
o-g-s,z28,2050,107278.76985
gas-cc-ccs_mod,p10,2038,206893.190658
gas-cc-ccs_mod,p10,2041,207196.545154
gas-cc-ccs_mod,p10,2044,207199.010782
gas-cc-ccs_mod,p10,2047,200123.997497
gas-cc-ccs_mod,p10,2050,129055.886822
gas-cc-ccs_mod,p100,2047,-0.0
gas-cc-ccs_mod,p11,2032,508284.537948
gas-cc-ccs_mod,p11,2035,6555888.481169
gas-cc-ccs_mod,p11,2038,14994129.825072
gas-cc-ccs_mod,p11,2041,15013626.274828
gas-cc-ccs_mod,p11,2044,14789319.275805
gas-cc-ccs_mod,p11,2047,13452515.608835
gas-cc-ccs_mod,p11,2050,12285560.389854
gas-cc-ccs_mod,p131,2029,165380.432185
gas-cc-ccs_mod,p131,2032,165153.292517
gas-cc-ccs_mod,p131,2035,712922.658966
gas-cc-ccs_mod,p131,2038,18471735.726062
gas-cc-ccs_mod,p131,2041,18525884.862731
gas-cc-ccs_mod,p131,2044,18032809.439605
gas-cc-ccs_mod,p131,2047,18160730.675441
gas-cc-ccs_mod,p131,2050,17185184.204545
gas-cc-ccs_mod,p133,2038,1095385.370387
gas-cc-ccs_mod,p133,2041,1115499.956125
gas-cc-ccs_mod,p133,2044,1083265.417216
gas-cc-ccs_mod,p133,2047,1095050.657879
gas-cc-ccs_mod,p133,2050,91848.29566
gas-cc-ccs_mod,p15,2032,5822494.587832
gas-cc-ccs_mod,p15,2035,5647523.380345
gas-cc-ccs_mod,p15,2038,6051380.717175
gas-cc-ccs_mod,p15,2041,5824770.035037
gas-cc-ccs_mod,p15,2044,3166410.47416
gas-cc-ccs_mod,p15,2047,2870535.367104
gas-cc-ccs_mod,p15,2050,2347857.588083
gas-cc-ccs_mod,p16,2032,7581171.463054
gas-cc-ccs_mod,p16,2035,7603674.932837
gas-cc-ccs_mod,p16,2038,7592823.118595
gas-cc-ccs_mod,p16,2041,7591548.582383
gas-cc-ccs_mod,p16,2044,4672687.768062
gas-cc-ccs_mod,p16,2047,4800281.910922
gas-cc-ccs_mod,p16,2050,3495527.08101
gas-cc-ccs_mod,p4,2032,3654314.263967
gas-cc-ccs_mod,p4,2035,3790879.814508
gas-cc-ccs_mod,p4,2038,11016816.211315
gas-cc-ccs_mod,p4,2041,10870454.949518
gas-cc-ccs_mod,p4,2044,9533807.758151
gas-cc-ccs_mod,p4,2047,9406709.68176
gas-cc-ccs_mod,p4,2050,7036465.342582
gas-cc-ccs_mod,p43,2035,1296040.013277
gas-cc-ccs_mod,p43,2038,5452395.163216
gas-cc-ccs_mod,p43,2041,5452793.392766
gas-cc-ccs_mod,p43,2044,5641146.86779
gas-cc-ccs_mod,p43,2047,4449869.427366
gas-cc-ccs_mod,p43,2050,398684.670044
gas-cc-ccs_mod,p67,2038,3899422.893364
gas-cc-ccs_mod,p67,2041,3903030.20678
gas-cc-ccs_mod,p67,2044,3910596.804781
gas-cc-ccs_mod,p67,2047,3910413.779772
gas-cc-ccs_mod,p67,2050,274068.217863
gas-cc-ccs_mod,p80,2032,45600490.313726
gas-cc-ccs_mod,p80,2035,45598354.705603
gas-cc-ccs_mod,p80,2038,45611423.897195
gas-cc-ccs_mod,p80,2041,45603392.550406
gas-cc-ccs_mod,p80,2044,3197936.266667
gas-cc-ccs_mod,p80,2047,3197936.266667
gas-cc-ccs_mod,p80,2050,3197936.266667
gas-cc-ccs_mod,p9,2035,28534.063041
gas-cc-ccs_mod,p9,2038,20120323.973072
gas-cc-ccs_mod,p9,2041,20008923.84778
gas-cc-ccs_mod,p9,2044,19600651.362349
gas-cc-ccs_mod,p9,2047,19247232.995138
gas-cc-ccs_mod,p9,2050,12525019.090795
nuclear,p102,2010,28941849.53361
nuclear,p102,2015,28812593.466233
nuclear,p102,2020,28284696.616005
nuclear,p102,2023,28720223.41795
nuclear,p102,2026,28941849.53361
nuclear,p102,2029,28886736.35601
nuclear,p102,2032,28941849.53361
nuclear,p102,2035,28926475.283545
nuclear,p102,2038,28930483.097486
nuclear,p102,2041,28925018.530032
nuclear,p102,2044,28862517.900097
nuclear,p102,2047,28867347.874802
nuclear,p102,2050,28941849.53361
nuclear,p103,2010,9138449.639697
nuclear,p103,2015,9137267.444297
nuclear,p103,2020,9138449.639697
nuclear,p103,2023,9097617.608598
nuclear,p103,2026,9138449.639697
nuclear,p103,2029,9138449.639697
nuclear,p103,2032,9095283.898197
nuclear,p103,2035,9013539.220156
nuclear,p103,2038,8996006.622351
nuclear,p103,2041,8996006.622351
nuclear,p103,2044,8899955.134935
nuclear,p103,2047,8917723.774285
nuclear,p103,2050,8944529.332259
nuclear,p104,2010,23841165.900531
nuclear,p104,2015,23684961.625883
nuclear,p104,2020,23587625.646569
nuclear,p104,2023,17187922.332625
nuclear,p104,2026,23789924.975699
nuclear,p104,2029,23759908.268849
nuclear,p104,2032,23789924.975699
nuclear,p104,2035,23756576.024699
nuclear,p104,2038,23756576.024699
nuclear,p104,2041,23748744.471749
nuclear,p104,2044,23756576.024699
nuclear,p104,2047,23719315.617741
nuclear,p104,2050,23728295.690099
nuclear,p111,2010,17025822.196878
nuclear,p111,2015,17025822.196878
nuclear,p111,2020,17025822.196878
nuclear,p111,2023,17025822.196878
nuclear,p111,2026,17025822.196878
nuclear,p111,2029,17025822.196878
nuclear,p111,2032,17025822.196878
nuclear,p111,2035,17001709.063878
nuclear,p111,2038,17001709.063878
nuclear,p111,2041,17001709.063878
nuclear,p111,2044,17001709.063878
nuclear,p111,2047,16960768.838253
nuclear,p111,2050,16961127.156823
nuclear,p115,2010,14532549.929472
nuclear,p115,2015,14532549.929472
nuclear,p115,2020,14532549.929472
nuclear,p115,2023,14532549.929472
nuclear,p115,2026,14532549.929472
nuclear,p115,2029,14532549.929472
nuclear,p115,2032,14532549.929472
nuclear,p115,2035,14512128.569472
nuclear,p115,2038,14512128.569472
nuclear,p115,2041,14512128.569472
nuclear,p115,2044,14512128.569472
nuclear,p115,2047,14469670.446672
nuclear,p115,2050,14469670.446672
nuclear,p123,2010,13984611.715054
nuclear,p123,2015,13984611.715054
nuclear,p123,2020,13984611.715054
nuclear,p123,2023,13984611.715054
nuclear,p123,2026,13984611.715054
nuclear,p123,2029,13984611.715054
nuclear,p123,2032,13984611.715054
nuclear,p123,2035,13965017.482054
nuclear,p123,2038,13958436.332854
nuclear,p123,2041,13951863.037054
nuclear,p123,2044,13911238.30663
nuclear,p123,2047,13869968.174524
nuclear,p123,2050,13890447.878374
nuclear,p126,2010,27418119.2259
nuclear,p126,2015,27418119.2259
nuclear,p126,2020,27418119.2259
nuclear,p126,2023,27418119.2259
nuclear,p126,2026,27418119.2259
nuclear,p126,2029,27418119.2259
nuclear,p126,2032,27418119.2259
nuclear,p126,2035,27379246.90605
nuclear,p126,2038,27362349.597882
nuclear,p126,2041,27353192.0298
nuclear,p126,2044,27273394.1103
nuclear,p126,2047,27042011.470505
nuclear,p126,2050,27074123.018426
nuclear,p127,2010,42936937.31825
nuclear,p127,2015,42936937.31825
nuclear,p127,2020,34866264.414415
nuclear,p127,2023,26572979.771561
nuclear,p127,2026,26572979.771561
nuclear,p127,2029,26572979.771561
nuclear,p127,2032,26502912.097996
nuclear,p127,2035,26461174.287046
nuclear,p127,2038,26572979.771561
nuclear,p127,2041,26435658.780468
nuclear,p127,2044,26360980.515223
nuclear,p127,2047,26155845.666769
nuclear,p127,2050,16696826.161133
nuclear,p130,2010,9957185.46375
nuclear,p130,2015,9957185.46375
nuclear,p130,2020,9957185.46375
nuclear,p130,2023,9957185.46375
nuclear,p130,2026,9957185.46375
nuclear,p130,2029,9957185.46375
nuclear,p130,2032,9929589.25875
nuclear,p130,2035,9910632.105154
nuclear,p130,2038,9906020.50875
nuclear,p130,2041,9884954.193135
nuclear,p130,2044,9867636.973833
nuclear,p130,2047,9794001.784709
nuclear,p130,2050,9791935.0125
nuclear,p132,2010,16766192.866223
nuclear,p132,2015,16766192.866223
nuclear,p132,2020,16766192.866223
nuclear,p132,2023,16766192.866223
nuclear,p132,2026,16766192.866223
nuclear,p132,2029,16766192.866223
nuclear,p132,2032,16751169.238305
nuclear,p132,2035,16695525.594384
nuclear,p132,2038,16766192.866223
nuclear,p132,2041,16766192.866223
nuclear,p132,2044,16636205.887165
nuclear,p132,2047,16766192.866223
nuclear,p132,2050,16766192.866223
nuclear,p2,2010,9234999.370716
nuclear,p2,2015,9234999.370716
nuclear,p2,2020,9206159.914716
nuclear,p2,2023,9126056.096739
nuclear,p2,2026,9234999.370716
nuclear,p2,2029,9234999.370716
nuclear,p2,2032,9234999.370716
nuclear,p2,2035,9124224.964379
nuclear,p2,2038,9185078.313816
nuclear,p2,2041,9185078.313816
nuclear,p2,2044,9090454.125
nuclear,p2,2047,9038534.817
nuclear,p2,2050,9075624.1806
nuclear,p41,2010,6053569.794
nuclear,p41,2015,5648443.781033
nuclear,p41,2020,5481830.527861
nuclear,p41,2023,5459181.9225
nuclear,p41,2026,5891421.44295
nuclear,p41,2029,5925963.82725
nuclear,p41,2032,5975297.83845
nuclear,p41,2035,5982995.2113
nuclear,p41,2038,5975892.644381
nuclear,p41,2041,5967413.02845
nuclear,p41,2044,5975235.58995
nuclear,p41,2047,5975235.58995
nuclear,p41,2050,5974613.591451
nuclear,p43,2010,13386744.559317
nuclear,p43,2015,12837804.36327
nuclear,p43,2020,12411396.342955
nuclear,p43,2023,12504024.741921
nuclear,p43,2026,13176513.775754
nuclear,p43,2029,13323516.421917
nuclear,p43,2032,13258257.082968
nuclear,p43,2035,13386744.559317
nuclear,p43,2038,13386744.559317
nuclear,p43,2041,13386744.559317
nuclear,p43,2044,13386744.559317
nuclear,p43,2047,13386744.559317
nuclear,p43,2050,13386744.559317
nuclear,p53,2010,9446525.748681
nuclear,p53,2015,8843283.178243
nuclear,p53,2020,8623944.232615
nuclear,p53,2023,8390013.928421
nuclear,p53,2026,9072538.493033
nuclear,p53,2029,9122561.653382
nuclear,p53,2032,9216147.865855
nuclear,p53,2035,9173378.514178
nuclear,p53,2038,9174879.523219
nuclear,p53,2041,9235583.133427
nuclear,p53,2044,9176680.146106
nuclear,p53,2047,9125646.231727
nuclear,p53,2050,9185403.943953
nuclear,p58,2010,16149978.312897
nuclear,p58,2015,16073931.664648
nuclear,p58,2020,15939457.117636
nuclear,p58,2023,16102280.960783
nuclear,p58,2026,16149978.312897
nuclear,p58,2029,16129360.122447
nuclear,p58,2032,16149978.312897
nuclear,p58,2035,16149978.312897
nuclear,p58,2038,16134856.706397
nuclear,p58,2041,16057824.584142
nuclear,p58,2044,16057824.584142
nuclear,p58,2047,16057824.584142
nuclear,p58,2050,16083530.2997
nuclear,p63,2010,18896089.0248
nuclear,p63,2015,17488338.729358
nuclear,p63,2020,15170735.214037
nuclear,p63,2023,17092200.017877
nuclear,p63,2026,18876883.39374
nuclear,p63,2029,18769775.8248
nuclear,p63,2032,18655365.388278
nuclear,p63,2035,18631008.551692
nuclear,p63,2038,18585014.544416
nuclear,p63,2041,17997168.204885
nuclear,p63,2044,18253666.6992
nuclear,p63,2047,18378937.786011
nuclear,p63,2050,18352302.804
nuclear,p65,2010,20355281.94312
nuclear,p65,2015,19997468.392543
nuclear,p65,2020,17994315.120813
nuclear,p65,2023,19658234.64885
nuclear,p65,2026,20355281.94312
nuclear,p65,2029,20091224.999415
nuclear,p65,2032,20020597.40808
nuclear,p65,2035,20020597.40808
nuclear,p65,2038,20020597.40808
nuclear,p65,2041,19679781.581406
nuclear,p65,2044,19914707.316324
nuclear,p65,2047,19947859.183394
nuclear,p65,2050,19854646.277031
nuclear,p70,2010,4804314.718743
nuclear,p70,2015,4587241.954401
nuclear,p70,2029,4729449.62738
nuclear,p70,2032,4741352.288403
nuclear,p70,2035,4746735.119103
nuclear,p70,2038,4734562.181703
nuclear,p70,2041,4758992.493063
nuclear,p70,2044,4752863.806083
nuclear,p70,2047,4721719.461865
nuclear,p70,2050,4767857.173057
nuclear,p72,2010,9485970.40419
nuclear,p72,2015,8967772.409081
nuclear,p72,2020,9023524.742027
nuclear,p72,2023,8958648.462196
nuclear,p72,2026,9462875.664979
nuclear,p72,2029,9473927.00919
nuclear,p72,2032,9485970.40419
nuclear,p72,2035,9424380.155676
nuclear,p72,2038,9425303.60919
nuclear,p72,2041,9425303.60919
nuclear,p72,2044,9446673.746183
nuclear,p72,2047,9471171.616712
nuclear,p72,2050,9460765.49019
nuclear,p75,2010,9471746.265205
nuclear,p75,2015,9317471.83439
nuclear,p75,2020,9216708.948142
nuclear,p75,2023,9261896.009841
nuclear,p75,2026,9436709.484679
nuclear,p75,2029,9471746.265205
nuclear,p75,2032,9471746.265205
nuclear,p75,2035,9458326.298605
nuclear,p75,2038,9458326.298605
nuclear,p75,2041,9458326.298605
nuclear,p75,2044,9458326.298605
nuclear,p75,2047,9458326.298605
nuclear,p75,2050,4758289.017007
nuclear,p80,2010,69417025.65658
nuclear,p80,2015,69381879.341033
nuclear,p80,2020,69331208.478512
nuclear,p80,2023,69185871.634454
nuclear,p80,2026,69314767.531727
nuclear,p80,2029,69402477.482977
nuclear,p80,2032,69417025.65658
nuclear,p80,2035,69318986.80168
nuclear,p80,2038,69318986.80168
nuclear,p80,2041,69318986.80168
nuclear,p80,2044,69318986.80168
nuclear,p80,2047,69318986.80168
nuclear,p80,2050,62156226.055726
nuclear,p81,2010,14475167.744673
nuclear,p81,2015,14211556.445673
nuclear,p81,2020,14117965.812468
nuclear,p81,2023,14152271.283505
nuclear,p81,2026,14453912.374968
nuclear,p81,2029,14456737.272873
nuclear,p81,2032,14475167.744673
nuclear,p81,2035,14400150.911373
nuclear,p81,2038,14388353.808814
nuclear,p81,2041,14385455.095383
nuclear,p81,2044,14436588.10997
nuclear,p81,2047,14454654.881673
nuclear,p81,2050,14461497.959673
nuclear,p83,2010,8585628.630966
nuclear,p83,2015,8495662.353581
nuclear,p83,2020,8514482.151889
nuclear,p83,2023,8509193.064324
nuclear,p83,2026,8585628.630966
nuclear,p83,2029,8574697.000386
nuclear,p83,2032,8585628.630966
nuclear,p83,2035,8573461.875666
nuclear,p83,2038,8573461.875666
nuclear,p83,2041,8573461.875666
nuclear,p83,2044,8573461.875666
nuclear,p83,2047,8573461.875666
nuclear,p83,2050,8576630.458795
nuclear,p85,2010,14332809.881304
nuclear,p85,2015,13576432.136523
nuclear,p85,2020,13475074.83503
nuclear,p85,2023,13571513.534696
nuclear,p85,2026,14332809.881304
nuclear,p85,2029,14313228.005722
nuclear,p85,2032,14325557.258957
nuclear,p85,2035,14228317.71793
nuclear,p85,2038,14265398.646504
nuclear,p85,2041,14202821.168896
nuclear,p85,2044,14232633.429924
nuclear,p85,2047,14250551.523624
nuclear,p85,2050,14275854.160019
nuclear,p87,2010,10957525.508926
nuclear,p87,2015,10776929.592351
nuclear,p87,2020,10585182.571961
nuclear,p87,2023,10764550.641052
nuclear,p87,2026,10957525.508926
nuclear,p87,2029,10943520.043816
nuclear,p87,2032,10957525.508926
nuclear,p87,2035,10953874.802459
nuclear,p87,2038,10947233.813176
nuclear,p87,2041,10943864.811234
nuclear,p87,2044,10942041.443687
nuclear,p87,2047,10947233.813176
nuclear,p87,2050,10947233.813176
nuclear,p89,2010,29059531.371314
nuclear,p89,2015,29010299.998701
nuclear,p89,2020,29059531.371314
nuclear,p89,2023,29030522.888647
nuclear,p89,2026,29059531.371314
nuclear,p89,2029,29022644.504024
nuclear,p89,2032,29059531.371314
nuclear,p89,2035,29032409.159414
nuclear,p89,2038,29032409.159414
nuclear,p89,2041,29031715.562956
nuclear,p89,2044,29032409.159414
nuclear,p89,2047,29032409.159414
nuclear,p89,2050,29032409.159414
nuclear,p9,2010,17702428.8
nuclear,p9,2015,17702428.8
nuclear,p9,2020,17702428.8
nuclear,p9,2023,17702428.8
nuclear,p9,2026,17611801.536
nuclear,p9,2029,8710194.821989
nuclear,p90,2010,14089929.534
nuclear,p90,2015,14025598.605
nuclear,p90,2020,14049188.208457
nuclear,p90,2023,13965183.946657
nuclear,p90,2026,14089929.534
nuclear,p90,2029,14071887.5373
nuclear,p90,2032,14089929.534
nuclear,p90,2035,14076663.597
nuclear,p90,2038,14076663.597
nuclear,p90,2041,14058621.6003
nuclear,p90,2044,14076663.597
nuclear,p90,2047,14076663.597
nuclear,p90,2050,14076663.597
nuclear,p92,2010,27134819.333309
nuclear,p92,2015,27134819.333309
nuclear,p92,2020,35319566.043589
nuclear,p92,2023,35161938.133836
nuclear,p92,2026,36051945.261239
nuclear,p92,2029,36017568.265079
nuclear,p92,2032,36063287.334839
nuclear,p92,2035,36051549.020362
nuclear,p92,2038,36029462.061539
nuclear,p92,2041,36018119.987939
nuclear,p92,2044,36029462.061539
nuclear,p92,2047,36018847.043939
nuclear,p92,2050,36018847.043939
nuclear,p94,2010,31952354.1
nuclear,p94,2015,31952354.1
nuclear,p94,2020,31952354.1
nuclear,p94,2023,39919649.198542
nuclear,p94,2026,49607464.621644
nuclear,p94,2029,49550560.072167
nuclear,p94,2032,49629856.690044
nuclear,p94,2035,49578945.130786
nuclear,p94,2038,49583500.471044
nuclear,p94,2041,49455962.590787
nuclear,p94,2044,49359243.977388
nuclear,p94,2047,49486104.493662
nuclear,p94,2050,49537821.202039
nuclear,p95,2010,39104210.416934
nuclear,p95,2015,39104210.416934
nuclear,p95,2020,39104210.416934
nuclear,p95,2023,39104210.416934
nuclear,p95,2026,39104210.416934
nuclear,p95,2029,39093509.903469
nuclear,p95,2032,39104210.416934
nuclear,p95,2035,39049675.408334
nuclear,p95,2038,39049675.408334
nuclear,p95,2041,39009361.788189
nuclear,p95,2044,38864548.211467
nuclear,p95,2047,38900484.864932
nuclear,p95,2050,38939860.111343
nuclear,p96,2010,13820684.416147
nuclear,p96,2015,13820684.416147
nuclear,p96,2020,13820684.416147
nuclear,p96,2023,13820684.416147
nuclear,p96,2026,13820684.416147
nuclear,p96,2029,13803174.144667
nuclear,p96,2032,13718061.215922
nuclear,p96,2035,13666379.03926
nuclear,p96,2038,13677211.692617
nuclear,p96,2041,13597349.565467
nuclear,p96,2044,13569541.194168
nuclear,p96,2047,13629360.257678
nuclear,p96,2050,13645948.470733
nuclear,p97,2010,18487399.313359
nuclear,p97,2015,18487399.313359
nuclear,p97,2020,18487399.313359
nuclear,p97,2023,18487399.313359
nuclear,p97,2026,18487399.313359
nuclear,p97,2029,18487399.313359
nuclear,p97,2032,18487399.313359
nuclear,p97,2035,18461505.116359
nuclear,p97,2038,18461505.116359
nuclear,p97,2041,18461505.116359
nuclear,p97,2044,18461505.116359
nuclear,p97,2047,18434642.674375
nuclear,p97,2050,18434642.674375
nuclear,p98,2010,22672487.286462
nuclear,p98,2015,22672487.286462
nuclear,p98,2020,22672487.286462
nuclear,p98,2023,22672487.286462
nuclear,p98,2026,22672487.286462
nuclear,p98,2029,22672487.286462
nuclear,p98,2032,22672487.286462
nuclear,p98,2035,22607811.722262
nuclear,p98,2038,22582666.990767
nuclear,p98,2041,22324530.001287
nuclear,p98,2044,22358614.143224
nuclear,p98,2047,22516361.627622
nuclear,p98,2050,22569166.366682
nuclear,p99,2010,28613258.587152
nuclear,p99,2015,28613258.587152
nuclear,p99,2020,28613258.587152
nuclear,p99,2023,28613258.587152
nuclear,p99,2026,28613258.587152
nuclear,p99,2029,28613258.587152
nuclear,p99,2032,28613258.587152
nuclear,p99,2035,28586621.683152
nuclear,p99,2038,28573230.979152
nuclear,p99,2041,28573230.979152
nuclear,p99,2044,28573230.979152
nuclear,p99,2047,28441945.179607
nuclear,p99,2050,28487214.860133
nuclear,z122,2010,58593625.349126
nuclear,z122,2015,58593625.349126
nuclear,z122,2020,58593625.349126
nuclear,z122,2023,58593625.349126
nuclear,z122,2026,58593625.349126
nuclear,z122,2029,65016464.512036
nuclear,z122,2032,65024617.427716
nuclear,z122,2035,64959161.072045
nuclear,z122,2038,64899659.856316
nuclear,z122,2041,64866269.593289
nuclear,z122,2044,64828464.738592
nuclear,z122,2047,64370329.72477
nuclear,z122,2050,64406316.040035
nuclear,z28,2010,31095339.195024
nuclear,z28,2015,31095339.195024
nuclear,z28,2020,30706813.355423
nuclear,z28,2023,31081942.090912
nuclear,z28,2026,30777413.059224
nuclear,z28,2029,30419338.161958
nuclear,z28,2032,30448782.171767
nuclear,z28,2035,30387093.9501
nuclear,z28,2038,30314560.00068
nuclear,z28,2041,29870800.439382
nuclear,z28,2044,29905844.24331
nuclear,z28,2047,29863628.025221
nuclear,z28,2050,29842316.559342
biopower,p10,2010,404460.015507
biopower,p10,2015,903689.261722
biopower,p10,2020,1076627.449522
biopower,p10,2023,75265.92
biopower,p10,2026,76632.48
biopower,p10,2029,76632.48
biopower,p10,2032,139161.860805
biopower,p10,2035,117464.430963
biopower,p10,2038,116330.364973
biopower,p10,2041,127003.882061
biopower,p10,2044,106316.797486
biopower,p10,2047,66622.314544
biopower,p10,2050,53824.322851
biopower,p101,2010,51060.4617
biopower,p101,2015,476462.695732
biopower,p101,2020,53874.0
biopower,p101,2023,151097.828112
biopower,p101,2026,300957.368412
biopower,p101,2029,53874.0
biopower,p101,2032,258111.90348
biopower,p101,2035,223159.183388
biopower,p101,2038,215756.677283
biopower,p101,2041,191844.711608
biopower,p101,2044,214401.354735
biopower,p101,2047,53874.0
biopower,p101,2050,53874.0
biopower,p102,2010,64863.7611
biopower,p102,2015,55135.44
biopower,p102,2020,55135.44
biopower,p102,2023,55135.44
biopower,p102,2026,55135.44
biopower,p102,2029,55135.44
biopower,p102,2032,59687.812133
biopower,p102,2035,59687.812133
biopower,p102,2038,59687.812133
biopower,p102,2041,46037.159479
biopower,p102,2044,45883.243361
biopower,p102,2047,20320.372133
biopower,p102,2050,20320.372133
biopower,p103,2010,784394.051117
biopower,p103,2015,90560.88
biopower,p103,2020,90560.88
biopower,p103,2023,81257.76
biopower,p103,2026,81257.76
biopower,p103,2029,81257.76
biopower,p103,2032,81257.76
biopower,p103,2035,63229.68
biopower,p103,2038,42941.52
biopower,p103,2041,24545.52
biopower,p103,2044,24545.52
biopower,p103,2047,24545.52
biopower,p103,2050,24545.52
biopower,p111,2010,3784.32
biopower,p111,2015,3784.32
biopower,p111,2020,3784.32
biopower,p111,2023,3784.32
biopower,p111,2026,3784.32
biopower,p111,2029,3784.32
biopower,p111,2032,4095.732368
biopower,p111,2035,4095.732368
biopower,p111,2038,2237.695723
biopower,p111,2041,2200.766074
biopower,p111,2044,2876.985461
biopower,p111,2047,311.412368
biopower,p111,2050,311.412368
biopower,p112,2015,10890.229046
biopower,p112,2020,1261.44
biopower,p112,2023,1261.44
biopower,p112,2026,8450.926918
biopower,p112,2029,2733.12
biopower,p112,2032,10928.891266
biopower,p112,2035,10581.810313
biopower,p112,2038,10686.894372
biopower,p112,2041,2733.12
biopower,p112,2044,2733.12
biopower,p112,2047,2733.12
biopower,p112,2050,2733.12
biopower,p123,2010,9568.1304
biopower,p123,2015,946.08
biopower,p123,2020,946.08
biopower,p123,2023,946.08
biopower,p123,2026,12394.8954
biopower,p123,2029,946.08
biopower,p123,2032,946.08
biopower,p123,2035,946.08
biopower,p123,2038,946.08
biopower,p123,2041,946.08
biopower,p123,2044,946.08
biopower,p123,2047,946.08
biopower,p123,2050,946.08
biopower,p127,2010,28908.0
biopower,p127,2015,28908.0
biopower,p127,2020,28908.0
biopower,p127,2023,28908.0
biopower,p127,2026,178590.740911
biopower,p127,2029,28908.0
biopower,p127,2032,28908.0
biopower,p127,2041,9986.4
biopower,p127,2044,9986.4
biopower,p127,2047,9986.4
biopower,p127,2050,9986.4
biopower,p129,2010,159196.663013
biopower,p129,2015,37843.2
biopower,p129,2020,37843.2
biopower,p129,2023,37843.2
biopower,p129,2026,37843.2
biopower,p129,2029,10512.0
biopower,p129,2032,10512.0
biopower,p129,2035,10512.0
biopower,p130,2010,74845.44
biopower,p130,2015,261955.957729
biopower,p130,2020,110323.44
biopower,p130,2023,102334.32
biopower,p130,2026,1344235.238643
biopower,p130,2029,767202.582046
biopower,p130,2032,67066.56
biopower,p130,2035,35478.0
biopower,p130,2038,35478.0
biopower,p130,2041,35478.0
biopower,p130,2044,35478.0
biopower,p130,2047,35478.0
biopower,p130,2050,35478.0
biopower,p131,2010,7831.44
biopower,p131,2015,7831.44
biopower,p131,2020,7831.44
biopower,p131,2023,7831.44
biopower,p131,2026,103215.928031
biopower,p131,2029,13033.146069
biopower,p131,2032,7831.44
biopower,p131,2035,7831.44
biopower,p132,2015,150095.2059
biopower,p132,2020,19710.0
biopower,p132,2023,19710.0
biopower,p132,2026,259669.066725
biopower,p132,2029,291030.185271
biopower,p132,2032,80748.230475
biopower,p132,2035,22090.443902
biopower,p132,2038,22989.042191
biopower,p132,2041,22090.443902
biopower,p132,2044,33169.442919
biopower,p132,2047,22090.443902
biopower,p132,2050,22090.443902
biopower,p133,2020,1681.92
biopower,p133,2023,1681.92
biopower,p133,2026,22184.071555
biopower,p133,2029,22184.071555
biopower,p133,2032,19814.004643
biopower,p133,2035,1681.92
biopower,p133,2038,1681.92
biopower,p133,2041,1681.92
biopower,p133,2044,4295.500896
biopower,p133,2047,1681.92
biopower,p133,2050,1681.92
biopower,p134,2010,314771.752554
biopower,p134,2015,110218.32
biopower,p134,2020,118417.68
biopower,p134,2023,118417.68
biopower,p134,2026,750643.397102
biopower,p134,2029,118417.68
biopower,p134,2032,97078.32
biopower,p134,2035,28172.16
biopower,p134,2038,8199.36
biopower,p134,2041,8199.36
biopower,p134,2044,8199.36
biopower,p134,2047,8199.36
biopower,p134,2050,8199.36
biopower,p14,2010,3048.48
biopower,p14,2015,3048.48
biopower,p14,2020,3048.48
biopower,p14,2023,3048.48
biopower,p14,2026,13085.4438
biopower,p15,2010,18251.6436
biopower,p15,2015,4940.64
biopower,p15,2020,4940.64
biopower,p15,2023,4940.64
biopower,p15,2026,35791.256357
biopower,p15,2029,7191.926846
biopower,p15,2032,9756.697339
biopower,p15,2035,8783.797589
biopower,p15,2038,10276.525963
biopower,p15,2041,11538.956549
biopower,p15,2044,12808.602418
biopower,p15,2047,12908.834798
biopower,p15,2050,10798.105819
biopower,p16,2015,7282.788915
biopower,p16,2020,2628.0
biopower,p16,2023,2628.0
biopower,p16,2026,34517.313615
biopower,p16,2029,2628.0
biopower,p16,2032,18923.0985
biopower,p16,2035,14296.019925
biopower,p16,2038,15802.848165
biopower,p16,2041,17629.86954
biopower,p16,2044,17608.07877
biopower,p16,2047,17880.57621
biopower,p16,2050,16106.394135
biopower,p25,2015,5909.298978
biopower,p25,2020,1576.8
biopower,p25,2023,1576.8
biopower,p25,2026,1576.8
biopower,p25,2029,1576.8
biopower,p25,2032,1576.8
biopower,p25,2035,6736.73463
biopower,p25,2038,7773.040944
biopower,p25,2041,6947.380674
biopower,p25,2044,4457.393352
biopower,p25,2047,5374.637406
biopower,p25,2050,7316.508825
biopower,p29,2010,2873.97
biopower,p29,2015,1314.0
biopower,p29,2020,1314.0
biopower,p29,2023,1314.0
biopower,p29,2026,1314.0
biopower,p29,2029,1314.0
biopower,p29,2032,1314.0
biopower,p29,2035,1314.0
biopower,p29,2038,1314.0
biopower,p29,2041,1314.0
biopower,p29,2044,1314.0
biopower,p29,2047,1314.0
biopower,p3,2010,237275.725566
biopower,p3,2015,26280.0
biopower,p3,2020,26280.0
biopower,p3,2023,26280.0
biopower,p3,2026,346733.88675
biopower,p31,2010,14876.27304
biopower,p31,2015,1681.92
biopower,p31,2020,1681.92
biopower,p31,2023,1681.92
biopower,p31,2026,1681.92
biopower,p31,2029,1681.92
biopower,p31,2032,1103.76
biopower,p31,2035,1103.76
biopower,p31,2038,1103.76
biopower,p31,2041,1103.76
biopower,p31,2044,1103.76
biopower,p33,2010,22701.39582
biopower,p33,2015,26254.573897
biopower,p33,2020,11773.44
biopower,p33,2023,11773.44
biopower,p33,2026,11773.44
biopower,p33,2029,11773.44
biopower,p33,2032,9250.56
biopower,p33,2035,9250.56
biopower,p33,2038,9250.56
biopower,p33,2041,9250.56
biopower,p33,2044,9250.56
biopower,p33,2047,8024.458277
biopower,p33,2050,20638.042299
biopower,p43,2010,34581.5673
biopower,p43,2015,32009.04
biopower,p43,2020,32009.04
biopower,p43,2023,32009.04
biopower,p43,2026,32009.04
biopower,p43,2029,32009.04
biopower,p43,2032,32009.04
biopower,p43,2035,32009.04
biopower,p43,2038,32009.04
biopower,p43,2041,32009.04
biopower,p43,2044,32009.04
biopower,p43,2047,32009.04
biopower,p43,2050,14664.24
biopower,p46,2010,18754.47
biopower,p46,2015,12483.840941
biopower,p46,2020,11142.72
biopower,p46,2023,11142.72
biopower,p46,2026,11142.72
biopower,p46,2029,11142.72
biopower,p46,2032,11142.72
biopower,p46,2035,1681.92
biopower,p46,2038,1681.92
biopower,p46,2041,1681.92
biopower,p46,2044,1681.92
biopower,p46,2047,1681.92
biopower,p46,2050,1681.92
biopower,p5,2010,3942.0
biopower,p5,2015,4467.6
biopower,p5,2020,4467.6
biopower,p5,2023,4467.6
biopower,p5,2026,6702.010092
biopower,p5,2029,4467.6
biopower,p5,2032,1785.702942
biopower,p5,2035,3171.860493
biopower,p5,2038,3453.896778
biopower,p5,2041,3542.060778
biopower,p5,2044,1318.418232
biopower,p5,2047,525.6
biopower,p5,2050,525.6
biopower,p58,2010,26387.5194
biopower,p58,2015,5834.16
biopower,p58,2020,5834.16
biopower,p58,2023,5834.16
biopower,p58,2026,5834.16
biopower,p6,2010,23284.08
biopower,p6,2015,23284.08
biopower,p6,2020,23284.08
biopower,p6,2023,23284.08
biopower,p6,2026,23284.08
biopower,p6,2029,23284.08
biopower,p6,2032,7358.4
biopower,p6,2035,7358.4
biopower,p6,2038,7358.4
biopower,p6,2041,7358.4
biopower,p6,2044,7358.4
biopower,p6,2047,7358.4
biopower,p6,2050,7358.4
biopower,p66,2015,375654.890683
biopower,p66,2020,77000.4
biopower,p66,2023,77000.4
biopower,p66,2026,77000.4
biopower,p66,2029,77000.4
biopower,p66,2032,77000.4
biopower,p66,2035,77000.4
biopower,p66,2038,77000.4
biopower,p66,2041,77000.4
biopower,p66,2044,77000.4
biopower,p66,2047,77000.4
biopower,p66,2050,77000.4
biopower,p70,2015,3778.910547
biopower,p70,2020,525.6
biopower,p70,2023,525.6
biopower,p70,2026,525.6
biopower,p70,2029,525.6
biopower,p70,2032,525.6
biopower,p70,2035,525.6
biopower,p70,2038,525.6
biopower,p70,2041,525.6
biopower,p70,2044,525.6
biopower,p70,2047,525.6
biopower,p70,2050,525.6
biopower,p74,2010,71421.1461
biopower,p74,2015,9303.12
biopower,p74,2020,9303.12
biopower,p74,2023,9303.12
biopower,p74,2026,9303.12
biopower,p74,2029,9303.12
biopower,p74,2032,9303.12
biopower,p75,2010,57677.4
biopower,p75,2015,193466.745792
biopower,p75,2020,48355.2
biopower,p75,2023,48355.2
biopower,p75,2026,48355.2
biopower,p75,2029,48355.2
biopower,p75,2032,48355.2
biopower,p75,2035,25228.8
biopower,p75,2038,25228.8
biopower,p75,2041,25228.8
biopower,p75,2044,25228.8
biopower,p75,2047,25228.8
biopower,p75,2050,25228.8
biopower,p77,2015,6502.192858
biopower,p77,2020,840.96
biopower,p77,2023,840.96
biopower,p77,2026,840.96
biopower,p77,2029,840.96
biopower,p77,2032,840.96
biopower,p77,2035,840.96
biopower,p77,2038,840.96
biopower,p77,2041,840.96
biopower,p77,2044,840.96
biopower,p77,2047,840.96
biopower,p77,2050,840.96
biopower,p78,2015,8262.624672
biopower,p78,2020,1051.2
biopower,p78,2023,1051.2
biopower,p78,2026,1051.2
biopower,p78,2029,1051.2
biopower,p78,2032,1051.2
biopower,p78,2035,1051.2
biopower,p78,2038,1051.2
biopower,p78,2041,1051.2
biopower,p78,2044,1051.2
biopower,p78,2047,1051.2
biopower,p78,2050,1051.2
biopower,p79,2015,8286.967062
biopower,p79,2020,1051.2
biopower,p79,2023,1051.2
biopower,p79,2026,1051.2
biopower,p79,2029,1051.2
biopower,p79,2032,1051.2
biopower,p79,2035,1051.2
biopower,p79,2038,1051.2
biopower,p79,2041,1051.2
biopower,p79,2044,1051.2
biopower,p79,2047,1051.2
biopower,p79,2050,1051.2
biopower,p8,2010,133329.389286
biopower,p8,2015,206623.89
biopower,p8,2020,206623.89
biopower,p8,2023,15768.0
biopower,p8,2026,15768.0
biopower,p8,2029,15768.0
biopower,p8,2032,15768.0
biopower,p80,2010,19884.470085
biopower,p80,2015,12811.359087
biopower,p80,2020,1576.8
biopower,p80,2023,1576.8
biopower,p80,2026,1576.8
biopower,p80,2029,1576.8
biopower,p80,2032,1576.8
biopower,p80,2035,1576.8
biopower,p80,2038,1576.8
biopower,p80,2041,1576.8
biopower,p80,2044,1576.8
biopower,p80,2047,1576.8
biopower,p80,2050,1576.8
biopower,p85,2010,7560.12
biopower,p85,2015,4204.8
biopower,p85,2020,4204.8
biopower,p9,2010,341520.804417
biopower,p9,2015,2185914.280533
biopower,p9,2020,2110833.158866
biopower,p9,2023,164355.12
biopower,p9,2026,168244.56
biopower,p9,2029,169821.36
biopower,p9,2032,121669.877103
biopower,p9,2035,112930.324123
biopower,p9,2038,111112.18274
biopower,p9,2041,111137.272704
biopower,p9,2044,89609.387886
biopower,p9,2047,63216.149094
biopower,p9,2050,49628.96676
biopower,p92,2010,1193.9724
biopower,p92,2015,946.08
biopower,p92,2020,946.08
biopower,p92,2023,946.08
biopower,p92,2026,946.08
biopower,p92,2029,946.08
biopower,p92,2032,946.08
biopower,p92,2035,946.08
biopower,p92,2038,946.08
biopower,p92,2041,946.08
biopower,p92,2044,946.08
biopower,p92,2047,946.08
biopower,p94,2010,117123.210954
biopower,p94,2015,334783.541031
biopower,p94,2020,125355.6
biopower,p94,2023,125355.6
biopower,p94,2026,125355.6
biopower,p94,2029,125355.6
biopower,p94,2032,588061.831535
biopower,p94,2035,125355.6
biopower,p94,2038,125355.6
biopower,p94,2041,125355.6
biopower,p94,2044,322397.74842
biopower,p94,2047,125355.6
biopower,p94,2050,125355.6
biopower,p96,2010,67317.9132
biopower,p96,2015,276533.928996
biopower,p96,2020,75160.8
biopower,p96,2023,30484.8
biopower,p96,2026,105719.125044
biopower,p96,2029,30484.8
biopower,p96,2032,30484.8
biopower,p96,2035,30484.8
biopower,p96,2038,30484.8
biopower,p96,2041,30484.8
biopower,p96,2044,63424.131676
biopower,p96,2047,30484.8
biopower,p96,2050,30484.8
biopower,p97,2020,2733.12
biopower,p97,2023,2733.12
biopower,p97,2026,2733.12
biopower,p97,2029,2733.12
biopower,p97,2032,16852.298284
biopower,p97,2035,2733.12
biopower,p97,2038,2733.12
biopower,p97,2041,2733.12
biopower,p97,2044,2733.12
biopower,p97,2047,2733.12
biopower,p97,2050,2733.12
biopower,p98,2010,714881.202
biopower,p98,2015,99864.0
biopower,p98,2020,100757.52
biopower,p98,2023,25596.72
biopower,p98,2026,25596.72
biopower,p98,2029,25596.72
biopower,p98,2032,25596.72
biopower,p98,2035,893.52
biopower,p98,2038,893.52
biopower,p98,2041,893.52
biopower,p98,2044,893.52
biopower,p98,2047,893.52
biopower,p98,2050,893.52
biopower,p99,2010,757234.279368
biopower,p99,2015,246072.04866
biopower,p99,2020,104279.04
biopower,p99,2023,104279.04
biopower,p99,2026,104279.04
biopower,z122,2015,1589.925
biopower,z122,2020,1314.0
biopower,z122,2023,1314.0
biopower,z122,2026,1314.0
biopower,z122,2029,1314.0
biopower,z122,2032,1314.0
biopower,z122,2035,1314.0
biopower,z122,2038,1314.0
biopower,z122,2041,1314.0
biopower,z122,2044,1314.0
biopower,z122,2047,1314.0
biopower,z122,2050,1314.0
biopower,z28,2010,30545.062123
biopower,z28,2015,11668.32
biopower,z28,2020,11668.32
biopower,z28,2023,11668.32
biopower,z28,2026,11668.32
biopower,z28,2029,11668.32
biopower,z28,2032,11668.32
biopower,z28,2035,11668.32
biopower,z28,2038,11668.32
biopower,z28,2041,11668.32
biopower,z28,2044,11668.32
biopower,z28,2047,11668.32
biopower,z28,2050,11668.32
beccs_mod,p11,2044,1321850.672144
beccs_mod,p11,2047,3554829.508719
beccs_mod,p11,2050,3553010.054507
beccs_mod,p125,2047,416378.016689
beccs_mod,p125,2050,875816.55025
beccs_mod,p126,2047,10608.940697
beccs_mod,p126,2050,3074069.443192
beccs_mod,p37,2038,0.0
H2-CT,p10,2029,39644.343423
H2-CT,p10,2032,39644.343423
H2-CT,p10,2035,39644.343423
H2-CT,p10,2038,39644.343423
H2-CT,p10,2041,17812.80088
H2-CT,p10,2044,11173.73104
H2-CT,p10,2047,11173.73104
H2-CT,p100,2035,0.0
H2-CT,p116,2050,0.0
H2-CT,p123,2038,0.0
H2-CT,p124,2047,0.0
H2-CT,p131,2029,-0.0
H2-CT,p16,2029,0.0
H2-CT,p16,2038,0.0
H2-CT,p17,2044,0.0
H2-CT,p19,2038,-0.0
H2-CT,p21,2032,0.0
H2-CT,p31,2041,0.0
H2-CT,p35,2038,-0.0
H2-CT,p40,2041,-1e-06
H2-CT,p42,2038,-0.0
H2-CT,p43,2032,-0.0
H2-CT,p44,2032,-0.0
H2-CT,p44,2038,0.0
H2-CT,p46,2038,0.0
H2-CT,p5,2038,0.0
H2-CT,p50,2044,-0.0
H2-CT,p54,2038,0.0
H2-CT,p58,2047,0.0
H2-CT,p59,2032,-0.0
H2-CT,p6,2035,-0.0
H2-CT,p62,2032,0.0
H2-CT,p63,2032,-0.0
H2-CT,p65,2032,-0.0
H2-CT,p66,2050,0.0
H2-CT,p7,2038,-0.0
H2-CT,p72,2032,-0.0
H2-CT,p73,2038,-0.0
H2-CT,p74,2044,0.0
H2-CT,p75,2038,-0.0
H2-CT,p75,2050,1e-06
H2-CT,p77,2050,-0.0
H2-CT,p79,2038,0.0
H2-CT,p80,2032,0.0
H2-CT,p81,2038,0.0
H2-CT,p85,2032,0.0
H2-CT,p95,2047,0.0
H2-CC,p109,2038,-0.0
H2-CC,p110,2029,0.0
H2-CC,p118,2050,-0.0
H2-CC,p124,2038,0.0
H2-CC,p124,2047,-0.0
H2-CC,p128,2050,0.0
H2-CC,p131,2029,-0.0
H2-CC,p14,2047,0.0
H2-CC,p15,2029,0.0
H2-CC,p16,2029,-0.0
H2-CC,p17,2029,-0.0
H2-CC,p19,2038,-0.0
H2-CC,p19,2050,0.0
H2-CC,p2,2041,0.0
H2-CC,p20,2035,0.0
H2-CC,p20,2050,0.0
H2-CC,p21,2047,-0.0
H2-CC,p25,2029,0.0
H2-CC,p26,2050,0.0
H2-CC,p29,2047,-0.0
H2-CC,p31,2032,-0.0
H2-CC,p32,2032,-0.0
H2-CC,p37,2044,0.0
H2-CC,p42,2038,-0.0
H2-CC,p43,2038,-0.0
H2-CC,p43,2044,-0.0
H2-CC,p44,2032,0.0
H2-CC,p44,2038,0.0
H2-CC,p46,2041,0.0
H2-CC,p47,2050,-0.0
H2-CC,p48,2041,-0.0
H2-CC,p54,2029,-0.0
H2-CC,p58,2050,0.0
H2-CC,p68,2032,-0.0
H2-CC,p7,2038,0.0
H2-CC,p71,2029,0.0
H2-CC,p71,2038,0.0
H2-CC,p72,2044,0.0
H2-CC,p73,2044,0.0
H2-CC,p75,2038,0.0
H2-CC,p8,2032,0.0
H2-CC,p8,2041,0.0
H2-CC,p82,2038,0.0
H2-CC,p83,2038,-0.0
H2-CC,p89,2044,0.0
H2-CC,p90,2044,-0.0
H2-CC,p96,2029,-0.0
H2-CC,p96,2047,0.0
battery_li,p1,2015,-34.20855
battery_li,p1,2020,-226.726814
battery_li,p1,2023,-415.655294
battery_li,p1,2026,-10449.910849
battery_li,p1,2029,-49658.775332
battery_li,p1,2032,-49494.019063
battery_li,p1,2035,-55325.167764
battery_li,p1,2038,-65480.268477
battery_li,p1,2041,-10836.984913
battery_li,p1,2044,-10593.144365
battery_li,p1,2047,-10981.683061
battery_li,p1,2050,-11450.503847
battery_li,p10,2020,-1148.017765
battery_li,p10,2023,-851798.27724
battery_li,p10,2026,-2829570.587835
battery_li,p10,2029,-3496030.864544
battery_li,p10,2032,-3572297.400312
battery_li,p10,2035,-3865483.990325
battery_li,p10,2038,-2966840.478843
battery_li,p10,2041,-3418767.226406
battery_li,p10,2044,-3656035.858395
battery_li,p10,2047,-4561736.684173
battery_li,p10,2050,-5419158.924193
battery_li,p100,2029,-74594.812235
battery_li,p100,2032,-62821.012241
battery_li,p100,2035,-68860.938686
battery_li,p100,2038,-70779.276375
battery_li,p100,2041,-77186.809221
battery_li,p100,2044,-2445.219437
battery_li,p100,2047,-35644.529226
battery_li,p100,2050,-36842.837845
battery_li,p101,2020,-6092.36616
battery_li,p101,2023,-86057.454176
battery_li,p101,2026,-148121.038537
battery_li,p101,2029,-147194.257142
battery_li,p101,2032,-212046.639749
battery_li,p101,2035,-207392.768027
battery_li,p101,2038,-126936.069797
battery_li,p101,2041,-79209.543228
battery_li,p101,2044,-629685.072999
battery_li,p101,2047,-1253652.097956
battery_li,p101,2050,-2958765.233185
battery_li,p102,2020,-2718.367059
battery_li,p102,2023,-2705.413059
battery_li,p102,2026,-3048.547419
battery_li,p102,2029,-3087.939256
battery_li,p102,2032,-35702.616546
battery_li,p102,2035,-31755.596753
battery_li,p102,2038,-31391.739202
battery_li,p102,2041,-31409.555638
battery_li,p102,2044,-29375.957816
battery_li,p102,2047,-419.65654
battery_li,p102,2050,-526245.840221
battery_li,p103,2023,-34.657412
battery_li,p103,2026,-45016.93536
battery_li,p103,2029,-265197.083748
battery_li,p103,2032,-295899.166554
battery_li,p103,2035,-342800.961939
battery_li,p103,2038,-436444.531266
battery_li,p103,2041,-515657.026876
battery_li,p103,2044,-553408.716327
battery_li,p103,2047,-562375.34085
battery_li,p103,2050,-573881.733714
battery_li,p104,2020,-67.235294
battery_li,p104,2023,-68.470588
battery_li,p104,2026,-71.294118
battery_li,p104,2029,-44495.43845
battery_li,p104,2032,-35651.731703
battery_li,p104,2035,-39440.91715
battery_li,p104,2038,-42788.347375
battery_li,p104,2041,-50264.640664
battery_li,p104,2044,-67563.249784
battery_li,p104,2047,-72270.163789
battery_li,p104,2050,-67856.162543
battery_li,p105,2010,-373.588235
battery_li,p105,2015,-377.116235
battery_li,p105,2020,-388.061824
battery_li,p105,2026,-26553.547999
battery_li,p105,2029,-24833.956711
battery_li,p105,2032,-19533.144008
battery_li,p105,2035,-21173.392306
battery_li,p105,2038,-23756.858719
battery_li,p106,2020,-1344.705882
battery_li,p106,2023,-1369.411765
battery_li,p106,2026,-4464.165253
battery_li,p106,2029,-133937.497628
battery_li,p106,2032,-108621.822526
battery_li,p106,2035,-119080.512569
battery_li,p106,2038,-124924.013704
battery_li,p106,2041,-137246.396638
battery_li,p107,2020,-1317.811765
battery_li,p107,2023,-1342.023529
battery_li,p107,2026,-58368.087247
battery_li,p107,2029,-60821.700822
battery_li,p107,2032,-49519.756693
battery_li,p107,2035,-47433.727959
battery_li,p107,2038,-52069.644269
battery_li,p107,2041,-1179.245138
battery_li,p107,2044,-1169.149132
battery_li,p107,2047,-1262.289233
battery_li,p107,2050,-1186.550174
battery_li,p109,2026,-32666.491535
battery_li,p109,2029,-52296.962544
battery_li,p109,2032,-39725.418254
battery_li,p109,2035,-41726.151017
battery_li,p109,2038,-46872.409903
battery_li,p109,2041,-20140.929945
battery_li,p109,2044,-836.231092
battery_li,p109,2047,-850.613445
battery_li,p109,2050,-809.521008
battery_li,p11,2023,-94252.218737
battery_li,p11,2026,-216351.46097
battery_li,p11,2029,-257480.88714
battery_li,p11,2032,-528915.98229
battery_li,p11,2035,-482368.384018
battery_li,p11,2038,-504930.789565
battery_li,p11,2041,-313611.711345
battery_li,p11,2044,-300276.239859
battery_li,p11,2047,-357259.39898
battery_li,p11,2050,-557660.03789
battery_li,p110,2029,-641.217487
battery_li,p110,2032,-464.128004
battery_li,p110,2035,-531.834864
battery_li,p110,2038,-571.469155
battery_li,p110,2041,-651.559542
battery_li,p111,2023,-830.117647
battery_li,p111,2026,-2414.675435
battery_li,p111,2029,-3762.781839
battery_li,p111,2032,-3293.4168
battery_li,p111,2035,-3411.713012
battery_li,p111,2038,-2460.924363
battery_li,p111,2041,-1610.871792
battery_li,p111,2044,-87.407725
battery_li,p111,2047,-96.442116
battery_li,p111,2050,-1171.985143
battery_li,p112,2010,-373.588235
battery_li,p112,2015,-1131.348706
battery_li,p112,2020,-2509.195076
battery_li,p112,2023,-2378.2662
battery_li,p112,2026,-32287.388145
battery_li,p112,2029,-66437.124988
battery_li,p112,2032,-55175.584924
battery_li,p112,2035,-60038.986264
battery_li,p112,2038,-59552.049035
battery_li,p112,2041,-35250.016793
battery_li,p112,2044,-723.647647
battery_li,p112,2047,-762.102353
battery_li,p112,2050,-720.151765
battery_li,p113,2020,-275.664706
battery_li,p113,2023,-283.623529
battery_li,p113,2026,-9491.576294
battery_li,p113,2029,-129423.715715
battery_li,p113,2032,-105732.787526
battery_li,p113,2035,-120760.864134
battery_li,p113,2038,-123602.177682
battery_li,p113,2041,-120697.190635
battery_li,p114,2015,-117.211765
battery_li,p114,2020,-1290.917647
battery_li,p114,2023,-1328.188235
battery_li,p114,2026,-3133.220294
battery_li,p114,2029,-55674.776871
battery_li,p114,2032,-46417.062697
battery_li,p114,2035,-49438.257393
battery_li,p114,2038,-48716.619381
battery_li,p114,2041,-52083.421503
battery_li,p115,2026,-4989.293471
battery_li,p115,2029,-42112.620948
battery_li,p115,2032,-39856.812612
battery_li,p115,2035,-37945.429107
battery_li,p115,2038,-37471.830618
battery_li,p115,2041,-36958.063846
battery_li,p116,2015,-1862.364706
battery_li,p116,2020,-1887.6
battery_li,p116,2023,-2023.870588
battery_li,p116,2026,-16147.73245
battery_li,p116,2029,-14899.732941
battery_li,p116,2032,-10674.731999
battery_li,p116,2035,-11320.715888
battery_li,p116,2038,-11203.407835
battery_li,p116,2041,-471.252581
battery_li,p116,2044,-501.332533
battery_li,p116,2047,-476.320356
battery_li,p116,2050,-496.027657
battery_li,p117,2010,-373.588235
battery_li,p117,2015,-377.116235
battery_li,p117,2020,-387.071118
battery_li,p118,2029,-8800.822417
battery_li,p118,2032,-7450.011333
battery_li,p118,2035,-11649.03633
battery_li,p118,2038,-11511.040053
battery_li,p118,2041,-11795.242328
battery_li,p118,2044,-9349.564482
battery_li,p118,2047,-9818.225717
battery_li,p118,2050,-5983.967037
battery_li,p12,2023,-16070.854676
battery_li,p12,2026,-280035.919016
battery_li,p12,2029,-310736.595112
battery_li,p12,2032,-308537.829884
battery_li,p12,2035,-320189.786978
battery_li,p12,2038,-316530.230666
battery_li,p12,2041,-283384.188235
battery_li,p12,2044,-290240.253054
battery_li,p12,2047,-299726.949362
battery_li,p12,2050,-333316.216506
battery_li,p120,2026,-1691.760176
battery_li,p120,2029,-3747.203726
battery_li,p120,2032,-3432.100411
battery_li,p120,2035,-3877.61489
battery_li,p120,2038,-3749.497718
battery_li,p120,2041,-2411.522537
battery_li,p120,2044,-0.084274
battery_li,p120,2047,-0.081573
battery_li,p120,2050,-1.080135
battery_li,p121,2015,-942.790588
battery_li,p121,2020,-1329.672441
battery_li,p121,2023,-1401.622024
battery_li,p121,2026,-4903.949012
battery_li,p121,2029,-4709.07867
battery_li,p121,2032,-3495.089763
battery_li,p121,2035,-3184.444195
battery_li,p121,2038,-3434.658171
battery_li,p121,2041,-479.277374
battery_li,p121,2044,-507.196444
battery_li,p121,2047,-500.216676
battery_li,p121,2050,-517.666095
battery_li,p123,2023,-169.835294
battery_li,p123,2026,-571362.748427
battery_li,p123,2029,-580614.600559
battery_li,p123,2032,-551947.350387
battery_li,p123,2035,-575967.030713
battery_li,p123,2038,-614113.785482
battery_li,p123,2041,-307381.267783
battery_li,p123,2044,-313897.290283
battery_li,p123,2047,-300625.126358
battery_li,p123,2050,-334655.04192
battery_li,p124,2026,-2056.748682
battery_li,p124,2029,-5784.751751
battery_li,p124,2032,-4494.880248
battery_li,p124,2035,-5851.603313
battery_li,p124,2038,-6451.77427
battery_li,p124,2041,-6550.23446
battery_li,p124,2044,-5.845698
battery_li,p124,2047,-15236.41967
battery_li,p124,2050,-15667.620299
battery_li,p125,2035,0.0
battery_li,p126,2015,-65.117647
battery_li,p126,2020,-3016.2
battery_li,p126,2023,-5144.594118
battery_li,p126,2026,-406553.063707
battery_li,p126,2029,-382929.166256
battery_li,p126,2032,-411752.266562
battery_li,p126,2035,-424144.691719
battery_li,p126,2038,-390219.588618
battery_li,p126,2041,-393297.374547
battery_li,p126,2044,-421022.562197
battery_li,p126,2047,-397209.569996
battery_li,p126,2050,-404443.780827
battery_li,p127,2020,-7780.661647
battery_li,p127,2023,-19206.763588
battery_li,p127,2026,-214598.239432
battery_li,p127,2029,-246969.95583
battery_li,p127,2032,-242151.835188
battery_li,p127,2035,-359601.322524
battery_li,p127,2038,-358815.531961
battery_li,p127,2041,-1152410.122795
battery_li,p127,2044,-1253970.577763
battery_li,p127,2047,-1340792.028273
battery_li,p127,2050,-1854635.025061
battery_li,p128,2020,-3759.003546
battery_li,p128,2023,-3088.452936
battery_li,p128,2026,-255899.005603
battery_li,p128,2029,-341626.941935
battery_li,p128,2032,-303919.376234
battery_li,p128,2035,-357848.908101
battery_li,p128,2038,-411752.582929
battery_li,p128,2041,-136772.584548
battery_li,p128,2044,-155841.786398
battery_li,p128,2047,-401711.059419
battery_li,p128,2050,-448250.131488
battery_li,p129,2015,-222.0
battery_li,p129,2020,-2209.640003
battery_li,p129,2023,-3320.276471
battery_li,p129,2026,-5256.234525
battery_li,p129,2029,-5905.352475
battery_li,p129,2032,-5942.637172
battery_li,p129,2035,-30090.467764
battery_li,p129,2038,-26873.493372
battery_li,p129,2041,-33164.365453
battery_li,p129,2044,-33390.689884
battery_li,p129,2047,-35220.223782
battery_li,p129,2050,-40260.135289
battery_li,p13,2023,-84844.780408
battery_li,p13,2026,-468291.886444
battery_li,p13,2029,-522966.438166
battery_li,p13,2032,-504092.707811
battery_li,p13,2035,-553378.905138
battery_li,p13,2038,-456415.121763
battery_li,p13,2041,-45882.986185
battery_li,p13,2044,-43344.2275
battery_li,p13,2047,-84180.82036
battery_li,p13,2050,-379265.928647
battery_li,p130,2023,-882.0
battery_li,p130,2026,-3895.072094
battery_li,p130,2029,-4110.105176
battery_li,p130,2032,-4329.310231
battery_li,p130,2035,-28651.446494
battery_li,p130,2038,-27514.181939
battery_li,p130,2041,-34684.423307
battery_li,p130,2044,-32766.304045
battery_li,p130,2047,-35662.297904
battery_li,p130,2050,-3193.430848
battery_li,p131,2020,-11489.021585
battery_li,p131,2023,-40226.177647
battery_li,p131,2026,-350962.253784
battery_li,p131,2029,-378106.980356
battery_li,p131,2032,-394340.091638
battery_li,p131,2035,-397904.400502
battery_li,p131,2038,-369963.956414
battery_li,p131,2041,-33397.531917
battery_li,p131,2044,-33491.703766
battery_li,p131,2047,-34672.29882
battery_li,p131,2050,-37192.239147
battery_li,p132,2020,-411.560612
battery_li,p132,2023,-384.542118
battery_li,p132,2026,-51158.382325
battery_li,p132,2029,-49519.568329
battery_li,p132,2032,-51344.142485
battery_li,p132,2035,-52460.650634
battery_li,p132,2038,-51517.274253
battery_li,p132,2041,-100.58202
battery_li,p132,2044,-116.238135
battery_li,p132,2047,-123.283958
battery_li,p132,2050,-127.77443
battery_li,p133,2023,-634.236353
battery_li,p133,2026,-22468.437128
battery_li,p133,2029,-24530.035179
battery_li,p133,2032,-25511.166673
battery_li,p133,2035,-36547.477544
battery_li,p133,2038,-34884.367279
battery_li,p133,2041,-41547.765967
battery_li,p133,2044,-41411.910484
battery_li,p133,2047,-44068.090773
battery_li,p133,2050,-46013.241638
battery_li,p134,2020,-2942.742353
battery_li,p134,2023,-5355.455758
battery_li,p134,2026,-67821.5182
battery_li,p134,2029,-78101.226349
battery_li,p134,2032,-89087.018103
battery_li,p134,2035,-332576.388374
battery_li,p134,2038,-330122.171187
battery_li,p134,2041,-390124.917116
battery_li,p134,2044,-375876.504917
battery_li,p134,2047,-381894.648212
battery_li,p134,2050,-278975.318558
battery_li,p14,2044,0.0
battery_li,p15,2026,-50716.428723
battery_li,p15,2029,-129153.580974
battery_li,p15,2032,-124771.223447
battery_li,p15,2035,-144992.081356
battery_li,p15,2038,-147556.696059
battery_li,p16,2026,-9931.096906
battery_li,p16,2029,-16885.978832
battery_li,p16,2032,-17147.48415
battery_li,p16,2035,-18793.693362
battery_li,p16,2038,-19272.178806
battery_li,p16,2041,-32067.520568
battery_li,p16,2044,-30708.671978
battery_li,p16,2047,-31604.234008
battery_li,p16,2050,-33431.630799
battery_li,p2,2020,-44.530129
battery_li,p2,2023,-87.099529
battery_li,p2,2026,-52.941176
battery_li,p2,2029,-224.513213
battery_li,p2,2032,-219.840983
battery_li,p23,2047,-0.0
battery_li,p24,2029,-29620.791749
battery_li,p24,2032,-27533.673641
battery_li,p24,2035,-28411.126502
battery_li,p24,2038,-27881.997053
battery_li,p24,2041,-27484.914147
battery_li,p24,2044,-10473.053896
battery_li,p24,2047,-11601.520432
battery_li,p24,2050,-11818.997531
battery_li,p25,2026,-185322.171668
battery_li,p25,2029,-236915.283425
battery_li,p25,2032,-235260.812012
battery_li,p25,2035,-238806.24598
battery_li,p25,2038,-240937.925538
battery_li,p25,2041,-19644.289322
battery_li,p25,2044,-20118.070902
battery_li,p25,2047,-19586.347574
battery_li,p25,2050,-21074.975235
battery_li,p26,2026,-2870.208
battery_li,p26,2029,-3542.030757
battery_li,p26,2032,-3503.09318
battery_li,p26,2035,-3568.205533
battery_li,p26,2038,-3538.969412
battery_li,p26,2041,-305.267966
battery_li,p26,2044,-315.106341
battery_li,p26,2047,-301.68153
battery_li,p26,2050,-330.936905
battery_li,p27,2023,-3019.944044
battery_li,p27,2026,-7181.946
battery_li,p27,2029,-9351.790054
battery_li,p27,2032,-9365.706
battery_li,p27,2035,-9490.088432
battery_li,p27,2038,-5538.771954
battery_li,p27,2041,-2913.444343
battery_li,p27,2044,-2966.530963
battery_li,p27,2047,-2998.819568
battery_li,p27,2050,-3477.900693
battery_li,p3,2044,-0.0
battery_li,p31,2015,-72.042353
battery_li,p31,2020,-136.139294
battery_li,p31,2023,-45810.084097
battery_li,p31,2026,-364901.681524
battery_li,p31,2029,-442363.316462
battery_li,p31,2032,-450927.300505
battery_li,p31,2035,-456879.730362
battery_li,p31,2038,-392949.668431
battery_li,p32,2032,-3277.243344
battery_li,p32,2035,-3854.443464
battery_li,p32,2038,-3527.936864
battery_li,p32,2041,-3608.484214
battery_li,p32,2044,-3253.316383
battery_li,p33,2020,-845.797985
battery_li,p33,2023,-1437.115531
battery_li,p33,2026,-33225.449906
battery_li,p33,2029,-245924.857599
battery_li,p33,2032,-237140.583798
battery_li,p33,2035,-244852.217436
battery_li,p33,2038,-251136.499956
battery_li,p33,2041,-202454.260396
battery_li,p33,2044,-149937.591395
battery_li,p33,2047,-155474.469375
battery_li,p33,2050,-161953.233505
battery_li,p34,2023,-36240.041372
battery_li,p34,2026,-157933.255614
battery_li,p34,2029,-419768.752406
battery_li,p34,2032,-402113.532331
battery_li,p34,2035,-422464.911658
battery_li,p34,2038,-358251.024044
battery_li,p34,2041,-213362.457853
battery_li,p34,2044,-67809.115162
battery_li,p34,2047,-77209.558112
battery_li,p34,2050,-79604.222967
battery_li,p37,2029,-80421.983236
battery_li,p37,2032,-53703.232267
battery_li,p37,2035,-46357.015051
battery_li,p37,2038,-58652.37611
battery_li,p37,2041,-73428.088811
battery_li,p37,2044,0.0
battery_li,p38,2020,-51.670588
battery_li,p38,2023,-50.541176
battery_li,p38,2026,-53.837968
battery_li,p38,2029,-47.717647
battery_li,p38,2032,-65.675181
battery_li,p38,2035,-5670.806151
battery_li,p38,2038,-5936.704307
battery_li,p38,2041,-8456.819186
battery_li,p38,2044,-10444.128543
battery_li,p38,2047,-12951.508493
battery_li,p38,2050,-2010.302667
battery_li,p39,2032,-15149.123776
battery_li,p39,2035,-30627.464341
battery_li,p39,2038,-28354.499496
battery_li,p39,2041,-28938.899165
battery_li,p39,2044,-31092.14909
battery_li,p39,2047,-9227.92582
battery_li,p40,2020,-199.588235
battery_li,p40,2023,-335.7
battery_li,p40,2026,-356.092297
battery_li,p40,2029,-495.727544
battery_li,p40,2032,-360.618618
battery_li,p40,2035,-243.375998
battery_li,p40,2038,-126.259315
battery_li,p40,2041,-144.989028
battery_li,p40,2044,-148.842929
battery_li,p40,2047,-160.782751
battery_li,p40,2050,-144.056366
battery_li,p41,2023,-522.387741
battery_li,p41,2026,-537.775073
battery_li,p41,2029,-547.285807
battery_li,p41,2032,-415.015926
battery_li,p41,2035,-449.719739
battery_li,p41,2038,-5.510204
battery_li,p41,2041,-68.203033
battery_li,p41,2044,-89.409074
battery_li,p41,2047,-84300.154493
battery_li,p41,2050,-80127.131612
battery_li,p43,2020,-1974.705882
battery_li,p43,2023,-2084.823529
battery_li,p43,2026,-2385.299767
battery_li,p43,2029,-373635.332402
battery_li,p43,2032,-190070.321525
battery_li,p43,2035,-202985.695262
battery_li,p43,2038,-264597.37859
battery_li,p43,2041,-359660.603409
battery_li,p43,2044,-86997.53222
battery_li,p43,2047,-136037.053223
battery_li,p43,2050,-134200.243688
battery_li,p44,2044,-4409.605752
battery_li,p44,2047,-4861.427904
battery_li,p44,2050,-4784.254004
battery_li,p46,2029,-47285.877971
battery_li,p46,2032,-18843.576714
battery_li,p46,2035,-29709.30257
battery_li,p46,2038,-45075.720522
battery_li,p46,2041,-60832.546743
battery_li,p47,2026,-15715.155806
battery_li,p47,2029,-11646.368751
battery_li,p47,2032,-6981.678785
battery_li,p47,2035,-8680.024061
battery_li,p47,2038,-8084.249788
battery_li,p47,2050,-30975.964725
battery_li,p48,2026,-74012.462003
battery_li,p48,2029,-42645.350579
battery_li,p48,2032,-11788.235294
battery_li,p48,2035,-43919.236746
battery_li,p48,2038,-42386.212778
battery_li,p48,2041,-33421.92485
battery_li,p48,2044,-34653.59172
battery_li,p48,2047,-35245.660204
battery_li,p48,2050,-33359.937091
battery_li,p49,2032,-3166.257229
battery_li,p49,2035,-2963.53564
battery_li,p49,2038,-3023.696871
battery_li,p49,2041,-3818.98477
battery_li,p49,2044,-3803.260043
battery_li,p5,2015,-171.04275
battery_li,p5,2020,-194.200941
battery_li,p5,2023,-2948.512941
battery_li,p5,2026,-43608.200841
battery_li,p5,2029,-117938.770054
battery_li,p5,2032,-112249.932387
battery_li,p5,2035,-122401.286127
battery_li,p5,2038,-133217.945403
battery_li,p5,2041,-38555.89233
battery_li,p5,2044,-37688.354913
battery_li,p5,2047,-39070.7003
battery_li,p5,2050,-41361.853954
battery_li,p50,2020,-1263.529412
battery_li,p50,2023,-1320.0
battery_li,p50,2026,-51512.143063
battery_li,p50,2029,-62959.122438
battery_li,p50,2032,-50332.925105
battery_li,p50,2035,-45073.949179
battery_li,p50,2038,-48337.08623
battery_li,p50,2041,-1474.307553
battery_li,p50,2044,-1606.614169
battery_li,p50,2047,-1569.718394
battery_li,p50,2050,-1513.201021
battery_li,p52,2032,-29772.158836
battery_li,p52,2035,-30582.527338
battery_li,p52,2038,-30876.11687
battery_li,p52,2041,-37309.892472
battery_li,p52,2044,-37489.111443
battery_li,p53,2032,-250245.558258
battery_li,p53,2035,-281299.998443
battery_li,p53,2038,-272588.285992
battery_li,p53,2041,-321288.715212
battery_li,p53,2044,-341202.936693
battery_li,p53,2047,-210633.003299
battery_li,p53,2050,-199674.641555
battery_li,p54,2015,-186.794118
battery_li,p54,2020,-190.922382
battery_li,p54,2023,-182.362588
battery_li,p54,2026,-190.686035
battery_li,p54,2029,-207.571235
battery_li,p54,2032,-88168.673331
battery_li,p54,2035,-83613.171308
battery_li,p54,2038,-93035.881263
battery_li,p54,2041,-106822.838872
battery_li,p54,2044,-115290.937997
battery_li,p54,2047,-28133.850239
battery_li,p54,2050,-24258.360066
battery_li,p55,2020,-216.295814
battery_li,p55,2023,-215.947906
battery_li,p55,2026,-238.164776
battery_li,p55,2029,-270.431534
battery_li,p55,2032,-216.115179
battery_li,p55,2035,-3.154444
battery_li,p55,2038,-3.157969
battery_li,p55,2041,-3.227612
battery_li,p55,2044,-3.838465
battery_li,p55,2047,-35325.907996
battery_li,p55,2050,-32095.472825
battery_li,p56,2050,-5821.048235
battery_li,p57,2050,-41294.041797
battery_li,p58,2020,-88.708474
battery_li,p58,2023,-88.666059
battery_li,p58,2026,-17619.093097
battery_li,p58,2029,-381118.137375
battery_li,p58,2032,-384735.517147
battery_li,p58,2035,-399032.051765
battery_li,p58,2038,-398997.930306
battery_li,p58,2041,-398456.11457
battery_li,p58,2044,-209095.311464
battery_li,p58,2047,-196810.747218
battery_li,p58,2050,-193174.726404
battery_li,p59,2029,-36605.711703
battery_li,p59,2032,-49205.862002
battery_li,p59,2035,-50528.736496
battery_li,p59,2038,-50835.316885
battery_li,p59,2041,-56769.721481
battery_li,p59,2044,-43853.954703
battery_li,p59,2047,-48112.003878
battery_li,p59,2050,-51554.922971
battery_li,p6,2026,-231.313412
battery_li,p6,2029,-348.183568
battery_li,p6,2032,-336.924744
battery_li,p6,2035,-392.297828
battery_li,p6,2038,-399.516072
battery_li,p6,2041,-6056.466067
battery_li,p6,2044,-5920.190893
battery_li,p6,2047,-6264.117498
battery_li,p6,2050,-6497.234269
battery_li,p60,2020,-2534.682353
battery_li,p60,2023,-12604.106449
battery_li,p60,2026,-629698.461801
battery_li,p60,2029,-611269.901816
battery_li,p60,2032,-617500.949151
battery_li,p60,2035,-637838.508574
battery_li,p60,2038,-653989.921263
battery_li,p60,2041,-93187.149761
battery_li,p60,2044,-104486.261879
battery_li,p60,2047,-372448.016613
battery_li,p60,2050,-564803.9881
battery_li,p61,2010,-747.176471
battery_li,p61,2015,-757.341459
battery_li,p61,2020,-3055.685647
battery_li,p61,2023,-85771.479693
battery_li,p61,2026,-390742.162395
battery_li,p61,2029,-420389.773998
battery_li,p61,2032,-416407.123035
battery_li,p61,2035,-399592.319374
battery_li,p61,2038,-339614.399765
battery_li,p61,2041,-229803.068203
battery_li,p61,2044,-229206.420679
battery_li,p61,2047,-262382.890492
battery_li,p61,2050,-255348.683637
battery_li,p62,2015,-898.051765
battery_li,p62,2020,-4488.657882
battery_li,p62,2023,-101541.924975
battery_li,p62,2026,-223939.776434
battery_li,p62,2029,-235262.390209
battery_li,p62,2032,-222932.323872
battery_li,p62,2035,-207235.85082
battery_li,p62,2038,-121724.269963
battery_li,p62,2041,-51858.040774
battery_li,p62,2044,-55426.544355
battery_li,p62,2047,-91380.785646
battery_li,p62,2050,-91294.725151
battery_li,p63,2023,-90908.314228
battery_li,p63,2026,-1530683.670901
battery_li,p63,2029,-1750056.39146
battery_li,p63,2032,-1766927.181349
battery_li,p63,2035,-1867696.957532
battery_li,p63,2038,-1761601.85283
battery_li,p63,2041,-503622.676731
battery_li,p63,2044,-575250.365727
battery_li,p63,2047,-700303.184818
battery_li,p63,2050,-1623834.235759
battery_li,p64,2020,-855.952941
battery_li,p64,2023,-44240.865285
battery_li,p64,2026,-214438.366776
battery_li,p64,2029,-339678.670562
battery_li,p64,2032,-319808.511882
battery_li,p64,2035,-383549.065919
battery_li,p64,2038,-352100.070468
battery_li,p64,2041,-70408.62009
battery_li,p64,2044,-75242.27131
battery_li,p64,2047,-75227.623282
battery_li,p64,2050,-73317.760792
battery_li,p65,2020,-1644.225882
battery_li,p65,2023,-39506.170588
battery_li,p65,2026,-853337.142304
battery_li,p65,2029,-1055350.640795
battery_li,p65,2032,-985862.10926
battery_li,p65,2035,-1074961.533265
battery_li,p65,2038,-1028345.894164
battery_li,p65,2041,-665781.398146
battery_li,p65,2044,-668577.184302
battery_li,p65,2047,-653251.626544
battery_li,p65,2050,-688301.422744
battery_li,p66,2026,-87182.252213
battery_li,p66,2029,-84298.434796
battery_li,p66,2032,-102129.568437
battery_li,p66,2035,-101641.641878
battery_li,p66,2038,-102351.946872
battery_li,p66,2041,-24831.123892
battery_li,p66,2044,-26943.447202
battery_li,p66,2050,-124309.058666
battery_li,p67,2020,-3905.934353
battery_li,p67,2023,-25703.085176
battery_li,p67,2026,-776447.65994
battery_li,p67,2029,-1085825.306409
battery_li,p67,2032,-1088043.498069
battery_li,p67,2035,-1548793.832862
battery_li,p67,2038,-1624244.897465
battery_li,p67,2047,0.0
battery_li,p67,2050,-25861.150374
battery_li,p68,2044,-0.0
battery_li,p69,2023,-183.211765
battery_li,p69,2026,-200.361987
battery_li,p69,2029,-73221.773768
battery_li,p69,2032,-44408.962758
battery_li,p69,2035,-54618.571542
battery_li,p69,2038,-64159.891417
battery_li,p69,2041,-74995.402166
battery_li,p7,2041,-11406.107347
battery_li,p7,2044,-11208.277884
battery_li,p7,2047,-12100.918343
battery_li,p7,2050,-12391.701418
battery_li,p70,2020,-300.323859
battery_li,p70,2023,-922.629176
battery_li,p70,2026,-978.312958
battery_li,p70,2029,-336751.434488
battery_li,p70,2032,-216113.1322
battery_li,p70,2035,-295698.301379
battery_li,p70,2038,-303064.982193
battery_li,p70,2041,-364864.558508
battery_li,p70,2044,-75328.497257
battery_li,p70,2047,-70681.927906
battery_li,p70,2050,-69741.410983
battery_li,p73,2050,-11172.686864
battery_li,p74,2026,-10.635488
battery_li,p74,2029,-3353.486575
battery_li,p74,2032,-2273.711353
battery_li,p74,2035,-3551.514897
battery_li,p74,2038,-4242.428073
battery_li,p74,2041,-5547.477977
battery_li,p74,2044,-842.628219
battery_li,p74,2047,-894.450184
battery_li,p74,2050,-867.825797
battery_li,p75,2029,-80333.397846
battery_li,p75,2032,-40038.852902
battery_li,p75,2035,-47550.333362
battery_li,p75,2038,-82821.049391
battery_li,p75,2041,-106315.83742
battery_li,p76,2023,-631.764706
battery_li,p76,2026,-15057.224471
battery_li,p76,2029,-209343.838831
battery_li,p76,2032,-102279.50862
battery_li,p76,2035,-165820.906145
battery_li,p76,2038,-217113.852551
battery_li,p76,2041,-279053.946322
battery_li,p76,2044,-57882.511867
battery_li,p76,2047,-89750.429138
battery_li,p76,2050,-82906.225393
battery_li,p77,2023,-155.516082
battery_li,p77,2026,-160.213521
battery_li,p77,2029,-134.4294
battery_li,p77,2032,-71.295396
battery_li,p77,2035,-120.252965
battery_li,p77,2038,-5.780744
battery_li,p77,2041,-7.532485
battery_li,p77,2044,-129.70274
battery_li,p77,2047,-46184.263883
battery_li,p77,2050,-45129.896539
battery_li,p78,2023,-25.207412
battery_li,p78,2026,-4053.640045
battery_li,p78,2029,-42076.285583
battery_li,p78,2032,-23406.78715
battery_li,p78,2035,-36805.1187
battery_li,p78,2038,-41678.08262
battery_li,p78,2041,-46250.809979
battery_li,p78,2044,-21925.426234
battery_li,p78,2047,-24073.693095
battery_li,p78,2050,-21067.350372
battery_li,p79,2026,-18947.104518
battery_li,p79,2029,-123496.254528
battery_li,p79,2032,-44563.914108
battery_li,p79,2035,-80036.303758
battery_li,p79,2038,-130439.713761
battery_li,p79,2041,-165859.433227
battery_li,p79,2044,-81112.277531
battery_li,p79,2047,-90848.577314
battery_li,p79,2050,-81304.75943
battery_li,p80,2015,-8813.461765
battery_li,p80,2020,-13480.854706
battery_li,p80,2023,-13051.755882
battery_li,p80,2026,-204963.660385
battery_li,p80,2029,-568851.631335
battery_li,p80,2032,-704162.245368
battery_li,p80,2035,-889991.996759
battery_li,p80,2038,-949386.008742
battery_li,p80,2041,-843364.616287
battery_li,p80,2044,-576617.954415
battery_li,p80,2047,-682418.974372
battery_li,p80,2050,-622743.577541
battery_li,p81,2026,-30799.591513
battery_li,p81,2029,-31197.487354
battery_li,p81,2032,-21635.044412
battery_li,p81,2035,-23533.890627
battery_li,p81,2038,-26716.492059
battery_li,p81,2041,-346.260846
battery_li,p81,2044,-433.841813
battery_li,p81,2047,-294700.914967
battery_li,p81,2050,-417239.601383
battery_li,p82,2032,-213146.227058
battery_li,p82,2035,-221423.172867
battery_li,p82,2038,-248286.617174
battery_li,p82,2041,-264966.468035
battery_li,p82,2044,-302235.986895
battery_li,p82,2047,-12765.973326
battery_li,p82,2050,-145826.96469
battery_li,p83,2020,-33.331235
battery_li,p83,2023,-33.242824
battery_li,p83,2026,-449.073845
battery_li,p83,2029,-469.731584
battery_li,p83,2032,-358.385919
battery_li,p83,2035,-348.243988
battery_li,p83,2038,-375.133659
battery_li,p83,2041,-28.021174
battery_li,p83,2044,-16.921748
battery_li,p83,2047,-44863.777467
battery_li,p83,2050,-40180.751855
battery_li,p85,2023,-1901.255294
battery_li,p85,2026,-2197.668176
battery_li,p85,2029,-2035.953529
battery_li,p85,2032,-1974.705882
battery_li,p85,2035,-2024.205882
battery_li,p85,2038,-2.657863
battery_li,p85,2041,-2.787515
battery_li,p85,2044,-3.082833
battery_li,p85,2047,-2.975842
battery_li,p85,2050,-2.951305
battery_li,p86,2050,-295.281726
battery_li,p87,2023,-93.441176
battery_li,p87,2026,-114.352941
battery_li,p87,2029,-100.852941
battery_li,p87,2032,-287.596853
battery_li,p87,2035,-290.281765
battery_li,p87,2038,-179.832079
battery_li,p87,2041,-195.731735
battery_li,p87,2044,-201.149471
battery_li,p87,2047,-197.041235
battery_li,p87,2050,-88530.011775
battery_li,p88,2026,-43506.402353
battery_li,p88,2029,-39081.282353
battery_li,p88,2032,-38346.247059
battery_li,p88,2035,-38704.235294
battery_li,p88,2038,-38704.235294
battery_li,p89,2020,-134.470588
battery_li,p89,2023,-141.529412
battery_li,p89,2026,-147.882353
battery_li,p89,2029,-128.823529
battery_li,p89,2032,-181.588235
battery_li,p89,2035,-58.678648
battery_li,p89,2038,-59.750011
battery_li,p89,2041,-61.298827
battery_li,p89,2044,-61.337359
battery_li,p89,2047,-36.057437
battery_li,p89,2050,-37.880257
battery_li,p9,2020,-85.351905
battery_li,p9,2023,-350224.134947
battery_li,p9,2026,-575410.301514
battery_li,p9,2029,-994207.921152
battery_li,p9,2032,-983297.667433
battery_li,p9,2035,-1134605.067235
battery_li,p9,2038,-688128.045818
battery_li,p9,2041,-1179450.677916
battery_li,p9,2044,-1659197.540234
battery_li,p9,2047,-2301808.299149
battery_li,p9,2050,-2781504.08428
battery_li,p91,2023,-1004.895035
battery_li,p91,2026,-1053.241588
battery_li,p91,2029,-938.433618
battery_li,p91,2032,-1064.366471
battery_li,p91,2035,-1064.366471
battery_li,p91,2038,-121.984084
battery_li,p91,2041,-124.376425
battery_li,p91,2044,-122.025448
battery_li,p91,2047,-71.879795
battery_li,p91,2050,-83521.666764
battery_li,p92,2026,-275557.414761
battery_li,p92,2029,-253237.452812
battery_li,p92,2032,-248334.292164
battery_li,p92,2035,-256931.838001
battery_li,p92,2038,-256875.970078
battery_li,p94,2015,-186.794118
battery_li,p94,2020,-492.438794
battery_li,p94,2023,-11838.935294
battery_li,p94,2026,-190188.577491
battery_li,p94,2029,-172669.503424
battery_li,p94,2032,-176336.496
battery_li,p94,2035,-181769.823529
battery_li,p94,2038,-163604.124684
battery_li,p94,2041,-2423.329335
battery_li,p94,2044,-2376.794118
battery_li,p94,2047,-1418.376711
battery_li,p94,2050,-1490.080274
battery_li,p96,2020,-554.823529
battery_li,p96,2023,-5331.791435
battery_li,p96,2026,-19556.340153
battery_li,p96,2029,-18143.588235
battery_li,p96,2032,-18392.43734
battery_li,p96,2035,-18250.032981
battery_li,p96,2038,-12988.64487
battery_li,p96,2041,-272.088489
battery_li,p96,2044,-278.232256
battery_li,p96,2047,-175.565635
battery_li,p96,2050,-182.04402
battery_li,p97,2020,-591.670588
battery_li,p97,2023,-1783.412118
battery_li,p97,2026,-22497.962426
battery_li,p97,2029,-25498.191971
battery_li,p97,2032,-23125.028294
battery_li,p97,2035,-22619.785765
battery_li,p97,2038,-21585.465529
battery_li,p97,2041,-3559.210008
battery_li,p98,2020,-102.176471
battery_li,p98,2023,-5037.880941
battery_li,p98,2026,-1305164.472181
battery_li,p98,2029,-1224311.930087
battery_li,p98,2032,-1214746.254052
battery_li,p98,2035,-1228491.03053
battery_li,p98,2038,-1220671.404328
battery_li,p98,2050,0.0
battery_li,p99,2023,-10796.571176
battery_li,p99,2026,-100014.864348
battery_li,p99,2029,-769711.472271
battery_li,p99,2032,-680454.268286
battery_li,p99,2035,-776972.256663
battery_li,p99,2038,-771510.279865
battery_li,p99,2041,-718547.37218
battery_li,p99,2044,-634704.639566
battery_li,p99,2047,-664538.217536
battery_li,p99,2050,-667149.910715
battery_li,z122,2015,-785.318824
battery_li,z122,2020,-1482.36
battery_li,z122,2023,-2028.116471
battery_li,z122,2026,-16989.590261
battery_li,z122,2029,-46022.857414
battery_li,z122,2032,-41523.857379
battery_li,z122,2035,-43347.925359
battery_li,z122,2038,-40704.381057
battery_li,z122,2041,-29924.659078
battery_li,z122,2044,-2209.344554
battery_li,z122,2047,-2295.108956
battery_li,z122,2050,-2295.291209
battery_li,z28,2020,-5546.117647
battery_li,z28,2023,-161895.881413
battery_li,z28,2026,-1959147.372202
battery_li,z28,2029,-2835527.881132
battery_li,z28,2032,-2858264.70123
battery_li,z28,2035,-2854598.923794
battery_li,z28,2038,-2713395.837524
battery_li,z28,2041,-402157.640358
battery_li,z28,2044,-401222.157833
battery_li,z28,2047,-520522.855443
battery_li,z28,2050,-962818.349885
can-imports,p1,2010,4291306.992
can-imports,p1,2015,9377739.08
can-imports,p1,2020,9046604.749
can-imports,p1,2023,5953623.255
can-imports,p1,2026,5878575.578
can-imports,p1,2029,4954423.354
can-imports,p1,2032,4836777.839
can-imports,p1,2035,4256768.559
can-imports,p1,2038,4405675.805
can-imports,p1,2041,4967878.468
can-imports,p1,2044,4501292.1
can-imports,p1,2047,4275853.978
can-imports,p1,2050,4635593.833
can-imports,p103,2010,5699977.9
can-imports,p103,2015,10234351.335
can-imports,p103,2020,8967760.167
can-imports,p103,2023,4795079.696
can-imports,p103,2026,4193650.195
can-imports,p103,2029,4189087.393
can-imports,p103,2032,5025408.079
can-imports,p103,2035,5353748.869
can-imports,p103,2038,4947074.434
can-imports,p103,2041,4217514.575
can-imports,p103,2044,3727535.339
can-imports,p103,2047,3336404.985
can-imports,p103,2050,3092884.925
can-imports,p127,2010,17152606.052
can-imports,p127,2015,25832094.234
can-imports,p127,2020,25274286.674
can-imports,p127,2023,21423600.621
can-imports,p127,2026,21916925.019
can-imports,p127,2029,22794169.195
can-imports,p127,2032,23897685.098
can-imports,p127,2035,23663775.865
can-imports,p127,2038,23113991.613
can-imports,p127,2041,22999891.501
can-imports,p127,2044,22809427.61
can-imports,p127,2047,22727014.625
can-imports,p127,2050,22738423.936
can-imports,p129,2010,4945012.046
can-imports,p129,2015,6842935.942
can-imports,p129,2020,7078110.377
can-imports,p129,2023,7027529.128
can-imports,p129,2026,7450059.347
can-imports,p129,2029,7811400.513
can-imports,p129,2032,7949175.15
can-imports,p129,2035,7732473.933
can-imports,p129,2038,7650790.852
can-imports,p129,2041,7878704.578
can-imports,p129,2044,7977712.38
can-imports,p129,2047,8088112.992
can-imports,p129,2050,8182564.385
can-imports,p134,2010,1036701.036
can-imports,p134,2015,1490001.49
can-imports,p134,2020,1683961.683
can-imports,p134,2023,1402971.4
can-imports,p134,2026,799670.8
can-imports,p134,2029,1502136.726257
can-imports,p134,2032,661179.975382
can-imports,p134,2035,670851.314
can-imports,p134,2038,825470.827
can-imports,p134,2041,288023.529
can-imports,p134,2044,779796.952164
can-imports,p134,2047,815703.473809
can-imports,p134,2050,804722.881
can-imports,p18,2010,255540.256
can-imports,p18,2015,292000.292
can-imports,p18,2020,57060.059
can-imports,p18,2023,410000.41
can-imports,p18,2026,410000.41
can-imports,p18,2029,395349.438063
can-imports,p18,2032,396974.488155
can-imports,p18,2035,395181.888
can-imports,p18,2038,399178.874507
can-imports,p18,2041,393187.948
can-imports,p18,2044,396673.81
can-imports,p18,2047,395340.206
can-imports,p18,2050,392628.98
can-imports,p3,2010,1379348.681
can-imports,p3,2015,3014273.312
can-imports,p3,2020,2907837.208
can-imports,p3,2023,1913664.611
can-imports,p3,2026,1889542.189
can-imports,p3,2029,1592493.194
can-imports,p3,2032,1554678.555
can-imports,p3,2035,1368247.069
can-imports,p3,2038,1416110.017
can-imports,p3,2041,1596818.096
can-imports,p3,2044,1446843.847
can-imports,p3,2047,1374381.678
can-imports,p3,2050,1490012.291
can-imports,p36,2010,125510.125
can-imports,p36,2015,31000.031
can-imports,p36,2020,89160.088
can-imports,p36,2023,130000.13
can-imports,p36,2026,129722.998
can-imports,p36,2029,130000.13
can-imports,p36,2032,127766.75
can-imports,p36,2035,130000.13
can-imports,p36,2038,129751.46
can-imports,p36,2041,129444.44
can-imports,p36,2044,129751.46
can-imports,p36,2047,129751.46
can-imports,p36,2050,129751.46
can-imports,p37,2010,3905864.01
can-imports,p37,2015,3968572.37
can-imports,p37,2020,4484219.788
can-imports,p37,2023,3850608.852
can-imports,p37,2026,3772379.234
can-imports,p37,2029,6564299.364
can-imports,p37,2032,6357937.124274
can-imports,p37,2035,6174744.573
can-imports,p37,2038,6033978.035
can-imports,p37,2041,6126085.826
can-imports,p37,2044,6133724.135
can-imports,p37,2047,6070253.669
can-imports,p37,2050,6073543.078081
can-imports,p42,2010,5591937.293
can-imports,p42,2015,6014099.013
can-imports,p42,2020,6601285.403
can-imports,p42,2023,5451164.251
can-imports,p42,2026,5302042.093
can-imports,p42,2029,8994683.892
can-imports,p42,2032,8821475.419
can-imports,p42,2035,8568451.766
can-imports,p42,2038,8352928.152
can-imports,p42,2041,8418627.72
can-imports,p42,2044,8392552.993
can-imports,p42,2047,8279159.18
can-imports,p42,2050,8271975.972
distpv,p1,2010,5329.899
distpv,p1,2015,38337.87
distpv,p1,2020,139418.937
distpv,p1,2023,223014.195
distpv,p1,2026,219928.464
distpv,p1,2029,239658.441
distpv,p1,2032,270235.23
distpv,p1,2035,252562.407
distpv,p1,2038,252655.914
distpv,p1,2041,256022.166
distpv,p1,2044,262474.149
distpv,p1,2047,278089.818
distpv,p1,2050,301934.103
distpv,p10,2010,624240.0999
distpv,p10,2015,4425995.6334
distpv,p10,2020,11795889.2706
distpv,p10,2023,15740720.5554
distpv,p10,2026,16585046.5815
distpv,p10,2029,18246635.6265
distpv,p10,2032,19889320.365
distpv,p10,2035,18102564.9117
distpv,p10,2038,18114106.4883
distpv,p10,2041,18144950.3568
distpv,p10,2044,18292403.9475
distpv,p10,2047,18662928.3549
distpv,p10,2050,19252145.7396
distpv,p100,2010,143.0592
distpv,p100,2015,1001.4144
distpv,p100,2020,8583.552
distpv,p100,2023,12732.2688
distpv,p100,2026,20314.4064
distpv,p100,2029,48497.0688
distpv,p100,2032,71243.4816
distpv,p100,2035,73246.3104
distpv,p100,2038,77395.0272
distpv,p100,2041,81257.6256
distpv,p100,2044,85406.3424
distpv,p100,2047,91844.0064
distpv,p100,2050,102430.3872
distpv,p101,2010,18835.7022
distpv,p101,2015,150157.5138
distpv,p101,2020,1193514.588
distpv,p101,2023,2743147.1718
distpv,p101,2026,3222137.3184
distpv,p101,2029,4599608.0634
distpv,p101,2032,6866053.5384
distpv,p101,2035,7794812.088
distpv,p101,2038,8628687.9882
distpv,p101,2041,9550053.0846
distpv,p101,2044,10659599.1684
distpv,p101,2047,11668101.3918
distpv,p101,2050,12065763.5532
distpv,p102,2010,5547.6639
distpv,p102,2015,33107.0265
distpv,p102,2020,143881.3476
distpv,p102,2023,308521.6956
distpv,p102,2026,472804.1298
distpv,p102,2029,1133870.9184
distpv,p102,2032,2247340.7502
distpv,p102,2035,2965136.8761
distpv,p102,2038,3553726.1202
distpv,p102,2041,4132472.7348
distpv,p102,2044,4757390.2296
distpv,p102,2047,5290323.8778
distpv,p102,2050,5496124.3128
distpv,p103,2010,4140.2502
distpv,p103,2015,51829.7988
distpv,p103,2020,197505.2688
distpv,p103,2023,268349.55
distpv,p103,2026,245961.5304
distpv,p103,2029,257155.5402
distpv,p103,2032,268962.9204
distpv,p103,2035,244428.1044
distpv,p103,2038,246574.9008
distpv,p103,2041,249948.438
distpv,p103,2044,254548.716
distpv,p103,2047,256848.855
distpv,p103,2050,258228.9384
distpv,p104,2010,293.9526
distpv,p104,2015,2792.5497
distpv,p104,2020,10729.2699
distpv,p104,2023,14403.6774
distpv,p104,2026,13080.8907
distpv,p104,2029,13668.7959
distpv,p104,2032,14109.7248
distpv,p104,2035,12639.9618
distpv,p104,2038,12639.9618
distpv,p104,2041,12639.9618
distpv,p104,2044,12786.9381
distpv,p104,2047,12786.9381
distpv,p104,2050,12933.9144
distpv,p105,2010,938.4264
distpv,p105,2015,10479.0948
distpv,p105,2020,141076.7688
distpv,p105,2023,194879.8824
distpv,p105,2026,170793.6048
distpv,p105,2029,209894.7048
distpv,p105,2032,288409.7136
distpv,p105,2035,326259.5784
distpv,p105,2038,377091.0084
distpv,p105,2041,455762.4216
distpv,p105,2044,567122.3544
distpv,p105,2047,716019.3432
distpv,p105,2050,896979.234
distpv,p106,2010,154.626
distpv,p106,2015,1855.512
distpv,p106,2020,21338.388
distpv,p106,2023,31852.956
distpv,p106,2026,27368.802
distpv,p106,2029,41285.142
distpv,p106,2032,67107.684
distpv,p106,2035,80250.894
distpv,p106,2038,89373.828
distpv,p106,2041,107465.07
distpv,p106,2044,137926.392
distpv,p106,2047,184778.07
distpv,p106,2050,241061.934
distpv,p107,2010,300.7482
distpv,p107,2015,4060.1007
distpv,p107,2020,52029.4386
distpv,p107,2023,75487.7982
distpv,p107,2026,64660.863
distpv,p107,2029,86765.8557
distpv,p107,2032,141050.9058
distpv,p107,2035,164509.2654
distpv,p107,2038,185561.6394
distpv,p107,2041,223756.6608
distpv,p107,2044,284357.4231
distpv,p107,2047,369619.5378
distpv,p107,2050,476535.5229
distpv,p108,2015,1556.55
distpv,p108,2020,6848.82
distpv,p108,2023,11362.815
distpv,p108,2026,9027.99
distpv,p108,2029,10895.85
distpv,p108,2032,13853.295
distpv,p108,2035,14008.95
distpv,p108,2038,14164.605
distpv,p108,2041,14320.26
distpv,p108,2044,14787.225
distpv,p108,2047,14942.88
distpv,p108,2050,14942.88
distpv,p109,2015,5339.6928
distpv,p109,2020,17947.3008
distpv,p109,2023,21358.7712
distpv,p109,2026,17057.352
distpv,p109,2029,18243.9504
distpv,p109,2032,28775.0112
distpv,p109,2035,36042.9264
distpv,p109,2038,37971.1488
distpv,p109,2041,40196.0208
distpv,p109,2044,42124.2432
distpv,p109,2047,43459.1664
distpv,p109,2050,43904.1408
distpv,p11,2010,109487.9385
distpv,p11,2015,801974.0376
distpv,p11,2020,2231143.2018
distpv,p11,2023,2889477.0999
distpv,p11,2026,3003987.4209
distpv,p11,2029,3268968.3216
distpv,p11,2032,3528725.9445
distpv,p11,2035,3202070.1867
distpv,p11,2038,3203275.5585
distpv,p11,2041,3209101.5222
distpv,p11,2044,3236222.3877
distpv,p11,2047,3285039.9456
distpv,p11,2050,3361380.1596
distpv,p110,2015,1536.051
distpv,p110,2020,6563.127
distpv,p110,2023,8099.178
distpv,p110,2026,6423.486
distpv,p110,2029,6842.409
distpv,p110,2032,7261.332
distpv,p110,2035,6702.768
distpv,p110,2038,6842.409
distpv,p110,2041,6982.05
distpv,p110,2044,7121.691
distpv,p110,2047,7121.691
distpv,p110,2050,7121.691
distpv,p111,2010,7371.0006
distpv,p111,2015,53949.4512
distpv,p111,2020,149615.6292
distpv,p111,2023,171728.631
distpv,p111,2026,171728.631
distpv,p111,2029,273511.1712
distpv,p111,2032,467666.4636
distpv,p111,2035,658998.8196
distpv,p111,2038,942860.7576
distpv,p111,2041,1294316.3394
distpv,p111,2044,1685920.35
distpv,p111,2047,2119868.4066
distpv,p111,2050,2579222.8908
distpv,p112,2010,5484.006
distpv,p112,2015,39883.68
distpv,p112,2020,120481.95
distpv,p112,2023,169505.64
distpv,p112,2026,191441.664
distpv,p112,2029,292812.684
distpv,p112,2032,455671.044
distpv,p112,2035,575820.63
distpv,p112,2038,749647.002
distpv,p112,2041,968674.878
distpv,p112,2044,1211134.416
distpv,p112,2047,1482675.804
distpv,p112,2050,1779975.402
distpv,p113,2010,1836.7965
distpv,p113,2015,13024.557
distpv,p113,2020,31225.5405
distpv,p113,2023,36568.9485
distpv,p113,2026,35901.0225
distpv,p113,2029,62952.0255
distpv,p113,2032,119892.717
distpv,p113,2035,182677.761
distpv,p113,2038,274684.5675
distpv,p113,2041,394243.3215
distpv,p113,2044,527661.54
distpv,p113,2047,673937.334
distpv,p113,2050,829397.1105
distpv,p114,2010,2244.3498
distpv,p114,2015,16351.6914
distpv,p114,2020,38955.5001
distpv,p114,2023,46169.4816
distpv,p114,2026,43444.1997
distpv,p114,2029,76468.2039
distpv,p114,2032,148447.7082
distpv,p114,2035,232129.8936
distpv,p114,2038,357973.7931
distpv,p114,2041,520849.4643
distpv,p114,2044,703603.6623
distpv,p114,2047,900946.134
distpv,p114,2050,1110472.2189
distpv,p115,2010,11276.7342
distpv,p115,2015,70860.5595
distpv,p115,2020,189266.2686
distpv,p115,2023,270489.2325
distpv,p115,2026,322453.6428
distpv,p115,2029,426992.0166
distpv,p115,2032,577246.8804
distpv,p115,2035,629668.4556
distpv,p115,2038,689557.0575
distpv,p115,2041,789371.394
distpv,p115,2044,926825.6406
distpv,p115,2047,1094300.3823
distpv,p115,2050,1297586.3745
distpv,p116,2020,10628.1795
distpv,p116,2023,21547.542
distpv,p116,2026,19509.261
distpv,p116,2029,36397.875
distpv,p116,2032,86918.1255
distpv,p116,2035,140641.389
distpv,p116,2038,203391.3255
distpv,p116,2041,295405.1535
distpv,p116,2044,399066.3015
distpv,p116,2047,512336.4885
distpv,p116,2050,635798.0805
distpv,p117,2020,6764.1462
distpv,p117,2023,14080.4676
distpv,p117,2026,13942.4238
distpv,p117,2029,17669.6064
distpv,p117,2032,23467.446
distpv,p117,2035,25123.9716
distpv,p117,2038,26228.322
distpv,p117,2041,28437.0228
distpv,p117,2044,34234.8624
distpv,p117,2047,50109.8994
distpv,p117,2050,92765.4336
distpv,p118,2010,146.979
distpv,p118,2015,1763.748
distpv,p118,2020,10435.509
distpv,p118,2023,15432.795
distpv,p118,2026,14991.858
distpv,p118,2029,30865.59
distpv,p118,2032,54382.23
distpv,p118,2035,63494.928
distpv,p118,2038,69815.025
distpv,p118,2041,76870.017
distpv,p118,2044,84365.946
distpv,p118,2047,98475.93
distpv,p118,2050,123609.339
distpv,p12,2010,6669.6912
distpv,p12,2015,54654.414
distpv,p12,2020,122092.4028
distpv,p12,2023,168409.7028
distpv,p12,2026,187677.6996
distpv,p12,2029,222137.7708
distpv,p12,2032,259932.6876
distpv,p12,2035,240664.6908
distpv,p12,2038,241220.4984
distpv,p12,2041,244555.344
distpv,p12,2044,251225.0352
distpv,p12,2047,263082.264
distpv,p12,2050,279756.492
distpv,p120,2010,593.4576
distpv,p120,2015,3709.11
distpv,p120,2020,7566.5844
distpv,p120,2023,8753.4996
distpv,p120,2026,8753.4996
distpv,p120,2029,11127.33
distpv,p120,2032,17061.906
distpv,p120,2035,25221.948
distpv,p120,2038,30711.4308
distpv,p120,2041,41245.3032
distpv,p120,2044,55785.0144
distpv,p120,2047,72846.9204
distpv,p120,2050,91540.8348
distpv,p121,2010,4783.482
distpv,p121,2015,51458.67
distpv,p121,2020,105381.558
distpv,p121,2023,124805.394
distpv,p121,2026,130748.508
distpv,p121,2029,156840.228
distpv,p121,2032,219895.218
distpv,p121,2035,225983.286
distpv,p121,2038,225983.286
distpv,p121,2041,237289.698
distpv,p121,2044,260337.384
distpv,p121,2047,280775.898
distpv,p121,2050,283240.116
distpv,p123,2010,47652.381
distpv,p123,2015,539909.0406
distpv,p123,2020,1397803.176
distpv,p123,2023,1710644.8392
distpv,p123,2026,1811244.3102
distpv,p123,2029,2047993.4412
distpv,p123,2032,2430271.431
distpv,p123,2035,2325587.4702
distpv,p123,2038,2325587.4702
distpv,p123,2041,2369306.6388
distpv,p123,2044,2515743.162
distpv,p123,2047,2662784.7948
distpv,p123,2050,2679727.8636
distpv,p124,2020,162.2733
distpv,p124,2023,162.2733
distpv,p124,2026,162.2733
distpv,p124,2029,324.5466
distpv,p124,2032,649.0932
distpv,p124,2035,1298.1864
distpv,p124,2038,1785.0063
distpv,p124,2041,2434.0995
distpv,p124,2044,3570.0126
distpv,p124,2047,4543.6524
distpv,p124,2050,6166.3854
distpv,p125,2010,6865.7028
distpv,p125,2015,84572.9754
distpv,p125,2020,149797.152
distpv,p125,2023,188026.6335
distpv,p125,2026,199105.3812
distpv,p125,2029,245136.7977
distpv,p125,2032,323780.3025
distpv,p125,2035,318474.9867
distpv,p125,2038,319099.1415
distpv,p125,2041,326120.883
distpv,p125,2044,346717.9914
distpv,p125,2047,380734.428
distpv,p125,2050,434567.7795
distpv,p126,2010,252779.9775
distpv,p126,2015,1530058.1925
distpv,p126,2020,2883663.2865
distpv,p126,2023,3636370.239
distpv,p126,2026,3949704.7515
distpv,p126,2029,4625521.527
distpv,p126,2032,5528347.3965
distpv,p126,2035,5280777.9255
distpv,p126,2038,5282186.1705
distpv,p126,2041,5376256.9365
distpv,p126,2044,5682691.0485
distpv,p126,2047,6207966.4335
distpv,p126,2050,6850407.8025
distpv,p127,2010,66033.3252
distpv,p127,2015,566763.2082
distpv,p127,2020,1820574.3954
distpv,p127,2023,2326236.228
distpv,p127,2026,2383090.647
distpv,p127,2029,2624619.1788
distpv,p127,2032,3054794.7828
distpv,p127,2035,3068220.6456
distpv,p127,2038,3206315.2344
distpv,p127,2041,4095436.1484
distpv,p127,2044,4858381.3518
distpv,p127,2047,5515289.6388
distpv,p127,2050,6190555.7382
distpv,p128,2010,19916.316
distpv,p128,2015,232594.119
distpv,p128,2020,944460.1566
distpv,p128,2023,1564711.1406
distpv,p128,2026,1590886.8702
distpv,p128,2029,1705263.4278
distpv,p128,2032,1804418.2296
distpv,p128,2035,1653765.525
distpv,p128,2038,1657891.0476
distpv,p128,2041,1794886.8498
distpv,p128,2044,1924911.9414
distpv,p128,2047,2079832.428
distpv,p128,2050,2261924.46
distpv,p129,2010,6548.7519
distpv,p129,2015,62148.9396
distpv,p129,2020,172835.6874
distpv,p129,2023,368913.0237
distpv,p129,2026,529678.4625
distpv,p129,2029,554717.808
distpv,p129,2032,574364.0637
distpv,p129,2035,514911.669
distpv,p129,2038,515040.0759
distpv,p129,2041,516966.1794
distpv,p129,2044,520304.7588
distpv,p129,2047,526211.4762
distpv,p129,2050,533787.4833
distpv,p13,2010,17311.5756
distpv,p13,2015,222416.1126
distpv,p13,2020,946115.2404
distpv,p13,2023,1456806.7206
distpv,p13,2026,1559358.9891
distpv,p13,2029,1692018.3456
distpv,p13,2032,1848198.8646
distpv,p13,2035,1688066.7903
distpv,p13,2038,1689948.4833
distpv,p13,2041,1694464.5465
distpv,p13,2044,1711211.6142
distpv,p13,2047,1762958.1717
distpv,p13,2050,1839354.9075
distpv,p130,2010,1470.7803
distpv,p130,2015,46931.2623
distpv,p130,2020,177697.0017
distpv,p130,2023,242545.0422
distpv,p130,2026,227034.9954
distpv,p130,2029,242277.6276
distpv,p130,2032,257252.8452
distpv,p130,2035,234255.1896
distpv,p130,2038,235592.2626
distpv,p130,2041,237597.8721
distpv,p130,2044,240806.8473
distpv,p130,2047,246021.432
distpv,p130,2050,254846.1138
distpv,p131,2010,131944.8111
distpv,p131,2015,1097011.9131
distpv,p131,2020,2513882.1096
distpv,p131,2023,2011864.1415
distpv,p131,2026,676331.5788
distpv,p131,2029,1567384.0494
distpv,p131,2032,3029238.4035
distpv,p131,2035,3809530.4628
distpv,p131,2038,4007643.8313
distpv,p131,2041,4020851.3892
distpv,p131,2044,4706859.7926
distpv,p131,2047,4716667.3851
distpv,p131,2050,4743867.1083
distpv,p132,2010,26747.2764
distpv,p132,2015,267079.4217
distpv,p132,2020,873482.1342
distpv,p132,2023,1117223.2461
distpv,p132,2026,1168095.5169
distpv,p132,2029,1296587.3349
distpv,p132,2032,1429537.0323
distpv,p132,2035,1313501.0538
distpv,p132,2038,1316516.6781
distpv,p132,2041,1324252.41
distpv,p132,2044,1348377.4044
distpv,p132,2047,1395971.8227
distpv,p132,2050,1461528.8727
distpv,p133,2015,21410.334
distpv,p133,2020,327772.7496
distpv,p133,2023,489453.2112
distpv,p133,2026,560561.472
distpv,p133,2029,725615.6832
distpv,p133,2032,915324.2184
distpv,p133,2035,893913.8844
distpv,p133,2038,894562.6824
distpv,p133,2041,895600.7592
distpv,p133,2044,896898.3552
distpv,p133,2047,898585.23
distpv,p133,2050,901829.22
distpv,p134,2015,17625.4464
distpv,p134,2020,101897.112
distpv,p134,2023,1911397.0428
distpv,p134,2026,3500165.7972
distpv,p134,2029,3638002.296
distpv,p134,2032,3721723.1664
distpv,p134,2035,3316750.9956
distpv,p134,2038,3318265.6824
distpv,p134,2041,3321157.3572
distpv,p134,2044,3325563.7188
distpv,p134,2047,3332448.6588
distpv,p134,2050,3342362.9724
distpv,p14,2015,1442.8557
distpv,p14,2020,10887.0021
distpv,p14,2023,232955.6112
distpv,p14,2026,413706.0798
distpv,p14,2029,432332.0352
distpv,p14,2032,446629.4235
distpv,p14,2035,399802.1976
distpv,p14,2038,399802.1976
distpv,p14,2041,400720.3785
distpv,p14,2044,402425.5716
distpv,p14,2047,404655.4395
distpv,p14,2050,407278.8135
distpv,p15,2015,2567.136
distpv,p15,2020,28238.496
distpv,p15,2023,124987.434
distpv,p15,2026,223180.386
distpv,p15,2029,241471.23
distpv,p15,2032,262810.548
distpv,p15,2035,240989.892
distpv,p15,2038,241150.338
distpv,p15,2041,243717.474
distpv,p15,2044,248851.746
distpv,p15,2047,256713.6
distpv,p15,2050,267623.928
distpv,p16,2010,155.0619
distpv,p16,2015,4496.7951
distpv,p16,2020,63575.379
distpv,p16,2023,334313.4564
distpv,p16,2026,593266.8294
distpv,p16,2029,618541.9191
distpv,p16,2032,636374.0376
distpv,p16,2035,568611.9873
distpv,p16,2038,568767.0492
distpv,p16,2041,569542.3587
distpv,p16,2044,571558.1634
distpv,p16,2047,574504.3395
distpv,p16,2050,578691.0108
distpv,p17,2010,134.2704
distpv,p17,2015,3222.4896
distpv,p17,2020,9398.928
distpv,p17,2023,14904.0144
distpv,p17,2026,15038.2848
distpv,p17,2029,18260.7744
distpv,p17,2032,22288.8864
distpv,p17,2035,21483.264
distpv,p17,2038,21751.8048
distpv,p17,2041,22288.8864
distpv,p17,2044,23363.0496
distpv,p17,2047,25108.5648
distpv,p17,2050,27525.432
distpv,p18,2010,133.6008
distpv,p18,2015,3874.4232
distpv,p18,2020,10821.6648
distpv,p18,2023,17100.9024
distpv,p18,2026,16967.3016
distpv,p18,2029,20574.5232
distpv,p18,2032,25384.152
distpv,p18,2035,24716.148
distpv,p18,2038,24983.3496
distpv,p18,2041,25651.3536
distpv,p18,2044,26720.16
distpv,p18,2047,28590.5712
distpv,p18,2050,31262.5872
distpv,p19,2015,267.5646
distpv,p19,2020,668.9115
distpv,p19,2023,1070.2584
distpv,p19,2026,1070.2584
distpv,p19,2029,1337.823
distpv,p19,2032,2140.5168
distpv,p19,2035,2140.5168
distpv,p19,2038,2140.5168
distpv,p19,2041,2140.5168
distpv,p19,2044,2274.2991
distpv,p19,2047,2408.0814
distpv,p19,2050,2408.0814
distpv,p2,2010,2161.7115
distpv,p2,2015,15513.459
distpv,p2,2020,55695.861
distpv,p2,2023,90156.0855
distpv,p2,2026,90028.926
distpv,p2,2029,98039.9745
distpv,p2,2032,108594.213
distpv,p2,2035,100710.324
distpv,p2,2038,100837.4835
distpv,p2,2041,101981.919
distpv,p2,2044,104906.5875
distpv,p2,2047,110374.446
distpv,p2,2050,119021.292
distpv,p20,2010,144.9837
distpv,p20,2015,4059.5436
distpv,p20,2020,11888.6634
distpv,p20,2023,18267.9462
distpv,p20,2026,18412.9299
distpv,p20,2029,23052.4083
distpv,p20,2032,29141.7237
distpv,p20,2035,28126.8378
distpv,p20,2038,28416.8052
distpv,p20,2041,28996.74
distpv,p20,2044,30301.5933
distpv,p20,2047,31896.414
distpv,p20,2050,34361.1369
distpv,p21,2015,881.3115
distpv,p21,2020,3525.246
distpv,p21,2023,8108.0658
distpv,p21,2026,17978.7546
distpv,p21,2029,37896.3945
distpv,p21,2032,66627.1494
distpv,p21,2035,65217.051
distpv,p21,2038,69094.8216
distpv,p21,2041,73853.9037
distpv,p21,2044,78436.7235
distpv,p21,2047,83372.0679
distpv,p21,2050,88659.9369
distpv,p22,2029,316.9476
distpv,p22,2032,1109.3166
distpv,p22,2035,1267.7904
distpv,p22,2038,1901.6856
distpv,p22,2041,2694.0546
distpv,p22,2044,3644.8974
distpv,p22,2047,4595.7402
distpv,p22,2050,5546.583
distpv,p23,2015,182.4603
distpv,p23,2020,729.8412
distpv,p23,2023,1642.1427
distpv,p23,2026,2736.9045
distpv,p23,2029,4926.4281
distpv,p23,2032,8210.7135
distpv,p23,2035,8210.7135
distpv,p23,2038,9670.3959
distpv,p23,2041,11859.9195
distpv,p23,2044,13866.9828
distpv,p23,2047,15509.1255
distpv,p23,2050,17333.7285
distpv,p24,2010,174.8379
distpv,p24,2015,2622.5685
distpv,p24,2020,11539.3014
distpv,p24,2023,26925.0366
distpv,p24,2026,47381.0709
distpv,p24,2029,81824.1372
distpv,p24,2032,127806.5049
distpv,p24,2035,120113.6373
distpv,p24,2038,125533.6122
distpv,p24,2041,131128.425
distpv,p24,2044,137597.4273
distpv,p24,2047,143891.5917
distpv,p24,2050,152633.4867
distpv,p25,2010,5543.8614
distpv,p25,2015,127004.8248
distpv,p25,2020,575385.615
distpv,p25,2023,859970.5002
distpv,p25,2026,935232.6186
distpv,p25,2029,1008646.7832
distpv,p25,2032,1095332.616
distpv,p25,2035,1004950.8756
distpv,p25,2038,1011502.7118
distpv,p25,2041,1019734.506
distpv,p25,2044,1029982.2498
distpv,p25,2047,1058709.5316
distpv,p25,2050,1106084.3472
distpv,p26,2010,169.9614
distpv,p26,2015,4758.9192
distpv,p26,2020,20735.2908
distpv,p26,2023,30593.052
distpv,p26,2026,33992.28
distpv,p26,2029,37051.5852
distpv,p26,2032,40280.8518
distpv,p26,2035,36881.6238
distpv,p26,2038,37051.5852
distpv,p26,2041,37221.5466
distpv,p26,2044,37731.4308
distpv,p26,2047,38581.2378
distpv,p26,2050,40110.8904
distpv,p27,2010,9128.6448
distpv,p27,2015,69060.1824
distpv,p27,2020,183565.14
distpv,p27,2023,243099.78
distpv,p27,2026,257388.0936
distpv,p27,2029,270485.7144
distpv,p27,2032,293307.3264
distpv,p27,2035,261753.9672
distpv,p27,2038,261952.416
distpv,p27,2041,262150.8648
distpv,p27,2044,262547.7624
distpv,p27,2047,264135.3528
distpv,p27,2050,267508.9824
distpv,p29,2010,2233.7865
distpv,p29,2015,15230.3625
distpv,p29,2020,33303.726
distpv,p29,2023,44472.6585
distpv,p29,2026,46909.5165
distpv,p29,2029,49143.303
distpv,p29,2032,58890.735
distpv,p29,2035,53001.6615
distpv,p29,2038,53204.733
distpv,p29,2041,53407.8045
distpv,p29,2044,53813.9475
distpv,p29,2047,55032.3765
distpv,p29,2050,57875.3775
distpv,p3,2010,1363.752
distpv,p3,2015,9819.0144
distpv,p3,2020,34639.3008
distpv,p3,2023,55231.956
distpv,p3,2026,55641.0816
distpv,p3,2029,65323.7208
distpv,p3,2032,81825.12
distpv,p3,2035,79506.7416
distpv,p3,2038,79779.492
distpv,p3,2041,81415.9944
distpv,p3,2044,84143.4984
distpv,p3,2047,89598.5064
distpv,p3,2050,99008.3952
distpv,p31,2010,20225.6703
distpv,p31,2015,151386.0777
distpv,p31,2020,405330.6048
distpv,p31,2023,660500.9301
distpv,p31,2026,913423.9587
distpv,p31,2029,1308335.2788
distpv,p31,2032,1542462.735
distpv,p31,2035,1416818.4195
distpv,p31,2038,1421313.0129
distpv,p31,2041,1430710.7991
distpv,p31,2044,1451345.0688
distpv,p31,2047,1497721.1007
distpv,p31,2050,1572699.0906
distpv,p32,2020,886.5585
distpv,p32,2023,1595.8053
distpv,p32,2026,2836.9872
distpv,p32,2029,6383.2212
distpv,p32,2032,12589.1307
distpv,p32,2035,19681.5987
distpv,p32,2038,29788.3656
distpv,p32,2041,43441.3665
distpv,p32,2044,59754.0429
distpv,p32,2047,78371.7714
distpv,p32,2050,98230.6818
distpv,p33,2010,62971.6608
distpv,p33,2015,310922.5752
distpv,p33,2020,543458.5518
distpv,p33,2023,1044280.0416
distpv,p33,2026,1221059.8602
distpv,p33,2029,1539197.9382
distpv,p33,2032,1958517.0441
distpv,p33,2035,1919651.7222
distpv,p33,2038,1920635.6544
distpv,p33,2041,1971144.174
distpv,p33,2044,2114470.2978
distpv,p33,2047,2325031.7886
distpv,p33,2050,2582330.0589
distpv,p34,2010,27336.6927
distpv,p34,2015,148450.914
distpv,p34,2020,308307.2031
distpv,p34,2023,612269.5014
distpv,p34,2026,688124.2977
distpv,p34,2029,830600.9676
distpv,p34,2032,1026121.6836
distpv,p34,2035,989733.1059
distpv,p34,2038,990276.219
distpv,p34,2041,1008923.1021
distpv,p34,2044,1067036.2038
distpv,p34,2047,1156287.7899
distpv,p34,2050,1277764.0866
distpv,p35,2015,1048.3725
distpv,p35,2020,2995.35
distpv,p35,2023,4493.025
distpv,p35,2026,4343.2575
distpv,p35,2029,5092.095
distpv,p35,2032,6440.0025
distpv,p35,2035,6440.0025
distpv,p35,2038,6440.0025
distpv,p35,2041,6889.305
distpv,p35,2044,7338.6075
distpv,p35,2047,7937.6775
distpv,p35,2050,8686.515
distpv,p36,2020,150.4902
distpv,p36,2023,300.9804
distpv,p36,2026,150.4902
distpv,p36,2029,150.4902
distpv,p36,2032,300.9804
distpv,p36,2035,451.4706
distpv,p36,2038,601.9608
distpv,p36,2041,902.9412
distpv,p36,2044,1655.3922
distpv,p36,2047,3310.7844
distpv,p36,2050,6471.0786
distpv,p37,2015,137.7687
distpv,p37,2020,826.6122
distpv,p37,2023,1515.4557
distpv,p37,2026,1377.687
distpv,p37,2029,1928.7618
distpv,p37,2032,3168.6801
distpv,p37,2035,4684.1358
distpv,p37,2038,7439.5098
distpv,p37,2041,11985.8769
distpv,p37,2044,18598.7745
distpv,p37,2047,28380.3522
distpv,p37,2050,40917.3039
distpv,p38,2020,859.3065
distpv,p38,2023,1203.0291
distpv,p38,2026,1203.0291
distpv,p38,2029,2062.3356
distpv,p38,2032,3437.226
distpv,p38,2035,5671.4229
distpv,p38,2038,9280.5102
distpv,p38,2041,15983.1009
distpv,p38,2044,25951.0563
distpv,p38,2047,41590.4346
distpv,p38,2050,63073.0971
distpv,p39,2015,179.9868
distpv,p39,2020,2519.8152
distpv,p39,2023,8459.3796
distpv,p39,2026,9899.274
distpv,p39,2029,12059.1156
distpv,p39,2032,15658.8516
distpv,p39,2035,17098.746
distpv,p39,2038,19438.5744
distpv,p39,2041,22498.35
distpv,p39,2044,26098.086
distpv,p39,2047,30777.7428
distpv,p39,2050,35817.3732
distpv,p4,2010,150.7347
distpv,p4,2015,1356.6123
distpv,p4,2020,4522.041
distpv,p4,2023,7235.2656
distpv,p4,2026,7084.5309
distpv,p4,2029,7386.0003
distpv,p4,2032,8139.6738
distpv,p4,2035,7536.735
distpv,p4,2038,7536.735
distpv,p4,2041,7536.735
distpv,p4,2044,7536.735
distpv,p4,2047,7988.9391
distpv,p4,2050,8290.4085
distpv,p40,2015,690.318
distpv,p40,2020,7766.0775
distpv,p40,2023,21745.017
distpv,p40,2026,25369.1865
distpv,p40,2029,32444.946
distpv,p40,2032,45043.2495
distpv,p40,2035,54362.5425
distpv,p40,2038,67823.7435
distpv,p40,2041,85426.8525
distpv,p40,2044,107689.608
distpv,p40,2047,136682.964
distpv,p40,2050,167402.115
distpv,p41,2015,828.6225
distpv,p41,2020,9114.8475
distpv,p41,2023,21212.736
distpv,p41,2026,24195.777
distpv,p41,2029,29664.6855
distpv,p41,2032,39608.1555
distpv,p41,2035,47231.4825
distpv,p41,2038,58666.473
distpv,p41,2041,76067.5455
distpv,p41,2044,101091.945
distpv,p41,2047,137219.886
distpv,p41,2050,173182.1025
distpv,p42,2015,413.1774
distpv,p42,2020,413.1774
distpv,p42,2023,4131.774
distpv,p42,2026,10053.9834
distpv,p42,2029,17491.1766
distpv,p42,2032,27958.3374
distpv,p42,2035,35946.4338
distpv,p42,2038,47377.6752
distpv,p42,2041,62389.7874
distpv,p42,2044,80845.0446
distpv,p42,2047,104258.4306
distpv,p42,2050,132079.0422
distpv,p43,2010,3577.5864
distpv,p43,2015,32794.542
distpv,p43,2020,147426.3729
distpv,p43,2023,607295.2914
distpv,p43,2026,1051214.1372
distpv,p43,2029,1258863.2145
distpv,p43,2032,1523008.3437
distpv,p43,2035,1597243.2615
distpv,p43,2038,1828891.9809
distpv,p43,2041,2125533.5199
distpv,p43,2044,2477329.5159
distpv,p43,2047,2893373.001
distpv,p43,2050,3365316.2736
distpv,p44,2010,158.7108
distpv,p44,2015,952.2648
distpv,p44,2020,3015.5052
distpv,p44,2023,14442.6828
distpv,p44,2026,27298.2576
distpv,p44,2029,36186.0624
distpv,p44,2032,47613.24
distpv,p44,2035,52533.2748
distpv,p44,2038,61421.0796
distpv,p44,2041,72213.414
distpv,p44,2044,85068.9888
distpv,p44,2047,100305.2256
distpv,p44,2050,118239.546
distpv,p45,2010,636.5412
distpv,p45,2015,7320.2238
distpv,p45,2020,28962.6246
distpv,p45,2023,30394.8423
distpv,p45,2026,24347.7009
distpv,p45,2029,28485.2187
distpv,p45,2032,34691.4954
distpv,p45,2035,34850.6307
distpv,p45,2038,37078.5249
distpv,p45,2041,39942.9603
distpv,p45,2044,43443.9369
distpv,p45,2047,47740.59
distpv,p45,2050,53628.5961
distpv,p46,2010,754.95
distpv,p46,2015,5284.65
distpv,p46,2020,26423.25
distpv,p46,2023,36237.6
distpv,p46,2026,37294.53
distpv,p46,2029,62660.85
distpv,p46,2032,109316.76
distpv,p46,2035,153556.83
distpv,p46,2038,214707.78
distpv,p46,2041,287182.98
distpv,p46,2044,366603.72
distpv,p46,2047,452668.02
distpv,p46,2050,544016.97
distpv,p47,2010,2411.7876
distpv,p47,2015,18892.3362
distpv,p47,2020,57882.9024
distpv,p47,2023,90040.0704
distpv,p47,2026,120589.38
distpv,p47,2029,175658.5302
distpv,p47,2032,209624.5389
distpv,p47,2035,192742.0257
distpv,p47,2038,193746.9372
distpv,p47,2041,195354.7956
distpv,p47,2044,198570.5124
distpv,p47,2047,207011.769
distpv,p47,2050,219673.6539
distpv,p48,2010,785.6364
distpv,p48,2015,6481.5003
distpv,p48,2020,9624.0459
distpv,p48,2023,12963.0006
distpv,p48,2026,22390.6374
distpv,p48,2029,45566.9112
distpv,p48,2032,93294.3225
distpv,p48,2035,146128.3704
distpv,p48,2038,198962.4183
distpv,p48,2041,244529.3295
distpv,p48,2044,284007.5586
distpv,p48,2047,314843.7873
distpv,p48,2050,352554.3345
distpv,p49,2015,189.0372
distpv,p49,2020,567.1116
distpv,p49,2023,3024.5952
distpv,p49,2026,3780.744
distpv,p49,2029,5104.0044
distpv,p49,2032,7183.4136
distpv,p49,2035,7750.5252
distpv,p49,2038,8695.7112
distpv,p49,2041,10208.0088
distpv,p49,2044,12476.4552
distpv,p49,2047,14933.9388
distpv,p49,2050,16068.162
distpv,p5,2010,12465.2736
distpv,p5,2015,94927.8528
distpv,p5,2020,186140.0952
distpv,p5,2023,298447.416
distpv,p5,2026,325415.556
distpv,p5,2029,485666.2368
distpv,p5,2032,799335.6696
distpv,p5,2035,863939.3472
distpv,p5,2038,864778.356
distpv,p5,2041,871130.8512
distpv,p5,2044,883715.9832
distpv,p5,2047,904451.4864
distpv,p5,2050,935255.0952
distpv,p50,2010,174.5043
distpv,p50,2015,3839.0946
distpv,p50,2020,38041.9374
distpv,p50,2023,113951.3079
distpv,p50,2026,119535.4455
distpv,p50,2029,161765.4861
distpv,p50,2032,274495.2639
distpv,p50,2035,320389.8948
distpv,p50,2038,376231.2708
distpv,p50,2041,490357.083
distpv,p50,2044,673412.0937
distpv,p50,2047,915624.0621
distpv,p50,2050,1138117.0446
distpv,p51,2015,176.487
distpv,p51,2020,1058.922
distpv,p51,2023,2470.818
distpv,p51,2026,3000.279
distpv,p51,2029,7412.454
distpv,p51,2032,18001.674
distpv,p51,2035,25414.128
distpv,p51,2038,33003.069
distpv,p51,2041,51181.23
distpv,p51,2044,84890.247
distpv,p51,2047,127953.075
distpv,p51,2050,156014.508
distpv,p52,2015,372.1818
distpv,p52,2020,3535.7271
distpv,p52,2023,7257.5451
distpv,p52,2026,6885.3633
distpv,p52,2029,9676.7268
distpv,p52,2032,14701.1811
distpv,p52,2035,18050.8173
distpv,p52,2038,22330.908
distpv,p52,2041,27727.5441
distpv,p52,2044,33124.1802
distpv,p52,2047,39265.1799
distpv,p52,2050,45964.4523
distpv,p53,2015,5400.432
distpv,p53,2020,47703.816
distpv,p53,2023,98467.8768
distpv,p53,2026,97927.8336
distpv,p53,2029,146531.7216
distpv,p53,2032,227538.2016
distpv,p53,2035,285502.8384
distpv,p53,2038,355348.4256
distpv,p53,2041,446795.7408
distpv,p53,2044,541663.3296
distpv,p53,2047,654892.3872
distpv,p53,2050,802504.1952
distpv,p54,2010,7329.4347
distpv,p54,2015,49339.6092
distpv,p54,2020,124957.9233
distpv,p54,2023,97606.6182
distpv,p54,2026,11083.5354
distpv,p54,2029,30569.1057
distpv,p54,2032,65786.1456
distpv,p54,2035,93852.5175
distpv,p54,2038,112623.021
distpv,p54,2041,144979.7937
distpv,p54,2044,197537.2035
distpv,p54,2047,290317.1208
distpv,p54,2050,422962.0122
distpv,p55,2010,4223.808
distpv,p55,2015,27806.736
distpv,p55,2020,66172.992
distpv,p55,2023,50685.696
distpv,p55,2026,3343.848
distpv,p55,2029,7391.664
distpv,p55,2032,16895.232
distpv,p55,2035,24638.88
distpv,p55,2038,29742.648
distpv,p55,2041,40830.144
distpv,p55,2044,61421.208
distpv,p55,2047,101019.408
distpv,p55,2050,161208.672
distpv,p56,2010,170.0205
distpv,p56,2015,2550.3075
distpv,p56,2020,41995.0635
distpv,p56,2023,164239.803
distpv,p56,2026,153358.491
distpv,p56,2029,190422.96
distpv,p56,2032,275603.2305
distpv,p56,2035,262851.693
distpv,p56,2038,268122.3285
distpv,p56,2041,276963.3945
distpv,p56,2044,289544.9115
distpv,p56,2047,307907.1255
distpv,p56,2050,332560.098
distpv,p57,2010,324.534
distpv,p57,2015,2109.471
distpv,p57,2020,1784.937
distpv,p57,2023,1622.67
distpv,p57,2026,1947.204
distpv,p57,2029,3083.073
distpv,p57,2032,6003.879
distpv,p57,2035,9411.486
distpv,p57,2038,12656.826
distpv,p57,2041,16551.234
distpv,p57,2044,20283.375
distpv,p57,2047,24340.05
distpv,p57,2050,31642.065
distpv,p58,2010,11463.0768
distpv,p58,2015,164940.9384
distpv,p58,2020,260944.2066
distpv,p58,2023,245500.8948
distpv,p58,2026,298517.625
distpv,p58,2029,497529.375
distpv,p58,2032,607861.4892
distpv,p58,2035,601652.3226
distpv,p58,2038,608816.7456
distpv,p58,2041,635723.1342
distpv,p58,2044,688899.0738
distpv,p58,2047,774712.9404
distpv,p58,2050,889980.546
distpv,p59,2010,1277.3142
distpv,p59,2015,17456.6274
distpv,p59,2020,68762.0811
distpv,p59,2023,117512.9064
distpv,p59,2026,139865.9049
distpv,p59,2029,222039.7851
distpv,p59,2032,393412.7736
distpv,p59,2035,437480.1135
distpv,p59,2038,457491.3693
distpv,p59,2041,474947.9967
distpv,p59,2044,500068.5093
distpv,p59,2047,550948.1916
distpv,p59,2050,590332.0461
distpv,p6,2010,2729.8383
distpv,p6,2015,24281.1933
distpv,p6,2020,80889.4191
distpv,p6,2023,140083.8075
distpv,p6,2026,153158.2962
distpv,p6,2029,186778.41
distpv,p6,2032,238357.9863
distpv,p6,2035,235053.4452
distpv,p6,2038,235628.148
distpv,p6,2041,237208.5807
distpv,p6,2044,240225.7704
distpv,p6,2047,244823.3928
distpv,p6,2050,251432.475
distpv,p60,2010,188.3172
distpv,p60,2015,4142.9784
distpv,p60,2020,20526.5748
distpv,p60,2023,49904.058
distpv,p60,2026,94346.9172
distpv,p60,2029,167790.6252
distpv,p60,2032,255546.4404
distpv,p60,2035,271553.4024
distpv,p60,2038,278521.1388
distpv,p60,2041,294904.7352
distpv,p60,2044,324847.17
distpv,p60,2047,331626.5892
distpv,p60,2050,391323.1416
distpv,p61,2010,559.9899
distpv,p61,2015,9333.165
distpv,p61,2020,72425.3604
distpv,p61,2023,144664.0575
distpv,p61,2026,225675.9297
distpv,p61,2029,392926.2465
distpv,p61,2032,607029.0516
distpv,p61,2035,649588.284
distpv,p61,2038,666014.6544
distpv,p61,2041,708947.2134
distpv,p61,2044,785292.5031
distpv,p61,2047,801345.5469
distpv,p61,2050,957209.4024
distpv,p62,2010,611.0172
distpv,p62,2015,7739.5512
distpv,p62,2020,44196.9108
distpv,p62,2023,104280.2688
distpv,p62,2026,179435.3844
distpv,p62,2029,308156.3412
distpv,p62,2032,465798.7788
distpv,p62,2035,491665.1736
distpv,p62,2038,500219.4144
distpv,p62,2041,529548.24
distpv,p62,2044,585354.4776
distpv,p62,2047,603684.9936
distpv,p62,2050,724666.3992
distpv,p63,2010,10565.472
distpv,p63,2015,150227.805
distpv,p63,2020,949406.7105
distpv,p63,2023,1964022.1935
distpv,p63,2026,3180702.3285
distpv,p63,2029,5371221.828
distpv,p63,2032,8061620.2215
distpv,p63,2035,8493648.975
distpv,p63,2038,8744413.8495
distpv,p63,2041,9297780.4455
distpv,p63,2044,10167285.774
distpv,p63,2047,10405504.1505
distpv,p63,2050,12511334.7885
distpv,p64,2010,2579.472
distpv,p64,2015,26310.6144
distpv,p64,2020,85810.4352
distpv,p64,2023,179015.3568
distpv,p64,2026,291824.2656
distpv,p64,2029,512799.0336
distpv,p64,2032,831621.7728
distpv,p64,2035,965754.3168
distpv,p64,2038,1072716.4224
distpv,p64,2041,1202721.8112
distpv,p64,2044,1351471.3632
distpv,p64,2047,1469439.216
distpv,p64,2050,1698668.2944
distpv,p65,2010,3983.6808
distpv,p65,2015,45631.2528
distpv,p65,2020,182525.0112
distpv,p65,2023,334085.958
distpv,p65,2026,495968.2596
distpv,p65,2029,871882.866
distpv,p65,2032,1458751.4784
distpv,p65,2035,1739782.0512
distpv,p65,2038,1952727.8976
distpv,p65,2041,2181065.238
distpv,p65,2044,2451955.5324
distpv,p65,2047,2677757.8032
distpv,p65,2050,3086447.238
distpv,p66,2010,789.024
distpv,p66,2015,6312.192
distpv,p66,2020,9310.4832
distpv,p66,2023,16411.6992
distpv,p66,2026,26195.5968
distpv,p66,2029,44500.9536
distpv,p66,2032,83320.9344
distpv,p66,2035,120878.4768
distpv,p66,2038,150072.3648
distpv,p66,2041,192995.2704
distpv,p66,2044,239232.0768
distpv,p66,2047,279314.496
distpv,p66,2050,338491.296
distpv,p67,2010,6162.4182
distpv,p67,2015,87895.5438
distpv,p67,2020,605538.6726
distpv,p67,2023,1262484.8865
distpv,p67,2026,1935485.8215
distpv,p67,2029,3166185.6036
distpv,p67,2032,4626678.717
distpv,p67,2035,4802469.8046
distpv,p67,2038,4942097.2275
distpv,p67,2041,5249731.6308
distpv,p67,2044,5742725.0868
distpv,p67,2047,5861432.7216
distpv,p67,2050,7096673.2329
distpv,p68,2010,471.0987
distpv,p68,2015,3611.7567
distpv,p68,2020,15703.29
distpv,p68,2023,63912.3903
distpv,p68,2026,109294.8984
distpv,p68,2029,128924.0109
distpv,p68,2032,153107.0775
distpv,p68,2035,158603.229
distpv,p68,2038,180273.7692
distpv,p68,2041,207754.5267
distpv,p68,2044,240103.3041
distpv,p68,2047,279675.5949
distpv,p68,2050,325058.103
distpv,p69,2010,311.469
distpv,p69,2015,3114.69
distpv,p69,2020,12614.4945
distpv,p69,2023,16663.5915
distpv,p69,2026,13704.636
distpv,p69,2029,16819.326
distpv,p69,2032,21491.361
distpv,p69,2035,22737.237
distpv,p69,2038,25073.2545
distpv,p69,2041,27720.741
distpv,p69,2044,30523.962
distpv,p69,2047,34261.59
distpv,p69,2050,38466.4215
distpv,p7,2010,333.0138
distpv,p7,2015,2830.6173
distpv,p7,2020,5494.7277
distpv,p7,2023,8824.8657
distpv,p7,2026,9657.4002
distpv,p7,2029,13154.0451
distpv,p7,2032,20480.3487
distpv,p7,2035,21978.9108
distpv,p7,2038,21978.9108
distpv,p7,2041,22311.9246
distpv,p7,2044,22811.4453
distpv,p7,2047,23477.4729
distpv,p7,2050,24310.0074
distpv,p70,2010,4650.4023
distpv,p70,2015,49550.8383
distpv,p70,2020,204617.7012
distpv,p70,2023,260422.5288
distpv,p70,2026,208145.5926
distpv,p70,2029,242783.0718
distpv,p70,2032,290569.9644
distpv,p70,2035,286400.6382
distpv,p70,2038,297625.7472
distpv,p70,2041,312218.3889
distpv,p70,2044,329857.8459
distpv,p70,2047,352789.14
distpv,p70,2050,383096.9343
distpv,p71,2010,511.7031
distpv,p71,2015,3240.7863
distpv,p71,2020,7675.5465
distpv,p71,2023,6311.0049
distpv,p71,2026,341.1354
distpv,p71,2029,1023.4062
distpv,p71,2032,2217.3801
distpv,p71,2035,2899.6509
distpv,p71,2038,3411.354
distpv,p71,2041,4946.4633
distpv,p71,2044,7504.9788
distpv,p71,2047,13133.7129
distpv,p71,2050,21320.9625
distpv,p72,2010,13175.976
distpv,p72,2015,85643.844
distpv,p72,2020,194839.7451
distpv,p72,2023,151688.4237
distpv,p72,2026,23057.958
distpv,p72,2029,71809.0692
distpv,p72,2032,159923.4087
distpv,p72,2035,211639.1145
distpv,p72,2038,226956.1866
distpv,p72,2041,277024.8954
distpv,p72,2044,372550.7214
distpv,p72,2047,541862.013
distpv,p72,2050,766677.1035
distpv,p73,2010,650.142
distpv,p73,2015,3738.3165
distpv,p73,2020,9101.988
distpv,p73,2023,7314.0975
distpv,p73,2026,325.071
distpv,p73,2029,650.142
distpv,p73,2032,1137.7485
distpv,p73,2035,1625.355
distpv,p73,2038,1950.426
distpv,p73,2041,2763.1035
distpv,p73,2044,4388.4585
distpv,p73,2047,8289.3105
distpv,p73,2050,14953.266
distpv,p74,2015,814.194
distpv,p74,2020,2985.378
distpv,p74,2023,4070.97
distpv,p74,2026,3799.572
distpv,p74,2029,3935.271
distpv,p74,2032,3935.271
distpv,p74,2035,3528.174
distpv,p74,2038,3528.174
distpv,p74,2041,3528.174
distpv,p74,2044,3528.174
distpv,p74,2047,3528.174
distpv,p74,2050,3528.174
distpv,p75,2010,787.1355
distpv,p75,2015,5982.2298
distpv,p75,2020,26920.0341
distpv,p75,2023,35263.6704
distpv,p75,2026,30383.4303
distpv,p75,2029,35106.2433
distpv,p75,2032,46440.9945
distpv,p75,2035,53840.0682
distpv,p75,2038,65961.9549
distpv,p75,2041,81862.092
distpv,p75,2044,101068.1982
distpv,p75,2047,124367.409
distpv,p75,2050,151444.8702
distpv,p76,2010,797.703
distpv,p76,2015,6381.624
distpv,p76,2020,30312.714
distpv,p76,2023,38449.2846
distpv,p76,2026,35577.5538
distpv,p76,2029,54243.804
distpv,p76,2032,90778.6014
distpv,p76,2035,124122.5868
distpv,p76,2038,171027.5232
distpv,p76,2041,226707.1926
distpv,p76,2044,286215.8364
distpv,p76,2047,350510.6982
distpv,p76,2050,419910.8592
distpv,p77,2010,157.9086
distpv,p77,2015,1736.9946
distpv,p77,2020,9474.516
distpv,p77,2023,12790.5966
distpv,p77,2026,14527.5912
distpv,p77,2029,27476.0964
distpv,p77,2032,50688.6606
distpv,p77,2035,72953.7732
distpv,p77,2038,103114.3158
distpv,p77,2041,136748.8476
distpv,p77,2044,172278.2826
distpv,p77,2047,209860.5294
distpv,p77,2050,249495.588
distpv,p78,2010,643.6992
distpv,p78,2015,5310.5184
distpv,p78,2020,29288.3136
distpv,p78,2023,43610.6208
distpv,p78,2026,46507.2672
distpv,p78,2029,69841.3632
distpv,p78,2032,107497.7664
distpv,p78,2035,137429.7792
distpv,p78,2038,178304.6784
distpv,p78,2041,224651.0208
distpv,p78,2044,275825.1072
distpv,p78,2047,329573.9904
distpv,p78,2050,386380.4448
distpv,p79,2010,2099.8029
distpv,p79,2015,15990.8067
distpv,p79,2020,67516.7394
distpv,p79,2023,83830.5927
distpv,p79,2026,70908.7287
distpv,p79,2029,79146.417
distpv,p79,2032,90937.6179
distpv,p79,2035,91906.7577
distpv,p79,2038,103374.912
distpv,p79,2041,115973.7294
distpv,p79,2044,129218.64
distpv,p79,2047,143594.2137
distpv,p79,2050,160877.2068
distpv,p8,2010,2474.5854
distpv,p8,2015,16791.8295
distpv,p8,2020,37118.781
distpv,p8,2023,48077.6592
distpv,p8,2026,49845.2202
distpv,p8,2029,54264.1227
distpv,p8,2032,58683.0252
distpv,p8,2035,53733.8544
distpv,p8,2038,53733.8544
distpv,p8,2041,53910.6105
distpv,p8,2044,55324.6593
distpv,p8,2047,57268.9764
distpv,p8,2050,59920.3179
distpv,p80,2010,3222.912
distpv,p80,2015,28200.48
distpv,p80,2020,635880.5376
distpv,p80,2023,718225.9392
distpv,p80,2026,199820.544
distpv,p80,2029,267018.2592
distpv,p80,2032,466194.2208
distpv,p80,2035,707590.3296
distpv,p80,2038,1024886.016
distpv,p80,2041,1530399.7632
distpv,p80,2044,2148231.9936
distpv,p80,2047,2840996.928
distpv,p80,2050,3586939.9104
distpv,p81,2010,665.0532
distpv,p81,2015,5486.6889
distpv,p81,2020,132179.3235
distpv,p81,2023,147974.337
distpv,p81,2026,41067.0351
distpv,p81,2029,44724.8277
distpv,p81,2032,50045.2533
distpv,p81,2035,49380.2001
distpv,p81,2038,54201.8358
distpv,p81,2041,61517.421
distpv,p81,2044,85293.0729
distpv,p81,2047,173080.0953
distpv,p81,2050,308252.1582
distpv,p82,2010,166.0716
distpv,p82,2015,1992.8592
distpv,p82,2020,45669.69
distpv,p82,2023,51316.1244
distpv,p82,2026,14282.1576
distpv,p82,2029,15278.5872
distpv,p82,2032,16607.16
distpv,p82,2035,15610.7304
distpv,p82,2038,16275.0168
distpv,p82,2041,17105.3748
distpv,p82,2044,22253.5944
distpv,p82,2047,43178.616
distpv,p82,2050,77057.2224
distpv,p83,2010,319.4046
distpv,p83,2015,2395.5345
distpv,p83,2020,56215.2096
distpv,p83,2023,61804.7901
distpv,p83,2026,17247.8484
distpv,p83,2029,18365.7645
distpv,p83,2032,19643.3829
distpv,p83,2035,18525.4668
distpv,p83,2038,19483.6806
distpv,p83,2041,20761.299
distpv,p83,2044,27468.7956
distpv,p83,2047,59409.2556
distpv,p83,2050,110034.8847
distpv,p84,2010,1876.3041
distpv,p84,2015,11769.5439
distpv,p84,2020,27121.1229
distpv,p84,2023,21833.3568
distpv,p84,2026,2729.1696
distpv,p84,2029,8699.2281
distpv,p84,2032,19615.9065
distpv,p84,2035,24903.6726
distpv,p84,2038,26950.5498
distpv,p84,2041,32750.0352
distpv,p84,2044,44007.8598
distpv,p84,2047,62770.9008
distpv,p84,2050,89209.7313
distpv,p85,2010,329.9136
distpv,p85,2015,4618.7904
distpv,p85,2020,65652.8064
distpv,p85,2023,129326.1312
distpv,p85,2026,129491.088
distpv,p85,2029,300716.2464
distpv,p85,2032,749068.8288
distpv,p85,2035,752203.008
distpv,p85,2038,775461.9168
distpv,p85,2041,809113.104
distpv,p85,2044,855960.8352
distpv,p85,2047,921943.5552
distpv,p85,2050,1004421.9552
distpv,p86,2010,494.5671
distpv,p86,2015,8077.9293
distpv,p86,2020,9726.4863
distpv,p86,2023,9726.4863
distpv,p86,2026,9561.6306
distpv,p86,2029,11375.0433
distpv,p86,2032,15001.8687
distpv,p86,2035,16320.7143
distpv,p86,2038,16650.4257
distpv,p86,2041,18298.9827
distpv,p86,2044,21760.9524
distpv,p86,2047,28190.3247
distpv,p86,2050,40059.9351
distpv,p87,2010,158.6706
distpv,p87,2015,3014.7414
distpv,p87,2020,9996.2478
distpv,p87,2023,188500.6728
distpv,p87,2026,385410.8874
distpv,p87,2029,454273.9278
distpv,p87,2032,583114.455
distpv,p87,2035,622147.4226
distpv,p87,2038,675936.756
distpv,p87,2041,748131.879
distpv,p87,2044,833020.65
distpv,p87,2047,936949.893
distpv,p87,2050,1060712.961
distpv,p88,2015,1687.2207
distpv,p88,2020,5521.8132
distpv,p88,2023,90189.6156
distpv,p88,2026,181452.9171
distpv,p88,2029,198631.8915
distpv,p88,2032,228081.5619
distpv,p88,2035,226701.1086
distpv,p88,2038,237898.1187
distpv,p88,2041,253083.105
distpv,p88,2044,271182.3816
distpv,p88,2047,292809.4833
distpv,p88,2050,317811.0264
distpv,p89,2010,311.706
distpv,p89,2015,2961.207
distpv,p89,2020,10286.298
distpv,p89,2023,13403.358
distpv,p89,2026,30703.041
distpv,p89,2029,62341.2
distpv,p89,2032,112058.307
distpv,p89,2035,138085.758
distpv,p89,2038,157255.677
distpv,p89,2041,188737.983
distpv,p89,2044,239701.914
distpv,p89,2047,327291.3
distpv,p89,2050,448077.375
distpv,p9,2010,483183.432
distpv,p9,2015,3370999.878
distpv,p9,2020,8401324.176
distpv,p9,2023,10939147.11
distpv,p9,2026,11327617.71
distpv,p9,2029,12286215.162
distpv,p9,2032,13331201.076
distpv,p9,2035,12141556.11
distpv,p9,2038,12147475.662
distpv,p9,2041,12175408.548
distpv,p9,2044,12297129.336
distpv,p9,2047,12547970.352
distpv,p9,2050,12956974.398
distpv,p90,2010,315.6546
distpv,p90,2015,2683.0641
distpv,p90,2020,8680.5015
distpv,p90,2023,13099.6659
distpv,p90,2026,27461.9502
distpv,p90,2029,53187.8001
distpv,p90,2032,91539.834
distpv,p90,2035,109374.3189
distpv,p90,2038,124841.3943
distpv,p90,2041,153250.3083
distpv,p90,2044,197599.7796
distpv,p90,2047,268779.8919
distpv,p90,2050,364581.063
distpv,p91,2010,2141.8614
distpv,p91,2015,16675.9209
distpv,p91,2020,147482.4564
distpv,p91,2023,344533.7052
distpv,p91,2026,415368.1215
distpv,p91,2029,569429.1522
distpv,p91,2032,797843.3715
distpv,p91,2035,840221.6292
distpv,p91,2038,874950.3819
distpv,p91,2041,928343.9268
distpv,p91,2044,1010652.6006
distpv,p91,2047,1089136.5219
distpv,p91,2050,1116521.7498
distpv,p92,2010,12649.5837
distpv,p92,2015,77303.0115
distpv,p92,2020,95106.1293
distpv,p92,2023,88390.9182
distpv,p92,2026,117438.1104
distpv,p92,2029,171472.1346
distpv,p92,2032,257520.5373
distpv,p92,2035,268139.9409
distpv,p92,2038,285474.5556
distpv,p92,2041,335604.3873
distpv,p92,2044,415406.082
distpv,p92,2047,555800.8443
distpv,p92,2050,754446.1587
distpv,p93,2010,162.1374
distpv,p93,2015,10214.6562
distpv,p93,2020,28860.4572
distpv,p93,2023,58855.8762
distpv,p93,2026,47019.846
distpv,p93,2029,48965.4948
distpv,p93,2032,51073.281
distpv,p93,2035,46695.5712
distpv,p93,2038,47019.846
distpv,p93,2041,47344.1208
distpv,p93,2044,47830.533
distpv,p93,2047,47830.533
distpv,p93,2050,47830.533
distpv,p94,2010,6798.1239
distpv,p94,2015,155859.426
distpv,p94,2020,386000.7912
distpv,p94,2023,335760.9975
distpv,p94,2026,259323.5556
distpv,p94,2029,338413.9239
distpv,p94,2032,495931.4289
distpv,p94,2035,579996.0342
distpv,p94,2038,678320.1189
distpv,p94,2041,823070.4156
distpv,p94,2044,1021045.0482
distpv,p94,2047,1307229.4836
distpv,p94,2050,1670846.2083
distpv,p95,2015,6310.5003
distpv,p95,2020,66017.5416
distpv,p95,2023,84463.6194
distpv,p95,2026,140772.699
distpv,p95,2029,256950.6276
distpv,p95,2032,339310.7469
distpv,p95,2035,337854.4776
distpv,p95,2038,358404.0555
distpv,p95,2041,380895.3258
distpv,p95,2044,410506.1349
distpv,p95,2047,454679.637
distpv,p95,2050,513092.2167
distpv,p96,2010,509.3154
distpv,p96,2015,40235.9166
distpv,p96,2020,423920.1846
distpv,p96,2023,584524.3074
distpv,p96,2026,829335.243
distpv,p96,2029,1321333.9194
distpv,p96,2032,1670894.0556
distpv,p96,2035,1624546.3542
distpv,p96,2038,1677684.9276
distpv,p96,2041,1739821.4064
distpv,p96,2044,1834214.5272
distpv,p96,2047,1990744.1268
distpv,p96,2050,2198035.4946
distpv,p97,2010,13907.0979
distpv,p97,2015,78647.0364
distpv,p97,2020,192781.1502
distpv,p97,2023,334569.6081
distpv,p97,2026,478595.9898
distpv,p97,2029,783433.1817
distpv,p97,2032,1248921.3321
distpv,p97,2035,1462163.4999
distpv,p97,2038,1622494.755
distpv,p97,2041,1810959.9093
distpv,p97,2044,2041625.9124
distpv,p97,2047,2418875.9244
distpv,p97,2050,2954538.9711
distpv,p98,2010,11570.6679
distpv,p98,2015,68314.4913
distpv,p98,2020,223646.7453
distpv,p98,2023,432077.2698
distpv,p98,2026,722136.4788
distpv,p98,2029,1346635.5408
distpv,p98,2032,2244551.0703
distpv,p98,2035,2683126.9344
distpv,p98,2038,3045621.6945
distpv,p98,2041,3444888.9882
distpv,p98,2044,3894243.0087
distpv,p98,2047,4450744.584
distpv,p98,2050,5120733.8061
distpv,p99,2010,2224.9845
distpv,p99,2015,33671.4321
distpv,p99,2020,243709.9689
distpv,p99,2023,329742.7029
distpv,p99,2026,458050.1424
distpv,p99,2029,1073925.852
distpv,p99,2032,1563570.7743
distpv,p99,2035,1592050.5759
distpv,p99,2038,1671556.6887
distpv,p99,2041,1747354.494
distpv,p99,2044,1827898.9329
distpv,p99,2047,1946861.4375
distpv,p99,2050,2130348.4926
distpv,z122,2010,38235.372
distpv,z122,2015,234586.944
distpv,z122,2020,539751.21
distpv,z122,2023,728340.714
distpv,z122,2026,868345.422
distpv,z122,2029,1161291.618
distpv,z122,2032,1562763.024
distpv,z122,2035,1728928.776
distpv,z122,2038,1983783.342
distpv,z122,2041,2270692.374
distpv,z122,2044,2580168.9
distpv,z122,2047,2917818.858
distpv,z122,2050,3311815.68
distpv,z28,2010,227125.5858
distpv,z28,2015,1571644.2186
distpv,z28,2020,3453889.2606
distpv,z28,2023,4511512.4166
distpv,z28,2026,4837308.975
distpv,z28,2029,5254482.5532
distpv,z28,2032,5906278.2798
distpv,z28,2035,5299259.319
distpv,z28,2038,5302298.466
distpv,z28,2041,5310402.858
distpv,z28,2044,5335526.4732
distpv,z28,2047,5390636.3388
distpv,z28,2050,5502476.9484
lfill-gas,p1,2015,20702.643984
lfill-gas,p1,2020,20702.643984
lfill-gas,p1,2023,20702.643984
lfill-gas,p1,2026,20014.683984
lfill-gas,p1,2029,17171.832654
lfill-gas,p1,2032,17247.664881
lfill-gas,p1,2035,18027.712377
lfill-gas,p1,2038,16532.649126
lfill-gas,p1,2041,15780.068244
lfill-gas,p1,2044,15366.665898
lfill-gas,p1,2047,15322.520898
lfill-gas,p1,2050,15322.520898
lfill-gas,p10,2010,240239.861472
lfill-gas,p10,2015,503393.469446
lfill-gas,p10,2020,612887.453184
lfill-gas,p10,2023,590861.512781
lfill-gas,p10,2026,451557.392477
lfill-gas,p10,2029,413320.534532
lfill-gas,p10,2032,434559.346873
lfill-gas,p10,2035,431184.313715
lfill-gas,p10,2038,400334.742745
lfill-gas,p10,2041,390648.158957
lfill-gas,p10,2044,401798.203279
lfill-gas,p10,2047,392265.214592
lfill-gas,p10,2050,383759.072296
lfill-gas,p101,2010,598521.978125
lfill-gas,p101,2015,656339.587411
lfill-gas,p101,2020,705255.609331
lfill-gas,p101,2023,698387.169331
lfill-gas,p101,2026,766357.934929
lfill-gas,p101,2029,586368.098611
lfill-gas,p101,2032,588816.542611
lfill-gas,p101,2035,587821.322611
lfill-gas,p101,2038,586948.322611
lfill-gas,p101,2041,584332.711111
lfill-gas,p101,2044,579545.353631
lfill-gas,p101,2047,583479.840053
lfill-gas,p101,2050,585841.795111
lfill-gas,p102,2010,663340.40628
lfill-gas,p102,2015,1051967.7966
lfill-gas,p102,2020,1045719.1896
lfill-gas,p102,2023,714215.721566
lfill-gas,p102,2026,716032.801766
lfill-gas,p102,2029,714918.025166
lfill-gas,p102,2032,717804.021566
lfill-gas,p102,2035,716437.891166
lfill-gas,p102,2038,717241.135166
lfill-gas,p102,2041,713375.841866
lfill-gas,p102,2044,705828.273413
lfill-gas,p102,2047,711793.202426
lfill-gas,p102,2050,717942.132566
lfill-gas,p103,2010,467276.231834
lfill-gas,p103,2015,615894.423127
lfill-gas,p103,2020,651632.926135
lfill-gas,p103,2023,615015.635618
lfill-gas,p103,2026,623747.680418
lfill-gas,p103,2029,623671.941818
lfill-gas,p103,2032,613822.931018
lfill-gas,p103,2035,592588.425627
lfill-gas,p103,2038,591335.607403
lfill-gas,p103,2041,591158.359993
lfill-gas,p103,2044,569520.248119
lfill-gas,p103,2047,570357.051309
lfill-gas,p103,2050,578937.892903
lfill-gas,p104,2010,21063.216
lfill-gas,p104,2015,34340.484566
lfill-gas,p104,2020,39465.566208
lfill-gas,p104,2023,37918.337808
lfill-gas,p104,2026,39465.566208
lfill-gas,p104,2029,39301.220208
lfill-gas,p104,2032,39465.566208
lfill-gas,p104,2035,39277.871208
lfill-gas,p104,2038,39277.871208
lfill-gas,p104,2041,39113.525208
lfill-gas,p104,2044,39277.871208
lfill-gas,p104,2047,39020.710608
lfill-gas,p104,2050,39020.710608
lfill-gas,p105,2010,66040.83625
lfill-gas,p105,2015,81206.492323
lfill-gas,p105,2020,108433.142256
lfill-gas,p105,2023,107857.401456
lfill-gas,p105,2026,114238.703856
lfill-gas,p105,2029,112629.506856
lfill-gas,p105,2032,115057.603056
lfill-gas,p105,2035,114293.363556
lfill-gas,p105,2038,113903.065956
lfill-gas,p105,2041,113120.889756
lfill-gas,p105,2044,113242.854756
lfill-gas,p105,2047,112152.058356
lfill-gas,p105,2050,111156.931956
lfill-gas,p107,2010,9762.450192
lfill-gas,p107,2015,9079.934497
lfill-gas,p107,2020,9762.450192
lfill-gas,p107,2023,9118.210801
lfill-gas,p107,2026,9762.450192
lfill-gas,p107,2029,9720.408192
lfill-gas,p107,2032,9762.450192
lfill-gas,p107,2035,9714.435192
lfill-gas,p107,2038,9714.435192
lfill-gas,p107,2041,9672.393192
lfill-gas,p107,2044,9714.435192
lfill-gas,p107,2047,9626.534676
lfill-gas,p107,2050,9626.534676
lfill-gas,p109,2010,69600.192
lfill-gas,p109,2015,71951.381059
lfill-gas,p109,2020,91204.995264
lfill-gas,p109,2023,75650.021664
lfill-gas,p109,2026,82600.517664
lfill-gas,p109,2029,81967.182864
lfill-gas,p109,2032,83244.024864
lfill-gas,p109,2035,82594.305864
lfill-gas,p109,2038,82628.745864
lfill-gas,p109,2041,82211.358264
lfill-gas,p109,2044,81951.873864
lfill-gas,p109,2047,82363.310064
lfill-gas,p109,2050,80971.631664
lfill-gas,p11,2010,58920.44425
lfill-gas,p11,2015,69961.854374
lfill-gas,p11,2020,69961.854374
lfill-gas,p11,2023,53277.56531
lfill-gas,p11,2026,53477.598374
lfill-gas,p11,2029,53477.598374
lfill-gas,p11,2032,51932.863848
lfill-gas,p11,2035,49415.53404
lfill-gas,p11,2038,45838.518209
lfill-gas,p11,2041,44731.001285
lfill-gas,p11,2044,45930.484709
lfill-gas,p11,2047,44751.686702
lfill-gas,p11,2050,44376.933173
lfill-gas,p111,2010,181456.581312
lfill-gas,p111,2015,331005.082522
lfill-gas,p111,2020,329985.188122
lfill-gas,p111,2023,187703.972122
lfill-gas,p111,2026,187703.972122
lfill-gas,p111,2029,186924.284122
lfill-gas,p111,2032,187703.972122
lfill-gas,p111,2035,186813.512122
lfill-gas,p111,2038,186813.512122
lfill-gas,p111,2041,186813.512122
lfill-gas,p111,2044,184999.59553
lfill-gas,p111,2047,184263.72673
lfill-gas,p111,2050,184263.72673
lfill-gas,p112,2010,12821.088
lfill-gas,p112,2015,52104.907258
lfill-gas,p112,2020,51411.327658
lfill-gas,p112,2023,40485.170458
lfill-gas,p112,2026,40485.170458
lfill-gas,p112,2029,40317.002458
lfill-gas,p112,2032,40485.170458
lfill-gas,p112,2035,40293.110458
lfill-gas,p112,2038,40293.110458
lfill-gas,p112,2041,40124.942458
lfill-gas,p112,2044,40097.492002
lfill-gas,p112,2047,39938.775202
lfill-gas,p112,2050,39938.775202
lfill-gas,p114,2020,20702.643984
lfill-gas,p114,2023,20702.643984
lfill-gas,p114,2026,20702.643984
lfill-gas,p114,2029,20616.648984
lfill-gas,p114,2032,20702.643984
lfill-gas,p114,2035,20604.431484
lfill-gas,p114,2038,20604.431484
lfill-gas,p114,2041,20518.436484
lfill-gas,p114,2044,20604.431484
lfill-gas,p114,2047,20523.269484
lfill-gas,p114,2050,20523.269484
lfill-gas,p115,2010,21979.008
lfill-gas,p115,2015,20358.4032
lfill-gas,p115,2020,20286.288
lfill-gas,p115,2023,19849.536
lfill-gas,p115,2026,21979.008
lfill-gas,p115,2029,21817.44
lfill-gas,p115,2032,21979.008
lfill-gas,p115,2035,21874.248
lfill-gas,p115,2038,21874.248
lfill-gas,p115,2041,21782.52
lfill-gas,p115,2044,21661.272
lfill-gas,p115,2047,21326.8032
lfill-gas,p115,2050,21433.2912
lfill-gas,p117,2020,14721.880166
lfill-gas,p117,2023,14721.880166
lfill-gas,p117,2026,14721.880166
lfill-gas,p117,2029,14660.728166
lfill-gas,p117,2032,14721.880166
lfill-gas,p117,2035,14652.040166
lfill-gas,p117,2038,14652.040166
lfill-gas,p117,2041,14590.888166
lfill-gas,p117,2044,14509.772198
lfill-gas,p117,2047,14452.056998
lfill-gas,p117,2050,14523.190982
lfill-gas,p118,2015,33124.230374
lfill-gas,p118,2020,41405.287968
lfill-gas,p118,2023,41405.287968
lfill-gas,p118,2026,41405.287968
lfill-gas,p118,2029,41233.297968
lfill-gas,p118,2032,41405.287968
lfill-gas,p118,2035,41208.862968
lfill-gas,p118,2038,41208.862968
lfill-gas,p118,2041,41036.872968
lfill-gas,p118,2044,40808.734308
lfill-gas,p118,2047,40646.410308
lfill-gas,p118,2050,40846.474638
lfill-gas,p12,2015,14721.880166
lfill-gas,p12,2020,14677.470566
lfill-gas,p12,2023,14721.880166
lfill-gas,p12,2026,14041.792051
lfill-gas,p12,2029,12354.743366
lfill-gas,p12,2032,13466.44489
lfill-gas,p12,2035,13511.664979
lfill-gas,p12,2038,12471.78889
lfill-gas,p12,2041,12166.613606
lfill-gas,p12,2044,12084.612749
lfill-gas,p12,2047,12084.612749
lfill-gas,p12,2050,11759.575949
lfill-gas,p120,2010,63774.648
lfill-gas,p120,2015,78309.574613
lfill-gas,p120,2020,37583.373443
lfill-gas,p120,2023,34341.758333
lfill-gas,p120,2026,41764.573133
lfill-gas,p120,2029,29859.469133
lfill-gas,p120,2032,49148.750718
lfill-gas,p120,2035,44916.092621
lfill-gas,p120,2038,50697.057101
lfill-gas,p120,2041,51976.458226
lfill-gas,p120,2044,60221.519095
lfill-gas,p120,2047,54153.37847
lfill-gas,p120,2050,49054.14647
lfill-gas,p123,2010,584178.562944
lfill-gas,p123,2015,594702.876552
lfill-gas,p123,2020,586642.475352
lfill-gas,p123,2023,580420.35847
lfill-gas,p123,2026,591571.60177
lfill-gas,p123,2029,588433.96837
lfill-gas,p123,2032,596029.79017
lfill-gas,p123,2035,593196.66697
lfill-gas,p123,2038,588292.86157
lfill-gas,p123,2041,584505.09307
lfill-gas,p123,2044,583774.306918
lfill-gas,p123,2047,571204.551754
lfill-gas,p123,2050,568816.312054
lfill-gas,p125,2010,36653.307552
lfill-gas,p125,2015,45854.482656
lfill-gas,p125,2020,45854.482656
lfill-gas,p125,2023,45854.482656
lfill-gas,p125,2026,45854.482656
lfill-gas,p125,2029,45720.712656
lfill-gas,p125,2032,45854.482656
lfill-gas,p125,2035,45636.232656
lfill-gas,p125,2038,45490.732656
lfill-gas,p125,2041,45082.996656
lfill-gas,p125,2044,44211.554136
lfill-gas,p125,2047,43978.473996
lfill-gas,p125,2050,43697.808996
lfill-gas,p126,2010,439330.564454
lfill-gas,p126,2015,456152.446137
lfill-gas,p126,2020,413246.011853
lfill-gas,p126,2023,395173.184288
lfill-gas,p126,2026,422617.084577
lfill-gas,p126,2029,422289.997877
lfill-gas,p126,2032,424610.733377
lfill-gas,p126,2035,421984.218377
lfill-gas,p126,2038,420412.266377
lfill-gas,p126,2041,414375.527389
lfill-gas,p126,2044,410277.050888
lfill-gas,p126,2047,401336.683126
lfill-gas,p126,2050,399512.229731
lfill-gas,p127,2010,696375.236587
lfill-gas,p127,2015,777345.577502
lfill-gas,p127,2020,781271.229586
lfill-gas,p127,2023,773717.013586
lfill-gas,p127,2026,737085.333586
lfill-gas,p127,2029,734090.577586
lfill-gas,p127,2032,729117.239267
lfill-gas,p127,2035,710508.743081
lfill-gas,p127,2038,719107.906664
lfill-gas,p127,2041,717317.450881
lfill-gas,p127,2044,693014.937062
lfill-gas,p127,2047,664018.116674
lfill-gas,p127,2050,663529.404674
lfill-gas,p128,2026,13801.762656
lfill-gas,p128,2029,13801.762656
lfill-gas,p128,2032,13801.762656
lfill-gas,p128,2035,13219.849566
lfill-gas,p128,2038,13692.637656
lfill-gas,p128,2041,13692.637656
lfill-gas,p128,2044,13381.651026
lfill-gas,p128,2047,12615.594372
lfill-gas,p128,2050,12615.594372
lfill-gas,p129,2010,41668.536
lfill-gas,p129,2015,41668.536
lfill-gas,p129,2020,41668.536
lfill-gas,p129,2023,34342.2
lfill-gas,p129,2026,34342.2
lfill-gas,p129,2029,34198.875
lfill-gas,p129,2032,33776.6175
lfill-gas,p129,2035,32892.8175
lfill-gas,p129,2038,33503.805
lfill-gas,p129,2041,33129.18
lfill-gas,p129,2044,31904.865
lfill-gas,p129,2047,31467.9375
lfill-gas,p129,2050,31122.9675
lfill-gas,p13,2015,30363.877843
lfill-gas,p13,2020,30272.283043
lfill-gas,p13,2023,30363.877843
lfill-gas,p13,2026,29354.869843
lfill-gas,p13,2029,26929.620313
lfill-gas,p13,2032,27979.430609
lfill-gas,p13,2035,28050.95902
lfill-gas,p13,2038,26020.361585
lfill-gas,p13,2041,25390.937563
lfill-gas,p13,2044,26088.055963
lfill-gas,p13,2047,25086.675794
lfill-gas,p13,2050,24967.638194
lfill-gas,p130,2010,100608.955181
lfill-gas,p130,2015,100574.908181
lfill-gas,p130,2020,107194.650209
lfill-gas,p130,2023,107475.789509
lfill-gas,p130,2026,107509.836509
lfill-gas,p130,2029,107326.790009
lfill-gas,p130,2032,106320.154727
lfill-gas,p130,2035,103516.96375
lfill-gas,p130,2038,104561.731966
lfill-gas,p130,2041,103387.904143
lfill-gas,p130,2044,99965.380333
lfill-gas,p130,2047,97979.630395
lfill-gas,p130,2050,96060.716395
lfill-gas,p131,2010,584483.17872
lfill-gas,p131,2015,599665.117642
lfill-gas,p131,2020,599665.117642
lfill-gas,p131,2023,578895.170026
lfill-gas,p131,2026,578895.170026
lfill-gas,p131,2029,578444.174026
lfill-gas,p131,2032,577113.072356
lfill-gas,p131,2035,566579.173004
lfill-gas,p131,2038,564763.021556
lfill-gas,p131,2041,561281.438737
lfill-gas,p131,2044,547054.431359
lfill-gas,p131,2047,532304.324537
lfill-gas,p131,2050,529352.998937
lfill-gas,p132,2010,741711.553224
lfill-gas,p132,2015,741711.553224
lfill-gas,p132,2020,741634.095624
lfill-gas,p132,2023,471822.204696
lfill-gas,p132,2026,471836.172696
lfill-gas,p132,2029,471805.596696
lfill-gas,p132,2032,470498.896505
lfill-gas,p132,2035,461974.403643
lfill-gas,p132,2038,460221.997663
lfill-gas,p132,2041,457514.974396
lfill-gas,p132,2044,446420.374249
lfill-gas,p132,2047,433379.593286
lfill-gas,p132,2050,429474.104494
lfill-gas,p133,2010,27473.76
lfill-gas,p133,2015,169631.915357
lfill-gas,p133,2020,169631.915357
lfill-gas,p133,2023,169631.915357
lfill-gas,p133,2026,169631.915357
lfill-gas,p133,2029,168926.756357
lfill-gas,p133,2032,166835.268257
lfill-gas,p133,2035,162483.331001
lfill-gas,p133,2038,165493.030757
lfill-gas,p133,2041,164413.588972
lfill-gas,p133,2044,158171.808416
lfill-gas,p133,2047,155466.97655
lfill-gas,p133,2050,153769.72415
lfill-gas,p134,2010,79673.904
lfill-gas,p134,2015,79673.904
lfill-gas,p134,2020,75552.84
lfill-gas,p134,2023,67310.712
lfill-gas,p134,2026,67310.712
lfill-gas,p134,2029,60564.882
lfill-gas,p134,2032,60528.5352
lfill-gas,p134,2035,63952.1745
lfill-gas,p134,2038,65463.4512
lfill-gas,p134,2041,51384.8799
lfill-gas,p134,2044,51190.6536
lfill-gas,p134,2047,52939.519025
lfill-gas,p134,2050,53047.3419
lfill-gas,p14,2015,14721.880166
lfill-gas,p14,2020,14721.880166
lfill-gas,p14,2023,14721.880166
lfill-gas,p14,2026,14232.664166
lfill-gas,p14,2029,12211.080998
lfill-gas,p14,2032,12265.006138
lfill-gas,p14,2035,12819.706579
lfill-gas,p14,2038,11756.55049
lfill-gas,p14,2041,11221.381862
lfill-gas,p14,2044,10985.122061
lfill-gas,p14,2047,10961.534861
lfill-gas,p14,2050,10961.534861
lfill-gas,p15,2010,13736.88
lfill-gas,p15,2015,13736.88
lfill-gas,p15,2020,13695.246
lfill-gas,p15,2023,13736.88
lfill-gas,p15,2026,13278.24
lfill-gas,p15,2029,11261.583
lfill-gas,p15,2032,11438.748
lfill-gas,p15,2035,11955.717
lfill-gas,p15,2038,10959.768
lfill-gas,p15,2041,10459.62
lfill-gas,p15,2044,10240.074
lfill-gas,p15,2047,10217.961
lfill-gas,p15,2050,10217.961
lfill-gas,p17,2010,7326.336
lfill-gas,p17,2015,7326.336
lfill-gas,p17,2020,7304.1312
lfill-gas,p17,2023,14595.548083
lfill-gas,p17,2026,14198.060083
lfill-gas,p17,2029,11687.649619
lfill-gas,p17,2032,11956.056509
lfill-gas,p17,2035,12786.23569
lfill-gas,p17,2038,11723.484845
lfill-gas,p17,2041,11189.154931
lfill-gas,p17,2044,10925.07623
lfill-gas,p17,2047,10930.34663
lfill-gas,p17,2050,10930.34663
lfill-gas,p25,2010,34800.096
lfill-gas,p25,2015,34800.096
lfill-gas,p25,2020,34190.1504
lfill-gas,p25,2023,34200.6384
lfill-gas,p25,2026,33638.208
lfill-gas,p25,2029,30536.3592
lfill-gas,p25,2032,31881.0348
lfill-gas,p25,2035,32310.792
lfill-gas,p25,2038,32456.0052
lfill-gas,p25,2041,32268.6576
lfill-gas,p25,2044,31906.7304
lfill-gas,p25,2047,31906.7304
lfill-gas,p25,2050,31108.1376
lfill-gas,p3,2010,103942.392
lfill-gas,p3,2015,103942.392
lfill-gas,p3,2020,103942.392
lfill-gas,p3,2023,103942.392
lfill-gas,p3,2026,100472.016
lfill-gas,p3,2029,78148.6998
lfill-gas,p3,2032,87598.5282
lfill-gas,p3,2035,90299.7828
lfill-gas,p3,2038,82928.9112
lfill-gas,p3,2041,79144.458
lfill-gas,p3,2044,78428.3184
lfill-gas,p3,2047,77483.2266
lfill-gas,p3,2050,76685.9799
lfill-gas,p31,2010,14652.672
lfill-gas,p31,2015,14652.672
lfill-gas,p31,2020,14608.2624
lfill-gas,p31,2023,14400.2688
lfill-gas,p31,2026,14088.0
lfill-gas,p31,2029,12990.6432
lfill-gas,p31,2032,13372.992
lfill-gas,p31,2035,13375.7952
lfill-gas,p31,2038,13219.0176
lfill-gas,p31,2041,11909.7024
lfill-gas,p31,2044,12135.7536
lfill-gas,p31,2047,11677.7184
lfill-gas,p31,2050,12028.3008
lfill-gas,p33,2010,14652.672
lfill-gas,p33,2015,28914.493411
lfill-gas,p33,2020,28167.488611
lfill-gas,p33,2023,27822.503011
lfill-gas,p33,2026,27540.130627
lfill-gas,p33,2029,23292.114935
lfill-gas,p33,2032,25009.609496
lfill-gas,p33,2035,26195.109649
lfill-gas,p33,2038,26418.266342
lfill-gas,p33,2041,26196.836065
lfill-gas,p33,2044,25274.775313
lfill-gas,p33,2047,24965.472274
lfill-gas,p33,2050,24557.287219
lfill-gas,p41,2010,25184.28
lfill-gas,p41,2015,43892.970986
lfill-gas,p41,2020,43761.23695
lfill-gas,p41,2023,42902.360489
lfill-gas,p41,2026,42364.23372
lfill-gas,p41,2029,43754.74831
lfill-gas,p41,2032,45268.735289
lfill-gas,p41,2035,45439.51975
lfill-gas,p41,2038,45045.85375
lfill-gas,p41,2041,45045.85375
lfill-gas,p41,2044,45242.68675
lfill-gas,p41,2047,43657.407958
lfill-gas,p41,2050,44545.741978
lfill-gas,p43,2010,279791.758042
lfill-gas,p43,2015,285700.631692
lfill-gas,p43,2020,273708.282898
lfill-gas,p43,2023,259547.018698
lfill-gas,p43,2026,251366.16494
lfill-gas,p43,2029,179876.264698
lfill-gas,p43,2032,177372.785698
lfill-gas,p43,2035,177491.764284
lfill-gas,p43,2038,177099.973198
lfill-gas,p43,2041,175811.959198
lfill-gas,p43,2044,177132.298798
lfill-gas,p43,2047,176781.666376
lfill-gas,p43,2050,177199.258798
lfill-gas,p45,2010,18315.84
lfill-gas,p45,2015,16866.336
lfill-gas,p45,2020,16389.756
lfill-gas,p45,2023,15737.772
lfill-gas,p45,2026,16681.752
lfill-gas,p45,2029,17155.404
lfill-gas,p45,2032,17540.148
lfill-gas,p45,2035,17606.1
lfill-gas,p45,2038,17453.22
lfill-gas,p45,2041,17453.22
lfill-gas,p45,2044,17529.66
lfill-gas,p45,2047,17009.316
lfill-gas,p45,2050,17367.876
lfill-gas,p46,2010,87916.032
lfill-gas,p46,2015,83122.060507
lfill-gas,p46,2020,74858.731507
lfill-gas,p46,2023,74542.827907
lfill-gas,p46,2026,82295.089291
lfill-gas,p46,2029,85111.062307
lfill-gas,p46,2032,19643.478307
lfill-gas,p46,2035,19619.470807
lfill-gas,p46,2038,19558.318807
lfill-gas,p46,2041,19537.297807
lfill-gas,p46,2044,19469.202007
lfill-gas,p46,2047,19385.138407
lfill-gas,p46,2050,19385.138407
lfill-gas,p5,2010,166320.06025
lfill-gas,p5,2015,195232.364582
lfill-gas,p5,2020,190395.217382
lfill-gas,p5,2023,188540.703782
lfill-gas,p5,2026,186155.358182
lfill-gas,p5,2029,158695.978394
lfill-gas,p5,2032,161545.530682
lfill-gas,p5,2035,167761.001527
lfill-gas,p5,2038,155213.516314
lfill-gas,p5,2041,148345.124918
lfill-gas,p5,2044,144214.112213
lfill-gas,p5,2047,141217.410413
lfill-gas,p5,2050,142073.231213
lfill-gas,p51,2015,12229.173079
lfill-gas,p51,2020,19088.586518
lfill-gas,p51,2023,18902.68753
lfill-gas,p51,2026,17989.433759
lfill-gas,p51,2029,18377.460763
lfill-gas,p51,2032,18461.148854
lfill-gas,p51,2035,17614.168438
lfill-gas,p51,2038,17772.634051
lfill-gas,p51,2041,18319.776854
lfill-gas,p51,2044,18319.776854
lfill-gas,p51,2047,17772.003824
lfill-gas,p51,2050,18046.286597
lfill-gas,p53,2010,32664.171619
lfill-gas,p53,2015,39308.056326
lfill-gas,p53,2020,40904.113968
lfill-gas,p53,2023,40538.229192
lfill-gas,p53,2026,35853.285798
lfill-gas,p53,2029,36362.252916
lfill-gas,p53,2032,37487.436336
lfill-gas,p53,2035,37637.945676
lfill-gas,p53,2038,37637.945676
lfill-gas,p53,2041,37646.349912
lfill-gas,p53,2044,37646.349912
lfill-gas,p53,2047,36346.89915
lfill-gas,p53,2050,37255.968468
lfill-gas,p54,2015,6777.168273
lfill-gas,p54,2020,6817.352328
lfill-gas,p54,2023,6777.313434
lfill-gas,p54,2026,6227.055225
lfill-gas,p54,2029,6442.139628
lfill-gas,p54,2032,6631.522434
lfill-gas,p54,2035,6696.153828
lfill-gas,p54,2038,6638.823828
lfill-gas,p54,2041,6638.823828
lfill-gas,p54,2044,6606.063828
lfill-gas,p54,2047,6374.777643
lfill-gas,p54,2050,6572.021868
lfill-gas,p55,2010,13736.88
lfill-gas,p55,2015,13736.88
lfill-gas,p55,2020,13736.88
lfill-gas,p55,2023,13560.516
lfill-gas,p55,2026,13670.325
lfill-gas,p55,2029,13313.682
lfill-gas,p55,2032,13123.35
lfill-gas,p55,2035,13031.937
lfill-gas,p55,2038,13086.981
lfill-gas,p55,2041,13000.545
lfill-gas,p55,2044,13000.545
lfill-gas,p55,2047,12744.747
lfill-gas,p55,2050,13019.463
lfill-gas,p56,2010,18402.350208
lfill-gas,p56,2015,18072.448728
lfill-gas,p56,2020,18367.430208
lfill-gas,p56,2023,18402.350208
lfill-gas,p56,2026,18325.910208
lfill-gas,p56,2029,18230.835648
lfill-gas,p56,2032,18307.275648
lfill-gas,p56,2035,17717.916384
lfill-gas,p56,2038,17982.545136
lfill-gas,p56,2041,17753.166528
lfill-gas,p56,2044,17676.726528
lfill-gas,p56,2047,17334.855768
lfill-gas,p56,2050,17976.317088
lfill-gas,p6,2015,7360.940083
lfill-gas,p6,2020,7360.940083
lfill-gas,p6,2023,7360.940083
lfill-gas,p6,2026,7116.332083
lfill-gas,p6,2029,6105.540499
lfill-gas,p6,2032,6132.503069
lfill-gas,p6,2035,6409.85329
lfill-gas,p6,2038,5878.275245
lfill-gas,p6,2041,5610.690931
lfill-gas,p6,2044,5492.56103
lfill-gas,p6,2047,5448.00743
lfill-gas,p6,2050,5448.00743
lfill-gas,p63,2010,78843.358579
lfill-gas,p63,2015,110945.855237
lfill-gas,p63,2020,102401.65018
lfill-gas,p63,2023,47680.172
lfill-gas,p63,2026,48333.904126
lfill-gas,p63,2029,47588.606635
lfill-gas,p63,2032,46657.014251
lfill-gas,p63,2035,46354.575772
lfill-gas,p63,2038,44675.328436
lfill-gas,p63,2041,39617.729808
lfill-gas,p63,2044,42028.028743
lfill-gas,p63,2047,43328.655612
lfill-gas,p63,2050,43967.143072
lfill-gas,p64,2010,36700.888166
lfill-gas,p64,2015,35582.958566
lfill-gas,p64,2020,35563.521216
lfill-gas,p64,2023,36089.96087
lfill-gas,p64,2026,36528.106483
lfill-gas,p64,2029,36194.23511
lfill-gas,p64,2032,35921.854963
lfill-gas,p64,2035,35541.232781
lfill-gas,p64,2038,35034.472781
lfill-gas,p64,2041,30259.15392
lfill-gas,p64,2044,32475.294624
lfill-gas,p64,2047,33279.944256
lfill-gas,p64,2050,33090.206995
lfill-gas,p65,2010,82421.28
lfill-gas,p65,2015,100242.747802
lfill-gas,p65,2020,103380.383904
lfill-gas,p65,2023,26365.496578
lfill-gas,p65,2026,26557.691201
lfill-gas,p65,2029,25364.925272
lfill-gas,p65,2032,25191.165462
lfill-gas,p65,2035,25064.580462
lfill-gas,p65,2038,24697.179462
lfill-gas,p65,2041,22156.376304
lfill-gas,p65,2044,23538.077418
lfill-gas,p65,2047,24081.612876
lfill-gas,p65,2050,24083.898227
lfill-gas,p66,2010,15568.464
lfill-gas,p66,2015,14544.9756
lfill-gas,p66,2020,15568.464
lfill-gas,p66,2023,14284.325343
lfill-gas,p66,2026,15503.49
lfill-gas,p66,2029,15423.318
lfill-gas,p66,2032,15568.464
lfill-gas,p66,2035,15503.49
lfill-gas,p66,2038,15518.994
lfill-gas,p66,2041,15213.504
lfill-gas,p66,2044,15278.478
lfill-gas,p66,2047,15217.1556
lfill-gas,p66,2050,15297.3276
lfill-gas,p68,2010,82421.28
lfill-gas,p68,2015,79490.916
lfill-gas,p68,2020,78866.622
lfill-gas,p68,2023,77050.98
lfill-gas,p68,2026,76453.038
lfill-gas,p70,2010,29305.344
lfill-gas,p70,2015,48881.50825
lfill-gas,p70,2020,48274.58665
lfill-gas,p70,2023,47637.719789
lfill-gas,p70,2026,47649.499814
lfill-gas,p70,2029,49261.125869
lfill-gas,p70,2032,49675.90825
lfill-gas,p70,2035,49859.53225
lfill-gas,p70,2038,49431.46825
lfill-gas,p70,2041,50287.59625
lfill-gas,p70,2044,49951.26025
lfill-gas,p70,2047,48995.312938
lfill-gas,p70,2050,50584.26505
lfill-gas,p72,2010,21521.112
lfill-gas,p72,2015,23976.074352
lfill-gas,p72,2020,22907.761452
lfill-gas,p72,2023,22367.394552
lfill-gas,p72,2026,23547.359892
lfill-gas,p72,2029,24167.334552
lfill-gas,p72,2032,25728.213552
lfill-gas,p72,2035,24669.689052
lfill-gas,p72,2038,24965.069052
lfill-gas,p72,2041,24718.631052
lfill-gas,p72,2044,24503.585052
lfill-gas,p72,2047,23603.319162
lfill-gas,p72,2050,24029.577852
lfill-gas,p75,2010,32968.512
lfill-gas,p75,2015,29826.9432
lfill-gas,p75,2020,27863.9136
lfill-gas,p75,2023,27605.988
lfill-gas,p75,2026,30431.3328
lfill-gas,p75,2029,32673.78
lfill-gas,p75,2032,32811.372
lfill-gas,p75,2035,32811.372
lfill-gas,p75,2038,32673.78
lfill-gas,p75,2041,32673.78
lfill-gas,p75,2044,32681.5128
lfill-gas,p75,2047,32603.9472
lfill-gas,p75,2050,32603.9472
lfill-gas,p76,2010,48109.358573
lfill-gas,p76,2015,44213.839673
lfill-gas,p76,2020,32823.841987
lfill-gas,p76,2023,32832.124087
lfill-gas,p76,2026,33953.929171
lfill-gas,p76,2029,35893.306687
lfill-gas,p76,2032,36157.795687
lfill-gas,p76,2035,36079.225687
lfill-gas,p76,2038,35997.052687
lfill-gas,p76,2041,35928.256687
lfill-gas,p76,2044,35877.301987
lfill-gas,p76,2047,35726.071387
lfill-gas,p76,2050,35352.977587
lfill-gas,p78,2010,13736.88
lfill-gas,p78,2015,12452.643
lfill-gas,p78,2020,11761.632
lfill-gas,p78,2023,11581.695
lfill-gas,p78,2026,12679.722
lfill-gas,p78,2029,13614.075
lfill-gas,p78,2032,13671.405
lfill-gas,p78,2035,13671.405
lfill-gas,p78,2038,13614.075
lfill-gas,p78,2041,13614.075
lfill-gas,p78,2044,13617.297
lfill-gas,p78,2047,13584.978
lfill-gas,p78,2050,13584.978
lfill-gas,p79,2010,166937.954314
lfill-gas,p79,2015,159893.440714
lfill-gas,p79,2020,156251.321314
lfill-gas,p79,2023,154596.448714
lfill-gas,p79,2026,161112.5233
lfill-gas,p79,2029,166295.585806
lfill-gas,p79,2032,166937.954314
lfill-gas,p79,2035,166346.496814
lfill-gas,p79,2038,166154.436814
lfill-gas,p79,2041,165636.555814
lfill-gas,p79,2044,166218.456814
lfill-gas,p79,2047,165665.661214
lfill-gas,p79,2050,165926.833714
lfill-gas,p80,2010,213229.115299
lfill-gas,p80,2015,285658.221014
lfill-gas,p80,2020,345449.116901
lfill-gas,p80,2023,313668.131201
lfill-gas,p80,2026,314404.448576
lfill-gas,p80,2029,321482.908901
lfill-gas,p80,2032,322874.491901
lfill-gas,p80,2035,321613.006901
lfill-gas,p80,2038,321164.914901
lfill-gas,p80,2041,319802.704901
lfill-gas,p80,2044,320807.685701
lfill-gas,p80,2047,319982.362601
lfill-gas,p80,2050,319808.458001
lfill-gas,p82,2010,10989.504
lfill-gas,p82,2015,10119.8016
lfill-gas,p82,2020,10143.144
lfill-gas,p82,2023,9804.876966
lfill-gas,p82,2026,10461.78
lfill-gas,p82,2029,10908.72
lfill-gas,p82,2032,10989.504
lfill-gas,p82,2035,10937.124
lfill-gas,p82,2038,10937.124
lfill-gas,p82,2041,10891.26
lfill-gas,p82,2044,10937.124
lfill-gas,p82,2047,10695.0816
lfill-gas,p82,2050,10786.8096
lfill-gas,p83,2010,29305.344
lfill-gas,p83,2015,27221.5296
lfill-gas,p83,2020,27390.6432
lfill-gas,p83,2023,26483.904
lfill-gas,p83,2026,28254.5088
lfill-gas,p83,2029,29183.04
lfill-gas,p83,2032,29305.344
lfill-gas,p83,2035,29165.664
lfill-gas,p83,2038,29165.664
lfill-gas,p83,2041,29043.36
lfill-gas,p83,2044,29165.664
lfill-gas,p83,2047,28520.2176
lfill-gas,p83,2050,28764.8256
lfill-gas,p84,2015,17325.915898
lfill-gas,p84,2020,17482.232698
lfill-gas,p84,2023,17482.232698
lfill-gas,p84,2026,17025.66817
lfill-gas,p84,2029,17409.614698
lfill-gas,p84,2032,17482.232698
lfill-gas,p84,2035,16855.566034
lfill-gas,p84,2038,17108.825698
lfill-gas,p84,2041,17108.825698
lfill-gas,p84,2044,17036.207698
lfill-gas,p84,2047,16711.430476
lfill-gas,p84,2050,17258.142898
lfill-gas,p85,2010,18315.84
lfill-gas,p85,2015,16586.424
lfill-gas,p85,2020,20002.678042
lfill-gas,p85,2023,19574.458042
lfill-gas,p85,2026,21557.974042
lfill-gas,p85,2029,21604.94713
lfill-gas,p85,2032,21806.53513
lfill-gas,p85,2035,21348.176218
lfill-gas,p85,2038,21465.238042
lfill-gas,p85,2041,21219.553306
lfill-gas,p85,2044,20995.873306
lfill-gas,p85,2047,20641.947154
lfill-gas,p85,2050,21167.619418
lfill-gas,p88,2015,7360.940083
lfill-gas,p88,2020,7360.940083
lfill-gas,p88,2023,7360.940083
lfill-gas,p88,2026,7330.364083
lfill-gas,p88,2029,7330.364083
lfill-gas,p88,2032,7360.940083
lfill-gas,p88,2035,7337.660083
lfill-gas,p88,2038,7337.660083
lfill-gas,p88,2041,7307.084083
lfill-gas,p88,2044,7337.660083
lfill-gas,p88,2047,7308.802483
lfill-gas,p88,2050,7308.802483
lfill-gas,p89,2010,3680.470042
lfill-gas,p89,2015,29443.760333
lfill-gas,p89,2020,29443.760333
lfill-gas,p89,2023,29443.760333
lfill-gas,p89,2026,29321.456333
lfill-gas,p89,2029,29321.456333
lfill-gas,p89,2032,29443.760333
lfill-gas,p89,2035,29350.640333
lfill-gas,p89,2038,29350.640333
lfill-gas,p89,2041,29228.336333
lfill-gas,p89,2044,29350.640333
lfill-gas,p89,2047,29235.209933
lfill-gas,p89,2050,29235.209933
lfill-gas,p9,2010,185807.889754
lfill-gas,p9,2015,291161.344694
lfill-gas,p9,2020,334005.203318
lfill-gas,p9,2023,330355.772918
lfill-gas,p9,2026,336492.890474
lfill-gas,p9,2029,310332.744842
lfill-gas,p9,2032,328520.764574
lfill-gas,p9,2035,321070.926689
lfill-gas,p9,2038,298098.547631
lfill-gas,p9,2041,289879.371284
lfill-gas,p9,2044,298173.253715
lfill-gas,p9,2047,290035.374821
lfill-gas,p9,2050,285134.270115
lfill-gas,p91,2010,82347.983616
lfill-gas,p91,2015,80233.084416
lfill-gas,p91,2020,79263.474816
lfill-gas,p91,2023,32585.727456
lfill-gas,p91,2026,35377.883856
lfill-gas,p91,2029,35309.858256
lfill-gas,p91,2032,35619.202656
lfill-gas,p91,2035,35412.271056
lfill-gas,p91,2038,35412.271056
lfill-gas,p91,2041,34993.060056
lfill-gas,p91,2044,34842.399264
lfill-gas,p91,2047,34736.580864
lfill-gas,p91,2050,35044.345656
lfill-gas,p92,2010,15568.464
lfill-gas,p92,2015,56395.815878
lfill-gas,p92,2020,55925.779478
lfill-gas,p92,2023,43241.197478
lfill-gas,p92,2026,43241.197478
lfill-gas,p92,2029,43061.563478
lfill-gas,p92,2032,43241.197478
lfill-gas,p92,2035,43104.427478
lfill-gas,p92,2038,43104.427478
lfill-gas,p92,2041,42924.793478
lfill-gas,p92,2044,43104.427478
lfill-gas,p92,2047,42934.889078
lfill-gas,p92,2050,42934.889078
lfill-gas,p94,2010,71582.112202
lfill-gas,p94,2015,132663.974088
lfill-gas,p94,2020,236730.538794
lfill-gas,p94,2023,244287.237467
lfill-gas,p94,2026,255402.672192
lfill-gas,p94,2029,253632.879742
lfill-gas,p94,2032,256000.635792
lfill-gas,p94,2035,254565.119927
lfill-gas,p94,2038,254215.174331
lfill-gas,p94,2041,252004.957754
lfill-gas,p94,2044,247758.448219
lfill-gas,p94,2047,249044.31247
lfill-gas,p94,2050,251071.794652
lfill-gas,p95,2010,27473.76
lfill-gas,p95,2015,43281.986208
lfill-gas,p95,2020,42919.430208
lfill-gas,p95,2023,32042.012208
lfill-gas,p95,2026,32139.230208
lfill-gas,p95,2029,32005.460208
lfill-gas,p95,2032,32139.230208
lfill-gas,p95,2035,31986.455208
lfill-gas,p95,2038,31986.455208
lfill-gas,p95,2041,31613.740656
lfill-gas,p95,2044,30741.805488
lfill-gas,p95,2047,31256.234592
lfill-gas,p95,2050,31581.055728
lfill-gas,p96,2010,105860.486208
lfill-gas,p96,2015,115739.838864
lfill-gas,p96,2020,114753.334464
lfill-gas,p96,2023,113920.770564
lfill-gas,p96,2026,119120.868564
lfill-gas,p96,2029,118283.376864
lfill-gas,p96,2032,116250.852318
lfill-gas,p96,2035,113850.875448
lfill-gas,p96,2038,113837.314248
lfill-gas,p96,2041,111398.280396
lfill-gas,p96,2044,110616.766938
lfill-gas,p96,2047,112438.2231
lfill-gas,p96,2050,112545.843348
lfill-gas,p97,2010,55759.555896
lfill-gas,p97,2015,142880.980805
lfill-gas,p97,2020,165402.66841
lfill-gas,p97,2023,154274.84941
lfill-gas,p97,2026,154274.84941
lfill-gas,p97,2029,153718.74841
lfill-gas,p97,2032,154274.84941
lfill-gas,p97,2035,153639.74191
lfill-gas,p97,2038,153545.89441
lfill-gas,p97,2041,152674.624985
lfill-gas,p97,2044,150112.256395
lfill-gas,p97,2047,151630.755011
lfill-gas,p97,2050,152308.770194
lfill-gas,p98,2010,41787.487536
lfill-gas,p98,2015,185287.307779
lfill-gas,p98,2020,191892.291773
lfill-gas,p98,2023,191407.533773
lfill-gas,p98,2026,194886.559373
lfill-gas,p98,2029,193308.804773
lfill-gas,p98,2032,195208.809773
lfill-gas,p98,2035,192538.48478
lfill-gas,p98,2038,190712.595794
lfill-gas,p98,2041,182133.875735
lfill-gas,p98,2044,183645.794375
lfill-gas,p98,2047,186382.443554
lfill-gas,p98,2050,186821.462447
lfill-gas,p99,2010,424415.772324
lfill-gas,p99,2015,446479.431307
lfill-gas,p99,2020,282079.841407
lfill-gas,p99,2023,241768.106707
lfill-gas,p99,2026,375814.584607
lfill-gas,p99,2029,340264.062607
lfill-gas,p99,2032,407906.753107
lfill-gas,p99,2035,397839.923107
lfill-gas,p99,2038,391265.799607
lfill-gas,p99,2041,377844.038107
lfill-gas,p99,2044,380175.712993
lfill-gas,p99,2047,349843.778779
lfill-gas,p99,2050,338961.094336
lfill-gas,z122,2010,1372937.186674
lfill-gas,z122,2015,1428455.615695
lfill-gas,z122,2020,1138863.165338
lfill-gas,z122,2023,1097007.687444
lfill-gas,z122,2026,1113584.559444
lfill-gas,z122,2029,1112486.343444
lfill-gas,z122,2032,1114670.160444
lfill-gas,z122,2035,1112985.270444
lfill-gas,z122,2038,1107595.222944
lfill-gas,z122,2041,1101737.203944
lfill-gas,z122,2044,1097359.986264
lfill-gas,z122,2047,1069766.161442
lfill-gas,z122,2050,1073663.280864
lfill-gas,z28,2015,14721.880166
lfill-gas,z28,2020,14721.880166
lfill-gas,z28,2023,14721.880166
lfill-gas,z28,2026,14232.664166
lfill-gas,z28,2029,13056.785606
lfill-gas,z28,2032,13631.304538
lfill-gas,z28,2035,13600.464979
lfill-gas,z28,2038,13489.72489
lfill-gas,z28,2041,12737.573606
lfill-gas,z28,2044,12782.249664
lfill-gas,z28,2047,12569.863949
lfill-gas,z28,2050,12685.447949
pumped-hydro,p10,2010,-183274.450065
pumped-hydro,p10,2023,-362148.01499
pumped-hydro,p10,2026,-145945.441639
pumped-hydro,p10,2029,-994722.301453
pumped-hydro,p10,2032,-994095.995592
pumped-hydro,p10,2035,-1043747.806796
pumped-hydro,p10,2038,-1082065.225357
pumped-hydro,p10,2041,-1188168.279622
pumped-hydro,p10,2044,-1212907.117201
pumped-hydro,p10,2047,-1203139.487761
pumped-hydro,p10,2050,-1194944.882592
pumped-hydro,p103,2010,-769467.299568
pumped-hydro,p103,2015,-712730.663866
pumped-hydro,p103,2020,-677325.213723
pumped-hydro,p103,2023,-689268.543321
pumped-hydro,p103,2026,-429348.934188
pumped-hydro,p103,2029,-295702.983279
pumped-hydro,p103,2032,-415642.56806
pumped-hydro,p103,2035,-414330.553284
pumped-hydro,p103,2038,-525509.603856
pumped-hydro,p103,2041,-750220.38929
pumped-hydro,p103,2044,-932249.751056
pumped-hydro,p103,2047,-1018622.94734
pumped-hydro,p103,2050,-1088847.435317
pumped-hydro,p11,2023,-15936.971613
pumped-hydro,p11,2029,-1177.11549
pumped-hydro,p11,2032,-15520.073156
pumped-hydro,p11,2035,-16707.8457
pumped-hydro,p11,2038,-20403.1422
pumped-hydro,p11,2041,-22862.0322
pumped-hydro,p11,2044,-22203.012052
pumped-hydro,p11,2047,-22809.361045
pumped-hydro,p11,2050,-22466.9403
pumped-hydro,p118,2010,-92453.467439
pumped-hydro,p118,2015,-88294.4895
pumped-hydro,p118,2020,-82530.797997
pumped-hydro,p118,2023,-88602.129378
pumped-hydro,p118,2026,-78724.38156
pumped-hydro,p118,2029,-73185.861615
pumped-hydro,p118,2032,-41432.5632
pumped-hydro,p118,2035,-78662.372332
pumped-hydro,p118,2038,-79735.64225
pumped-hydro,p118,2041,-88269.9279
pumped-hydro,p118,2044,-103005.8883
pumped-hydro,p118,2047,-104964.591971
pumped-hydro,p118,2050,-107529.898787
pumped-hydro,p12,2032,-0.0
pumped-hydro,p12,2035,-0.0
pumped-hydro,p126,2010,-161866.111912
pumped-hydro,p126,2015,-134480.22532
pumped-hydro,p126,2020,-131961.0324
pumped-hydro,p126,2023,-137709.657311
pumped-hydro,p126,2026,-108549.529392
pumped-hydro,p126,2029,-92888.185929
pumped-hydro,p126,2032,-85686.991609
pumped-hydro,p126,2035,-119112.777364
pumped-hydro,p126,2038,-137158.752403
pumped-hydro,p126,2041,-153000.24454
pumped-hydro,p126,2044,-158421.188029
pumped-hydro,p126,2047,-146303.44623
pumped-hydro,p126,2050,-147430.279019
pumped-hydro,p127,2010,-256499.481029
pumped-hydro,p127,2015,-376918.509069
pumped-hydro,p127,2020,-377187.230434
pumped-hydro,p127,2023,-328973.34669
pumped-hydro,p127,2026,-126344.990436
pumped-hydro,p127,2029,-294691.933045
pumped-hydro,p127,2032,-186266.179027
pumped-hydro,p127,2035,-349396.23799
pumped-hydro,p127,2038,-458063.361898
pumped-hydro,p127,2041,-550540.261485
pumped-hydro,p127,2044,-633480.733669
pumped-hydro,p127,2047,-711911.2596
pumped-hydro,p127,2050,-726283.307645
pumped-hydro,p131,2010,-366419.785153
pumped-hydro,p131,2015,-646027.15712
pumped-hydro,p131,2020,-564237.112532
pumped-hydro,p131,2023,-464469.318613
pumped-hydro,p131,2026,-265462.000761
pumped-hydro,p131,2029,-375512.075487
pumped-hydro,p131,2032,-392863.241731
pumped-hydro,p131,2035,-492927.330547
pumped-hydro,p131,2038,-569487.376043
pumped-hydro,p131,2041,-752099.624292
pumped-hydro,p131,2044,-839391.138206
pumped-hydro,p131,2047,-924558.24944
pumped-hydro,p131,2050,-985741.606484
pumped-hydro,p132,2010,-2930.431064
pumped-hydro,p132,2015,-5342.519725
pumped-hydro,p132,2020,-4373.410406
pumped-hydro,p132,2023,-4049.928086
pumped-hydro,p132,2026,-3470.565748
pumped-hydro,p27,2032,-0.0
pumped-hydro,p3,2010,-1427.240078
pumped-hydro,p3,2015,-10163.0496
pumped-hydro,p3,2020,-3643.4676
pumped-hydro,p3,2023,-23609.1576
pumped-hydro,p3,2029,-103208.205489
pumped-hydro,p3,2032,-86005.542
pumped-hydro,p3,2035,-129615.454626
pumped-hydro,p3,2038,-133973.6421
pumped-hydro,p3,2041,-137046.567157
pumped-hydro,p3,2044,-141548.0286
pumped-hydro,p3,2047,-147684.1224
pumped-hydro,p3,2050,-146920.893683
pumped-hydro,p33,2010,-39778.926899
pumped-hydro,p33,2015,-31358.975115
pumped-hydro,p33,2020,-95863.69787
pumped-hydro,p33,2023,-73879.933154
pumped-hydro,p33,2026,-65783.399081
pumped-hydro,p33,2029,-236087.095152
pumped-hydro,p33,2032,-231718.314852
pumped-hydro,p33,2035,-227741.37224
pumped-hydro,p33,2038,-235727.313508
pumped-hydro,p33,2041,-255679.328505
pumped-hydro,p33,2044,-238156.258354
pumped-hydro,p33,2047,-247035.353462
pumped-hydro,p33,2050,-286316.247022
pumped-hydro,p51,2010,-79733.587872
pumped-hydro,p51,2015,-88107.901252
pumped-hydro,p51,2020,-92598.015962
pumped-hydro,p51,2023,-95483.773275
pumped-hydro,p51,2026,-112219.55469
pumped-hydro,p51,2029,-82515.886478
pumped-hydro,p51,2032,-61673.732905
pumped-hydro,p51,2035,-78401.467035
pumped-hydro,p51,2038,-88345.381532
pumped-hydro,p51,2041,-106851.232527
pumped-hydro,p51,2044,-115279.561021
pumped-hydro,p51,2047,-119088.913301
pumped-hydro,p51,2050,-125943.633706
pumped-hydro,p55,2010,-71200.200554
pumped-hydro,p55,2015,-71488.7001
pumped-hydro,p55,2020,-66994.604796
pumped-hydro,p55,2023,-66009.035731
pumped-hydro,p55,2026,-72882.37128
pumped-hydro,p55,2029,-66631.451103
pumped-hydro,p55,2032,-47085.529007
pumped-hydro,p55,2035,-60984.345255
pumped-hydro,p55,2038,-68775.555868
pumped-hydro,p55,2041,-73871.973202
pumped-hydro,p55,2044,-89350.384768
pumped-hydro,p55,2047,-93641.821495
pumped-hydro,p55,2050,-93958.271153
pumped-hydro,p6,2029,-271933.236762
pumped-hydro,p6,2032,-258988.596092
pumped-hydro,p6,2035,-282640.631144
pumped-hydro,p6,2038,-281832.672968
pumped-hydro,p6,2041,-280711.826325
pumped-hydro,p6,2044,-289635.766822
pumped-hydro,p6,2047,-300710.339137
pumped-hydro,p6,2050,-307155.437008
pumped-hydro,p64,2015,-3104.89875
pumped-hydro,p64,2020,-2798.0685
pumped-hydro,p64,2023,-2734.83075
pumped-hydro,p64,2026,-148.176
pumped-hydro,p64,2029,-789.1185
pumped-hydro,p64,2032,-701.96175
pumped-hydro,p64,2035,-2122.4325
pumped-hydro,p64,2038,-2208.642
pumped-hydro,p64,2041,-2625.088933
pumped-hydro,p64,2044,-2723.468645
pumped-hydro,p64,2047,-2698.31025
pumped-hydro,p64,2050,-2754.3825
pumped-hydro,p71,2010,-7753.725084
pumped-hydro,p71,2015,-7457.997637
pumped-hydro,p71,2020,-7135.827876
pumped-hydro,p71,2023,-6695.307243
pumped-hydro,p71,2026,-7182.681462
pumped-hydro,p71,2029,-5233.394952
pumped-hydro,p71,2032,-2306.109654
pumped-hydro,p71,2035,-4126.605114
pumped-hydro,p71,2038,-4668.295332
pumped-hydro,p71,2041,-5962.905366
pumped-hydro,p71,2044,-7436.743512
pumped-hydro,p71,2047,-8484.908568
pumped-hydro,p71,2050,-8459.961132
pumped-hydro,p73,2010,-171937.984646
pumped-hydro,p73,2015,-168624.472977
pumped-hydro,p73,2020,-158657.374234
pumped-hydro,p73,2023,-159275.415066
pumped-hydro,p73,2026,-177667.691918
pumped-hydro,p73,2029,-131739.315294
pumped-hydro,p73,2032,-79566.402648
pumped-hydro,p73,2035,-106202.952393
pumped-hydro,p73,2038,-135656.846626
pumped-hydro,p73,2041,-162951.438459
pumped-hydro,p73,2044,-197219.152169
pumped-hydro,p73,2047,-205528.370783
pumped-hydro,p73,2050,-204755.4783
pumped-hydro,p85,2010,-6246.01278
pumped-hydro,p85,2015,-5134.3974
pumped-hydro,p85,2020,-5232.97422
pumped-hydro,p85,2023,-4872.48786
pumped-hydro,p85,2026,-5660.73918
pumped-hydro,p85,2029,-5648.58
pumped-hydro,p85,2032,-5422.045802
pumped-hydro,p85,2035,-5823.53262
pumped-hydro,p85,2038,-5928.55146
pumped-hydro,p85,2041,-6756.278463
pumped-hydro,p85,2044,-7138.58598
pumped-hydro,p85,2047,-7650.82962
pumped-hydro,p85,2050,-7226.55882
pumped-hydro,p9,2010,-222066.385304
pumped-hydro,p9,2020,-1922.400316
pumped-hydro,p9,2023,-315522.680826
pumped-hydro,p9,2026,-107472.486906
pumped-hydro,p9,2029,-817079.574549
pumped-hydro,p9,2032,-776782.235699
pumped-hydro,p9,2035,-846803.543493
pumped-hydro,p9,2038,-880278.121868
pumped-hydro,p9,2041,-992384.699941
pumped-hydro,p9,2044,-982352.241797
pumped-hydro,p9,2047,-987766.759944
pumped-hydro,p9,2050,-989154.065033
pumped-hydro,p92,2010,-641404.371196
pumped-hydro,p92,2015,-593947.525914
pumped-hydro,p92,2020,-587821.504895
pumped-hydro,p92,2023,-622670.277224
pumped-hydro,p92,2026,-575832.512824
pumped-hydro,p92,2029,-610323.136664
pumped-hydro,p92,2032,-608227.343936
pumped-hydro,p92,2035,-679366.854145
pumped-hydro,p92,2038,-664046.976813
pumped-hydro,p92,2041,-667519.375621
pumped-hydro,p92,2044,-727202.14014
pumped-hydro,p92,2047,-745634.781411
pumped-hydro,p92,2050,-739598.611195
pumped-hydro,p94,2010,-562814.723038
pumped-hydro,p94,2015,-530606.107789
pumped-hydro,p94,2020,-513557.077071
pumped-hydro,p94,2023,-556889.990009
pumped-hydro,p94,2026,-552771.763247
pumped-hydro,p94,2029,-648587.5562
pumped-hydro,p94,2032,-592202.996584
pumped-hydro,p94,2035,-657981.644424
pumped-hydro,p94,2038,-610840.016661
pumped-hydro,p94,2041,-729658.922261
pumped-hydro,p94,2044,-725526.158226
pumped-hydro,p94,2047,-723954.988156
pumped-hydro,p94,2050,-664166.981719
pumped-hydro,p95,2010,-991902.211162
pumped-hydro,p95,2015,-907406.2219
pumped-hydro,p95,2020,-927464.172465
pumped-hydro,p95,2023,-944224.130201
pumped-hydro,p95,2026,-849577.885943
pumped-hydro,p95,2029,-901452.921568
pumped-hydro,p95,2032,-832458.306033
pumped-hydro,p95,2035,-907046.727341
pumped-hydro,p95,2038,-910987.955407
pumped-hydro,p95,2041,-1038396.932718
pumped-hydro,p95,2044,-1102523.393236
pumped-hydro,p95,2047,-1153938.645456
pumped-hydro,p95,2050,-1170096.139894
pumped-hydro,p96,2010,-255897.368329
pumped-hydro,p96,2015,-227196.747792
pumped-hydro,p96,2020,-231755.551113
pumped-hydro,p96,2023,-247463.251668
pumped-hydro,p96,2026,-222974.419802
pumped-hydro,p96,2029,-237318.333075
pumped-hydro,p96,2032,-228134.44234
pumped-hydro,p96,2035,-248477.13273
pumped-hydro,p96,2038,-252658.799521
pumped-hydro,p96,2041,-268515.425154
pumped-hydro,p96,2044,-298309.720414
pumped-hydro,p96,2047,-310183.796183
pumped-hydro,p96,2050,-300769.679802
pumped-hydro,p97,2010,-28780.9707
pumped-hydro,p97,2015,-32112.3957
pumped-hydro,p97,2020,-31617.7065
pumped-hydro,p97,2023,-34561.6026
pumped-hydro,p97,2026,-27947.674034
pumped-hydro,p97,2029,-31200.7269
pumped-hydro,p97,2032,-28950.611739
pumped-hydro,p97,2035,-32010.204613
pumped-hydro,p97,2038,-31665.697564
pumped-hydro,p97,2041,-35178.526212
pumped-hydro,p97,2044,-38965.916172
pumped-hydro,p97,2047,-41288.136199
pumped-hydro,p97,2050,-40877.649
pumped-hydro,p99,2010,-964238.474432
pumped-hydro,p99,2015,-1006138.046575
pumped-hydro,p99,2020,-943532.591922
pumped-hydro,p99,2023,-950561.261923
pumped-hydro,p99,2026,-808216.040183
pumped-hydro,p99,2029,-664936.611104
pumped-hydro,p99,2032,-464124.720102
pumped-hydro,p99,2035,-782429.621032
pumped-hydro,p99,2038,-820606.478398
pumped-hydro,p99,2041,-958355.206633
pumped-hydro,p99,2044,-1162114.012164
pumped-hydro,p99,2047,-1229100.115884
pumped-hydro,p99,2050,-1299050.519773
pumped-hydro,z122,2010,-568785.812916
pumped-hydro,z122,2015,-565730.880069
pumped-hydro,z122,2020,-514148.557738
pumped-hydro,z122,2023,-556474.578773
pumped-hydro,z122,2026,-439952.446753
pumped-hydro,z122,2029,-414469.394204
pumped-hydro,z122,2032,-288479.172549
pumped-hydro,z122,2035,-456535.441965
pumped-hydro,z122,2038,-536944.154243
pumped-hydro,z122,2041,-601747.155061
pumped-hydro,z122,2044,-639803.66265
pumped-hydro,z122,2047,-778535.796025
pumped-hydro,z122,2050,-816844.357538
pumped-hydro,z28,2010,-28449.764351
pumped-hydro,z28,2015,-59595.074351
pumped-hydro,z28,2020,-72417.025352
pumped-hydro,z28,2023,-45597.989299
pumped-hydro,z28,2026,-8631.07898
pumped-hydro,z28,2029,-35720.96593
pumped-hydro,z28,2032,-34044.558542
pumped-hydro,z28,2035,-35102.13793
pumped-hydro,z28,2038,-37451.860538
pumped-hydro,z28,2041,-45481.601029
pumped-hydro,z28,2044,-45722.148814
pumped-hydro,z28,2047,-45621.925532
pumped-hydro,z28,2050,-47106.47172
upv_1,p100,2020,23777.54625
upv_1,p100,2023,25958.727247
upv_1,p100,2026,483564.818823
upv_1,p100,2029,473414.761111
upv_1,p100,2032,463722.841333
upv_1,p100,2035,454054.699101
upv_1,p100,2038,444389.237378
upv_1,p100,2041,435205.691135
upv_1,p100,2044,426024.825401
upv_1,p100,2047,417302.097601
upv_1,p100,2050,389343.334884
upv_1,p103,2015,1862.51022
upv_1,p103,2020,375975.62556
upv_1,p103,2023,1772833.912485
upv_1,p103,2026,6563700.317055
upv_1,p103,2029,7009646.684435
upv_1,p103,2032,6865233.056904
upv_1,p103,2035,6709986.670635
upv_1,p103,2038,6570476.750575
upv_1,p103,2041,6442880.710309
upv_1,p103,2044,6308022.451821
upv_1,p103,2047,6176503.932845
upv_1,p103,2050,5744377.922759
upv_1,p104,2020,10817.038512
upv_1,p104,2023,10589.880703
upv_1,p104,2026,10373.539933
upv_1,p104,2029,453465.352363
upv_1,p104,2032,443939.540375
upv_1,p104,2035,434867.85358
upv_1,p104,2038,425796.166784
upv_1,p104,2041,416735.297027
upv_1,p104,2044,408117.735423
upv_1,p104,2047,399500.173819
upv_1,p104,2050,382574.936212
upv_1,p105,2015,-0.0
upv_1,p105,2020,0.0
upv_1,p105,2026,2227662.066816
upv_1,p105,2029,2830678.787413
upv_1,p105,2032,2772479.795973
upv_1,p105,2035,2714930.602156
upv_1,p105,2038,2657381.40834
upv_1,p105,2041,2602059.87659
upv_1,p105,2044,2547388.142465
upv_1,p105,2047,2494944.070406
upv_1,p105,2050,2443149.795972
upv_1,p107,2020,0.0
upv_1,p107,2032,0.0
upv_1,p107,2038,-0.0
upv_1,p107,2041,-0.0
upv_1,p107,2044,-0.0
upv_1,p107,2047,0.0
upv_1,p107,2050,0.0
upv_1,p109,2020,52165.338648
upv_1,p109,2023,152561.085976
upv_1,p109,2026,149386.463595
upv_1,p109,2029,146313.332433
upv_1,p109,2032,143240.201272
upv_1,p109,2035,140219.235449
upv_1,p109,2038,137299.760845
upv_1,p109,2041,134432.45158
upv_1,p109,2044,131666.633534
upv_1,p109,2047,128900.815489
upv_1,p109,2050,83933.238477
upv_1,p110,2026,214223.5287
upv_1,p110,2029,209724.834597
upv_1,p110,2032,205440.364023
upv_1,p110,2035,201155.893449
upv_1,p110,2038,196871.422875
upv_1,p110,2041,192801.17583
upv_1,p110,2044,188730.928785
upv_1,p110,2047,184874.905268
upv_1,p110,2050,181018.881751
upv_1,p111,2015,9039.986417
upv_1,p111,2020,86061.085366
upv_1,p111,2023,103659.53217
upv_1,p111,2026,516920.404445
upv_1,p111,2029,506081.664175
upv_1,p111,2032,495667.350743
upv_1,p111,2035,485339.414797
upv_1,p111,2038,475030.882184
upv_1,p111,2041,465215.073922
upv_1,p111,2044,455427.708981
upv_1,p111,2047,449053.190026
upv_1,p111,2050,377054.226866
upv_1,p112,2010,21302.1408
upv_1,p112,2015,63799.911696
upv_1,p112,2020,93962.677962
upv_1,p112,2023,1443870.161026
upv_1,p112,2026,7239281.332875
upv_1,p112,2029,19368221.738229
upv_1,p112,2032,18964933.555749
upv_1,p112,2035,18574001.229764
upv_1,p112,2038,18184420.760835
upv_1,p112,2041,17807149.765416
upv_1,p112,2044,17436991.424868
upv_1,p112,2047,17087025.117064
upv_1,p112,2050,16708509.783017
upv_1,p113,2010,2420.677974
upv_1,p113,2015,9597.988167
upv_1,p113,2020,40952.809902
upv_1,p113,2023,1761694.011249
upv_1,p113,2026,2832234.85579
upv_1,p113,2029,6208239.849719
upv_1,p113,2032,6078717.406268
upv_1,p113,2035,5952668.433444
upv_1,p113,2038,5828341.058522
upv_1,p113,2041,5705886.707339
upv_1,p113,2044,5587849.255129
upv_1,p113,2047,5473333.510279
upv_1,p113,2050,5334155.430489
upv_1,p114,2029,36012.94944
upv_1,p114,2032,35256.677502
upv_1,p114,2035,34536.418513
upv_1,p114,2038,33816.159524
upv_1,p114,2041,33095.900535
upv_1,p114,2044,32411.654496
upv_1,p114,2047,31727.408457
upv_1,p114,2050,31079.175367
upv_1,p115,2015,2557.405812
upv_1,p115,2020,2467.896609
upv_1,p115,2023,122182.594472
upv_1,p115,2026,203885.278204
upv_1,p115,2029,199669.219667
upv_1,p115,2032,195539.984893
upv_1,p115,2035,191413.307525
upv_1,p115,2038,187406.396002
upv_1,p115,2041,183483.750837
upv_1,p115,2044,179683.428924
upv_1,p115,2047,173924.006124
upv_1,p115,2050,170251.426466
upv_1,p116,2026,480022.4676
upv_1,p116,2029,469941.99578
upv_1,p116,2032,460341.546428
upv_1,p116,2035,450741.097076
upv_1,p116,2038,441140.647724
upv_1,p116,2041,432020.22084
upv_1,p116,2044,422899.793956
upv_1,p116,2047,414259.389539
upv_1,p116,2050,405618.985122
upv_1,p117,2026,143908.9395
upv_1,p117,2029,140886.85177
upv_1,p117,2032,138008.672981
upv_1,p117,2035,135130.49419
upv_1,p117,2038,132252.315401
upv_1,p117,2041,129518.04555
upv_1,p117,2044,126783.7757
upv_1,p117,2047,124193.414788
upv_1,p117,2050,121603.053878
upv_1,p118,2032,-0.0
upv_1,p120,2020,128760.53367
upv_1,p120,2023,580154.154463
upv_1,p120,2026,760902.100898
upv_1,p120,2029,745194.895047
upv_1,p120,2032,729680.548403
upv_1,p120,2035,663415.509454
upv_1,p120,2038,682406.181303
upv_1,p120,2041,684753.604995
upv_1,p120,2044,670597.833809
upv_1,p120,2047,654076.79266
upv_1,p120,2050,538504.73811
upv_1,p121,2015,0.0
upv_1,p121,2020,-0.0
upv_1,p121,2038,-0.0
upv_1,p123,2010,2733.446436
upv_1,p123,2015,2637.775811
upv_1,p123,2020,2547.572078
upv_1,p123,2023,2495.636596
upv_1,p123,2026,2443.701114
upv_1,p123,2029,2391.765632
upv_1,p123,2032,2342.563596
upv_1,p123,2035,2293.36156
upv_1,p123,2038,2244.159524
upv_1,p123,2041,3022.68624
upv_1,p123,2044,2959.209829
upv_1,p123,2047,2898.756104
upv_1,p123,2050,2838.302379
upv_1,p125,2035,-0.0
upv_1,p126,2047,0.0
upv_1,p126,2050,2732556.360941
upv_1,p127,2015,47818.536768
upv_1,p127,2020,1127687.675469
upv_1,p127,2023,2732960.199737
upv_1,p127,2026,6978428.040268
upv_1,p127,2029,15747416.378751
upv_1,p127,2032,15419049.325589
upv_1,p127,2035,15100726.134658
upv_1,p127,2038,14784031.88502
upv_1,p127,2041,28313316.543427
upv_1,p127,2044,27721944.814174
upv_1,p127,2047,27162160.912273
upv_1,p127,2050,25724964.971103
upv_1,p129,2015,67234.54422
upv_1,p129,2020,210924.97806
upv_1,p129,2023,249168.331611
upv_1,p129,2026,302642.783234
upv_1,p129,2029,435481.656038
upv_1,p129,2032,426335.919946
upv_1,p129,2035,417542.649517
upv_1,p129,2038,408792.034048
upv_1,p129,2041,434495.539865
upv_1,p129,2044,425479.373863
upv_1,p129,2047,438888.095574
upv_1,p129,2050,311500.513366
upv_1,p130,2020,4219.369488
upv_1,p130,2023,4130.762729
upv_1,p130,2026,20844.56572
upv_1,p130,2029,222510.606702
upv_1,p130,2032,217846.088507
upv_1,p130,2035,213387.892872
upv_1,p130,2038,208929.697236
upv_1,p130,2041,204492.519161
upv_1,p130,2044,200257.444276
upv_1,p130,2047,196039.167581
upv_1,p130,2050,188609.524161
upv_1,p131,2015,651929.262768
upv_1,p131,2020,1761681.746427
upv_1,p131,2023,2223519.953523
upv_1,p131,2026,2284248.276131
upv_1,p131,2029,3204523.704675
upv_1,p131,2032,3137056.105896
upv_1,p131,2035,3072341.17602
upv_1,p131,2038,3008124.906906
upv_1,p131,2041,3944913.444407
upv_1,p131,2044,3863059.657248
upv_1,p131,2047,3998713.733461
upv_1,p131,2050,12477176.95546
upv_1,p132,2015,18782.53344
upv_1,p132,2020,276811.85533
upv_1,p132,2023,473473.598651
upv_1,p132,2026,928972.963985
upv_1,p132,2029,909603.264297
upv_1,p132,2032,890717.628977
upv_1,p132,2035,872109.4629
upv_1,p132,2038,853703.766638
upv_1,p132,2041,836022.038921
upv_1,p132,2044,818561.563552
upv_1,p132,2047,807797.284278
upv_1,p132,2050,1033163.449354
upv_1,p133,2015,17793.27978
upv_1,p133,2020,288601.962198
upv_1,p133,2023,642424.407871
upv_1,p133,2026,698254.167694
upv_1,p133,2029,917950.013176
upv_1,p133,2032,898685.933416
upv_1,p133,2035,879945.208522
upv_1,p133,2038,861564.361999
upv_1,p133,2041,843524.100831
upv_1,p133,2044,826095.641454
upv_1,p133,2047,814642.170199
upv_1,p133,2050,565400.558382
upv_1,p134,2020,117029.972268
upv_1,p134,2023,878808.684504
upv_1,p134,2026,1871898.842902
upv_1,p134,2029,3997289.163469
upv_1,p134,2032,3896747.226146
upv_1,p134,2035,3968342.836933
upv_1,p134,2038,3891457.764061
upv_1,p134,2041,3809637.92844
upv_1,p134,2044,3685235.008937
upv_1,p134,2047,3571833.615747
upv_1,p134,2050,3396298.612459
upv_1,p17,2023,138385.7664
upv_1,p17,2026,135479.665306
upv_1,p17,2029,132711.949978
upv_1,p17,2032,129944.23465
upv_1,p17,2035,113932.019246
upv_1,p17,2038,106258.92336
upv_1,p17,2041,107615.66532
upv_1,p17,2044,97100.146747
upv_1,p17,2047,88021.016304
upv_1,p17,2050,95794.359413
upv_1,p20,2035,-0.0
upv_1,p36,2044,-0.0
upv_1,p37,2044,-0.0
upv_1,p42,2020,11017.96776
upv_1,p42,2023,10786.590437
upv_1,p42,2026,12447.912682
upv_1,p42,2029,12188.038013
upv_1,p42,2032,11930.045026
upv_1,p42,2035,11683.070006
upv_1,p42,2038,11436.094987
upv_1,p42,2041,11202.019617
upv_1,p42,2044,10967.944247
upv_1,p42,2047,10735.750558
upv_1,p42,2050,1590.020952
upv_1,p43,2015,4540.47945
upv_1,p43,2020,1657708.318919
upv_1,p43,2023,1995353.470132
upv_1,p43,2026,2961975.147713
upv_1,p43,2029,2900209.16941
upv_1,p43,2032,2839455.32764
upv_1,p43,2035,2780359.353105
upv_1,p43,2038,2721635.834394
upv_1,p43,2041,4313146.334473
upv_1,p43,2044,4222861.699859
upv_1,p43,2047,4136738.824557
upv_1,p43,2050,2711537.378339
upv_1,p44,2035,-0.0
upv_1,p45,2020,-0.0
upv_1,p46,2020,47663.774004
upv_1,p46,2023,70445.205402
upv_1,p46,2026,296593.28877
upv_1,p46,2029,290384.749316
upv_1,p46,2032,284403.81065
upv_1,p46,2035,278470.535758
upv_1,p46,2038,272561.043237
upv_1,p46,2041,266926.815279
upv_1,p46,2044,261316.369691
upv_1,p46,2047,255933.524892
upv_1,p46,2050,211990.686923
upv_1,p68,2020,127979.29089
upv_1,p68,2023,168727.098965
upv_1,p68,2026,373402.480071
upv_1,p68,2029,365603.097484
upv_1,p68,2032,358011.862008
upv_1,p68,2035,582541.776207
upv_1,p68,2038,3103050.715672
upv_1,p68,2041,3072714.603811
upv_1,p68,2044,3082505.215014
upv_1,p68,2047,3018155.792366
upv_1,p68,2050,2850575.969405
upv_1,p69,2020,-0.0
upv_1,p70,2038,0.0
upv_1,p74,2020,1639.981512
upv_1,p74,2023,4172.742844
upv_1,p74,2026,4086.031994
upv_1,p74,2029,4001.888345
upv_1,p74,2032,3917.744696
upv_1,p74,2035,3835.241028
upv_1,p74,2038,3755.304562
upv_1,p74,2041,3677.008077
upv_1,p74,2044,3601.278792
upv_1,p74,2047,3525.549508
upv_1,p74,2050,2123.075181
upv_1,p75,2020,301086.945
upv_1,p75,2023,511944.558855
upv_1,p75,2026,513705.513081
upv_1,p75,2029,503080.952258
upv_1,p75,2032,492468.734917
upv_1,p75,2035,482157.60452
upv_1,p75,2038,472063.654564
upv_1,p75,2041,462283.135035
upv_1,p75,2044,452719.795945
upv_1,p75,2047,443168.800338
upv_1,p75,2050,190038.466226
upv_1,p76,2020,11632.20366
upv_1,p76,2023,926756.166223
upv_1,p76,2026,1366056.834318
upv_1,p76,2029,2678246.448048
upv_1,p76,2032,2622383.684804
upv_1,p76,2035,2567872.917264
upv_1,p76,2038,2514277.517962
upv_1,p76,2041,2461152.506909
upv_1,p76,2044,2410283.227595
upv_1,p76,2047,2359872.704325
upv_1,p76,2050,2301392.091794
upv_1,p77,2020,16984.01358
upv_1,p77,2023,878741.966745
upv_1,p77,2026,1290137.183507
upv_1,p77,2029,1263528.585502
upv_1,p77,2032,1237349.826802
upv_1,p77,2035,1211188.052115
upv_1,p77,2038,1185888.392045
upv_1,p77,2041,1161035.555293
upv_1,p77,2044,1137044.833158
upv_1,p77,2047,1113483.950328
upv_1,p77,2050,1076183.000511
upv_1,p78,2038,0.0
upv_1,p79,2015,2135.03004
upv_1,p79,2020,21489.077353
upv_1,p79,2023,582058.182645
upv_1,p79,2026,1604618.354674
upv_1,p79,2029,1571236.497093
upv_1,p79,2032,1538891.545271
upv_1,p79,2035,1506568.157252
upv_1,p79,2038,1474805.789043
upv_1,p79,2041,1444097.620337
upv_1,p79,2044,1413952.60647
upv_1,p79,2047,1385550.231071
upv_1,p79,2050,1340707.716902
upv_1,p80,2010,15494.652
upv_1,p80,2015,15494.652
upv_1,p80,2020,15494.652
upv_1,p80,2023,15494.652
upv_1,p80,2026,15494.652
upv_1,p80,2029,15494.652
upv_1,p80,2032,15494.652
upv_1,p80,2035,15494.652
upv_1,p80,2038,15494.652
upv_1,p80,2041,15864.066
upv_1,p80,2044,1173706.082066
upv_1,p80,2047,1149067.122355
upv_1,p80,2050,1125586.337806
upv_1,p92,2026,1782905.218416
upv_1,p92,2029,1745464.208829
upv_1,p92,2032,1709806.104461
upv_1,p92,2035,1674148.000093
upv_1,p92,2038,1638489.895724
upv_1,p92,2041,1604614.696574
upv_1,p92,2044,1570739.497424
upv_1,p92,2047,1538647.203493
upv_1,p92,2050,1506554.909562
upv_1,p93,2026,648490.25166
upv_1,p93,2029,634871.956375
upv_1,p93,2032,621902.151342
upv_1,p93,2035,608932.346309
upv_1,p93,2038,595962.541276
upv_1,p93,2041,583641.226494
upv_1,p93,2044,571319.911712
upv_1,p93,2047,559647.087183
upv_1,p93,2050,547974.262653
upv_1,p97,2032,0.0
upv_1,p97,2035,-0.0
upv_1,p99,2032,0.0
upv_1,p99,2035,0.0
upv_1,z122,2010,1326.6477
upv_1,z122,2015,1326.6477
upv_1,z122,2020,54550.065222
upv_1,z122,2023,53432.373454
upv_1,z122,2026,1331362.700364
upv_1,z122,2029,1303439.341313
upv_1,z122,2032,1276794.977057
upv_1,z122,2035,1250203.836219
upv_1,z122,2038,1223612.695381
upv_1,z122,2041,1197027.125055
upv_1,z122,2044,1171768.20243
upv_1,z122,2047,1147788.2746
upv_1,z122,2050,1080750.601995
upv_2,p1,2010,657.4992
upv_2,p1,2015,657.4992
upv_2,p1,2020,1677.33099
upv_2,p1,2023,32448.109522
upv_2,p1,2026,109772.376792
upv_2,p1,2029,717135.692756
upv_2,p1,2032,702137.24137
upv_2,p1,2035,967275.74584
upv_2,p1,2038,947056.505984
upv_2,p1,2041,927174.017572
upv_2,p1,2044,907932.624042
upv_2,p1,2047,888769.221813
upv_2,p1,2050,1345167.136971
upv_2,p100,2032,-0.0
upv_2,p100,2038,0.0
upv_2,p105,2015,54877.620186
upv_2,p105,2020,226427.732831
upv_2,p105,2023,1818174.465261
upv_2,p105,2026,5958577.772642
upv_2,p105,2029,5834333.785989
upv_2,p105,2032,5714323.118586
upv_2,p105,2035,5594540.799633
upv_2,p105,2038,5476354.967852
upv_2,p105,2041,5362521.048529
upv_2,p105,2044,5250338.493999
upv_2,p105,2047,5160546.286028
upv_2,p105,2050,4911833.950132
upv_2,p106,2015,190216.249902
upv_2,p106,2020,183558.681155
upv_2,p106,2023,179754.356157
upv_2,p106,2026,176140.247409
upv_2,p106,2029,387639.522411
upv_2,p106,2032,379504.038063
upv_2,p106,2035,371774.073565
upv_2,p106,2038,364044.109067
upv_2,p106,2041,356314.144568
upv_2,p106,2044,2040913.304814
upv_2,p106,2047,2061295.269011
upv_2,p106,2050,2019061.720761
upv_2,p107,2015,18750.41163
upv_2,p107,2020,174808.113899
upv_2,p107,2023,647263.543706
upv_2,p107,2026,3198885.08411
upv_2,p107,2029,3131986.044737
upv_2,p107,2032,3067670.866403
upv_2,p107,2035,3003531.152448
upv_2,p107,2038,2939867.559924
upv_2,p107,2041,2878925.791994
upv_2,p107,2044,2818478.895907
upv_2,p107,2047,2766815.106076
upv_2,p107,2050,2582025.287509
upv_2,p108,2026,849660.2856
upv_2,p108,2029,831817.419602
upv_2,p108,2032,814824.21389
upv_2,p108,2035,797831.008178
upv_2,p108,2038,780837.802466
upv_2,p108,2041,764694.25704
upv_2,p108,2044,748550.711614
upv_2,p108,2047,733256.826473
upv_2,p108,2050,717962.941332
upv_2,p109,2026,728548.218804
upv_2,p109,2029,713248.706209
upv_2,p109,2032,698677.741833
upv_2,p109,2035,684106.777457
upv_2,p109,2038,669535.813081
upv_2,p109,2041,655693.396924
upv_2,p109,2044,641850.980766
upv_2,p109,2047,628737.112828
upv_2,p109,2050,615623.244889
upv_2,p112,2020,-0.0
upv_2,p112,2044,0.0
upv_2,p113,2032,0.0
upv_2,p113,2035,-0.0
upv_2,p113,2047,-0.0
upv_2,p113,2050,-0.0
upv_2,p114,2023,599056.7016
upv_2,p114,2026,626301.383366
upv_2,p114,2029,1628907.825592
upv_2,p114,2032,1594806.29224
upv_2,p114,2035,1561720.182786
upv_2,p114,2038,1529233.130034
upv_2,p114,2041,1496785.902155
upv_2,p114,2044,1465953.154875
upv_2,p114,2047,1435160.232468
upv_2,p114,2050,1405382.73396
upv_2,p118,2020,5955.39684
upv_2,p118,2023,233375.552874
upv_2,p118,2026,1316472.875583
upv_2,p118,2029,2375625.482217
upv_2,p118,2032,2326375.491548
upv_2,p118,2035,2278218.126787
upv_2,p118,2038,2409368.894147
upv_2,p118,2041,2541707.609987
upv_2,p118,2044,3377119.247068
upv_2,p118,2047,4280621.721408
upv_2,p118,2050,4186998.898381
upv_2,p121,2015,89545.366536
upv_2,p121,2020,180911.676741
upv_2,p121,2023,189104.122652
upv_2,p121,2026,629888.791671
upv_2,p121,2029,1075844.565829
upv_2,p121,2032,1053477.813744
upv_2,p121,2035,1031754.320644
upv_2,p121,2038,1010042.795406
upv_2,p121,2041,988870.39793
upv_2,p121,2044,968258.726904
upv_2,p121,2047,977881.801291
upv_2,p121,2050,881117.345888
upv_2,p123,2015,124049.483208
upv_2,p123,2020,529962.904912
upv_2,p123,2023,977932.869022
upv_2,p123,2026,1822630.425854
upv_2,p123,2029,3867349.417682
upv_2,p123,2032,3786570.312813
upv_2,p123,2035,3708408.261891
upv_2,p123,2038,3630705.27728
upv_2,p123,2041,3554277.447816
upv_2,p123,2044,3480515.483458
upv_2,p123,2047,3447852.351754
upv_2,p123,2050,3045215.292509
upv_2,p124,2020,223056.797712
upv_2,p124,2023,218372.60496
upv_2,p124,2026,213911.469006
upv_2,p124,2029,209450.333052
upv_2,p124,2032,204989.197097
upv_2,p124,2035,200751.117941
upv_2,p124,2038,196513.038784
upv_2,p124,2041,192498.016425
upv_2,p124,2044,188482.994067
upv_2,p124,2047,184467.971708
upv_2,p124,2050,0.0
upv_2,p125,2015,60337.409718
upv_2,p125,2020,72228.821746
upv_2,p125,2023,177474.330143
upv_2,p125,2026,564043.284403
upv_2,p125,2029,718778.442021
upv_2,p125,2032,703914.708885
upv_2,p125,2035,689291.868256
upv_2,p125,2038,674775.773952
upv_2,p125,2041,1409989.338251
upv_2,p125,2044,3761758.178562
upv_2,p125,2047,4489096.582572
upv_2,p125,2050,5320201.711375
upv_2,p126,2010,38782.807902
upv_2,p126,2015,802922.903606
upv_2,p126,2020,1656958.564357
upv_2,p126,2023,1971445.06337
upv_2,p126,2026,2384471.759637
upv_2,p126,2029,2334359.258877
upv_2,p126,2032,2285500.513265
upv_2,p126,2035,2238289.123531
upv_2,p126,2038,2191426.717787
upv_2,p126,2041,2132071.882309
upv_2,p126,2044,2111986.738002
upv_2,p126,2047,17317606.364254
upv_2,p126,2050,16738607.19493
upv_2,p127,2015,0.0
upv_2,p127,2032,-0.0
upv_2,p127,2038,0.0
upv_2,p128,2015,95393.2131
upv_2,p128,2020,233569.819201
upv_2,p128,2023,271369.693928
upv_2,p128,2026,278287.160145
upv_2,p128,2029,294372.776296
upv_2,p128,2032,288166.55805
upv_2,p128,2035,282219.187352
upv_2,p128,2038,276314.496215
upv_2,p128,2041,270563.776962
upv_2,p128,2044,264973.06945
upv_2,p128,2047,286997.088561
upv_2,p128,2050,166129.123419
upv_2,p131,2010,5675.380524
upv_2,p131,2015,5476.742206
upv_2,p131,2020,5289.454648
upv_2,p131,2023,5181.622418
upv_2,p131,2026,5073.790188
upv_2,p131,2029,4965.957959
upv_2,p131,2032,4863.801109
upv_2,p131,2035,4761.64426
upv_2,p131,2038,4659.48741
upv_2,p131,2041,6276.330324
upv_2,p131,2044,6144.527387
upv_2,p131,2047,6019.000781
upv_2,p131,2050,5893.474174
upv_2,p15,2032,0.0
upv_2,p16,2020,84839.5272
upv_2,p16,2023,339280.797929
upv_2,p16,2026,1824714.726468
upv_2,p16,2029,7429042.488508
upv_2,p16,2032,7273878.685198
upv_2,p16,2035,7106262.894876
upv_2,p16,2038,6965822.229781
upv_2,p16,2041,6633758.320934
upv_2,p16,2044,6568176.67654
upv_2,p16,2047,6322227.537561
upv_2,p16,2050,6425638.266839
upv_2,p18,2020,27199.78632
upv_2,p18,2023,26628.590807
upv_2,p18,2026,26084.595081
upv_2,p18,2029,392737.129291
upv_2,p18,2032,384482.917899
upv_2,p18,2035,379542.18233
upv_2,p18,2038,371620.540203
upv_2,p18,2041,363726.097863
upv_2,p18,2044,356201.897832
upv_2,p18,2047,348677.697801
upv_2,p18,2050,319519.112947
upv_2,p2,2020,-0.0
upv_2,p2,2029,6326940.290088
upv_2,p2,2032,6194074.543996
upv_2,p2,2035,6067535.738195
upv_2,p2,2038,5940996.932393
upv_2,p2,2041,5814458.126591
upv_2,p2,2044,5694246.261079
upv_2,p2,2047,5574034.395568
upv_2,p2,2050,5460149.470346
upv_2,p20,2020,5998.3425
upv_2,p20,2023,166877.879708
upv_2,p20,2026,163376.797307
upv_2,p20,2029,159219.182331
upv_2,p20,2032,155896.518385
upv_2,p20,2035,146525.005567
upv_2,p20,2038,146125.780171
upv_2,p20,2041,607795.547112
upv_2,p20,2044,608823.534189
upv_2,p20,2047,1056014.351987
upv_2,p20,2050,1321517.262443
upv_2,p23,2038,0.0
upv_2,p25,2015,0.0
upv_2,p25,2050,-0.0
upv_2,p3,2020,37615.390848
upv_2,p3,2023,36825.46764
upv_2,p3,2026,185906.659823
upv_2,p3,2029,182007.848506
upv_2,p3,2032,178258.870689
upv_2,p3,2035,174547.508263
upv_2,p3,2038,170836.145837
upv_2,p3,2041,167312.232302
upv_2,p3,2044,163788.318767
upv_2,p3,2047,160414.238731
upv_2,p3,2050,126609.3075
upv_2,p32,2023,189953.6832
upv_2,p32,2026,185964.655853
upv_2,p32,2029,182165.582189
upv_2,p32,2032,178366.508525
upv_2,p32,2035,167455.605586
upv_2,p32,2038,170958.31488
upv_2,p32,2041,167349.194899
upv_2,p32,2044,163930.028602
upv_2,p32,2047,156310.39164
upv_2,p32,2050,148313.048664
upv_2,p33,2038,0.0
upv_2,p36,2038,0.0
upv_2,p36,2050,0.0
upv_2,p37,2038,0.0
upv_2,p37,2050,-0.0
upv_2,p38,2020,2301.60276
upv_2,p38,2023,2253.269102
upv_2,p38,2026,13764.487003
upv_2,p38,2029,13446.113126
upv_2,p38,2032,13187.097206
upv_2,p38,2035,12923.700193
upv_2,p38,2038,12648.824741
upv_2,p38,2041,12387.808142
upv_2,p38,2044,136658.591382
upv_2,p38,2047,133793.964236
upv_2,p38,2050,788518.337679
upv_2,p4,2026,190053.375
upv_2,p4,2029,186062.254125
upv_2,p4,2032,182261.186625
upv_2,p4,2035,178460.119125
upv_2,p4,2038,174659.051625
upv_2,p4,2041,171048.0375
upv_2,p4,2044,167437.023375
upv_2,p4,2047,164016.062625
upv_2,p4,2050,160595.101875
upv_2,p40,2020,27808.1892
upv_2,p40,2023,54049.174727
upv_2,p40,2026,52929.686835
upv_2,p40,2029,1264310.696254
upv_2,p40,2032,1237321.810876
upv_2,p40,2035,1212180.608684
upv_2,p40,2038,1187591.761772
upv_2,p40,2041,1381432.647077
upv_2,p40,2044,1356639.890261
upv_2,p40,2047,1328150.040769
upv_2,p40,2050,1278376.305815
upv_2,p41,2020,25722.381648
upv_2,p41,2023,28388.713981
upv_2,p41,2026,216744.352979
upv_2,p41,2029,4026269.750212
upv_2,p41,2032,3941816.919192
upv_2,p41,2035,3861203.882214
upv_2,p41,2038,3780594.051739
upv_2,p41,2041,3700198.881068
upv_2,p41,2044,3623620.98856
upv_2,p41,2047,7224025.073604
upv_2,p41,2050,8366543.622358
upv_2,p43,2035,0.0
upv_2,p43,2038,-0.0
upv_2,p44,2015,3632.831388
upv_2,p44,2020,238143.850761
upv_2,p44,2023,298319.62527
upv_2,p44,2026,329419.069118
upv_2,p44,2029,322568.304074
upv_2,p44,2032,315758.401784
upv_2,p44,2035,309186.770495
upv_2,p44,2038,354307.313291
upv_2,p44,2041,362993.432113
upv_2,p44,2044,355459.011111
upv_2,p44,2047,349183.397054
upv_2,p44,2050,993303.374069
upv_2,p45,2020,6700.99428
upv_2,p45,2023,256061.50908
upv_2,p45,2026,250687.963245
upv_2,p45,2029,3495986.907446
upv_2,p45,2032,4654777.832384
upv_2,p45,2035,4558776.378104
upv_2,p45,2038,4464256.598913
upv_2,p45,2041,4753808.742411
upv_2,p45,2044,4824926.06251
upv_2,p45,2047,4728529.644479
upv_2,p45,2050,5649063.59212
upv_2,p5,2015,10695.447984
upv_2,p5,2020,507042.393485
upv_2,p5,2023,1287752.038379
upv_2,p5,2026,1260995.950426
upv_2,p5,2029,1204387.011802
upv_2,p5,2032,1186234.88715
upv_2,p5,2035,1183598.471954
upv_2,p5,2038,1158932.510137
upv_2,p5,2041,1134763.269605
upv_2,p5,2044,1111396.079223
upv_2,p5,2047,1090703.197053
upv_2,p5,2050,666291.354942
upv_2,p51,2029,-0.0
upv_2,p51,2035,-0.0
upv_2,p51,2041,-0.0
upv_2,p51,2044,-0.0
upv_2,p51,2047,-0.0
upv_2,p51,2050,-0.0
upv_2,p53,2020,21728.04372
upv_2,p53,2023,46054.982442
upv_2,p53,2026,502106.515775
upv_2,p53,2029,3053179.579468
upv_2,p53,2032,6435955.006774
upv_2,p53,2035,6994510.410278
upv_2,p53,2038,7122785.22911
upv_2,p53,2041,6973490.914246
upv_2,p53,2044,6827056.529815
upv_2,p53,2047,6585070.736459
upv_2,p53,2050,6225595.951826
upv_2,p54,2015,6610.097256
upv_2,p54,2020,59023.446998
upv_2,p54,2023,81545.152487
upv_2,p54,2026,166531.958206
upv_2,p54,2029,163051.724234
upv_2,p54,2032,1307999.081332
upv_2,p54,2035,1280556.355846
upv_2,p54,2038,1491203.707912
upv_2,p54,2041,1460097.107473
upv_2,p54,2044,9961040.18436
upv_2,p54,2047,10674670.042493
upv_2,p54,2050,11464158.141994
upv_2,p55,2020,24920.536368
upv_2,p55,2023,24397.205104
upv_2,p55,2026,23898.794377
upv_2,p55,2029,245258.397519
upv_2,p55,2032,240100.968501
upv_2,p55,2035,235190.318032
upv_2,p55,2038,230279.667564
upv_2,p55,2041,225393.937632
upv_2,p55,2044,5230232.152012
upv_2,p55,2047,5194390.968618
upv_2,p55,2050,5431654.24028
upv_2,p56,2020,23961.077742
upv_2,p56,2023,68539.863509
upv_2,p56,2026,101541.180518
upv_2,p56,2029,99437.347137
upv_2,p56,2032,97367.941017
upv_2,p56,2035,95322.495973
upv_2,p56,2038,135187.389965
upv_2,p56,2041,132366.244829
upv_2,p56,2044,129632.046919
upv_2,p56,2047,154983.917455
upv_2,p56,2050,132310.550447
upv_2,p58,2026,2336295.213672
upv_2,p58,2029,2287233.014185
upv_2,p58,2032,2240507.109911
upv_2,p58,2035,2193781.205638
upv_2,p58,2038,2147055.301365
upv_2,p58,2041,6877668.080077
upv_2,p58,2044,12590291.415041
upv_2,p58,2047,12329735.005562
upv_2,p58,2050,12075035.884077
upv_2,p6,2044,0.0
upv_2,p6,2047,0.0
upv_2,p6,2050,-0.0
upv_2,p66,2032,0.0
upv_2,p66,2038,-0.0
upv_2,p66,2041,-0.0
upv_2,p66,2044,0.0
upv_2,p66,2047,0.0
upv_2,p66,2050,-0.0
upv_2,p68,2020,0.0
upv_2,p68,2047,0.0
upv_2,p69,2020,10885.044852
upv_2,p69,2023,20321.87355
upv_2,p69,2026,19901.198946
upv_2,p69,2029,19490.189756
upv_2,p69,2032,19079.180566
upv_2,p69,2035,18679.056421
upv_2,p69,2038,18288.597691
upv_2,p69,2041,300478.340978
upv_2,p69,2044,817491.797069
upv_2,p69,2047,800480.838738
upv_2,p69,2050,1655996.32746
upv_2,p7,2047,0.0
upv_2,p70,2020,25279.549704
upv_2,p70,2023,308160.66504
upv_2,p70,2026,1314628.890935
upv_2,p70,2029,1287183.625383
upv_2,p70,2032,1260751.285299
upv_2,p70,2035,1234344.224765
upv_2,p70,2038,1208220.576217
upv_2,p70,2041,1183135.132688
upv_2,p70,2044,1158333.101144
upv_2,p70,2047,1134543.995069
upv_2,p70,2050,4776736.591387
upv_2,p71,2015,6460.04352
upv_2,p71,2020,6233.941997
upv_2,p71,2023,6104.741126
upv_2,p71,2026,5982.0003
upv_2,p71,2029,5852.799429
upv_2,p71,2032,5730.058602
upv_2,p71,2035,5613.777819
upv_2,p71,2038,5497.497036
upv_2,p71,2041,5381.216252
upv_2,p71,2044,5271.395512
upv_2,p71,2047,7305.03144
upv_2,p71,2050,7151.62578
upv_2,p72,2015,10244.85543
upv_2,p72,2020,19220.487104
upv_2,p72,2023,57539.068473
upv_2,p72,2026,1383944.549517
upv_2,p72,2029,1592355.15398
upv_2,p72,2032,1559660.849571
upv_2,p72,2035,1527223.580393
upv_2,p72,2038,1494825.030712
upv_2,p72,2041,1463763.415159
upv_2,p72,2044,1432988.220133
upv_2,p72,2047,1406938.446704
upv_2,p72,2050,1370107.848531
upv_2,p73,2020,12379.483872
upv_2,p73,2023,12119.514711
upv_2,p73,2026,11871.925033
upv_2,p73,2029,11624.335356
upv_2,p73,2032,11376.745678
upv_2,p73,2035,11141.535485
upv_2,p73,2038,10906.325291
upv_2,p73,2041,10683.494582
upv_2,p73,2044,10460.663872
upv_2,p73,2047,10237.833162
upv_2,p77,2038,-0.0
upv_2,p78,2020,40417.8639
upv_2,p78,2023,520515.961228
upv_2,p78,2026,556174.807884
upv_2,p78,2029,544769.604303
upv_2,p78,2032,533410.967811
upv_2,p78,2035,522092.749182
upv_2,p78,2038,511255.477426
upv_2,p78,2041,500505.190622
upv_2,p78,2044,490235.85069
upv_2,p78,2047,480013.077847
upv_2,p78,2050,437092.253109
upv_2,p80,2015,49916.241108
upv_2,p80,2020,173722.687421
upv_2,p80,2023,624019.564883
upv_2,p80,2026,1102962.821783
upv_2,p80,2029,11813097.824238
upv_2,p80,2032,11565326.875572
upv_2,p80,2035,12269594.237488
upv_2,p80,2038,17137084.747501
upv_2,p80,2041,17942113.56125
upv_2,p80,2044,18218525.567762
upv_2,p80,2047,17852800.586234
upv_2,p80,2050,17380926.961936
upv_2,p81,2015,2006.25336
upv_2,p81,2020,43175.686892
upv_2,p81,2023,1015724.916755
upv_2,p81,2026,3842776.233465
upv_2,p81,2029,4175282.994978
upv_2,p81,2032,8045511.929691
upv_2,p81,2035,13252553.935747
upv_2,p81,2038,12976006.225188
upv_2,p81,2041,12707723.742185
upv_2,p81,2044,12440829.377104
upv_2,p81,2047,12181405.048633
upv_2,p81,2050,11893727.110994
upv_2,p82,2020,8916.82632
upv_2,p82,2023,179290.390247
upv_2,p82,2026,1703284.076934
upv_2,p82,2029,1738349.347813
upv_2,p82,2032,2484702.699549
upv_2,p82,2035,2616120.894053
upv_2,p82,2038,4010525.09027
upv_2,p82,2041,4301703.928085
upv_2,p82,2044,4211938.967117
upv_2,p82,2047,4141075.685797
upv_2,p82,2050,4189513.618994
upv_2,p83,2015,9978.922782
upv_2,p83,2020,30224.458567
upv_2,p83,2023,886605.969305
upv_2,p83,2026,2095265.447112
upv_2,p83,2029,2138877.289906
upv_2,p83,2032,2094760.501386
upv_2,p83,2035,3624817.654174
upv_2,p83,2038,3664838.668101
upv_2,p83,2041,3718147.108222
upv_2,p83,2044,9025834.060541
upv_2,p83,2047,8839957.269198
upv_2,p83,2050,10064678.981935
upv_2,p84,2020,5670.411
upv_2,p84,2023,23814.642609
upv_2,p84,2026,34709.471932
upv_2,p84,2029,33991.570399
upv_2,p84,2032,33285.060633
upv_2,p84,2035,32584.221278
upv_2,p84,2038,31901.645233
upv_2,p84,2041,31236.131367
upv_2,p84,2044,30588.88081
upv_2,p84,2047,29953.022021
upv_2,p84,2050,24729.800732
upv_2,p85,2029,7099801.885362
upv_2,p85,2032,13419987.265062
upv_2,p85,2035,13142136.321749
upv_2,p85,2038,12870754.659656
upv_2,p85,2041,12599372.997563
upv_2,p85,2044,13295577.805998
upv_2,p85,2047,13453479.882741
upv_2,p85,2050,14169746.882484
upv_2,p86,2023,429962.316
upv_2,p86,2026,743012.2584
upv_2,p86,2029,727649.349908
upv_2,p86,2032,712608.520568
upv_2,p86,2035,697567.691227
upv_2,p86,2038,682956.824202
upv_2,p86,2041,668668.036328
upv_2,p86,2044,654809.210771
upv_2,p86,2047,641272.464364
upv_2,p86,2050,627735.717957
upv_2,p87,2020,456636.4833
upv_2,p87,2023,880410.105117
upv_2,p87,2026,2691272.733105
upv_2,p87,2029,2635061.728092
upv_2,p87,2032,2580679.819058
upv_2,p87,2035,3032781.769829
upv_2,p87,2038,2997435.649169
upv_2,p87,2041,2936180.22637
upv_2,p87,2044,3420762.106027
upv_2,p87,2047,3349641.523554
upv_2,p87,2050,3415511.606511
upv_2,p88,2020,6415.798998
upv_2,p88,2023,6281.067219
upv_2,p88,2026,6152.751239
upv_2,p88,2029,6024.435259
upv_2,p88,2032,5896.119279
upv_2,p88,2035,5774.219098
upv_2,p88,2038,5652.318917
upv_2,p88,2041,5536.834535
upv_2,p88,2044,5421.350153
upv_2,p88,2047,5305.865771
upv_2,p88,2050,-0.0
upv_2,p89,2020,203552.692362
upv_2,p89,2023,679243.099462
upv_2,p89,2026,734854.651113
upv_2,p89,2029,3720932.840652
upv_2,p89,2032,3642841.764714
upv_2,p89,2035,10975873.636945
upv_2,p89,2038,12129293.963287
upv_2,p89,2041,13298521.349898
upv_2,p89,2044,13971481.056482
upv_2,p89,2047,13876416.699821
upv_2,p89,2050,13424153.104909
upv_2,p9,2015,-0.0
upv_2,p9,2020,0.0
upv_2,p90,2038,0.0
upv_2,p90,2041,-0.0
upv_2,p90,2044,0.0
upv_2,p90,2047,-0.0
upv_2,p90,2050,0.0
upv_2,p91,2035,-0.0
upv_2,p92,2015,90812.687616
upv_2,p92,2020,365512.697821
upv_2,p92,2023,1203522.330849
upv_2,p92,2026,1178480.432679
upv_2,p92,2029,1154193.383154
upv_2,p92,2032,1129997.146318
upv_2,p92,2035,1106169.600623
upv_2,p92,2038,1083187.716263
upv_2,p92,2041,1060483.710357
upv_2,p92,2044,1038716.178473
upv_2,p92,2047,1047075.067603
upv_2,p92,2050,799891.280976
upv_2,p93,2023,5252.11995
upv_2,p93,2026,5141.825431
upv_2,p93,2029,5036.783032
upv_2,p93,2032,4931.740633
upv_2,p93,2035,4826.698234
upv_2,p93,2038,4726.907955
upv_2,p93,2041,4627.117676
upv_2,p93,2044,4532.579517
upv_2,p93,2047,4438.041358
upv_2,p93,2050,4343.503199
upv_2,p94,2032,-0.0
upv_2,p94,2041,162658.335316
upv_2,p94,2044,13755425.23753
upv_2,p94,2047,14237190.38316
upv_2,p94,2050,13951560.811677
upv_2,p95,2032,0.0
upv_2,p95,2035,17418803.07552
upv_2,p95,2038,17053008.210934
upv_2,p95,2041,20028219.243857
upv_2,p95,2044,29141246.687509
upv_2,p95,2047,29758634.610259
upv_2,p95,2050,34070327.288142
upv_2,p96,2032,-0.0
upv_2,p96,2035,0.0
upv_2,p96,2041,0.0
upv_2,p96,2044,-0.0
upv_2,p96,2050,0.0
upv_2,p97,2010,1714.632
upv_2,p97,2015,1714.632
upv_2,p97,2020,1714.632
upv_2,p97,2023,1714.632
upv_2,p97,2026,1714.632
upv_2,p97,2029,1714.632
upv_2,p97,2032,1714.632
upv_2,p97,2035,6813574.919272
upv_2,p97,2038,8029391.469838
upv_2,p97,2041,8240441.3718
upv_2,p97,2044,8071449.973917
upv_2,p97,2047,10228986.507044
upv_2,p97,2050,15127010.911669
upv_2,p98,2020,-0.0
upv_2,p98,2032,-0.0
upv_2,p98,2035,4586002.681695
upv_2,p98,2038,4489696.62538
upv_2,p98,2041,4288563.682661
upv_2,p98,2044,4221100.522499
upv_2,p98,2047,4163712.472596
upv_2,p98,2050,10340659.68651
upv_2,p99,2020,2366197.296252
upv_2,p99,2023,6685194.438847
upv_2,p99,2026,11111335.419626
upv_2,p99,2029,24809477.220406
upv_2,p99,2032,24290972.495784
upv_2,p99,2035,23788762.677305
upv_2,p99,2038,23290921.546113
upv_2,p99,2041,22800011.819576
upv_2,p99,2044,22327399.489171
upv_2,p99,2047,23455290.501461
upv_2,p99,2050,21053403.773753
upv_2,z122,2010,12365.291268
upv_2,z122,2015,64751.152367
upv_2,z122,2020,62656.383426
upv_2,z122,2023,539139.656322
upv_2,z122,2026,527962.89915
upv_2,z122,2029,517211.170312
upv_2,z122,2032,506519.728226
upv_2,z122,2035,495880.939182
upv_2,z122,2038,485719.831512
upv_2,z122,2041,477892.970661
upv_2,z122,2044,468209.711335
upv_2,z122,2047,416380.869433
upv_2,z122,2050,407516.909009
upv_3,p10,2015,0.0
upv_3,p10,2020,0.0
upv_3,p101,2010,30855.75924
upv_3,p101,2015,29775.807667
upv_3,p101,2020,28757.567612
upv_3,p101,2023,28171.308186
upv_3,p101,2026,27585.048761
upv_3,p101,2029,26998.789335
upv_3,p101,2032,26443.385669
upv_3,p101,2035,6101384.011914
upv_3,p101,2038,5973243.191619
upv_3,p101,2041,9510692.979119
upv_3,p101,2044,22546194.890328
upv_3,p101,2047,22073077.102635
upv_3,p101,2050,21678196.045653
upv_3,p102,2026,523552.73316
upv_3,p102,2029,512558.125764
upv_3,p102,2032,502087.0711
upv_3,p102,2035,491616.016437
upv_3,p102,2038,481144.961774
upv_3,p102,2041,471197.459844
upv_3,p102,2044,461249.957914
upv_3,p102,2047,451826.008717
upv_3,p102,2050,442402.05952
upv_3,p15,2020,445683.732
upv_3,p15,2023,526033.246428
upv_3,p15,2026,2401836.007459
upv_3,p15,2029,7757901.891001
upv_3,p15,2032,7595927.793275
upv_3,p15,2035,19639740.028096
upv_3,p15,2038,19277931.877707
upv_3,p15,2041,20624707.624266
upv_3,p15,2044,21049298.761533
upv_3,p15,2047,20486369.542367
upv_3,p15,2050,19769597.440688
upv_3,p16,2020,0.0
upv_3,p16,2032,0.0
upv_3,p16,2047,0.0
upv_3,p2,2020,7009.78656
upv_3,p2,2023,337516.425042
upv_3,p2,2026,869311.890587
upv_3,p2,2029,3957724.54186
upv_3,p2,2032,3874957.551195
upv_3,p2,2035,3795304.052708
upv_3,p2,2038,3715981.208065
upv_3,p2,2041,3637204.252601
upv_3,p2,2044,3561864.433372
upv_3,p2,2047,3487063.493534
upv_3,p2,2050,3409698.118761
upv_3,p21,2038,-0.0
upv_3,p24,2026,1188911.115
upv_3,p24,2029,1163943.981585
upv_3,p24,2032,1140165.759285
upv_3,p24,2035,1116387.536985
upv_3,p24,2038,1002969.808853
upv_3,p24,2041,967144.374
upv_3,p24,2044,944764.335225
upv_3,p24,2047,930095.356793
upv_3,p24,2050,833449.457113
upv_3,p25,2015,376146.910464
upv_3,p25,2020,2560977.251709
upv_3,p25,2023,2507296.408354
upv_3,p25,2026,6401450.358959
upv_3,p25,2029,6076626.019633
upv_3,p25,2032,5996150.896263
upv_3,p25,2035,6009667.351813
upv_3,p25,2038,5882229.580214
upv_3,p25,2041,5760935.06475
upv_3,p25,2044,5640016.696197
upv_3,p25,2047,5647803.284594
upv_3,p25,2050,5366690.738723
upv_3,p32,2026,318367.53408
upv_3,p32,2029,311681.815864
upv_3,p32,2032,305314.465183
upv_3,p32,2035,298947.114501
upv_3,p32,2038,292579.76382
upv_3,p32,2041,278270.857728
upv_3,p32,2044,272396.250732
upv_3,p32,2047,270664.005074
upv_3,p32,2050,258368.047004
upv_3,p33,2010,755.9604
upv_3,p33,2015,54228.345768
upv_3,p33,2020,52356.81228
upv_3,p33,2023,51287.364573
upv_3,p33,2026,50271.389251
upv_3,p33,2029,44853.7175
upv_3,p33,2032,43927.528579
upv_3,p33,2035,45368.283987
upv_3,p33,2038,46260.960348
upv_3,p33,2041,44542.497012
upv_3,p33,2044,44415.92046
upv_3,p33,2047,3138610.065943
upv_3,p33,2050,12047869.240189
upv_3,p38,2020,-0.0
upv_3,p38,2029,3099887.891964
upv_3,p38,2032,3034790.246233
upv_3,p38,2035,2972792.488393
upv_3,p38,2038,2910794.730554
upv_3,p38,2041,2848796.972715
upv_3,p38,2044,2789899.102768
upv_3,p38,2047,2714650.55059
upv_3,p38,2050,2613503.079366
upv_3,p39,2020,10652.474184
upv_3,p39,2023,10428.772226
upv_3,p39,2026,47246.342742
upv_3,p39,2029,799084.620015
upv_3,p39,2032,782843.11378
upv_3,p39,2035,766400.850999
upv_3,p39,2038,749899.982354
upv_3,p39,2041,705791.510622
upv_3,p39,2044,691183.943106
upv_3,p39,2047,704815.099978
upv_3,p39,2050,671601.342292
upv_3,p40,2032,0.0
upv_3,p40,2035,-0.0
upv_3,p41,2032,0.0
upv_3,p41,2035,0.0
upv_3,p41,2038,-0.0
upv_3,p41,2041,0.0
upv_3,p5,2015,-0.0
upv_3,p5,2020,-0.0
upv_3,p5,2026,3371814.97086
upv_3,p5,2029,3301006.856472
upv_3,p5,2032,3233570.557055
upv_3,p5,2035,3166134.257638
upv_3,p5,2038,3098697.95822
upv_3,p5,2041,3034633.473774
upv_3,p5,2044,2970568.989328
upv_3,p5,2047,2909876.319852
upv_3,p5,2050,2849183.650377
upv_3,p50,2032,-0.0
upv_3,p51,2026,1298645.37426
upv_3,p51,2029,3573483.669434
upv_3,p51,2032,3499166.45514
upv_3,p51,2035,3427151.350694
upv_3,p51,2038,3461374.55677
upv_3,p51,2041,3388427.093178
upv_3,p51,2044,3317887.977744
upv_3,p51,2047,3907178.509231
upv_3,p51,2050,3826410.997987
upv_3,p53,2020,-0.0
upv_3,p53,2044,0.0
upv_3,p53,2050,0.0
upv_3,p55,2015,18877.204038
upv_3,p55,2020,18216.501897
upv_3,p55,2023,23267.122008
upv_3,p55,2026,519686.158683
upv_3,p55,2029,3742124.929812
upv_3,p55,2032,3663819.314065
upv_3,p55,2035,3588765.935127
upv_3,p55,2038,3513717.984353
upv_3,p55,2041,3439166.925274
upv_3,p55,2044,3367873.531167
upv_3,p55,2047,3303032.926495
upv_3,p55,2050,3235656.557863
upv_3,p57,2023,6698.11194
upv_3,p57,2026,625817.181589
upv_3,p57,2029,4049920.080667
upv_3,p57,2032,3965218.8562
upv_3,p57,2035,3883954.873048
upv_3,p57,2038,3894880.589652
upv_3,p57,2041,3812306.721308
upv_3,p57,2044,3733268.975393
upv_3,p57,2047,3968660.455285
upv_3,p57,2050,3890061.360055
upv_3,p58,2020,163288.83627
upv_3,p58,2023,314252.694708
upv_3,p58,2026,307744.666579
upv_3,p58,2029,301391.031374
upv_3,p58,2032,6301734.794708
upv_3,p58,2035,7898860.462173
upv_3,p58,2038,13991018.377816
upv_3,p58,2041,13699075.057507
upv_3,p58,2044,13413540.776529
upv_3,p58,2047,13134013.19295
upv_3,p58,2050,12724114.397488
upv_3,p6,2015,14701.843098
upv_3,p6,2020,194778.575152
upv_3,p6,2023,312148.099662
upv_3,p6,2026,691655.103161
upv_3,p6,2029,661738.806161
upv_3,p6,2032,654406.553694
upv_3,p6,2035,667751.356661
upv_3,p6,2038,664290.309256
upv_3,p6,2041,650548.422032
upv_3,p6,2044,636942.692631
upv_3,p6,2047,639346.059702
upv_3,p6,2050,668632.744864
upv_3,p61,2032,-0.0
upv_3,p61,2035,0.0
upv_3,p63,2015,4518.43176
upv_3,p63,2020,4360.286648
upv_3,p63,2023,4269.918013
upv_3,p63,2026,4165.775346
upv_3,p63,2029,4018.875461
upv_3,p63,2032,4007.848971
upv_3,p63,2035,3926.517199
upv_3,p63,2038,3845.185428
upv_3,p63,2041,3763.853656
upv_3,p63,2044,3608.509455
upv_3,p63,2050,-0.0
upv_3,p64,2029,714067.904551
upv_3,p64,2032,699072.478556
upv_3,p64,2035,16940067.697706
upv_3,p64,2038,17691363.850443
upv_3,p64,2041,17328731.256109
upv_3,p64,2044,16967919.667999
upv_3,p64,2047,16607108.079889
upv_3,p64,2050,16263265.83626
upv_3,p65,2010,0.0
upv_3,p65,2032,0.0
upv_3,p65,2035,0.0
upv_3,p65,2038,0.0
upv_3,p65,2044,0.0
upv_3,p65,2047,0.0
upv_3,p65,2050,0.0
upv_3,p66,2023,334044.513
upv_3,p66,2026,1883545.268503
upv_3,p66,2029,7584636.914844
upv_3,p66,2032,7426276.064091
upv_3,p66,2035,7273655.672703
upv_3,p66,2038,7121369.325829
upv_3,p66,2041,8647769.878004
upv_3,p66,2044,8467894.812649
upv_3,p66,2047,8489098.863842
upv_3,p66,2050,8314043.149046
upv_3,p67,2020,292009.0212
upv_3,p67,2023,2674169.691785
upv_3,p67,2026,7116377.628377
upv_3,p67,2029,6968309.343144
upv_3,p67,2032,6824739.260177
upv_3,p67,2035,13006747.006492
upv_3,p67,2038,17962616.013524
upv_3,p67,2041,17590189.341725
upv_3,p67,2044,17225380.552577
upv_3,p67,2047,19973108.876968
upv_3,p67,2050,23427182.90013
upv_3,p7,2015,14394.069888
upv_3,p7,2020,534325.86683
upv_3,p7,2023,523108.838055
upv_3,p7,2026,1434540.670939
upv_3,p7,2029,1363174.263896
upv_3,p7,2032,1351930.260874
upv_3,p7,2035,5723392.414747
upv_3,p7,2038,5862925.749306
upv_3,p7,2041,5648517.760741
upv_3,p7,2044,5431463.708547
upv_3,p7,2047,5643117.918894
upv_3,p7,2050,10509673.588731
upv_3,p85,2015,27310.1112
upv_3,p85,2020,451936.823508
upv_3,p85,2023,1769294.651714
upv_3,p85,2026,5740062.90575
upv_3,p85,2029,6990372.158423
upv_3,p85,2032,6845880.178711
upv_3,p85,2035,6703211.15652
upv_3,p85,2038,6561868.975593
upv_3,p85,2041,6424960.039696
upv_3,p85,2044,6290775.320018
upv_3,p85,2047,6169662.034436
upv_3,p85,2050,5696374.442339
upv_3,p86,2032,-0.0
upv_3,p87,2032,-0.0
upv_3,p87,2041,-0.0
upv_3,p87,2044,0.0
upv_3,p87,2047,0.0
upv_3,p87,2050,0.0
upv_3,p88,2023,10048.121856
upv_3,p88,2026,1202856.487881
upv_3,p88,2029,1177602.118536
upv_3,p88,2032,1153540.768567
upv_3,p88,2035,1129479.418598
upv_3,p88,2038,1105428.116751
upv_3,p88,2041,1082569.834281
upv_3,p88,2044,1059721.599932
upv_3,p88,2047,1038066.38496
upv_3,p88,2050,1016411.169988
upv_3,p9,2015,0.0
upv_3,p9,2020,0.0
upv_3,p9,2050,1208999.928927
upv_3,p90,2015,64140.1452
upv_3,p90,2020,269709.310566
upv_3,p90,2023,651413.451783
upv_3,p90,2026,1689621.038183
upv_3,p90,2029,3691776.483839
upv_3,p90,2032,3614834.201111
upv_3,p90,2035,4487791.556272
upv_3,p90,2038,4473567.870695
upv_3,p90,2041,4444161.130688
upv_3,p90,2044,4395302.23757
upv_3,p90,2047,4380070.556292
upv_3,p90,2050,4121181.41702
upv_3,p91,2020,406842.38748
upv_3,p91,2023,2439334.340729
upv_3,p91,2026,4465784.580416
upv_3,p91,2029,4698443.140364
upv_3,p91,2032,4601106.509559
upv_3,p91,2035,4504501.963688
upv_3,p91,2038,4409938.45346
upv_3,p91,2041,4317859.234456
upv_3,p91,2044,4177256.380617
upv_3,p91,2047,4106914.136746
upv_3,p91,2050,3712497.027504
upv_3,p94,2015,489413.039544
upv_3,p94,2020,4865990.269204
upv_3,p94,2023,9109261.602858
upv_3,p94,2026,13229851.184034
upv_3,p94,2029,39154845.610478
upv_3,p94,2032,38334384.685403
upv_3,p94,2035,55117869.378417
upv_3,p94,2038,58558897.208932
upv_3,p94,2041,57334613.358192
upv_3,p94,2044,56145959.390966
upv_3,p94,2047,55117213.674844
upv_3,p94,2050,50425462.27626
upv_3,p95,2020,80125.774494
upv_3,p95,2023,149927.60939
upv_3,p95,2026,242347.51366
upv_3,p95,2029,1516972.261178
upv_3,p95,2032,1485156.662382
upv_3,p95,2035,4168812.529855
upv_3,p95,2038,7506507.613298
upv_3,p95,2041,14602062.823169
upv_3,p95,2044,14955419.988387
upv_3,p95,2047,14630918.938783
upv_3,p95,2050,14261530.301571
upv_3,p96,2015,5729.907
upv_3,p96,2020,2462055.089295
upv_3,p96,2023,3361340.507735
upv_3,p96,2026,6764120.651644
upv_3,p96,2029,13901948.610226
upv_3,p96,2032,13611390.584412
upv_3,p96,2035,13300696.445481
upv_3,p96,2038,12956944.682811
upv_3,p96,2041,12725014.703632
upv_3,p96,2044,16972499.803306
upv_3,p96,2047,17253828.903982
upv_3,p96,2050,17850947.372929
upv_3,p97,2010,13498.895082
upv_3,p97,2015,524833.721388
upv_3,p97,2020,1854372.870725
upv_3,p97,2023,2870745.944057
upv_3,p97,2026,4189632.137463
upv_3,p97,2029,4102140.46929
upv_3,p97,2032,4016552.090871
upv_3,p97,2035,9612024.861841
upv_3,p97,2038,9410088.129802
upv_3,p97,2041,9220556.03741
upv_3,p97,2044,9028614.431532
upv_3,p97,2047,9007981.332873
upv_3,p97,2050,9099786.151369
upv_3,p98,2010,3936.10536
upv_3,p98,2015,2911551.264098
upv_3,p98,2020,9356756.329533
upv_3,p98,2023,11216038.94891
upv_3,p98,2026,12205032.169518
upv_3,p98,2029,17896703.080437
upv_3,p98,2032,17520112.613875
upv_3,p98,2035,27393955.98755
upv_3,p98,2038,26819887.052918
upv_3,p98,2041,26225386.736143
upv_3,p98,2044,25673651.846248
upv_3,p98,2047,26047071.365464
upv_3,p98,2050,20295004.007413
upv_4,p10,2010,1060.422
upv_4,p10,2015,1060.422
upv_4,p10,2020,1060.422
upv_4,p10,2023,1060.422
upv_4,p10,2026,1060.422
upv_4,p10,2029,1006.074
upv_4,p10,2032,993.8805
upv_4,p10,2035,1060.422
upv_4,p10,2038,1060.422
upv_4,p10,2041,1085.796
upv_4,p10,2044,1062.994284
upv_4,p10,2047,1041.278364
upv_4,p10,2050,1019.562444
upv_4,p101,2010,48258.45
upv_4,p101,2015,124902.8052
upv_4,p101,2020,7083204.300198
upv_4,p101,2023,12311428.797342
upv_4,p101,2026,20721506.283922
upv_4,p101,2029,26333987.81131
upv_4,p101,2032,35770614.105352
upv_4,p101,2035,37486180.75317
upv_4,p101,2038,37991470.682144
upv_4,p101,2041,37202418.93527
upv_4,p101,2044,36423951.292715
upv_4,p101,2047,35689610.594004
upv_4,p101,2050,48152682.447035
upv_4,p102,2010,23935.08
upv_4,p102,2015,23097.3522
upv_4,p102,2020,1450753.06896
upv_4,p102,2023,3394648.638718
upv_4,p102,2026,5712848.427389
upv_4,p102,2029,7802253.869142
upv_4,p102,2032,7639623.829453
upv_4,p102,2035,7480630.313793
upv_4,p102,2038,7360576.167538
upv_4,p102,2041,9148477.103108
upv_4,p102,2044,12496277.634058
upv_4,p102,2047,12883485.173781
upv_4,p102,2050,11459552.028105
upv_4,p11,2020,-0.0
upv_4,p12,2015,-0.0
upv_4,p21,2020,223034.97072
upv_4,p21,2023,218351.236335
upv_4,p21,2026,1024989.76677
upv_4,p21,2029,979808.378379
upv_4,p21,2032,958797.509447
upv_4,p21,2035,932431.864512
upv_4,p21,2038,802997.837498
upv_4,p21,2041,759852.159129
upv_4,p21,2044,747656.155613
upv_4,p21,2047,724330.623802
upv_4,p21,2050,500530.349056
upv_4,p25,2035,-0.0
upv_4,p25,2050,0.0
upv_4,p26,2020,142699.7088
upv_4,p26,2023,170869.069915
upv_4,p26,2026,167360.588584
upv_4,p26,2029,151506.440089
upv_4,p26,2032,154923.048876
upv_4,p26,2035,157071.342465
upv_4,p26,2038,153767.892953
upv_4,p26,2041,150607.143149
upv_4,p26,2044,147477.559401
upv_4,p26,2047,144347.975653
upv_4,p26,2050,25774.327485
upv_4,p31,2035,0.0
upv_4,p33,2010,10363.838484
upv_4,p33,2015,10289.052326
upv_4,p33,2020,517577.335174
upv_4,p33,2023,1141528.079644
upv_4,p33,2026,2388288.707028
upv_4,p33,2029,2293358.402892
upv_4,p33,2032,2246024.288878
upv_4,p33,2035,2197900.944189
upv_4,p33,2038,2195529.360948
upv_4,p33,2041,2140222.026923
upv_4,p33,2044,2106435.304948
upv_4,p33,2047,2062785.256752
upv_4,p33,2050,1608692.847593
upv_4,p34,2010,50308.62018
upv_4,p34,2015,361076.516859
upv_4,p34,2020,1039148.492517
upv_4,p34,2023,4050810.013728
upv_4,p34,2026,7346853.593061
upv_4,p34,2029,13469103.246205
upv_4,p34,2032,13221019.810959
upv_4,p34,2035,13326803.460828
upv_4,p34,2038,14148436.737044
upv_4,p34,2041,13880265.264045
upv_4,p34,2044,13964914.217264
upv_4,p34,2047,16975461.518411
upv_4,p34,2050,20232915.532871
upv_4,p48,2023,11603.664072
upv_4,p48,2026,5694177.189526
upv_4,p48,2029,5574605.954995
upv_4,p48,2032,5460717.537665
upv_4,p48,2035,5480333.655053
upv_4,p48,2038,5826358.625303
upv_4,p48,2041,5561282.034783
upv_4,p48,2044,5308492.915607
upv_4,p48,2047,5389457.702702
upv_4,p48,2050,5951180.960014
upv_4,p49,2038,0.0
upv_4,p49,2044,0.0
upv_4,p50,2015,6190.0161
upv_4,p50,2020,100061.610256
upv_4,p50,2023,115407.180955
upv_4,p50,2026,2231946.60418
upv_4,p50,2029,16319045.268658
upv_4,p50,2032,15978654.009013
upv_4,p50,2035,16280091.764749
upv_4,p50,2038,17742861.356272
upv_4,p50,2041,17250181.816799
upv_4,p50,2044,16174808.26909
upv_4,p50,2047,17612224.883647
upv_4,p50,2050,28401568.717933
upv_4,p52,2015,2263.608936
upv_4,p52,2020,52486.803423
upv_4,p52,2023,51385.180408
upv_4,p52,2026,50336.123422
upv_4,p52,2029,47018.095135
upv_4,p52,2032,46485.803447
upv_4,p52,2035,45016.038369
upv_4,p52,2038,46242.763929
upv_4,p52,2041,43995.855068
upv_4,p52,2044,41838.809965
upv_4,p52,2047,40614.56644
upv_4,p52,2050,2249.644433
upv_4,p53,2041,0.0
upv_4,p6,2044,0.0
upv_4,p60,2020,-0.0
upv_4,p60,2029,3426085.487952
upv_4,p60,2032,4024665.384164
upv_4,p60,2035,8816787.762798
upv_4,p60,2038,9178717.870579
upv_4,p60,2041,8728835.413462
upv_4,p60,2044,8273757.949865
upv_4,p60,2047,7947471.636787
upv_4,p60,2050,8059557.458887
upv_4,p61,2015,202592.939472
upv_4,p61,2020,3427341.93531
upv_4,p61,2023,8271092.179118
upv_4,p61,2026,7934296.294121
upv_4,p61,2029,7662127.77357
upv_4,p61,2032,7558391.570316
upv_4,p61,2035,7258769.718433
upv_4,p61,2038,7073351.11914
upv_4,p61,2041,6489810.104439
upv_4,p61,2044,6967086.757073
upv_4,p61,2047,6922399.960964
upv_4,p61,2050,4207437.753844
upv_4,p62,2023,2003117.73588
upv_4,p62,2026,1961052.263427
upv_4,p62,2029,1920989.908709
upv_4,p62,2032,1880927.553991
upv_4,p62,2035,1584187.0024
upv_4,p62,2038,1541513.33658
upv_4,p62,2041,1764746.72531
upv_4,p62,2044,1631486.067304
upv_4,p62,2047,1483756.558958
upv_4,p62,2050,1439254.105189
upv_4,p63,2015,-0.0
upv_4,p63,2020,1057040.23464
upv_4,p63,2023,8757197.994941
upv_4,p63,2026,44343451.623707
upv_4,p63,2029,50910283.632929
upv_4,p63,2032,49869568.961099
upv_4,p63,2035,48829616.073405
upv_4,p63,2038,48832570.978388
upv_4,p63,2041,47685353.876163
upv_4,p63,2044,46831294.438089
upv_4,p63,2047,46280974.813963
upv_4,p63,2050,54473548.212877
upv_4,p64,2015,77240.112768
upv_4,p64,2020,128010.633045
upv_4,p64,2023,488697.286957
upv_4,p64,2026,5321869.163791
upv_4,p64,2029,5210277.668319
upv_4,p64,2032,5103606.75232
upv_4,p64,2035,4997066.550357
upv_4,p64,2038,4890889.702804
upv_4,p64,2041,4789609.668534
upv_4,p64,2044,4688770.228786
upv_4,p64,2047,4616514.663064
upv_4,p64,2050,4478628.842623
upv_4,p65,2010,34008.67539
upv_4,p65,2015,488786.538091
upv_4,p65,2020,586327.197852
upv_4,p65,2023,5259490.095611
upv_4,p65,2026,23133404.060627
upv_4,p65,2029,33051648.487965
upv_4,p65,2032,32368260.711356
upv_4,p65,2035,31626031.517193
upv_4,p65,2038,30669157.933113
upv_4,p65,2041,29508731.469077
upv_4,p65,2044,29517429.614578
upv_4,p65,2047,30728134.131093
upv_4,p65,2050,40749710.418292
upv_4,p7,2020,0.0
upv_4,p7,2047,-0.0
upv_4,p8,2020,24017.6508
upv_4,p8,2023,23513.280133
upv_4,p8,2026,252687.427117
upv_4,p8,2029,245642.759353
upv_4,p8,2032,240606.410485
upv_4,p8,2035,235517.4405
upv_4,p8,2038,218808.646247
upv_4,p8,2041,199908.335692
upv_4,p8,2044,209770.765863
upv_4,p8,2047,204433.703075
upv_4,p8,2050,175830.179916
upv_4,p9,2010,35907.696
upv_4,p9,2015,35907.696
upv_4,p9,2020,35907.696
upv_4,p9,2023,35907.696
upv_4,p9,2026,35907.696
upv_4,p9,2029,34497.8304
upv_4,p9,2032,35907.696
upv_4,p9,2035,35907.696
upv_4,p9,2038,33775.0659
upv_4,p9,2041,32252.537306
upv_4,p9,2044,35805.910035
upv_4,p9,2047,35071.984575
upv_4,p9,2050,34338.059115
upv_4,p91,2032,-0.0
upv_4,p91,2035,0.0
upv_4,z28,2038,0.0
upv_5,p10,2010,60249.1374
upv_5,p10,2015,14410210.267459
upv_5,p10,2020,28129001.532619
upv_5,p10,2023,39417842.272703
upv_5,p10,2026,55462453.592895
upv_5,p10,2029,99745781.108299
upv_5,p10,2032,98218334.934173
upv_5,p10,2035,103786525.889657
upv_5,p10,2038,101615970.768716
upv_5,p10,2041,99483386.124109
upv_5,p10,2044,115361237.120242
upv_5,p10,2047,121828628.147134
upv_5,p10,2050,128257294.304838
upv_5,p11,2010,4267.9206
upv_5,p11,2015,146154.338778
upv_5,p11,2020,262446.844412
upv_5,p11,2023,285394.803115
upv_5,p11,2026,795213.289261
upv_5,p11,2029,909253.364394
upv_5,p11,2032,6482433.884745
upv_5,p11,2035,6642147.378881
upv_5,p11,2038,6433140.847586
upv_5,p11,2041,6051033.482654
upv_5,p11,2044,6086027.430474
upv_5,p11,2047,6787783.276897
upv_5,p11,2050,10452356.205236
upv_5,p12,2015,454063.63104
upv_5,p12,2020,1175890.624834
upv_5,p12,2023,2312633.943574
upv_5,p12,2026,11400216.690349
upv_5,p12,2029,11020905.586051
upv_5,p12,2032,10797004.697797
upv_5,p12,2035,10454480.667344
upv_5,p12,2038,10161134.856748
upv_5,p12,2041,10264957.207656
upv_5,p12,2044,9898571.464482
upv_5,p12,2047,10007510.059174
upv_5,p12,2050,11963494.060915
upv_5,p13,2010,143688.23532
upv_5,p13,2015,2089110.508296
upv_5,p13,2020,6961792.909537
upv_5,p13,2023,11723282.318379
upv_5,p13,2026,17200773.251875
upv_5,p13,2029,16492016.277619
upv_5,p13,2032,16207446.091753
upv_5,p13,2035,14963002.537718
upv_5,p13,2038,15485409.674939
upv_5,p13,2041,20860018.016537
upv_5,p13,2044,21172852.801459
upv_5,p13,2047,26809734.811321
upv_5,p13,2050,33410048.318297
upv_5,p25,2023,1109541.913768
upv_5,p25,2026,1086241.533579
upv_5,p25,2029,1064050.695303
upv_5,p25,2032,1041859.857028
upv_5,p25,2035,1019669.018753
upv_5,p25,2038,998587.722391
upv_5,p25,2041,977506.426029
upv_5,p25,2044,957534.671582
upv_5,p25,2047,937562.917134
upv_5,p25,2050,917591.162686
upv_5,p27,2015,40734.114084
upv_5,p27,2020,231496.891239
upv_5,p27,2023,275062.552183
upv_5,p27,2026,269428.092269
upv_5,p27,2029,252168.851744
upv_5,p27,2032,246829.923224
upv_5,p27,2035,204391.618435
upv_5,p27,2038,195939.039761
upv_5,p27,2041,178192.440262
upv_5,p27,2044,199324.020812
upv_5,p27,2047,128719.224707
upv_5,p27,2050,81124.315293
upv_5,p29,2010,12441.653112
upv_5,p29,2015,35371.114048
upv_5,p29,2020,34419.883569
upv_5,p29,2023,33875.702615
upv_5,p29,2026,33354.603189
upv_5,p29,2029,31047.916228
upv_5,p29,2032,30872.461162
upv_5,p29,2035,28486.284933
upv_5,p29,2038,27872.763083
upv_5,p29,2041,25022.66588
upv_5,p29,2044,27315.531909
upv_5,p29,2047,29588.921605
upv_5,p29,2050,35594.411508
upv_5,p31,2010,84009.569256
upv_5,p31,2015,707846.51084
upv_5,p31,2020,1371686.008985
upv_5,p31,2023,2303124.891598
upv_5,p31,2026,8016324.590452
upv_5,p31,2029,7780581.866632
upv_5,p31,2032,7585210.692518
upv_5,p31,2035,7526352.746927
upv_5,p31,2038,7367022.854458
upv_5,p31,2041,7239581.617605
upv_5,p31,2044,7087849.007835
upv_5,p31,2047,7121840.632282
upv_5,p31,2050,6442653.830647
upv_5,p34,2010,11138.3748
upv_5,p34,2015,11138.3748
upv_5,p34,2020,11138.3748
upv_5,p34,2023,11138.3748
upv_5,p34,2026,11138.3748
upv_5,p34,2029,10051.5168
upv_5,p34,2032,10123.0722
upv_5,p34,2035,10123.0722
upv_5,p34,2038,9519.444
upv_5,p34,2041,11035.407438
upv_5,p34,2044,10809.964998
upv_5,p34,2047,10584.522558
upv_5,p34,2050,10359.080118
upv_5,p47,2015,144503.13306
upv_5,p47,2020,507122.241123
upv_5,p47,2023,602483.16289
upv_5,p47,2026,1294615.658036
upv_5,p47,2029,1335057.36208
upv_5,p47,2032,1361235.675015
upv_5,p47,2035,1444238.96561
upv_5,p47,2038,1413710.523839
upv_5,p47,2041,1384466.622392
upv_5,p47,2044,1303284.381531
upv_5,p47,2047,1326599.74585
upv_5,p47,2050,948691.648524
upv_5,p48,2050,-0.0
upv_5,p59,2015,30304.513122
upv_5,p59,2020,43954.783863
upv_5,p59,2023,43039.764098
upv_5,p59,2026,529130.564344
upv_5,p59,2029,747152.887239
upv_5,p59,2032,4991107.562003
upv_5,p59,2035,6504288.514879
upv_5,p59,2038,6966803.926451
upv_5,p59,2041,6760717.197354
upv_5,p59,2044,6373249.763328
upv_5,p59,2047,6443058.931929
upv_5,p59,2050,6740621.787002
upv_5,p60,2020,2422142.1585
upv_5,p60,2023,4988830.481647
upv_5,p60,2026,15763854.798401
upv_5,p60,2029,15342833.47197
upv_5,p60,2032,15056761.980498
upv_5,p60,2035,14727555.804068
upv_5,p60,2038,13964405.355884
upv_5,p60,2041,13373891.617934
upv_5,p60,2044,12536697.590315
upv_5,p60,2047,12437186.475803
upv_5,p60,2050,11475165.912907
upv_5,p61,2026,5162751.869645
upv_5,p61,2029,5054334.080382
upv_5,p61,2032,4951079.042989
upv_5,p61,2035,5819758.179622
upv_5,p61,2038,5602989.568022
upv_5,p61,2041,5500593.016631
upv_5,p61,2044,4940848.521249
upv_5,p61,2047,5024638.074099
upv_5,p61,2050,5243274.123762
upv_5,p62,2020,4738859.381232
upv_5,p62,2023,4463196.754288
upv_5,p62,2026,5429980.150117
upv_5,p62,2029,4971982.497966
upv_5,p62,2032,4941103.085862
upv_5,p62,2035,5103863.820166
upv_5,p62,2038,6687623.34661
upv_5,p62,2041,6640554.527635
upv_5,p62,2044,5887070.165157
upv_5,p62,2047,6327633.832665
upv_5,p62,2050,10173435.156172
upv_5,p9,2010,58031.342586
upv_5,p9,2015,4483852.709459
upv_5,p9,2020,10201421.44069
upv_5,p9,2023,13845915.921016
upv_5,p9,2026,20882001.345113
upv_5,p9,2029,27211183.098188
upv_5,p9,2032,27164444.277868
upv_5,p9,2035,37513613.904201
upv_5,p9,2038,35687488.61824
upv_5,p9,2041,35372227.86216
upv_5,p9,2044,40284803.048626
upv_5,p9,2047,49119449.403845
upv_5,p9,2050,54706863.222928
upv_5,z28,2010,20525.877048
upv_5,z28,2015,4463533.321778
upv_5,z28,2020,6587275.894763
upv_5,z28,2023,9740464.799479
upv_5,z28,2026,22795141.949923
upv_5,z28,2029,34929540.56868
upv_5,z28,2032,34429257.127966
upv_5,z28,2035,43015191.771262
upv_5,z28,2038,41672556.169167
upv_5,z28,2041,36816996.024607
upv_5,z28,2044,35365412.180427
upv_5,z28,2047,35032636.669779
upv_5,z28,2050,36833495.683114
wind-ofs_1,p1,2029,0.0
wind-ofs_1,p10,2035,18937.68006
wind-ofs_1,p10,2038,18786.17862
wind-ofs_1,p10,2041,18634.677179
wind-ofs_1,p10,2044,18483.175739
wind-ofs_1,p10,2047,18331.674298
wind-ofs_1,p10,2050,18180.172858
wind-ofs_1,p11,2035,7853.64426
wind-ofs_1,p11,2038,8220.364488
wind-ofs_1,p11,2041,7853.737964
wind-ofs_1,p11,2044,7900.020052
wind-ofs_1,p11,2047,7878.036918
wind-ofs_1,p11,2050,7955.19144
wind-ofs_1,p9,2035,1228153.74876
wind-ofs_1,p9,2038,1230609.651299
wind-ofs_1,p9,2041,1233171.074572
wind-ofs_1,p9,2044,1221710.196059
wind-ofs_1,p9,2047,1213119.512384
wind-ofs_1,p9,2050,1203093.73129
wind-ofs_2,p1,2035,-0.0
wind-ofs_2,p2,2029,0.0
wind-ofs_2,p2,2035,0.0
wind-ofs_2,p66,2029,0.0
wind-ofs_2,p67,2029,-0.0
wind-ofs_2,p74,2032,0.0
wind-ofs_2,p9,2035,717424.82115
wind-ofs_2,p9,2038,724619.554862
wind-ofs_2,p9,2041,713941.121329
wind-ofs_2,p9,2044,712932.142687
wind-ofs_2,p9,2047,707088.4366
wind-ofs_2,p9,2050,701244.730512
wind-ofs_2,p90,2029,-0.0
wind-ofs_2,p94,2029,0.0
wind-ofs_2,p94,2032,-0.0
wind-ofs_2,p96,2047,-0.0
wind-ofs_3,p105,2029,0.0
wind-ofs_3,p111,2026,70143.5232
wind-ofs_3,p111,2029,69582.375014
wind-ofs_3,p111,2032,69021.226829
wind-ofs_3,p111,2035,68460.078643
wind-ofs_3,p111,2038,67898.930458
wind-ofs_3,p111,2041,67337.782272
wind-ofs_3,p111,2044,66776.634086
wind-ofs_3,p111,2047,66285.629424
wind-ofs_3,p111,2050,65724.481238
wind-ofs_3,p127,2029,4688454.407188
wind-ofs_3,p127,2032,4650946.77193
wind-ofs_3,p127,2035,15175485.903603
wind-ofs_3,p127,2038,15053481.89421
wind-ofs_3,p127,2041,14931477.884817
wind-ofs_3,p127,2044,14809473.875424
wind-ofs_3,p127,2047,14687469.866031
wind-ofs_3,p127,2050,14570154.311045
wind-ofs_3,p134,2032,396884.448
wind-ofs_3,p134,2035,413763.088896
wind-ofs_3,p134,2038,410426.289792
wind-ofs_3,p134,2041,407089.490688
wind-ofs_3,p134,2044,403752.691584
wind-ofs_3,p134,2047,397028.0448
wind-ofs_3,p134,2050,391898.400768
wind-ofs_3,p65,2029,0.0
wind-ofs_3,p65,2032,0.0
wind-ofs_3,p99,2023,0.0
wind-ofs_3,p99,2026,4240102.14939
wind-ofs_3,p99,2029,4206181.332195
wind-ofs_3,p99,2032,4172260.515
wind-ofs_3,p99,2035,4138339.697805
wind-ofs_3,p99,2038,4104418.88061
wind-ofs_3,p99,2041,4070498.063414
wind-ofs_3,p99,2044,4036577.246219
wind-ofs_3,p99,2047,4006896.531174
wind-ofs_3,p99,2050,3972975.713978
wind-ofs_3,z122,2035,0.0
wind-ofs_4,p104,2032,0.0
wind-ofs_4,p123,2029,1034093.7
wind-ofs_4,p123,2032,9295313.1264
wind-ofs_4,p123,2035,9220884.439392
wind-ofs_4,p123,2038,29648939.208384
wind-ofs_4,p123,2041,29410490.653728
wind-ofs_4,p123,2044,29172042.099072
wind-ofs_4,p123,2047,28933593.544416
wind-ofs_4,p123,2050,28696179.08346
wind-ofs_4,p125,2026,3516114.42
wind-ofs_4,p125,2029,3793215.200546
wind-ofs_4,p125,2032,3762644.447618
wind-ofs_4,p125,2035,3732073.694691
wind-ofs_4,p125,2038,3701502.941764
wind-ofs_4,p125,2041,3661551.849567
wind-ofs_4,p125,2044,3640361.435909
wind-ofs_4,p125,2047,3561857.049651
wind-ofs_4,p125,2050,3490115.161529
wind-ofs_4,p126,2029,22031526.753802
wind-ofs_4,p126,2032,21855274.539771
wind-ofs_4,p126,2035,22326639.772929
wind-ofs_4,p126,2038,31502967.419321
wind-ofs_4,p126,2041,41506664.621748
wind-ofs_4,p126,2044,41315454.060087
wind-ofs_4,p126,2047,40946735.173452
wind-ofs_4,p126,2050,40607687.727406
wind-ofs_4,p127,2029,2685698.34828
wind-ofs_4,p127,2032,2664212.761494
wind-ofs_4,p127,2035,3517260.840858
wind-ofs_4,p127,2038,3488778.984742
wind-ofs_4,p127,2041,3460297.128627
wind-ofs_4,p127,2044,3421718.706696
wind-ofs_4,p127,2047,3403333.416396
wind-ofs_4,p127,2050,3364995.954019
wind-ofs_4,p128,2029,5880304.718374
wind-ofs_4,p128,2032,5833262.280627
wind-ofs_4,p128,2035,14433110.307301
wind-ofs_4,p128,2038,14316892.745839
wind-ofs_4,p128,2041,14200675.184376
wind-ofs_4,p128,2044,14081242.073682
wind-ofs_4,p128,2047,13910493.448763
wind-ofs_4,p128,2050,13666484.699153
wind-ofs_4,p131,2026,826232.9076
wind-ofs_4,p131,2029,819623.044339
wind-ofs_4,p131,2032,813013.181078
wind-ofs_4,p131,2035,806403.317818
wind-ofs_4,p131,2038,799793.454557
wind-ofs_4,p131,2041,793183.591296
wind-ofs_4,p131,2044,786573.728035
wind-ofs_4,p131,2047,780790.097682
wind-ofs_4,p131,2050,774180.234421
wind-ofs_4,p132,2026,1189749.757209
wind-ofs_4,p132,2029,1180231.759151
wind-ofs_4,p132,2032,1741000.320018
wind-ofs_4,p132,2035,3665063.837489
wind-ofs_4,p132,2038,3635478.396496
wind-ofs_4,p132,2041,3605892.955503
wind-ofs_4,p132,2044,3576307.514509
wind-ofs_4,p132,2047,3547911.823274
wind-ofs_4,p132,2050,3518326.382281
wind-ofs_4,p133,2020,0.0
wind-ofs_4,p133,2026,1414429.3272
wind-ofs_4,p133,2029,1403113.892582
wind-ofs_4,p133,2032,1391798.457965
wind-ofs_4,p133,2035,1380483.023347
wind-ofs_4,p133,2038,1369167.58873
wind-ofs_4,p133,2041,1357852.154112
wind-ofs_4,p133,2044,1346536.719494
wind-ofs_4,p133,2047,1336635.714204
wind-ofs_4,p133,2050,1310489.396081
wind-ofs_4,p98,2038,0.0
wind-ofs_4,p99,2023,37143.828
wind-ofs_4,p99,2026,3675345.789096
wind-ofs_4,p99,2029,3814590.487848
wind-ofs_4,p99,2032,7954484.024512
wind-ofs_4,p99,2035,11938125.728825
wind-ofs_4,p99,2038,11841624.113701
wind-ofs_4,p99,2041,11745122.498577
wind-ofs_4,p99,2044,11648658.027281
wind-ofs_4,p99,2047,11555794.911268
wind-ofs_4,p99,2050,11459499.089815
wind-ofs_5,p131,2035,10057064.949016
wind-ofs_5,p131,2038,9976608.429424
wind-ofs_5,p131,2041,9896151.909832
wind-ofs_5,p131,2044,9815695.39024
wind-ofs_5,p131,2047,9735238.870647
wind-ofs_5,p131,2050,9654782.351055
wind-ofs_5,p132,2026,-0.0
wind-ofs_5,p132,2032,4069532.579856
wind-ofs_5,p132,2035,4036976.319217
wind-ofs_5,p132,2038,4004420.058578
wind-ofs_5,p132,2041,3971863.797939
wind-ofs_5,p132,2044,3939307.537301
wind-ofs_5,p132,2047,3906751.276662
wind-ofs_5,p132,2050,3874195.016023
wind-ofs_5,p133,2020,105855.8604
wind-ofs_5,p133,2023,105009.013517
wind-ofs_5,p133,2026,104162.166634
wind-ofs_5,p133,2029,103315.31975
wind-ofs_5,p133,2032,102468.472867
wind-ofs_5,p133,2035,3920321.625984
wind-ofs_5,p133,2038,3888925.179101
wind-ofs_5,p133,2041,3857634.588078
wind-ofs_5,p133,2044,3826238.141195
wind-ofs_5,p133,2047,3794947.550172
wind-ofs_5,p133,2050,3742429.8222
wind-ofs_6,p1,2029,-0.0
wind-ofs_6,p10,2035,-0.0
wind-ofs_6,p101,2041,0.0
wind-ofs_6,p101,2044,0.0
wind-ofs_6,p102,2032,-0.0
wind-ofs_6,p11,2035,-0.0
wind-ofs_6,p11,2038,0.0
wind-ofs_6,p11,2050,0.0
wind-ofs_6,p9,2035,509577.86358
wind-ofs_6,p9,2038,981717.800241
wind-ofs_6,p9,2041,1002724.417502
wind-ofs_6,p9,2044,994603.575164
wind-ofs_6,p9,2047,979517.286512
wind-ofs_6,p9,2050,978361.890486
wind-ofs_7,p101,2041,-0.0
wind-ofs_7,p102,2032,0.0
wind-ofs_7,p127,2026,458051.616
wind-ofs_7,p127,2029,454387.203072
wind-ofs_7,p127,2032,450722.790144
wind-ofs_7,p127,2035,447058.377216
wind-ofs_7,p127,2038,443393.964288
wind-ofs_7,p127,2041,439729.55136
wind-ofs_7,p127,2044,436065.138432
wind-ofs_7,p127,2047,432858.77712
wind-ofs_7,p127,2050,429194.364192
wind-ofs_7,p2,2029,-0.0
wind-ofs_7,p65,2029,-0.0
wind-ofs_7,p65,2032,0.0
wind-ofs_7,p67,2029,0.0
wind-ofs_7,p94,2029,-0.0
wind-ofs_7,p94,2032,-0.0
wind-ofs_8,p127,2026,0.0
wind-ofs_8,p127,2035,0.0
wind-ofs_8,p130,2035,0.0
wind-ofs_8,p130,2050,0.0
wind-ofs_8,p65,2029,0.0
wind-ofs_8,p98,2029,-0.0
wind-ofs_9,p104,2032,-0.0
wind-ofs_9,p123,2041,0.0
wind-ofs_9,p125,2029,0.0
wind-ofs_9,p125,2038,-0.0
wind-ofs_9,p126,2047,-0.0
wind-ofs_9,p131,2026,9481148.8837
wind-ofs_9,p131,2029,9405299.69263
wind-ofs_9,p131,2032,9329450.501561
wind-ofs_9,p131,2035,9253601.310491
wind-ofs_9,p131,2038,9177752.119421
wind-ofs_9,p131,2041,9101902.928352
wind-ofs_9,p131,2044,9026053.737282
wind-ofs_9,p131,2047,8959685.695096
wind-ofs_9,p131,2050,8883836.504027
wind-ofs_9,p2,2029,0.0
wind-ofs_9,p2,2050,-0.0
wind-ofs_9,p74,2032,0.0
wind-ofs_9,p98,2038,-0.0
wind-ofs_9,p99,2026,0.0
wind-ofs_10,p123,2041,0.0
wind-ofs_10,p125,2035,0.0
wind-ofs_10,p125,2041,-0.0
wind-ofs_10,p126,2047,-0.0
wind-ofs_10,p126,2050,-0.0
wind-ofs_10,p128,2035,-0.0
wind-ofs_10,p134,2041,10716003.976638
wind-ofs_10,p134,2044,11345351.275681
wind-ofs_10,p134,2047,11074429.756231
wind-ofs_10,p134,2050,11101369.405662
wind-ofs_10,p6,2029,-0.0
wind-ofs_10,p9,2035,10786936.7232
wind-ofs_10,p9,2038,26441200.973569
wind-ofs_10,p9,2041,26442826.385296
wind-ofs_10,p9,2044,26239343.578988
wind-ofs_10,p9,2047,26007219.651869
wind-ofs_10,p9,2050,26011370.468941
wind-ofs_10,p98,2029,-0.0
wind-ofs_10,p98,2032,0.0
wind-ofs_10,p98,2038,-0.0
wind-ons_1,p1,2050,-0.0
wind-ons_1,p10,2010,260158.3308
wind-ons_1,p10,2015,260158.3308
wind-ons_1,p10,2020,260158.3308
wind-ons_1,p10,2023,182134.692
wind-ons_1,p10,2026,175573.071
wind-ons_1,p10,2029,174124.068
wind-ons_1,p10,2032,172974.78
wind-ons_1,p10,2035,154496.349
wind-ons_1,p10,2038,21474.396
wind-ons_1,p2,2050,-0.0
wind-ons_1,p3,2047,0.0
wind-ons_1,p3,2050,0.0
wind-ons_1,p9,2010,26033.031
wind-ons_1,p9,2015,26033.031
wind-ons_1,p9,2020,26033.031
wind-ons_1,p9,2023,12945.387
wind-ons_1,p9,2026,12945.387
wind-ons_1,p9,2029,3244.2834
wind-ons_1,p9,2032,3271.911
wind-ons_1,p9,2035,3271.911
wind-ons_1,p97,2032,0.0
wind-ons_2,p10,2010,78137.136
wind-ons_2,p10,2015,78137.136
wind-ons_2,p10,2020,78137.136
wind-ons_2,p10,2023,78137.136
wind-ons_2,p10,2026,78137.136
wind-ons_2,p10,2029,77889.4704
wind-ons_2,p10,2032,75438.1998
wind-ons_2,p10,2035,34107.48
wind-ons_2,p10,2038,14469.84
wind-ons_2,p11,2035,0.0
wind-ons_2,p130,2032,0.0
wind-ons_2,p130,2035,-0.0
wind-ons_2,p25,2010,18563.1831
wind-ons_2,p25,2015,18563.1831
wind-ons_2,p25,2020,18563.1831
wind-ons_2,p25,2023,18563.1831
wind-ons_2,p25,2026,18563.1831
wind-ons_2,p25,2029,17570.3094
wind-ons_2,p25,2032,18013.3065
wind-ons_2,p25,2035,18563.1831
wind-ons_2,p25,2038,18563.1831
wind-ons_2,p33,2029,865773.3603
wind-ons_2,p33,2032,858847.173418
wind-ons_2,p33,2035,851920.986535
wind-ons_2,p33,2038,844994.799653
wind-ons_2,p33,2041,838068.61277
wind-ons_2,p33,2044,831142.425888
wind-ons_2,p33,2047,824216.239006
wind-ons_2,p33,2050,818155.825484
wind-ons_2,p4,2035,-0.0
wind-ons_2,p9,2010,23893.704
wind-ons_2,p9,2015,23893.704
wind-ons_2,p9,2020,23893.704
wind-ons_2,p9,2023,23893.704
wind-ons_2,p9,2026,23893.704
wind-ons_2,p9,2029,23821.632
wind-ons_2,p9,2032,23893.704
wind-ons_2,p9,2035,23893.704
wind-ons_2,p99,2047,0.0
wind-ons_3,p1,2035,0.0
wind-ons_3,p10,2010,128199.34695
wind-ons_3,p10,2015,128199.34695
wind-ons_3,p10,2020,128199.34695
wind-ons_3,p10,2023,101295.96405
wind-ons_3,p10,2026,101295.96405
wind-ons_3,p10,2029,100451.68665
wind-ons_3,p10,2032,67641.5178
wind-ons_3,p10,2035,41429.4906
wind-ons_3,p10,2038,5586.9645
wind-ons_3,p10,2050,0.0
wind-ons_3,p101,2032,-0.0
wind-ons_3,p102,2032,873642.078
wind-ons_3,p102,2035,866652.941376
wind-ons_3,p102,2038,859663.804752
wind-ons_3,p102,2041,852674.668128
wind-ons_3,p102,2044,845685.531504
wind-ons_3,p102,2047,838696.39488
wind-ons_3,p102,2050,831707.258256
wind-ons_3,p11,2050,0.0
wind-ons_3,p120,2047,0.0
wind-ons_3,p129,2026,-0.0
wind-ons_3,p129,2029,0.0
wind-ons_3,p130,2050,0.0
wind-ons_3,p14,2032,-0.0
wind-ons_3,p2,2010,176806.212
wind-ons_3,p2,2015,176806.212
wind-ons_3,p2,2020,176806.212
wind-ons_3,p2,2023,176806.212
wind-ons_3,p2,2026,176806.212
wind-ons_3,p2,2029,176806.212
wind-ons_3,p2,2038,0.0
wind-ons_3,p2,2041,-0.0
wind-ons_3,p2,2044,-0.0
wind-ons_3,p2,2050,-0.0
wind-ons_3,p3,2032,-0.0
wind-ons_3,p3,2038,-0.0
wind-ons_3,p33,2035,-0.0
wind-ons_3,p34,2029,2435836.86225
wind-ons_3,p34,2032,2416350.167352
wind-ons_3,p34,2035,2396863.472454
wind-ons_3,p34,2038,2377376.777556
wind-ons_3,p34,2041,2357890.082658
wind-ons_3,p34,2044,2338403.38776
wind-ons_3,p34,2047,2318916.692862
wind-ons_3,p34,2050,2301865.834826
wind-ons_3,p4,2038,0.0
wind-ons_3,p50,2050,-0.0
wind-ons_3,p6,2032,-0.0
wind-ons_3,p61,2026,1602278.865
wind-ons_3,p61,2029,1589460.63408
wind-ons_3,p61,2032,1576642.40316
wind-ons_3,p61,2035,1563824.17224
wind-ons_3,p61,2038,1551005.94132
wind-ons_3,p61,2041,1467402.653535
wind-ons_3,p61,2044,1437136.234741
wind-ons_3,p61,2047,1385736.145548
wind-ons_3,p61,2050,1469492.000262
wind-ons_3,p7,2032,0.0
wind-ons_3,p9,2010,102736.5003
wind-ons_3,p9,2015,102736.5003
wind-ons_3,p9,2020,102736.5003
wind-ons_3,p9,2023,102736.5003
wind-ons_3,p9,2026,87105.279
wind-ons_3,p9,2029,86831.967
wind-ons_3,p9,2032,87105.279
wind-ons_3,p9,2035,65627.265
wind-ons_3,p9,2041,-0.0
wind-ons_3,p9,2047,155884.8249
wind-ons_3,p9,2050,167940.626112
wind-ons_3,p92,2010,809.7684
wind-ons_3,p92,2015,809.7684
wind-ons_3,p92,2020,809.7684
wind-ons_3,p92,2023,809.7684
wind-ons_3,p92,2026,809.7684
wind-ons_3,p92,2029,809.7684
wind-ons_3,p98,2032,0.0
wind-ons_3,z122,2047,-0.0
wind-ons_4,p1,2032,0.0
wind-ons_4,p1,2044,-0.0
wind-ons_4,p10,2010,60255.0525
wind-ons_4,p10,2015,60255.0525
wind-ons_4,p10,2020,60255.0525
wind-ons_4,p10,2023,56676.5865
wind-ons_4,p10,2026,56676.5865
wind-ons_4,p10,2029,56395.1664
wind-ons_4,p10,2032,32203.368
wind-ons_4,p10,2038,98725.6785
wind-ons_4,p10,2041,97935.873072
wind-ons_4,p10,2044,97146.067644
wind-ons_4,p10,2047,96356.262216
wind-ons_4,p10,2050,95566.456788
wind-ons_4,p101,2038,-0.0
wind-ons_4,p101,2041,1130265.35421
wind-ons_4,p101,2044,1121223.231376
wind-ons_4,p101,2047,1112181.108542
wind-ons_4,p101,2050,1103138.985709
wind-ons_4,p102,2032,2601664.333194
wind-ons_4,p102,2035,2580851.018529
wind-ons_4,p102,2038,2560037.703863
wind-ons_4,p102,2041,2539224.389197
wind-ons_4,p102,2044,2518411.074532
wind-ons_4,p102,2047,2497597.759866
wind-ons_4,p102,2050,2476784.445201
wind-ons_4,p11,2050,-0.0
wind-ons_4,p116,2010,35471.982
wind-ons_4,p116,2015,35471.982
wind-ons_4,p116,2020,35471.982
wind-ons_4,p116,2023,35471.982
wind-ons_4,p116,2026,35471.982
wind-ons_4,p116,2029,35471.982
wind-ons_4,p116,2032,35471.982
wind-ons_4,p116,2035,35471.982
wind-ons_4,p116,2038,35471.982
wind-ons_4,p12,2035,0.0
wind-ons_4,p12,2047,-0.0
wind-ons_4,p126,2050,0.0
wind-ons_4,p127,2010,91865.73825
wind-ons_4,p127,2015,91865.73825
wind-ons_4,p127,2020,91865.73825
wind-ons_4,p127,2023,91865.73825
wind-ons_4,p127,2026,91865.73825
wind-ons_4,p127,2029,91865.73825
wind-ons_4,p127,2032,91865.73825
wind-ons_4,p127,2035,91865.73825
wind-ons_4,p127,2050,-0.0
wind-ons_4,p13,2026,57825.72
wind-ons_4,p13,2029,57363.11424
wind-ons_4,p13,2032,56900.50848
wind-ons_4,p13,2035,56437.90272
wind-ons_4,p13,2038,55975.29696
wind-ons_4,p13,2041,55512.6912
wind-ons_4,p13,2044,55050.08544
wind-ons_4,p13,2047,54645.3054
wind-ons_4,p13,2050,54182.69964
wind-ons_4,p14,2032,0.0
wind-ons_4,p15,2032,0.0
wind-ons_4,p2,2035,0.0
wind-ons_4,p21,2038,0.0
wind-ons_4,p23,2026,570497.58
wind-ons_4,p23,2029,565933.59936
wind-ons_4,p23,2032,561369.61872
wind-ons_4,p23,2035,556805.63808
wind-ons_4,p23,2038,552241.65744
wind-ons_4,p23,2041,531544.032
wind-ons_4,p23,2044,529600.58928
wind-ons_4,p23,2047,522136.7049
wind-ons_4,p23,2050,505274.261775
wind-ons_4,p24,2035,0.0
wind-ons_4,p3,2032,-0.0
wind-ons_4,p3,2038,0.0
wind-ons_4,p32,2038,-0.0
wind-ons_4,p33,2038,-0.0
wind-ons_4,p4,2038,-0.0
wind-ons_4,p5,2010,53693.202
wind-ons_4,p5,2015,53693.202
wind-ons_4,p5,2020,53693.202
wind-ons_4,p5,2023,53693.202
wind-ons_4,p5,2026,53693.202
wind-ons_4,p5,2029,75027.867
wind-ons_4,p5,2032,74571.5316
wind-ons_4,p5,2035,74497.9812
wind-ons_4,p5,2038,74041.6458
wind-ons_4,p5,2041,85358.3574
wind-ons_4,p5,2044,84660.887808
wind-ons_4,p5,2047,83963.418216
wind-ons_4,p5,2050,83322.990549
wind-ons_4,p56,2038,-0.0
wind-ons_4,p59,2035,-0.0
wind-ons_4,p59,2038,0.0
wind-ons_4,p59,2041,506346.546941
wind-ons_4,p59,2044,521414.8416
wind-ons_4,p59,2047,518074.087104
wind-ons_4,p59,2050,503267.544576
wind-ons_4,p60,2015,855836.982
wind-ons_4,p60,2020,844711.101234
wind-ons_4,p60,2023,837864.405378
wind-ons_4,p60,2026,831017.709522
wind-ons_4,p60,2029,663584.158453
wind-ons_4,p60,2032,704385.994098
wind-ons_4,p60,2035,752392.388286
wind-ons_4,p60,2038,783662.16852
wind-ons_4,p60,2041,717223.324392
wind-ons_4,p60,2044,643883.943944
wind-ons_4,p61,2023,4521897.324
wind-ons_4,p61,2026,4485722.145408
wind-ons_4,p61,2029,4449546.966816
wind-ons_4,p61,2032,4413371.788224
wind-ons_4,p61,2035,4212444.363574
wind-ons_4,p61,2038,4239394.492032
wind-ons_4,p61,2041,4036612.84499
wind-ons_4,p61,2044,3800024.238102
wind-ons_4,p61,2047,3666812.928602
wind-ons_4,p61,2050,4038575.326678
wind-ons_4,p62,2035,-0.0
wind-ons_4,p65,2032,-0.0
wind-ons_4,p65,2035,-0.0
wind-ons_4,p9,2041,5159908.431505
wind-ons_4,p9,2044,5229774.73728
wind-ons_4,p9,2047,9845127.233742
wind-ons_4,p9,2050,10230985.434183
wind-ons_4,p91,2038,-0.0
wind-ons_4,p91,2041,0.0
wind-ons_4,p91,2044,-0.0
wind-ons_4,p92,2010,939.2754
wind-ons_4,p92,2015,939.2754
wind-ons_4,p92,2020,939.2754
wind-ons_4,p92,2023,939.2754
wind-ons_4,p92,2026,939.2754
wind-ons_4,p92,2029,939.2754
wind-ons_4,p94,2038,-0.0
wind-ons_4,p95,2038,-0.0
wind-ons_4,p96,2035,-0.0
wind-ons_4,p96,2038,0.0
wind-ons_4,p96,2047,0.0
wind-ons_4,p98,2038,0.0
wind-ons_4,p99,2041,-0.0
wind-ons_4,z28,2038,0.0
wind-ons_5,p1,2010,1139.7312
wind-ons_5,p1,2015,1139.7312
wind-ons_5,p1,2020,1139.7312
wind-ons_5,p1,2023,1139.7312
wind-ons_5,p1,2026,1139.7312
wind-ons_5,p1,2029,1216953.339404
wind-ons_5,p1,2032,3486301.596084
wind-ons_5,p1,2035,3458342.489094
wind-ons_5,p1,2038,3431108.479704
wind-ons_5,p1,2041,3403134.454084
wind-ons_5,p1,2044,5880539.434033
wind-ons_5,p1,2047,6138466.980158
wind-ons_5,p1,2050,7498103.426998
wind-ons_5,p10,2010,12022.56
wind-ons_5,p10,2015,12022.56
wind-ons_5,p10,2020,12022.56
wind-ons_5,p10,2023,15599.0016
wind-ons_5,p10,2026,15517.927987
wind-ons_5,p10,2029,15341.976374
wind-ons_5,p10,2032,15313.674262
wind-ons_5,p10,2035,18740.143649
wind-ons_5,p10,2038,3051986.673744
wind-ons_5,p10,2041,3027566.965874
wind-ons_5,p10,2044,3003157.392206
wind-ons_5,p10,2047,3219173.264029
wind-ons_5,p10,2050,3673427.890674
wind-ons_5,p100,2035,0.0
wind-ons_5,p100,2038,-0.0
wind-ons_5,p100,2044,-0.0
wind-ons_5,p100,2047,510670.548
wind-ons_5,p100,2050,506585.183616
wind-ons_5,p101,2041,-0.0
wind-ons_5,p101,2044,-0.0
wind-ons_5,p102,2032,203366.268
wind-ons_5,p102,2035,201739.337856
wind-ons_5,p102,2038,200112.407712
wind-ons_5,p102,2041,198485.477568
wind-ons_5,p102,2044,196858.547424
wind-ons_5,p102,2047,195231.61728
wind-ons_5,p102,2050,193604.687136
wind-ons_5,p11,2029,565433.442
wind-ons_5,p11,2032,560909.974464
wind-ons_5,p11,2035,642257.636928
wind-ons_5,p11,2038,1227756.130873
wind-ons_5,p11,2041,1850222.361315
wind-ons_5,p11,2044,3154646.43532
wind-ons_5,p11,2047,3175915.959696
wind-ons_5,p11,2050,3161089.26099
wind-ons_5,p115,2029,37634.8095
wind-ons_5,p115,2032,37333.731024
wind-ons_5,p115,2035,37032.652548
wind-ons_5,p115,2038,36731.574072
wind-ons_5,p115,2041,36430.495596
wind-ons_5,p115,2044,36129.41712
wind-ons_5,p115,2047,35828.338644
wind-ons_5,p115,2050,35564.894978
wind-ons_5,p118,2035,-0.0
wind-ons_5,p118,2038,-0.0
wind-ons_5,p118,2041,0.0
wind-ons_5,p118,2044,1373354.712
wind-ons_5,p118,2047,1362367.874304
wind-ons_5,p118,2050,2404040.656608
wind-ons_5,p12,2044,-0.0
wind-ons_5,p12,2050,-0.0
wind-ons_5,p121,2035,-0.0
wind-ons_5,p121,2044,0.0
wind-ons_5,p121,2050,-0.0
wind-ons_5,p123,2035,0.0
wind-ons_5,p123,2044,0.0
wind-ons_5,p127,2010,23391.3735
wind-ons_5,p127,2015,23391.3735
wind-ons_5,p127,2020,23391.3735
wind-ons_5,p127,2023,23391.3735
wind-ons_5,p127,2026,23391.3735
wind-ons_5,p127,2029,23391.3735
wind-ons_5,p127,2032,23391.3735
wind-ons_5,p127,2035,23391.3735
wind-ons_5,p127,2044,-0.0
wind-ons_5,p13,2038,-0.0
wind-ons_5,p15,2010,59739.12
wind-ons_5,p15,2015,59739.12
wind-ons_5,p15,2020,59739.12
wind-ons_5,p15,2023,59739.12
wind-ons_5,p15,2026,59739.12
wind-ons_5,p15,2029,59739.12
wind-ons_5,p15,2032,59739.12
wind-ons_5,p15,2035,59739.12
wind-ons_5,p15,2038,70308.063
wind-ons_5,p15,2041,96861.083256
wind-ons_5,p15,2044,96947.35717
wind-ons_5,p15,2047,96163.771183
wind-ons_5,p15,2050,95380.185197
wind-ons_5,p16,2032,0.0
wind-ons_5,p16,2047,-0.0
wind-ons_5,p18,2035,-0.0
wind-ons_5,p2,2010,333790.1334
wind-ons_5,p2,2015,333790.1334
wind-ons_5,p2,2020,333790.1334
wind-ons_5,p2,2023,333790.1334
wind-ons_5,p2,2026,1282357.2246
wind-ons_5,p2,2029,6333575.649471
wind-ons_5,p2,2032,14247954.177648
wind-ons_5,p2,2035,14133525.363994
wind-ons_5,p2,2038,16434908.314446
wind-ons_5,p2,2041,16858075.348561
wind-ons_5,p2,2044,18667113.536334
wind-ons_5,p2,2047,18514273.425929
wind-ons_5,p2,2050,18365543.555394
wind-ons_5,p21,2038,-0.0
wind-ons_5,p23,2035,-0.0
wind-ons_5,p25,2010,313542.4215
wind-ons_5,p25,2015,313542.4215
wind-ons_5,p25,2020,313542.4215
wind-ons_5,p25,2023,313542.4215
wind-ons_5,p25,2026,313542.4215
wind-ons_5,p25,2029,299957.5755
wind-ons_5,p25,2032,303891.6375
wind-ons_5,p25,2035,313542.4215
wind-ons_5,p25,2038,313542.4215
wind-ons_5,p25,2041,514234.5285
wind-ons_5,p25,2044,510120.652272
wind-ons_5,p25,2047,506006.776044
wind-ons_5,p25,2050,501892.899816
wind-ons_5,p26,2044,-0.0
wind-ons_5,p27,2032,-0.0
wind-ons_5,p27,2035,0.0
wind-ons_5,p3,2020,208557.4266
wind-ons_5,p3,2023,206888.967187
wind-ons_5,p3,2026,205220.507774
wind-ons_5,p3,2029,5920336.526062
wind-ons_5,p3,2032,5872933.790827
wind-ons_5,p3,2035,5825531.055593
wind-ons_5,p3,2038,5778128.320358
wind-ons_5,p3,2041,5730934.142551
wind-ons_5,p3,2044,5683531.407316
wind-ons_5,p3,2047,5636337.229508
wind-ons_5,p3,2050,10602812.837305
wind-ons_5,p4,2029,1373233.9456
wind-ons_5,p4,2032,1362248.074035
wind-ons_5,p4,2035,1351262.202471
wind-ons_5,p4,2038,1340276.330906
wind-ons_5,p4,2041,1329290.459341
wind-ons_5,p4,2044,1318304.587776
wind-ons_5,p4,2047,1307318.716211
wind-ons_5,p4,2050,1297706.078592
wind-ons_5,p48,2035,0.0
wind-ons_5,p5,2010,341697.447
wind-ons_5,p5,2015,341697.447
wind-ons_5,p5,2020,341697.447
wind-ons_5,p5,2023,341697.447
wind-ons_5,p5,2026,341697.447
wind-ons_5,p5,2029,329322.3024
wind-ons_5,p5,2032,294081.6684
wind-ons_5,p5,2035,366162.885
wind-ons_5,p5,2038,366323.835715
wind-ons_5,p5,2041,559149.29663
wind-ons_5,p5,2044,554667.794035
wind-ons_5,p5,2047,550186.29144
wind-ons_5,p5,2050,541996.133702
wind-ons_5,p56,2038,0.0
wind-ons_5,p56,2050,-0.0
wind-ons_5,p57,2044,-0.0
wind-ons_5,p57,2050,0.0
wind-ons_5,p58,2038,0.0
wind-ons_5,p58,2041,-0.0
wind-ons_5,p58,2044,-0.0
wind-ons_5,p58,2047,0.0
wind-ons_5,p59,2032,1895500.332
wind-ons_5,p59,2035,1867977.834624
wind-ons_5,p59,2038,1823119.398144
wind-ons_5,p59,2041,2188056.419497
wind-ons_5,p59,2044,2298230.139903
wind-ons_5,p59,2047,2294743.840073
wind-ons_5,p59,2050,2078937.280904
wind-ons_5,p6,2044,0.0
wind-ons_5,p60,2015,2034879.4002
wind-ons_5,p60,2020,3013564.667597
wind-ons_5,p60,2023,2989244.522799
wind-ons_5,p60,2026,2964924.378001
wind-ons_5,p60,2029,2537023.563051
wind-ons_5,p60,2032,2602128.581442
wind-ons_5,p60,2035,2744204.325338
wind-ons_5,p60,2038,2757585.933528
wind-ons_5,p60,2041,2567614.809581
wind-ons_5,p60,2044,2745569.559784
wind-ons_5,p60,2047,903635.139654
wind-ons_5,p63,2023,3385441.710349
wind-ons_5,p63,2026,3358358.176666
wind-ons_5,p63,2029,3331274.642983
wind-ons_5,p63,2032,3304191.1093
wind-ons_5,p63,2035,3277107.575617
wind-ons_5,p63,2038,3250024.041935
wind-ons_5,p63,2041,3222940.508252
wind-ons_5,p63,2044,3199242.416279
wind-ons_5,p63,2047,3172158.882597
wind-ons_5,p63,2050,3148460.790624
wind-ons_5,p64,2032,-0.0
wind-ons_5,p64,2050,-0.0
wind-ons_5,p65,2032,0.0
wind-ons_5,p65,2035,0.0
wind-ons_5,p65,2038,0.0
wind-ons_5,p66,2035,0.0
wind-ons_5,p66,2038,0.0
wind-ons_5,p66,2041,-0.0
wind-ons_5,p66,2044,0.0
wind-ons_5,p66,2047,-0.0
wind-ons_5,p66,2050,-0.0
wind-ons_5,p67,2032,-0.0
wind-ons_5,p67,2044,0.0
wind-ons_5,p7,2035,-0.0
wind-ons_5,p8,2032,-0.0
wind-ons_5,p8,2044,-0.0
wind-ons_5,p8,2050,0.0
wind-ons_5,p81,2038,0.0
wind-ons_5,p85,2044,-0.0
wind-ons_5,p85,2047,0.0
wind-ons_5,p86,2032,-0.0
wind-ons_5,p87,2038,-0.0
wind-ons_5,p87,2044,-0.0
wind-ons_5,p89,2032,-0.0
wind-ons_5,p89,2038,-0.0
wind-ons_5,p9,2010,47390.4222
wind-ons_5,p9,2015,47390.4222
wind-ons_5,p9,2020,47390.4222
wind-ons_5,p9,2023,47390.4222
wind-ons_5,p9,2026,47390.4222
wind-ons_5,p9,2029,47003.4603
wind-ons_5,p9,2032,47390.4222
wind-ons_5,p9,2035,61654.5222
wind-ons_5,p9,2038,75981.852252
wind-ons_5,p9,2041,9506332.692269
wind-ons_5,p9,2044,9532670.001005
wind-ons_5,p9,2047,9427821.512784
wind-ons_5,p9,2050,9370113.356304
wind-ons_5,p90,2032,0.0
wind-ons_5,p90,2035,-0.0
wind-ons_5,p90,2038,0.0
wind-ons_5,p90,2041,-0.0
wind-ons_5,p90,2044,-0.0
wind-ons_5,p91,2032,2727035.928537
wind-ons_5,p91,2035,5190104.672746
wind-ons_5,p91,2038,5541421.951827
wind-ons_5,p91,2041,11126154.238455
wind-ons_5,p91,2044,11153753.380039
wind-ons_5,p91,2047,11055288.967703
wind-ons_5,p91,2050,10973243.012512
wind-ons_5,p94,2035,-0.0
wind-ons_5,p94,2038,-0.0
wind-ons_5,p94,2041,-0.0
wind-ons_5,p94,2047,0.0
wind-ons_5,p95,2038,0.0
wind-ons_5,p95,2044,0.0
wind-ons_5,p96,2035,-0.0
wind-ons_5,p96,2044,-0.0
wind-ons_5,p96,2047,0.0
wind-ons_5,p96,2050,-0.0
wind-ons_5,p97,2038,0.0
wind-ons_5,p97,2044,-0.0
wind-ons_5,p97,2050,0.0
wind-ons_5,p98,2038,0.0
wind-ons_5,p98,2041,-0.0
wind-ons_5,p98,2044,-0.0
wind-ons_5,p98,2050,0.0
wind-ons_5,p99,2038,-0.0
wind-ons_5,p99,2041,0.0
wind-ons_5,p99,2044,-0.0
wind-ons_5,p99,2047,5331015.638774
wind-ons_5,p99,2050,5329173.203032
wind-ons_5,z122,2010,44679.2094
wind-ons_5,z122,2015,44679.2094
wind-ons_5,z122,2020,44679.2094
wind-ons_5,z122,2023,44679.2094
wind-ons_5,z122,2026,44679.2094
wind-ons_5,z122,2029,44679.2094
wind-ons_5,z122,2032,44679.2094
wind-ons_5,z122,2035,44679.2094
wind-ons_5,z122,2038,44679.2094
wind-ons_5,z122,2044,0.0
wind-ons_5,z28,2010,83808.837
wind-ons_5,z28,2015,83808.837
wind-ons_5,z28,2020,83808.837
wind-ons_5,z28,2023,83808.837
wind-ons_5,z28,2026,83808.837
wind-ons_5,z28,2029,83673.702
wind-ons_5,z28,2032,83808.837
wind-ons_5,z28,2035,82207.629
wind-ons_5,z28,2038,83673.702
wind-ons_5,z28,2041,-0.0
wind-ons_5,z28,2044,0.0
wind-ons_5,z28,2047,123136.335
wind-ons_5,z28,2050,135070.292448
wind-ons_6,p1,2026,157426.605
wind-ons_6,p1,2029,1606509.515916
wind-ons_6,p1,2032,1593647.364486
wind-ons_6,p1,2035,1580785.213055
wind-ons_6,p1,2038,1567923.061625
wind-ons_6,p1,2041,2344957.81025
wind-ons_6,p1,2044,2325776.483619
wind-ons_6,p1,2047,2306752.583594
wind-ons_6,p1,2050,2289021.599287
wind-ons_6,p10,2010,102838.2345
wind-ons_6,p10,2015,102838.2345
wind-ons_6,p10,2020,102838.2345
wind-ons_6,p10,2023,254974.0797
wind-ons_6,p10,2026,441612.17537
wind-ons_6,p10,2029,436993.484588
wind-ons_6,p10,2032,435447.105806
wind-ons_6,p10,2035,433049.891324
wind-ons_6,p10,2038,2146919.469466
wind-ons_6,p10,2041,2148239.806773
wind-ons_6,p10,2044,2770898.580865
wind-ons_6,p10,2047,2866285.036208
wind-ons_6,p10,2050,2822583.780949
wind-ons_6,p100,2032,0.0
wind-ons_6,p100,2035,-0.0
wind-ons_6,p100,2038,540268.416
wind-ons_6,p100,2041,535946.268672
wind-ons_6,p100,2044,1234440.446988
wind-ons_6,p100,2047,1234249.689815
wind-ons_6,p100,2050,1224226.980516
wind-ons_6,p101,2032,335906.298
wind-ons_6,p101,2035,333219.047616
wind-ons_6,p101,2038,330531.797232
wind-ons_6,p101,2041,327844.546848
wind-ons_6,p101,2044,325157.296464
wind-ons_6,p101,2047,322470.04608
wind-ons_6,p101,2050,319782.795696
wind-ons_6,p103,2032,655494.12
wind-ons_6,p103,2035,677621.27232
wind-ons_6,p103,2038,672156.58464
wind-ons_6,p103,2041,666691.89696
wind-ons_6,p103,2044,661227.20928
wind-ons_6,p103,2047,655762.5216
wind-ons_6,p103,2050,650297.83392
wind-ons_6,p109,2050,-0.0
wind-ons_6,p11,2029,621317.556
wind-ons_6,p11,2032,616347.015552
wind-ons_6,p11,2035,611376.475104
wind-ons_6,p11,2038,1430530.746576
wind-ons_6,p11,2041,3316498.22799
wind-ons_6,p11,2044,3308869.899222
wind-ons_6,p11,2047,3291516.009781
wind-ons_6,p11,2050,3265435.622831
wind-ons_6,p112,2041,479881.551899
wind-ons_6,p112,2044,476042.499484
wind-ons_6,p112,2047,472203.447069
wind-ons_6,p112,2050,468364.394653
wind-ons_6,p113,2041,281769.745354
wind-ons_6,p113,2044,279515.587391
wind-ons_6,p113,2047,277261.429428
wind-ons_6,p113,2050,275007.271465
wind-ons_6,p115,2038,0.0
wind-ons_6,p115,2047,-0.0
wind-ons_6,p116,2038,-0.0
wind-ons_6,p116,2044,-0.0
wind-ons_6,p117,2044,-0.0
wind-ons_6,p118,2032,5487305.616
wind-ons_6,p118,2035,6159429.819072
wind-ons_6,p118,2038,6109803.19296
wind-ons_6,p118,2041,6060176.566848
wind-ons_6,p118,2044,6010549.940736
wind-ons_6,p118,2047,5960923.314624
wind-ons_6,p118,2050,5911296.688512
wind-ons_6,p12,2038,-0.0
wind-ons_6,p12,2044,0.0
wind-ons_6,p12,2047,0.0
wind-ons_6,p12,2050,-0.0
wind-ons_6,p121,2038,-0.0
wind-ons_6,p121,2047,145956.006
wind-ons_6,p121,2050,144788.357952
wind-ons_6,p123,2035,0.0
wind-ons_6,p123,2047,0.0
wind-ons_6,p123,2050,-0.0
wind-ons_6,p127,2010,111224.2035
wind-ons_6,p127,2015,111224.2035
wind-ons_6,p127,2020,111224.2035
wind-ons_6,p127,2023,111224.2035
wind-ons_6,p127,2026,111224.2035
wind-ons_6,p127,2029,111224.2035
wind-ons_6,p127,2032,111224.2035
wind-ons_6,p127,2035,111224.2035
wind-ons_6,p127,2038,182030.8725
wind-ons_6,p127,2041,180574.62552
wind-ons_6,p127,2044,179118.37854
wind-ons_6,p127,2047,177662.13156
wind-ons_6,p127,2050,176205.88458
wind-ons_6,p13,2038,-0.0
wind-ons_6,p13,2041,113513.94
wind-ons_6,p13,2044,112508.8704
wind-ons_6,p13,2047,111697.71696
wind-ons_6,p13,2050,110789.60544
wind-ons_6,p132,2050,0.0
wind-ons_6,p15,2010,35879.067
wind-ons_6,p15,2015,35879.067
wind-ons_6,p15,2020,35879.067
wind-ons_6,p15,2023,35879.067
wind-ons_6,p15,2026,35879.067
wind-ons_6,p15,2029,35879.067
wind-ons_6,p15,2032,35879.067
wind-ons_6,p15,2035,35879.067
wind-ons_6,p15,2038,35879.067
wind-ons_6,p15,2041,58079.448
wind-ons_6,p15,2044,58363.889472
wind-ons_6,p15,2047,542458.788328
wind-ons_6,p15,2050,3428952.906047
wind-ons_6,p16,2015,113696.9568
wind-ons_6,p16,2020,112218.896362
wind-ons_6,p16,2023,111309.320707
wind-ons_6,p16,2026,110399.745053
wind-ons_6,p16,2029,1076736.027799
wind-ons_6,p16,2032,1068088.485277
wind-ons_6,p16,2035,2658062.902632
wind-ons_6,p16,2038,2971528.691378
wind-ons_6,p16,2041,2940271.710458
wind-ons_6,p16,2044,8934692.27379
wind-ons_6,p16,2047,9130958.322904
wind-ons_6,p16,2050,9087655.34787
wind-ons_6,p17,2038,0.0
wind-ons_6,p18,2010,17738.2833
wind-ons_6,p18,2015,17738.2833
wind-ons_6,p18,2020,17738.2833
wind-ons_6,p18,2023,17738.2833
wind-ons_6,p18,2026,17738.2833
wind-ons_6,p18,2029,16320.3567
wind-ons_6,p18,2032,16320.3567
wind-ons_6,p18,2035,17738.2833
wind-ons_6,p18,2038,0.0
wind-ons_6,p18,2044,0.0
wind-ons_6,p18,2050,0.0
wind-ons_6,p2,2010,1058658.8868
wind-ons_6,p2,2015,1058658.8868
wind-ons_6,p2,2020,1058658.8868
wind-ons_6,p2,2023,1058658.8868
wind-ons_6,p2,2026,1058658.8868
wind-ons_6,p2,2029,5475581.1918
wind-ons_6,p2,2032,5440245.81336
wind-ons_6,p2,2035,5523375.24492
wind-ons_6,p2,2038,5735230.71888
wind-ons_6,p2,2041,9819149.245056
wind-ons_6,p2,2044,9739385.042957
wind-ons_6,p2,2047,9659620.840858
wind-ons_6,p2,2050,9584273.561063
wind-ons_6,p20,2038,-0.0
wind-ons_6,p25,2035,0.0
wind-ons_6,p25,2041,-0.0
wind-ons_6,p25,2044,-0.0
wind-ons_6,p25,2050,-0.0
wind-ons_6,p26,2044,0.0
wind-ons_6,p27,2035,-0.0
wind-ons_6,p3,2026,389651.12505
wind-ons_6,p3,2029,483614.5866
wind-ons_6,p3,2032,479720.732235
wind-ons_6,p3,2035,776915.432098
wind-ons_6,p3,2038,812047.21846
wind-ons_6,p3,2041,805413.180868
wind-ons_6,p3,2044,798779.143276
wind-ons_6,p3,2047,3107203.440142
wind-ons_6,p3,2050,3082149.133754
wind-ons_6,p33,2010,51742.5975
wind-ons_6,p33,2015,51742.5975
wind-ons_6,p33,2020,51742.5975
wind-ons_6,p33,2023,51742.5975
wind-ons_6,p33,2026,51742.5975
wind-ons_6,p33,2029,49261.5189
wind-ons_6,p33,2032,-0.0
wind-ons_6,p33,2035,0.0
wind-ons_6,p33,2038,84666.1167
wind-ons_6,p33,2041,83988.787766
wind-ons_6,p33,2044,83311.458833
wind-ons_6,p33,2047,82634.129899
wind-ons_6,p33,2050,81956.800966
wind-ons_6,p34,2010,2582.3295
wind-ons_6,p34,2015,2582.3295
wind-ons_6,p34,2020,2582.3295
wind-ons_6,p34,2023,2582.3295
wind-ons_6,p34,2026,2582.3295
wind-ons_6,p34,2029,2364.2865
wind-ons_6,p34,2032,2490.075
wind-ons_6,p34,2044,-0.0
wind-ons_6,p34,2047,0.0
wind-ons_6,p34,2050,4175.694
wind-ons_6,p39,2032,0.0
wind-ons_6,p4,2029,702302.4
wind-ons_6,p4,2032,696683.9808
wind-ons_6,p4,2035,691065.5616
wind-ons_6,p4,2038,685447.1424
wind-ons_6,p4,2041,679828.7232
wind-ons_6,p4,2044,674210.304
wind-ons_6,p4,2047,668591.8848
wind-ons_6,p4,2050,663675.768
wind-ons_6,p48,2035,0.0
wind-ons_6,p5,2010,478442.484
wind-ons_6,p5,2015,478442.484
wind-ons_6,p5,2020,478442.484
wind-ons_6,p5,2023,478442.484
wind-ons_6,p5,2026,478442.484
wind-ons_6,p5,2029,464196.6108
wind-ons_6,p5,2032,467530.1046
wind-ons_6,p5,2035,534378.456
wind-ons_6,p5,2038,652274.984506
wind-ons_6,p5,2041,2394728.60169
wind-ons_6,p5,2044,9474613.494208
wind-ons_6,p5,2047,9736300.056054
wind-ons_6,p5,2050,10991470.231207
wind-ons_6,p55,2035,0.0
wind-ons_6,p56,2041,-0.0
wind-ons_6,p56,2044,-0.0
wind-ons_6,p56,2050,0.0
wind-ons_6,p57,2041,782578.629153
wind-ons_6,p57,2044,1008571.476097
wind-ons_6,p57,2047,1697224.481813
wind-ons_6,p57,2050,1683531.324422
wind-ons_6,p58,2035,16623011.497468
wind-ons_6,p58,2038,21946034.038754
wind-ons_6,p58,2041,29023498.427381
wind-ons_6,p58,2044,28788833.510066
wind-ons_6,p58,2047,28554168.592751
wind-ons_6,p58,2050,28319503.675435
wind-ons_6,p6,2035,0.0
wind-ons_6,p6,2038,-0.0
wind-ons_6,p6,2041,0.0
wind-ons_6,p6,2044,29266.668062
wind-ons_6,p6,2047,29327.872414
wind-ons_6,p6,2050,29241.354275
wind-ons_6,p60,2010,128.01495
wind-ons_6,p60,2015,128.01495
wind-ons_6,p60,2020,6984325.05156
wind-ons_6,p60,2023,10035036.129674
wind-ons_6,p60,2026,9954291.377074
wind-ons_6,p60,2029,9806642.270405
wind-ons_6,p60,2032,9142297.437183
wind-ons_6,p60,2035,9182436.533519
wind-ons_6,p60,2038,8941172.033851
wind-ons_6,p60,2041,8460681.030976
wind-ons_6,p60,2044,9290821.586917
wind-ons_6,p60,2047,8987197.54864
wind-ons_6,p60,2050,2810506.941462
wind-ons_6,p62,2020,1481887.7304
wind-ons_6,p62,2023,4150530.872357
wind-ons_6,p62,2026,4952554.496816
wind-ons_6,p62,2029,4873033.042614
wind-ons_6,p62,2032,4597196.173629
wind-ons_6,p62,2035,4433860.659586
wind-ons_6,p62,2038,4324311.330101
wind-ons_6,p62,2041,3985073.594038
wind-ons_6,p62,2044,4511365.511767
wind-ons_6,p62,2047,4243721.459752
wind-ons_6,p62,2050,3000921.88286
wind-ons_6,p63,2032,0.0
wind-ons_6,p63,2041,-0.0
wind-ons_6,p63,2044,-0.0
wind-ons_6,p64,2041,0.0
wind-ons_6,p64,2044,-0.0
wind-ons_6,p64,2047,-0.0
wind-ons_6,p65,2038,-0.0
wind-ons_6,p66,2035,1058900.083444
wind-ons_6,p66,2038,2978985.21844
wind-ons_6,p66,2041,4764117.649472
wind-ons_6,p66,2044,5830376.82945
wind-ons_6,p66,2047,7051774.123333
wind-ons_6,p66,2050,6994416.316612
wind-ons_6,p67,2032,-0.0
wind-ons_6,p67,2035,-0.0
wind-ons_6,p67,2038,1038542.102094
wind-ons_6,p67,2041,7370650.037238
wind-ons_6,p67,2044,7311618.370245
wind-ons_6,p67,2047,7252586.703253
wind-ons_6,p67,2050,7193555.03626
wind-ons_6,p69,2032,0.0
wind-ons_6,p69,2035,-0.0
wind-ons_6,p69,2038,-0.0
wind-ons_6,p7,2015,6974.172
wind-ons_6,p7,2020,130339.657764
wind-ons_6,p7,2023,129296.215188
wind-ons_6,p7,2026,128252.772612
wind-ons_6,p7,2029,161613.807608
wind-ons_6,p7,2032,157602.816881
wind-ons_6,p7,2035,154733.354556
wind-ons_6,p7,2038,155528.370642
wind-ons_6,p7,2041,154271.012639
wind-ons_6,p7,2044,149824.537158
wind-ons_6,p7,2047,149011.683083
wind-ons_6,p7,2050,40140.841528
wind-ons_6,p70,2010,13639.428
wind-ons_6,p70,2015,13462.115436
wind-ons_6,p70,2020,13271.163444
wind-ons_6,p70,2023,13162.04802
wind-ons_6,p70,2026,13066.572024
wind-ons_6,p70,2029,12957.4566
wind-ons_6,p70,2032,12848.341176
wind-ons_6,p70,2035,12752.86518
wind-ons_6,p70,2038,12643.749756
wind-ons_6,p70,2044,0.0
wind-ons_6,p72,2035,0.0
wind-ons_6,p72,2038,-0.0
wind-ons_6,p72,2041,-0.0
wind-ons_6,p72,2044,0.0
wind-ons_6,p73,2044,-0.0
wind-ons_6,p8,2047,-0.0
wind-ons_6,p80,2010,445934.592
wind-ons_6,p80,2015,440137.442304
wind-ons_6,p80,2020,433894.358016
wind-ons_6,p80,2023,430326.88128
wind-ons_6,p80,2026,427205.339136
wind-ons_6,p80,2029,423637.8624
wind-ons_6,p80,2032,420070.385664
wind-ons_6,p80,2035,416948.84352
wind-ons_6,p80,2038,413381.366784
wind-ons_6,p80,2041,570115.584
wind-ons_6,p80,2044,565554.659328
wind-ons_6,p80,2047,560993.734656
wind-ons_6,p80,2050,556432.809984
wind-ons_6,p81,2035,0.0
wind-ons_6,p81,2038,352101.925276
wind-ons_6,p81,2041,349285.109874
wind-ons_6,p81,2044,487578.246184
wind-ons_6,p81,2047,483632.551168
wind-ons_6,p81,2050,479686.856152
wind-ons_6,p82,2035,0.0
wind-ons_6,p82,2044,-0.0
wind-ons_6,p82,2050,0.0
wind-ons_6,p84,2044,-0.0
wind-ons_6,p85,2032,-0.0
wind-ons_6,p85,2041,-0.0
wind-ons_6,p85,2044,0.0
wind-ons_6,p85,2050,-0.0
wind-ons_6,p86,2035,379883.312655
wind-ons_6,p86,2038,399323.454244
wind-ons_6,p86,2041,396104.554078
wind-ons_6,p86,2044,392885.653912
wind-ons_6,p86,2047,389666.753746
wind-ons_6,p86,2050,386447.85358
wind-ons_6,p87,2032,0.0
wind-ons_6,p87,2038,-0.0
wind-ons_6,p87,2044,-0.0
wind-ons_6,p87,2050,-0.0
wind-ons_6,p89,2032,-0.0
wind-ons_6,p9,2010,103327.434
wind-ons_6,p9,2015,103327.434
wind-ons_6,p9,2020,103327.434
wind-ons_6,p9,2023,103327.434
wind-ons_6,p9,2026,103327.434
wind-ons_6,p9,2029,101297.952
wind-ons_6,p9,2032,103327.434
wind-ons_6,p9,2035,103327.434
wind-ons_6,p9,2038,162211.14
wind-ons_6,p9,2041,3266290.94112
wind-ons_6,p9,2044,4592948.586048
wind-ons_6,p9,2047,4533962.866704
wind-ons_6,p9,2050,4401602.586216
wind-ons_6,p90,2032,0.0
wind-ons_6,p90,2035,-0.0
wind-ons_6,p90,2041,-0.0
wind-ons_6,p90,2044,-0.0
wind-ons_6,p90,2047,-0.0
wind-ons_6,p90,2050,-0.0
wind-ons_6,p92,2010,1151.3187
wind-ons_6,p92,2015,1151.3187
wind-ons_6,p92,2020,1151.3187
wind-ons_6,p92,2023,1151.3187
wind-ons_6,p92,2026,1151.3187
wind-ons_6,p92,2029,1151.3187
wind-ons_6,p92,2032,-0.0
wind-ons_6,p92,2035,1882.6689
wind-ons_6,p92,2038,1867.607549
wind-ons_6,p92,2041,1852.546198
wind-ons_6,p92,2044,1837.484846
wind-ons_6,p92,2047,1822.423495
wind-ons_6,p92,2050,1807.362144
wind-ons_6,p94,2032,2624758.334179
wind-ons_6,p94,2035,13225131.271634
wind-ons_6,p94,2038,18843815.707986
wind-ons_6,p94,2041,20550719.878881
wind-ons_6,p94,2044,24532088.384362
wind-ons_6,p94,2047,24380143.502678
wind-ons_6,p94,2050,24179937.756771
wind-ons_6,p95,2032,152136.9
wind-ons_6,p95,2035,150919.8048
wind-ons_6,p95,2038,149702.7096
wind-ons_6,p95,2041,148355.6112
wind-ons_6,p95,2044,147139.5816
wind-ons_6,p95,2047,146032.416
wind-ons_6,p95,2050,144815.4792
wind-ons_6,p96,2032,14108209.804211
wind-ons_6,p96,2035,14039438.132736
wind-ons_6,p96,2038,13926216.857472
wind-ons_6,p96,2041,14296160.373631
wind-ons_6,p96,2044,22342772.793197
wind-ons_6,p96,2047,22172422.073122
wind-ons_6,p96,2050,22014119.460564
wind-ons_6,p97,2032,181562.979253
wind-ons_6,p97,2035,1156471.251386
wind-ons_6,p97,2038,1147207.861344
wind-ons_6,p97,2041,1137944.471302
wind-ons_6,p97,2044,1128681.08126
wind-ons_6,p97,2047,1119417.691219
wind-ons_6,p97,2050,1110154.301177
wind-ons_6,p98,2035,7307198.316
wind-ons_6,p98,2038,7248740.729472
wind-ons_6,p98,2041,10894252.38425
wind-ons_6,p98,2044,11009756.184165
wind-ons_6,p98,2047,10756113.150465
wind-ons_6,p98,2050,10830293.74292
wind-ons_6,p99,2038,0.0
wind-ons_6,p99,2041,7004259.864
wind-ons_6,p99,2044,19970204.825088
wind-ons_6,p99,2047,40114850.165856
wind-ons_6,p99,2050,39792201.412608
wind-ons_6,z122,2038,-0.0
wind-ons_6,z122,2047,0.0
wind-ons_6,z28,2035,0.0
wind-ons_6,z28,2038,0.0
wind-ons_7,p1,2010,541025.952
wind-ons_7,p1,2015,541025.952
wind-ons_7,p1,2020,541025.952
wind-ons_7,p1,2023,541025.952
wind-ons_7,p1,2026,541025.952
wind-ons_7,p1,2029,541025.952
wind-ons_7,p1,2032,541025.952
wind-ons_7,p1,2035,541025.952
wind-ons_7,p1,2038,829622.652
wind-ons_7,p1,2041,879717.050016
wind-ons_7,p1,2044,872631.818976
wind-ons_7,p1,2047,865546.587936
wind-ons_7,p1,2050,858461.356896
wind-ons_7,p10,2010,179448.435
wind-ons_7,p10,2015,839613.4518
wind-ons_7,p10,2020,1555076.568982
wind-ons_7,p10,2023,2123845.868748
wind-ons_7,p10,2026,2520883.949738
wind-ons_7,p10,2029,2484100.014979
wind-ons_7,p10,2032,2499829.681512
wind-ons_7,p10,2035,2527855.644646
wind-ons_7,p10,2038,2511151.817662
wind-ons_7,p10,2041,2490860.248459
wind-ons_7,p10,2044,2471152.957483
wind-ons_7,p10,2047,2685066.120106
wind-ons_7,p10,2050,2005008.147176
wind-ons_7,p100,2032,1129961.628
wind-ons_7,p100,2035,1120921.934976
wind-ons_7,p100,2038,1111882.241952
wind-ons_7,p100,2041,1488643.028928
wind-ons_7,p100,2044,1476516.932064
wind-ons_7,p100,2047,1464390.8352
wind-ons_7,p100,2050,1452264.738336
wind-ons_7,p103,2029,7626457.04164
wind-ons_7,p103,2032,39898762.316564
wind-ons_7,p103,2035,43887634.527255
wind-ons_7,p103,2038,44476263.249313
wind-ons_7,p103,2041,44165025.709538
wind-ons_7,p103,2044,43762950.012394
wind-ons_7,p103,2047,43395899.281692
wind-ons_7,p103,2050,43052932.632367
wind-ons_7,p105,2044,-0.0
wind-ons_7,p105,2050,0.0
wind-ons_7,p107,2041,0.0
wind-ons_7,p107,2044,0.0
wind-ons_7,p107,2050,-0.0
wind-ons_7,p109,2044,0.0
wind-ons_7,p109,2050,0.0
wind-ons_7,p11,2010,93127.35
wind-ons_7,p11,2015,93127.35
wind-ons_7,p11,2020,93127.35
wind-ons_7,p11,2023,93127.35
wind-ons_7,p11,2026,504803.9451
wind-ons_7,p11,2029,1211738.524939
wind-ons_7,p11,2032,1202763.288238
wind-ons_7,p11,2035,1193671.051536
wind-ons_7,p11,2038,1237327.658662
wind-ons_7,p11,2041,3540812.258491
wind-ons_7,p11,2044,3510299.44069
wind-ons_7,p11,2047,3509494.930298
wind-ons_7,p11,2050,3452412.040953
wind-ons_7,p111,2010,3379.8978
wind-ons_7,p111,2015,3379.8978
wind-ons_7,p111,2020,3379.8978
wind-ons_7,p111,2023,3379.8978
wind-ons_7,p111,2026,3379.8978
wind-ons_7,p111,2029,3379.8978
wind-ons_7,p111,2032,3379.8978
wind-ons_7,p111,2041,0.0
wind-ons_7,p111,2044,5563.4688
wind-ons_7,p111,2047,5518.96105
wind-ons_7,p111,2050,5474.453299
wind-ons_7,p112,2035,-0.0
wind-ons_7,p112,2041,0.0
wind-ons_7,p112,2044,-0.0
wind-ons_7,p112,2050,0.0
wind-ons_7,p113,2041,3829019.04
wind-ons_7,p113,2044,3798386.88768
wind-ons_7,p113,2047,3767754.73536
wind-ons_7,p113,2050,3737122.58304
wind-ons_7,p114,2041,-0.0
wind-ons_7,p114,2044,-0.0
wind-ons_7,p115,2026,73477.03455
wind-ons_7,p115,2029,72889.218274
wind-ons_7,p115,2032,72301.401997
wind-ons_7,p115,2035,71713.585721
wind-ons_7,p115,2038,71125.769444
wind-ons_7,p115,2041,70537.953168
wind-ons_7,p115,2044,69950.136892
wind-ons_7,p115,2047,69435.79765
wind-ons_7,p115,2050,68847.981373
wind-ons_7,p116,2035,-0.0
wind-ons_7,p116,2041,0.0
wind-ons_7,p116,2044,0.0
wind-ons_7,p116,2047,-0.0
wind-ons_7,p116,2050,0.0
wind-ons_7,p117,2041,0.0
wind-ons_7,p117,2044,21662.118364
wind-ons_7,p117,2047,21488.821417
wind-ons_7,p117,2050,21315.52447
wind-ons_7,p118,2032,6194574.144
wind-ons_7,p118,2035,6815351.230848
wind-ons_7,p118,2038,6760431.968256
wind-ons_7,p118,2041,6705512.705664
wind-ons_7,p118,2044,6650593.443072
wind-ons_7,p118,2047,6595674.18048
wind-ons_7,p118,2050,6540754.917888
wind-ons_7,p12,2015,392669.1
wind-ons_7,p12,2020,387564.4017
wind-ons_7,p12,2023,384423.0489
wind-ons_7,p12,2026,690660.2241
wind-ons_7,p12,2029,649315.002276
wind-ons_7,p12,2032,647953.431552
wind-ons_7,p12,2035,651262.940128
wind-ons_7,p12,2038,661372.681104
wind-ons_7,p12,2041,1791324.096926
wind-ons_7,p12,2044,1767222.610001
wind-ons_7,p12,2047,2299939.610256
wind-ons_7,p12,2050,2266721.156448
wind-ons_7,p121,2032,683812.17
wind-ons_7,p121,2035,678341.67264
wind-ons_7,p121,2038,672871.17528
wind-ons_7,p121,2041,667400.67792
wind-ons_7,p121,2044,661930.18056
wind-ons_7,p121,2047,656459.6832
wind-ons_7,p121,2050,650989.18584
wind-ons_7,p123,2032,3294761.976
wind-ons_7,p123,2035,3268403.880192
wind-ons_7,p123,2038,3242045.784384
wind-ons_7,p123,2041,3215687.688576
wind-ons_7,p123,2044,3322630.806308
wind-ons_7,p123,2047,4338145.966374
wind-ons_7,p123,2050,4516240.260045
wind-ons_7,p125,2044,601593.984
wind-ons_7,p125,2047,715654.694336
wind-ons_7,p125,2050,706118.6304
wind-ons_7,p126,2032,-0.0
wind-ons_7,p126,2035,598222.152
wind-ons_7,p126,2038,756972.620784
wind-ons_7,p126,2041,1978685.48952
wind-ons_7,p126,2044,3161771.45507
wind-ons_7,p126,2047,3832398.14256
wind-ons_7,p126,2050,3807762.140016
wind-ons_7,p127,2010,54089.46
wind-ons_7,p127,2015,54089.46
wind-ons_7,p127,2020,54089.46
wind-ons_7,p127,2023,54089.46
wind-ons_7,p127,2026,54089.46
wind-ons_7,p127,2029,54089.46
wind-ons_7,p127,2032,88103.88
wind-ons_7,p127,2035,87399.04896
wind-ons_7,p127,2038,10428326.23392
wind-ons_7,p127,2041,10344888.346752
wind-ons_7,p127,2044,20768239.659497
wind-ons_7,p127,2047,20662820.430336
wind-ons_7,p127,2050,20494827.641088
wind-ons_7,p134,2010,7916.0625
wind-ons_7,p134,2015,7916.0625
wind-ons_7,p134,2020,7916.0625
wind-ons_7,p134,2023,7916.0625
wind-ons_7,p134,2026,7916.0625
wind-ons_7,p134,2029,7266.605283
wind-ons_7,p134,2032,7567.0605
wind-ons_7,p134,2035,7916.0625
wind-ons_7,p134,2038,7916.0625
wind-ons_7,p15,2010,40840.254
wind-ons_7,p15,2015,527727.4188
wind-ons_7,p15,2020,521397.885658
wind-ons_7,p15,2023,517502.788339
wind-ons_7,p15,2026,513607.691021
wind-ons_7,p15,2029,509712.593702
wind-ons_7,p15,2032,675868.312076
wind-ons_7,p15,2035,2685825.295225
wind-ons_7,p15,2038,3256370.49388
wind-ons_7,p15,2041,3255529.258139
wind-ons_7,p15,2044,3290788.477074
wind-ons_7,p15,2047,3378667.153658
wind-ons_7,p15,2050,3777942.323286
wind-ons_7,p16,2010,513683.226
wind-ons_7,p16,2015,1332795.593106
wind-ons_7,p16,2020,1316723.921541
wind-ons_7,p16,2023,1307069.201709
wind-ons_7,p16,2026,1945301.567715
wind-ons_7,p16,2029,1930466.813211
wind-ons_7,p16,2032,1915632.058707
wind-ons_7,p16,2035,1873043.687781
wind-ons_7,p16,2038,1957017.634344
wind-ons_7,p16,2041,2071848.504816
wind-ons_7,p16,2044,2063492.091018
wind-ons_7,p16,2047,2245150.923721
wind-ons_7,p16,2050,2263201.60269
wind-ons_7,p18,2035,-0.0
wind-ons_7,p18,2038,0.0
wind-ons_7,p19,2023,113696.6322
wind-ons_7,p19,2026,122677.01988
wind-ons_7,p19,2029,131480.11476
wind-ons_7,p19,2032,140530.98252
wind-ons_7,p19,2035,150237.06264
wind-ons_7,p19,2038,158903.2914
wind-ons_7,p19,2041,167244.26004
wind-ons_7,p19,2044,175018.90185
wind-ons_7,p19,2047,181683.04356
wind-ons_7,p19,2050,187873.113
wind-ons_7,p2,2010,1276389.2256
wind-ons_7,p2,2015,1799093.1849
wind-ons_7,p2,2020,1792298.033429
wind-ons_7,p2,2023,1788116.401755
wind-ons_7,p2,2026,1783934.77008
wind-ons_7,p2,2029,5423739.104806
wind-ons_7,p2,2032,5390405.5854
wind-ons_7,p2,2035,9761904.628995
wind-ons_7,p2,2038,9901832.502644
wind-ons_7,p2,2041,10437079.152599
wind-ons_7,p2,2044,10476749.144638
wind-ons_7,p2,2047,13420955.699977
wind-ons_7,p2,2050,13314395.089227
wind-ons_7,p21,2010,216747.55866
wind-ons_7,p21,2015,216747.55866
wind-ons_7,p21,2020,216747.55866
wind-ons_7,p21,2023,216747.55866
wind-ons_7,p21,2026,216747.55866
wind-ons_7,p21,2029,196827.3144
wind-ons_7,p21,2032,197503.59912
wind-ons_7,p21,2035,188682.42042
wind-ons_7,p21,2038,189255.36504
wind-ons_7,p21,2041,305514.67164
wind-ons_7,p21,2044,301576.211697
wind-ons_7,p21,2047,298954.108112
wind-ons_7,p21,2050,287853.931222
wind-ons_7,p23,2035,0.0
wind-ons_7,p23,2038,-0.0
wind-ons_7,p24,2035,0.0
wind-ons_7,p24,2038,-0.0
wind-ons_7,p25,2041,1744163.312454
wind-ons_7,p25,2044,1730210.005954
wind-ons_7,p25,2047,1716256.699455
wind-ons_7,p25,2050,3436615.61309
wind-ons_7,p26,2044,-0.0
wind-ons_7,p26,2047,-0.0
wind-ons_7,p27,2038,27367.854742
wind-ons_7,p27,2041,90065.655045
wind-ons_7,p27,2044,92388.055341
wind-ons_7,p27,2047,86997.005266
wind-ons_7,p27,2050,98385.609238
wind-ons_7,p3,2015,274529.1042
wind-ons_7,p3,2020,444518.967245
wind-ons_7,p3,2023,440934.264481
wind-ons_7,p3,2026,437349.561716
wind-ons_7,p3,2029,433764.858951
wind-ons_7,p3,2032,430180.156186
wind-ons_7,p3,2035,426595.453421
wind-ons_7,p3,2038,423285.279761
wind-ons_7,p3,2041,419874.135737
wind-ons_7,p3,2044,416563.962077
wind-ons_7,p3,2047,514173.580002
wind-ons_7,p3,2050,349941.838896
wind-ons_7,p31,2032,0.0
wind-ons_7,p31,2044,0.0
wind-ons_7,p32,2032,-0.0
wind-ons_7,p33,2010,532273.41
wind-ons_7,p33,2015,532273.41
wind-ons_7,p33,2020,532273.41
wind-ons_7,p33,2023,532273.41
wind-ons_7,p33,2026,532273.41
wind-ons_7,p33,2029,4392158.634
wind-ons_7,p33,2032,4361124.95496
wind-ons_7,p33,2035,4340844.996389
wind-ons_7,p33,2038,4656956.28588
wind-ons_7,p33,2041,4618955.827296
wind-ons_7,p33,2044,4580955.368712
wind-ons_7,p33,2047,4542954.910128
wind-ons_7,p33,2050,4508833.661424
wind-ons_7,p34,2010,7625.484
wind-ons_7,p34,2015,7625.484
wind-ons_7,p34,2020,418453.9566
wind-ons_7,p34,2023,1306988.137819
wind-ons_7,p34,2026,3684051.131066
wind-ons_7,p34,2029,3637545.361205
wind-ons_7,p34,2032,4902957.434434
wind-ons_7,p34,2035,4935430.780253
wind-ons_7,p34,2038,4864867.415809
wind-ons_7,p34,2041,4906745.368211
wind-ons_7,p34,2044,4909903.464381
wind-ons_7,p34,2047,4871535.238465
wind-ons_7,p34,2050,4924488.130194
wind-ons_7,p35,2035,-0.0
wind-ons_7,p36,2032,0.0
wind-ons_7,p36,2035,0.0
wind-ons_7,p37,2010,162038.028
wind-ons_7,p37,2015,162038.028
wind-ons_7,p37,2020,162038.028
wind-ons_7,p37,2023,162038.028
wind-ons_7,p37,2026,161216.202
wind-ons_7,p37,2029,162038.028
wind-ons_7,p37,2032,161814.278864
wind-ons_7,p37,2035,162038.028
wind-ons_7,p37,2038,162038.028
wind-ons_7,p37,2044,-0.0
wind-ons_7,p38,2038,0.0
wind-ons_7,p42,2038,0.0
wind-ons_7,p43,2035,0.0
wind-ons_7,p43,2038,0.0
wind-ons_7,p47,2010,58688.19
wind-ons_7,p47,2015,58173.151408
wind-ons_7,p47,2020,26426.708815
wind-ons_7,p47,2023,23241.426983
wind-ons_7,p47,2026,17546.04
wind-ons_7,p47,2029,30056.730217
wind-ons_7,p47,2032,53459.64
wind-ons_7,p47,2035,58688.19
wind-ons_7,p47,2038,-0.0
wind-ons_7,p47,2041,0.0
wind-ons_7,p47,2044,-0.0
wind-ons_7,p47,2050,94214.79
wind-ons_7,p48,2035,0.0
wind-ons_7,p49,2038,0.0
wind-ons_7,p5,2010,1029475.8156
wind-ons_7,p5,2015,1029475.8156
wind-ons_7,p5,2020,1029475.8156
wind-ons_7,p5,2023,1029475.8156
wind-ons_7,p5,2026,1029475.8156
wind-ons_7,p5,2029,2105115.596996
wind-ons_7,p5,2032,2113468.99277
wind-ons_7,p5,2035,2183937.243304
wind-ons_7,p5,2038,2439528.68295
wind-ons_7,p5,2041,2764223.071825
wind-ons_7,p5,2044,5706406.918004
wind-ons_7,p5,2047,6259191.189234
wind-ons_7,p5,2050,8304051.304966
wind-ons_7,p50,2044,0.0
wind-ons_7,p50,2047,0.0
wind-ons_7,p51,2041,0.0
wind-ons_7,p51,2044,0.0
wind-ons_7,p51,2047,0.0
wind-ons_7,p51,2050,-0.0
wind-ons_7,p54,2032,0.0
wind-ons_7,p54,2038,0.0
wind-ons_7,p56,2029,0.0
wind-ons_7,p56,2035,641536.2
wind-ons_7,p56,2038,636403.9104
wind-ons_7,p56,2041,678127.51881
wind-ons_7,p56,2044,714420.124085
wind-ons_7,p56,2047,708578.589365
wind-ons_7,p56,2050,702737.054644
wind-ons_7,p57,2032,-0.0
wind-ons_7,p57,2035,1569909.006
wind-ons_7,p57,2038,1557349.733952
wind-ons_7,p57,2041,1544790.461904
wind-ons_7,p57,2044,1511424.441216
wind-ons_7,p57,2047,1519671.917808
wind-ons_7,p57,2050,1507112.64576
wind-ons_7,p58,2032,205855.992
wind-ons_7,p58,2035,204209.144064
wind-ons_7,p58,2038,202562.296128
wind-ons_7,p58,2041,339137.592192
wind-ons_7,p58,2044,336384.967104
wind-ons_7,p58,2047,333632.342016
wind-ons_7,p58,2050,330879.716928
wind-ons_7,p59,2038,-0.0
wind-ons_7,p59,2044,0.0
wind-ons_7,p59,2050,-0.0
wind-ons_7,p6,2029,1286110.35
wind-ons_7,p6,2032,1275821.4672
wind-ons_7,p6,2035,1265532.5844
wind-ons_7,p6,2038,1255243.7016
wind-ons_7,p6,2041,1244954.8188
wind-ons_7,p6,2044,1234665.936
wind-ons_7,p6,2047,1219677.316704
wind-ons_7,p6,2050,1215374.28075
wind-ons_7,p60,2010,142103.35107
wind-ons_7,p60,2015,142103.35107
wind-ons_7,p60,2020,141101.96277
wind-ons_7,p60,2023,1866821.3268
wind-ons_7,p60,2026,1836093.945567
wind-ons_7,p60,2029,1813575.831294
wind-ons_7,p60,2032,1813284.514791
wind-ons_7,p60,2035,1747025.270602
wind-ons_7,p60,2038,1547692.334742
wind-ons_7,p60,2041,1482346.242276
wind-ons_7,p60,2044,1572855.983998
wind-ons_7,p60,2047,1473469.929964
wind-ons_7,p60,2050,1485599.038829
wind-ons_7,p61,2035,0.0
wind-ons_7,p61,2038,0.0
wind-ons_7,p61,2044,-0.0
wind-ons_7,p62,2032,-0.0
wind-ons_7,p62,2035,0.0
wind-ons_7,p62,2038,0.0
wind-ons_7,p63,2041,-0.0
wind-ons_7,p63,2044,8433372.863916
wind-ons_7,p63,2047,9482059.075573
wind-ons_7,p63,2050,9456984.080865
wind-ons_7,p64,2038,1328835.498456
wind-ons_7,p64,2041,9592022.487765
wind-ons_7,p64,2044,9564867.58733
wind-ons_7,p64,2047,14490613.325572
wind-ons_7,p64,2050,18246425.391843
wind-ons_7,p65,2050,-0.0
wind-ons_7,p66,2029,580142.4
wind-ons_7,p66,2032,629091.051565
wind-ons_7,p66,2035,1110026.847104
wind-ons_7,p66,2038,1101068.944354
wind-ons_7,p66,2041,1092111.041603
wind-ons_7,p66,2044,1083153.138852
wind-ons_7,p66,2047,1074195.236102
wind-ons_7,p66,2050,1065817.475751
wind-ons_7,p67,2029,361020.132
wind-ons_7,p67,2032,358131.970944
wind-ons_7,p67,2035,355243.809888
wind-ons_7,p67,2038,768252.398832
wind-ons_7,p67,2041,2046242.293776
wind-ons_7,p67,2044,2029753.31688
wind-ons_7,p67,2047,2013264.339984
wind-ons_7,p67,2050,1997136.38322
wind-ons_7,p68,2044,-0.0
wind-ons_7,p7,2041,-0.0
wind-ons_7,p7,2044,899233.398
wind-ons_7,p7,2047,880482.39552
wind-ons_7,p7,2050,879213.9384
wind-ons_7,p70,2050,-0.0
wind-ons_7,p71,2038,0.0
wind-ons_7,p72,2035,0.0
wind-ons_7,p72,2038,66500.865291
wind-ons_7,p72,2041,2033777.650725
wind-ons_7,p72,2044,6328926.127201
wind-ons_7,p72,2047,6278160.26631
wind-ons_7,p72,2050,6227394.405419
wind-ons_7,p73,2050,0.0
wind-ons_7,p75,2044,-0.0
wind-ons_7,p76,2044,-0.0
wind-ons_7,p8,2035,2833.738781
wind-ons_7,p8,2038,37055.00061
wind-ons_7,p8,2041,36176.348622
wind-ons_7,p8,2044,945739.002661
wind-ons_7,p8,2047,1012119.084341
wind-ons_7,p8,2050,1018877.420713
wind-ons_7,p80,2010,19738.9395
wind-ons_7,p80,2015,19738.9395
wind-ons_7,p80,2020,19738.9395
wind-ons_7,p80,2023,19738.9395
wind-ons_7,p80,2026,19738.9395
wind-ons_7,p80,2029,19738.9395
wind-ons_7,p80,2032,19738.9395
wind-ons_7,p80,2035,19738.9395
wind-ons_7,p80,2038,19738.9395
wind-ons_7,p80,2041,32385.843
wind-ons_7,p80,2044,32126.756256
wind-ons_7,p80,2047,31867.669512
wind-ons_7,p80,2050,31608.582768
wind-ons_7,p81,2010,104757.2496
wind-ons_7,p81,2015,104757.2496
wind-ons_7,p81,2020,104757.2496
wind-ons_7,p81,2023,104757.2496
wind-ons_7,p81,2026,104757.2496
wind-ons_7,p81,2029,104757.2496
wind-ons_7,p81,2032,104757.2496
wind-ons_7,p81,2035,104757.2496
wind-ons_7,p81,2038,169781.0541
wind-ons_7,p81,2041,1949539.242984
wind-ons_7,p81,2044,3913063.262038
wind-ons_7,p81,2047,4640517.686945
wind-ons_7,p81,2050,4603006.482006
wind-ons_7,p82,2035,-0.0
wind-ons_7,p82,2038,-0.0
wind-ons_7,p82,2041,0.0
wind-ons_7,p82,2044,0.0
wind-ons_7,p82,2047,1286994.384
wind-ons_7,p82,2050,1276698.428928
wind-ons_7,p83,2032,0.0
wind-ons_7,p83,2035,0.0
wind-ons_7,p83,2038,0.0
wind-ons_7,p83,2041,0.0
wind-ons_7,p83,2044,-0.0
wind-ons_7,p83,2047,985733.656644
wind-ons_7,p83,2050,977847.78739
wind-ons_7,p84,2041,-0.0
wind-ons_7,p84,2044,0.0
wind-ons_7,p84,2047,0.0
wind-ons_7,p84,2050,-0.0
wind-ons_7,p85,2035,2889647.178737
wind-ons_7,p85,2038,6266437.520629
wind-ons_7,p85,2041,9633247.84673
wind-ons_7,p85,2044,12840859.106337
wind-ons_7,p85,2047,12736923.536953
wind-ons_7,p85,2050,12632987.967568
wind-ons_7,p87,2026,567005.9535
wind-ons_7,p87,2029,562469.905872
wind-ons_7,p87,2032,557933.858244
wind-ons_7,p87,2035,3951529.786116
wind-ons_7,p87,2038,3919808.682684
wind-ons_7,p87,2041,3888087.579252
wind-ons_7,p87,2044,3856366.47582
wind-ons_7,p87,2047,3825212.378342
wind-ons_7,p87,2050,3793491.27491
wind-ons_7,p89,2044,-0.0
wind-ons_7,p9,2010,160778.7324
wind-ons_7,p9,2015,160778.7324
wind-ons_7,p9,2020,160778.7324
wind-ons_7,p9,2023,160778.7324
wind-ons_7,p9,2026,160778.7324
wind-ons_7,p9,2029,156375.1332
wind-ons_7,p9,2032,160778.7324
wind-ons_7,p9,2035,250550.3286
wind-ons_7,p9,2038,260444.29657
wind-ons_7,p9,2041,252809.736379
wind-ons_7,p9,2044,1316003.303909
wind-ons_7,p9,2047,2726898.817435
wind-ons_7,p9,2050,2745375.108739
wind-ons_7,p92,2010,50473.611
wind-ons_7,p92,2015,50473.611
wind-ons_7,p92,2020,50473.611
wind-ons_7,p92,2023,50473.611
wind-ons_7,p92,2026,50473.611
wind-ons_7,p92,2029,50473.611
wind-ons_7,p92,2032,50473.611
wind-ons_7,p92,2035,82479.141
wind-ons_7,p92,2038,81819.307872
wind-ons_7,p92,2041,81159.474744
wind-ons_7,p92,2044,80499.641616
wind-ons_7,p92,2047,79839.808488
wind-ons_7,p92,2050,79179.97536
wind-ons_7,p94,2032,173786.94
wind-ons_7,p94,2035,1827286.76448
wind-ons_7,p94,2038,1812657.348
wind-ons_7,p94,2041,1798027.93152
wind-ons_7,p94,2044,1774240.42464
wind-ons_7,p94,2047,1768769.09856
wind-ons_7,p94,2050,1754139.68208
wind-ons_7,p96,2032,773387.437799
wind-ons_7,p96,2035,3278832.463917
wind-ons_7,p96,2038,4248239.588267
wind-ons_7,p96,2041,4364483.161267
wind-ons_7,p96,2044,4391432.140973
wind-ons_7,p96,2047,4403798.311944
wind-ons_7,p96,2050,4450602.857142
wind-ons_7,p97,2032,1305923.472
wind-ons_7,p97,2035,1604613.196224
wind-ons_7,p97,2038,1591692.711552
wind-ons_7,p97,2041,1578772.22688
wind-ons_7,p97,2044,1565851.742208
wind-ons_7,p97,2047,1552931.257536
wind-ons_7,p97,2050,1540010.772864
wind-ons_7,p98,2020,444742.896
wind-ons_7,p98,2023,441184.952832
wind-ons_7,p98,2026,437627.009664
wind-ons_7,p98,2029,434069.066496
wind-ons_7,p98,2032,6463262.455427
wind-ons_7,p98,2035,7863350.617529
wind-ons_7,p98,2038,12481097.804646
wind-ons_7,p98,2041,12288011.152046
wind-ons_7,p98,2044,12167634.715459
wind-ons_7,p98,2047,12025136.495847
wind-ons_7,p98,2050,11521614.422042
wind-ons_7,p99,2032,-0.0
wind-ons_7,p99,2038,2007499.854652
wind-ons_7,p99,2041,7776335.023408
wind-ons_7,p99,2044,14188763.398655
wind-ons_7,p99,2047,17535715.922194
wind-ons_7,p99,2050,20715352.657089
wind-ons_7,z122,2010,133405.146
wind-ons_7,z122,2015,133405.146
wind-ons_7,z122,2020,133405.146
wind-ons_7,z122,2023,133405.146
wind-ons_7,z122,2026,133405.146
wind-ons_7,z122,2029,133405.146
wind-ons_7,z122,2032,133405.146
wind-ons_7,z122,2035,133405.146
wind-ons_7,z122,2038,70786.404
wind-ons_7,z122,2041,0.0
wind-ons_7,z122,2044,0.0
wind-ons_7,z28,2010,141709.2894
wind-ons_7,z28,2015,421108.853438
wind-ons_7,z28,2020,415468.780184
wind-ons_7,z28,2023,1036085.32519
wind-ons_7,z28,2026,1027851.424657
wind-ons_7,z28,2029,1018814.761769
wind-ons_7,z28,2032,1011100.205012
wind-ons_7,z28,2035,969670.148472
wind-ons_7,z28,2038,963009.208383
wind-ons_7,z28,2041,984172.34881
wind-ons_7,z28,2044,968564.663716
wind-ons_7,z28,2047,1056295.954963
wind-ons_7,z28,2050,1071471.896
wind-ons_8,p1,2010,361757.6928
wind-ons_8,p1,2015,369529.245994
wind-ons_8,p1,2020,785789.016653
wind-ons_8,p1,2023,779423.26752
wind-ons_8,p1,2026,773419.27608
wind-ons_8,p1,2029,848093.072947
wind-ons_8,p1,2032,3956402.943446
wind-ons_8,p1,2035,3924828.04415
wind-ons_8,p1,2038,3892903.861565
wind-ons_8,p1,2041,5994440.605538
wind-ons_8,p1,2044,6681905.470622
wind-ons_8,p1,2047,6632258.096762
wind-ons_8,p1,2050,6189043.718236
wind-ons_8,p10,2010,211232.385
wind-ons_8,p10,2015,1643530.32
wind-ons_8,p10,2020,1624910.446845
wind-ons_8,p10,2023,1613452.063365
wind-ons_8,p10,2026,1601993.679885
wind-ons_8,p10,2029,1571710.633515
wind-ons_8,p10,2032,1565361.61245
wind-ons_8,p10,2035,1567618.529445
wind-ons_8,p10,2038,1557592.4439
wind-ons_8,p10,2041,1681396.00542
wind-ons_8,p10,2044,1668597.965235
wind-ons_8,p10,2047,2180645.55072
wind-ons_8,p10,2050,2146302.83808
wind-ons_8,p100,2032,141814.89
wind-ons_8,p100,2035,384410.66688
wind-ons_8,p100,2038,381326.305392
wind-ons_8,p100,2041,378241.943904
wind-ons_8,p100,2044,375157.582416
wind-ons_8,p100,2047,372073.220928
wind-ons_8,p100,2050,368988.85944
wind-ons_8,p103,2010,238610.4
wind-ons_8,p103,2015,238610.4
wind-ons_8,p103,2020,238610.4
wind-ons_8,p103,2023,238610.4
wind-ons_8,p103,2026,240835.0164
wind-ons_8,p103,2029,240786.540989
wind-ons_8,p103,2032,240738.065578
wind-ons_8,p103,2035,240689.590166
wind-ons_8,p103,2038,240641.114755
wind-ons_8,p103,2041,2970273.326357
wind-ons_8,p103,2044,7863163.14225
wind-ons_8,p103,2047,10735512.177085
wind-ons_8,p103,2050,15971525.102845
wind-ons_8,p104,2032,0.0
wind-ons_8,p104,2044,-0.0
wind-ons_8,p104,2047,22982.40858
wind-ons_8,p104,2050,22798.549311
wind-ons_8,p105,2010,1886964.1515
wind-ons_8,p105,2015,1886964.1515
wind-ons_8,p105,2020,1886964.1515
wind-ons_8,p105,2023,4060266.6519
wind-ons_8,p105,2026,5953065.142997
wind-ons_8,p105,2029,14520303.572105
wind-ons_8,p105,2032,14418836.422186
wind-ons_8,p105,2035,14317369.272267
wind-ons_8,p105,2038,14215902.122347
wind-ons_8,p105,2041,15324157.910928
wind-ons_8,p105,2044,15520183.729189
wind-ons_8,p105,2047,15393292.522162
wind-ons_8,p105,2050,15275264.339052
wind-ons_8,p107,2035,0.0
wind-ons_8,p107,2038,-0.0
wind-ons_8,p107,2041,1198617.304634
wind-ons_8,p107,2044,1189028.366197
wind-ons_8,p107,2047,1849493.275838
wind-ons_8,p107,2050,2206086.230319
wind-ons_8,p11,2020,379956.72
wind-ons_8,p11,2023,376917.06624
wind-ons_8,p11,2026,857422.96848
wind-ons_8,p11,2029,850514.950272
wind-ons_8,p11,2032,843606.932064
wind-ons_8,p11,2035,836698.913856
wind-ons_8,p11,2038,816807.167616
wind-ons_8,p11,2041,815183.417025
wind-ons_8,p11,2044,802115.379531
wind-ons_8,p11,2047,803320.00893
wind-ons_8,p11,2050,439208.6304
wind-ons_8,p111,2010,10743.0786
wind-ons_8,p111,2015,10743.0786
wind-ons_8,p111,2020,10743.0786
wind-ons_8,p111,2023,10743.0786
wind-ons_8,p111,2026,10743.0786
wind-ons_8,p111,2029,10743.0786
wind-ons_8,p111,2032,10743.0786
wind-ons_8,p111,2038,0.0
wind-ons_8,p111,2041,17639.4186
wind-ons_8,p111,2044,17498.303251
wind-ons_8,p111,2047,17357.187902
wind-ons_8,p111,2050,17216.072554
wind-ons_8,p112,2020,926501.736
wind-ons_8,p112,2023,1515400.580112
wind-ons_8,p112,2026,1940244.86286
wind-ons_8,p112,2029,2640069.66244
wind-ons_8,p112,2032,2618666.919303
wind-ons_8,p112,2035,2597264.176166
wind-ons_8,p112,2038,2575861.43303
wind-ons_8,p112,2041,2555385.191629
wind-ons_8,p112,2044,2534578.75935
wind-ons_8,p112,2047,2514539.544733
wind-ons_8,p112,2050,1640214.015377
wind-ons_8,p113,2035,0.0
wind-ons_8,p113,2038,0.0
wind-ons_8,p113,2041,2187641.700351
wind-ons_8,p113,2044,3310227.773849
wind-ons_8,p113,2047,3283605.942589
wind-ons_8,p113,2050,3256984.111329
wind-ons_8,p114,2038,-0.0
wind-ons_8,p116,2029,2395678.46364
wind-ons_8,p116,2032,2376513.035931
wind-ons_8,p116,2035,2357347.608222
wind-ons_8,p116,2038,2338182.180513
wind-ons_8,p116,2041,2319016.752804
wind-ons_8,p116,2044,2299851.325095
wind-ons_8,p116,2047,2280685.897385
wind-ons_8,p116,2050,2263916.14814
wind-ons_8,p117,2035,-0.0
wind-ons_8,p117,2038,1218369.6
wind-ons_8,p117,2041,1208622.6432
wind-ons_8,p117,2044,1198875.6864
wind-ons_8,p117,2047,1189128.7296
wind-ons_8,p117,2050,1179381.7728
wind-ons_8,p118,2032,4604831.658
wind-ons_8,p118,2035,4567993.004736
wind-ons_8,p118,2038,4531154.351472
wind-ons_8,p118,2041,4494315.698208
wind-ons_8,p118,2044,4457477.044944
wind-ons_8,p118,2047,4420638.39168
wind-ons_8,p118,2050,4383799.738416
wind-ons_8,p12,2026,173459.718
wind-ons_8,p12,2029,172072.040256
wind-ons_8,p12,2032,170684.362512
wind-ons_8,p12,2035,169296.684768
wind-ons_8,p12,2038,167909.007024
wind-ons_8,p12,2041,166521.32928
wind-ons_8,p12,2044,163432.869264
wind-ons_8,p12,2047,322835.09751
wind-ons_8,p12,2050,320692.024674
wind-ons_8,p120,2032,2588056.666428
wind-ons_8,p120,2035,2705410.274813
wind-ons_8,p120,2038,3180776.261091
wind-ons_8,p120,2041,3200082.952374
wind-ons_8,p120,2044,3224574.205953
wind-ons_8,p120,2047,3258189.915262
wind-ons_8,p120,2050,3332226.705867
wind-ons_8,p121,2038,1265875.2
wind-ons_8,p121,2041,1255748.1984
wind-ons_8,p121,2044,1245621.1968
wind-ons_8,p121,2047,1235494.1952
wind-ons_8,p121,2050,1225367.1936
wind-ons_8,p123,2032,6175560.24
wind-ons_8,p123,2035,6126155.75808
wind-ons_8,p123,2038,6076751.27616
wind-ons_8,p123,2041,6471155.764727
wind-ons_8,p123,2044,6418200.811043
wind-ons_8,p123,2047,6645247.059592
wind-ons_8,p123,2050,7537868.165313
wind-ons_8,p124,2032,92258.896726
wind-ons_8,p124,2035,238909.126938
wind-ons_8,p124,2038,350417.98586
wind-ons_8,p124,2041,347593.399983
wind-ons_8,p124,2044,349515.735253
wind-ons_8,p124,2047,1025118.332552
wind-ons_8,p124,2050,1003856.823417
wind-ons_8,p125,2032,6670310.76
wind-ons_8,p125,2035,7330619.029147
wind-ons_8,p125,2038,7379577.88534
wind-ons_8,p125,2041,8322415.701284
wind-ons_8,p125,2044,8469187.736338
wind-ons_8,p125,2047,9227754.641403
wind-ons_8,p125,2050,9148431.812071
wind-ons_8,p126,2015,249.2838
wind-ons_8,p126,2020,246.043111
wind-ons_8,p126,2023,244.04884
wind-ons_8,p126,2026,43297.741106
wind-ons_8,p126,2029,42951.301343
wind-ons_8,p126,2032,1915235.367479
wind-ons_8,p126,2035,3232003.823669
wind-ons_8,p126,2038,3988118.273623
wind-ons_8,p126,2041,5256545.944083
wind-ons_8,p126,2044,8212062.539539
wind-ons_8,p126,2047,9505674.073298
wind-ons_8,p126,2050,9491135.232732
wind-ons_8,p127,2010,749638.36365
wind-ons_8,p127,2015,749638.36365
wind-ons_8,p127,2020,749638.36365
wind-ons_8,p127,2023,749638.36365
wind-ons_8,p127,2026,749638.36365
wind-ons_8,p127,2029,749638.36365
wind-ons_8,p127,2032,13779832.05465
wind-ons_8,p127,2035,13675409.037606
wind-ons_8,p127,2038,22798837.365316
wind-ons_8,p127,2041,38365063.936851
wind-ons_8,p127,2044,49748073.599264
wind-ons_8,p127,2047,51491274.994479
wind-ons_8,p127,2050,62692148.928784
wind-ons_8,p128,2041,174674.88
wind-ons_8,p128,2044,173277.48096
wind-ons_8,p128,2047,171880.08192
wind-ons_8,p128,2050,165938.36832
wind-ons_8,p129,2010,9822.9456
wind-ons_8,p129,2015,9822.9456
wind-ons_8,p129,2020,9822.9456
wind-ons_8,p129,2023,9822.9456
wind-ons_8,p129,2026,9822.9456
wind-ons_8,p129,2032,0.0
wind-ons_8,p129,2050,16230.1464
wind-ons_8,p131,2032,0.0
wind-ons_8,p131,2050,2410060.068
wind-ons_8,p132,2044,606690.036
wind-ons_8,p132,2047,4777023.491712
wind-ons_8,p132,2050,4738768.475616
wind-ons_8,p134,2010,215509.6125
wind-ons_8,p134,2015,215509.6125
wind-ons_8,p134,2020,215509.6125
wind-ons_8,p134,2023,215509.6125
wind-ons_8,p134,2026,215509.6125
wind-ons_8,p134,2029,196361.2125
wind-ons_8,p134,2032,203269.5
wind-ons_8,p134,2035,214797.826975
wind-ons_8,p134,2038,135052.6905
wind-ons_8,p134,2050,0.0
wind-ons_8,p14,2041,769291.956
wind-ons_8,p14,2044,763137.620352
wind-ons_8,p14,2047,756983.284704
wind-ons_8,p14,2050,750828.949056
wind-ons_8,p15,2010,168481.5804
wind-ons_8,p15,2015,169729.719455
wind-ons_8,p15,2020,167326.278134
wind-ons_8,p15,2023,165950.918294
wind-ons_8,p15,2026,164744.040035
wind-ons_8,p15,2029,163368.680195
wind-ons_8,p15,2032,161993.320355
wind-ons_8,p15,2035,160070.815152
wind-ons_8,p15,2038,159414.520655
wind-ons_8,p15,2041,215367.260026
wind-ons_8,p15,2044,213645.866573
wind-ons_8,p15,2047,210840.784243
wind-ons_8,p15,2050,210478.742093
wind-ons_8,p16,2026,1011241.908
wind-ons_8,p16,2029,1003151.972736
wind-ons_8,p16,2032,995062.037472
wind-ons_8,p16,2035,986972.102208
wind-ons_8,p16,2038,967621.349376
wind-ons_8,p16,2041,969661.16928
wind-ons_8,p16,2044,962702.296416
wind-ons_8,p16,2047,928034.982
wind-ons_8,p16,2050,931078.793412
wind-ons_8,p18,2010,229402.1352
wind-ons_8,p18,2015,229402.1352
wind-ons_8,p18,2020,229402.1352
wind-ons_8,p18,2023,229402.1352
wind-ons_8,p18,2026,1793907.8427
wind-ons_8,p18,2029,1765602.99624
wind-ons_8,p18,2032,1753086.95058
wind-ons_8,p18,2035,1756359.70572
wind-ons_8,p18,2038,1743843.66006
wind-ons_8,p18,2041,1869980.904044
wind-ons_8,p18,2044,1862612.890442
wind-ons_8,p18,2047,1848651.645192
wind-ons_8,p18,2050,1833125.894235
wind-ons_8,p2,2010,466438.86
wind-ons_8,p2,2015,1328828.472
wind-ons_8,p2,2020,1317617.407044
wind-ons_8,p2,2023,1310718.290148
wind-ons_8,p2,2026,1303819.173252
wind-ons_8,p2,2029,1296920.056356
wind-ons_8,p2,2032,1290020.93946
wind-ons_8,p2,2035,1283121.822564
wind-ons_8,p2,2038,1573845.11928
wind-ons_8,p2,2041,2910849.051312
wind-ons_8,p2,2044,2887906.663836
wind-ons_8,p2,2047,5289421.431665
wind-ons_8,p2,2050,5246786.72492
wind-ons_8,p20,2010,280657.71
wind-ons_8,p20,2015,280657.71
wind-ons_8,p20,2020,280657.71
wind-ons_8,p20,2023,280657.71
wind-ons_8,p20,2026,1511745.21
wind-ons_8,p20,2029,2614628.385069
wind-ons_8,p20,2032,2595713.510228
wind-ons_8,p20,2035,2585982.010388
wind-ons_8,p20,2038,2745959.174625
wind-ons_8,p20,2041,2734442.174587
wind-ons_8,p20,2044,2711853.178626
wind-ons_8,p20,2047,2690495.270166
wind-ons_8,p20,2050,2669039.54606
wind-ons_8,p21,2010,310944.78516
wind-ons_8,p21,2015,310944.78516
wind-ons_8,p21,2020,310944.78516
wind-ons_8,p21,2023,310944.78516
wind-ons_8,p21,2026,310944.78516
wind-ons_8,p21,2029,284519.865643
wind-ons_8,p21,2032,284027.58048
wind-ons_8,p21,2035,432415.84266
wind-ons_8,p21,2038,430462.72753
wind-ons_8,p21,2041,434243.093465
wind-ons_8,p21,2044,428737.493211
wind-ons_8,p21,2047,425018.932429
wind-ons_8,p21,2050,410294.370258
wind-ons_8,p23,2035,-0.0
wind-ons_8,p23,2038,0.0
wind-ons_8,p24,2032,-0.0
wind-ons_8,p24,2035,-0.0
wind-ons_8,p25,2010,3916.5165
wind-ons_8,p25,2015,270188.723786
wind-ons_8,p25,2020,443585.391569
wind-ons_8,p25,2023,440008.164864
wind-ons_8,p25,2026,436434.854675
wind-ons_8,p25,2029,418843.010284
wind-ons_8,p25,2032,413275.435936
wind-ons_8,p25,2035,2680710.238178
wind-ons_8,p25,2038,3138973.917418
wind-ons_8,p25,2041,3515724.647708
wind-ons_8,p25,2044,3487323.116105
wind-ons_8,p25,2047,3556797.148205
wind-ons_8,p25,2050,3364407.981216
wind-ons_8,p26,2035,222055.812
wind-ons_8,p26,2038,220279.365504
wind-ons_8,p26,2041,1791161.809969
wind-ons_8,p26,2044,2010001.087442
wind-ons_8,p26,2047,1993777.793857
wind-ons_8,p26,2050,1977554.500273
wind-ons_8,p27,2020,826170.624
wind-ons_8,p27,2023,819561.259008
wind-ons_8,p27,2026,812951.894016
wind-ons_8,p27,2029,3186656.697024
wind-ons_8,p27,2032,3153890.594461
wind-ons_8,p27,2035,3103385.160258
wind-ons_8,p27,2038,3056765.88456
wind-ons_8,p27,2041,2827072.530392
wind-ons_8,p27,2044,2866342.217501
wind-ons_8,p27,2047,2689149.862736
wind-ons_8,p27,2050,2223553.130572
wind-ons_8,p31,2010,219133.2
wind-ons_8,p31,2015,219133.2
wind-ons_8,p31,2020,219133.2
wind-ons_8,p31,2023,219133.2
wind-ons_8,p31,2026,219133.2
wind-ons_8,p31,2029,211955.4
wind-ons_8,p31,2032,211955.4
wind-ons_8,p31,2035,219133.2
wind-ons_8,p31,2038,219133.2
wind-ons_8,p31,2041,9780491.694
wind-ons_8,p31,2044,9690879.862689
wind-ons_8,p31,2047,9624003.826896
wind-ons_8,p31,2050,9545759.893344
wind-ons_8,p33,2010,955548.1266
wind-ons_8,p33,2015,955548.1266
wind-ons_8,p33,2020,955548.1266
wind-ons_8,p33,2023,955548.1266
wind-ons_8,p33,2026,1790953.8306
wind-ons_8,p33,2029,1767721.340568
wind-ons_8,p33,2032,8073192.858936
wind-ons_8,p33,2035,8104579.536194
wind-ons_8,p33,2038,8460284.022408
wind-ons_8,p33,2041,10830314.523483
wind-ons_8,p33,2044,18471712.265533
wind-ons_8,p33,2047,18322505.968985
wind-ons_8,p33,2050,18172464.266733
wind-ons_8,p34,2015,1831133.973
wind-ons_8,p34,2020,5724930.080751
wind-ons_8,p34,2023,5678940.202172
wind-ons_8,p34,2026,5632950.323593
wind-ons_8,p34,2029,5445742.611849
wind-ons_8,p34,2032,5325798.637705
wind-ons_8,p34,2035,5254910.665283
wind-ons_8,p34,2038,5247654.928589
wind-ons_8,p34,2041,5366453.450454
wind-ons_8,p34,2044,5346584.427752
wind-ons_8,p34,2047,5967032.786142
wind-ons_8,p34,2050,2333665.27872
wind-ons_8,p36,2010,165914.91
wind-ons_8,p36,2015,165914.91
wind-ons_8,p36,2020,165914.91
wind-ons_8,p36,2023,165914.91
wind-ons_8,p36,2026,161824.3965
wind-ons_8,p36,2029,164676.3795
wind-ons_8,p36,2032,163161.666
wind-ons_8,p36,2035,164705.715
wind-ons_8,p36,2038,262473.446422
wind-ons_8,p36,2041,264004.022304
wind-ons_8,p36,2044,264762.509544
wind-ons_8,p36,2047,262609.968816
wind-ons_8,p36,2050,260457.428088
wind-ons_8,p37,2010,313616.2611
wind-ons_8,p37,2015,311504.509567
wind-ons_8,p37,2020,309230.315609
wind-ons_8,p37,2023,302654.910804
wind-ons_8,p37,2026,309346.922825
wind-ons_8,p37,2029,308484.166798
wind-ons_8,p37,2032,306669.891208
wind-ons_8,p37,2035,305914.209569
wind-ons_8,p37,2038,280400.779642
wind-ons_8,p37,2041,7999.250688
wind-ons_8,p37,2044,456103.240066
wind-ons_8,p37,2047,452459.546998
wind-ons_8,p37,2050,448807.521377
wind-ons_8,p38,2010,55997.0604
wind-ons_8,p38,2015,55997.0604
wind-ons_8,p38,2020,55997.0604
wind-ons_8,p38,2023,54975.2256
wind-ons_8,p38,2026,57797.4174
wind-ons_8,p38,2029,58722.350261
wind-ons_8,p38,2032,58918.958122
wind-ons_8,p38,2035,58852.315982
wind-ons_8,p38,2038,58785.673843
wind-ons_8,p38,2041,91196.131704
wind-ons_8,p38,2044,90463.896965
wind-ons_8,p38,2047,89739.992493
wind-ons_8,p38,2050,88441.267274
wind-ons_8,p40,2035,-0.0
wind-ons_8,p41,2035,-0.0
wind-ons_8,p41,2038,0.0
wind-ons_8,p41,2047,-0.0
wind-ons_8,p41,2050,-0.0
wind-ons_8,p42,2010,6504.0921
wind-ons_8,p42,2015,6504.0921
wind-ons_8,p42,2020,6504.0921
wind-ons_8,p42,2023,6504.0921
wind-ons_8,p42,2026,6493.4001
wind-ons_8,p42,2029,6504.0921
wind-ons_8,p42,2035,10627.8084
wind-ons_8,p42,2038,10542.785933
wind-ons_8,p42,2041,10457.763466
wind-ons_8,p42,2044,10372.740998
wind-ons_8,p42,2047,10287.718531
wind-ons_8,p42,2050,10202.696064
wind-ons_8,p43,2010,57957.486
wind-ons_8,p43,2015,57957.486
wind-ons_8,p43,2020,57957.486
wind-ons_8,p43,2023,57957.486
wind-ons_8,p43,2026,57905.286
wind-ons_8,p43,2029,57957.486
wind-ons_8,p43,2032,57957.486
wind-ons_8,p43,2035,57957.486
wind-ons_8,p43,2038,57957.486
wind-ons_8,p43,2041,95163.906
wind-ons_8,p43,2044,94402.594752
wind-ons_8,p43,2047,93641.283504
wind-ons_8,p43,2050,92879.972256
wind-ons_8,p44,2010,557645.83341
wind-ons_8,p44,2015,550854.44361
wind-ons_8,p44,2020,543540.63921
wind-ons_8,p44,2023,539115.38193
wind-ons_8,p44,2026,535168.71033
wind-ons_8,p44,2029,531525.10341
wind-ons_8,p44,2032,509821.7589
wind-ons_8,p44,2035,541745.26662
wind-ons_8,p44,2038,538879.394005
wind-ons_8,p44,2041,724820.585753
wind-ons_8,p44,2044,719015.782725
wind-ons_8,p44,2047,713210.979697
wind-ons_8,p44,2050,707406.176669
wind-ons_8,p46,2038,-0.0
wind-ons_8,p47,2010,1291.9392
wind-ons_8,p47,2015,1291.9392
wind-ons_8,p47,2020,557.649
wind-ons_8,p47,2023,498.7206
wind-ons_8,p47,2035,0.0
wind-ons_8,p47,2038,0.0
wind-ons_8,p47,2041,2119.1148
wind-ons_8,p47,2044,2065.323168
wind-ons_8,p47,2047,2048.667336
wind-ons_8,p47,2050,2038.977216
wind-ons_8,p48,2010,380893.3344
wind-ons_8,p48,2015,377514.3744
wind-ons_8,p48,2020,163869.592903
wind-ons_8,p48,2023,128441.98574
wind-ons_8,p48,2026,96696.54958
wind-ons_8,p48,2029,128659.8528
wind-ons_8,p48,2032,222627.2256
wind-ons_8,p48,2035,-0.0
wind-ons_8,p48,2038,-0.0
wind-ons_8,p48,2044,0.0
wind-ons_8,p48,2050,473567.960691
wind-ons_8,p49,2038,-0.0
wind-ons_8,p5,2010,714594.1545
wind-ons_8,p5,2015,714594.1545
wind-ons_8,p5,2020,1479486.825
wind-ons_8,p5,2023,1871569.851636
wind-ons_8,p5,2026,1862265.092928
wind-ons_8,p5,2029,3951964.42002
wind-ons_8,p5,2032,3935835.108208
wind-ons_8,p5,2035,3936612.787332
wind-ons_8,p5,2038,3910216.467888
wind-ons_8,p5,2041,4342127.039014
wind-ons_8,p5,2044,4306751.832519
wind-ons_8,p5,2047,4229288.985688
wind-ons_8,p5,2050,3533273.512922
wind-ons_8,p50,2035,208511.256814
wind-ons_8,p50,2038,224817.486235
wind-ons_8,p50,2041,215414.24346
wind-ons_8,p50,2044,219405.093596
wind-ons_8,p50,2047,219378.353503
wind-ons_8,p50,2050,217565.309259
wind-ons_8,p51,2035,4831615.08
wind-ons_8,p51,2038,4792962.15936
wind-ons_8,p51,2041,4754309.23872
wind-ons_8,p51,2044,4715656.31808
wind-ons_8,p51,2047,4677003.39744
wind-ons_8,p51,2050,4638350.4768
wind-ons_8,p52,2038,-0.0
wind-ons_8,p54,2010,10509.24
wind-ons_8,p54,2015,10509.24
wind-ons_8,p54,2020,10509.24
wind-ons_8,p54,2023,10440.72
wind-ons_8,p54,2026,10222.785
wind-ons_8,p54,2029,10509.24
wind-ons_8,p54,2032,10509.24
wind-ons_8,p54,2035,10509.24
wind-ons_8,p54,2038,10509.24
wind-ons_8,p54,2041,17246.835
wind-ons_8,p54,2044,17108.86032
wind-ons_8,p54,2047,16970.88564
wind-ons_8,p54,2050,16832.91096
wind-ons_8,p55,2035,-0.0
wind-ons_8,p55,2041,-0.0
wind-ons_8,p55,2044,-0.0
wind-ons_8,p55,2047,0.0
wind-ons_8,p55,2050,0.0
wind-ons_8,p56,2035,3194966.557284
wind-ons_8,p56,2038,3169406.824826
wind-ons_8,p56,2041,3143847.092368
wind-ons_8,p56,2044,3118287.359909
wind-ons_8,p56,2047,3092727.627451
wind-ons_8,p56,2050,3067167.894993
wind-ons_8,p6,2032,-0.0
wind-ons_8,p6,2038,0.0
wind-ons_8,p60,2010,411818.9586
wind-ons_8,p60,2015,411818.9586
wind-ons_8,p60,2020,408957.4944
wind-ons_8,p60,2023,409744.6416
wind-ons_8,p60,2026,362319.5982
wind-ons_8,p60,2029,276664.815
wind-ons_8,p60,2032,309674.61
wind-ons_8,p60,2035,324852.7275
wind-ons_8,p60,2038,150323.0085
wind-ons_8,p60,2047,-0.0
wind-ons_8,p60,2050,0.0
wind-ons_8,p61,2010,547541.62344
wind-ons_8,p61,2015,1164298.14204
wind-ons_8,p61,2020,4399373.807698
wind-ons_8,p61,2023,4359308.984746
wind-ons_8,p61,2026,4321930.647634
wind-ons_8,p61,2029,4130323.674924
wind-ons_8,p61,2032,3871012.36552
wind-ons_8,p61,2035,4003406.688309
wind-ons_8,p61,2038,3928481.694211
wind-ons_8,p61,2041,3496480.974021
wind-ons_8,p61,2044,3332412.964019
wind-ons_8,p61,2047,3765985.674531
wind-ons_8,p61,2050,1593626.112937
wind-ons_8,p62,2010,28900.62
wind-ons_8,p62,2015,28900.62
wind-ons_8,p62,2020,28252.602
wind-ons_8,p62,2023,27958.938
wind-ons_8,p62,2026,25635.498
wind-ons_8,p62,2029,22068.228
wind-ons_8,p62,2038,-0.0
wind-ons_8,p62,2041,0.0
wind-ons_8,p62,2044,0.0
wind-ons_8,p62,2047,0.0
wind-ons_8,p62,2050,-0.0
wind-ons_8,p63,2032,0.0
wind-ons_8,p63,2035,-0.0
wind-ons_8,p63,2041,22006210.833473
wind-ons_8,p63,2044,24160210.088003
wind-ons_8,p63,2047,24099828.451612
wind-ons_8,p63,2050,24033066.358085
wind-ons_8,p64,2038,5165565.696
wind-ons_8,p64,2041,5124241.170432
wind-ons_8,p64,2044,9416436.020543
wind-ons_8,p64,2047,9380788.946496
wind-ons_8,p64,2050,9304470.898128
wind-ons_8,p65,2010,353876.04
wind-ons_8,p65,2015,353876.04
wind-ons_8,p65,2020,353876.04
wind-ons_8,p65,2023,353876.04
wind-ons_8,p65,2026,353876.04
wind-ons_8,p65,2029,345871.62
wind-ons_8,p65,2032,345871.62
wind-ons_8,p65,2035,8327700.009383
wind-ons_8,p65,2038,8876717.977543
wind-ons_8,p65,2041,8459530.167276
wind-ons_8,p65,2044,8397480.812763
wind-ons_8,p65,2047,8328649.002823
wind-ons_8,p65,2050,12443910.0121
wind-ons_8,p68,2010,409047.4158
wind-ons_8,p68,2015,403989.422122
wind-ons_8,p68,2020,398542.352006
wind-ons_8,p68,2023,395429.740512
wind-ons_8,p68,2026,392342.115854
wind-ons_8,p68,2029,389593.59396
wind-ons_8,p68,2032,386480.982466
wind-ons_8,p68,2035,396391.715208
wind-ons_8,p68,2038,393018.261739
wind-ons_8,p68,2041,529534.313251
wind-ons_8,p68,2044,525293.865274
wind-ons_8,p68,2047,521053.417296
wind-ons_8,p68,2050,516812.969318
wind-ons_8,p69,2010,230622.15
wind-ons_8,p69,2015,230622.15
wind-ons_8,p69,2020,230622.15
wind-ons_8,p69,2023,229012.3836
wind-ons_8,p69,2026,226294.8831
wind-ons_8,p69,2029,230622.15
wind-ons_8,p69,2032,228790.2
wind-ons_8,p69,2035,228790.2
wind-ons_8,p69,2038,228790.2
wind-ons_8,p69,2041,-0.0
wind-ons_8,p69,2044,379100.667
wind-ons_8,p69,2047,376067.861664
wind-ons_8,p69,2050,373035.056328
wind-ons_8,p7,2035,-0.0
wind-ons_8,p70,2032,-0.0
wind-ons_8,p70,2035,0.0
wind-ons_8,p70,2044,-0.0
wind-ons_8,p71,2020,1072914.648
wind-ons_8,p71,2023,1064331.330816
wind-ons_8,p71,2026,1055748.013632
wind-ons_8,p71,2029,1313450.812448
wind-ons_8,p71,2032,1302737.206336
wind-ons_8,p71,2035,1292023.600224
wind-ons_8,p71,2038,1281309.994112
wind-ons_8,p71,2041,1271669.302648
wind-ons_8,p71,2044,1260955.696536
wind-ons_8,p71,2047,1251315.005072
wind-ons_8,p71,2050,251640.37962
wind-ons_8,p72,2032,-0.0
wind-ons_8,p72,2035,-0.0
wind-ons_8,p72,2041,0.0
wind-ons_8,p72,2044,4363635.239084
wind-ons_8,p72,2047,4328726.157172
wind-ons_8,p72,2050,4293817.075259
wind-ons_8,p73,2041,806764.386035
wind-ons_8,p73,2044,804450.127132
wind-ons_8,p73,2047,797962.893195
wind-ons_8,p73,2050,791475.659257
wind-ons_8,p75,2035,0.0
wind-ons_8,p75,2044,-0.0
wind-ons_8,p75,2047,0.0
wind-ons_8,p75,2050,-0.0
wind-ons_8,p76,2010,34890.6195
wind-ons_8,p76,2015,34890.6195
wind-ons_8,p76,2020,34890.6195
wind-ons_8,p76,2023,34890.6195
wind-ons_8,p76,2026,34890.6195
wind-ons_8,p76,2029,34890.6195
wind-ons_8,p76,2032,34890.6195
wind-ons_8,p76,2035,34890.6195
wind-ons_8,p76,2038,34890.6195
wind-ons_8,p76,2041,57258.9765
wind-ons_8,p76,2044,56800.904688
wind-ons_8,p76,2047,56342.832876
wind-ons_8,p76,2050,55884.761064
wind-ons_8,p77,2010,62223.57
wind-ons_8,p77,2015,74996.874
wind-ons_8,p77,2020,351824.391048
wind-ons_8,p77,2023,642839.042856
wind-ons_8,p77,2026,858290.19757
wind-ons_8,p77,2029,2580959.236467
wind-ons_8,p77,2032,2560700.753454
wind-ons_8,p77,2035,2478218.700442
wind-ons_8,p77,2038,2457972.990733
wind-ons_8,p77,2041,2450247.894426
wind-ons_8,p77,2044,2520209.310158
wind-ons_8,p77,2047,2504325.355804
wind-ons_8,p77,2050,2229853.99986
wind-ons_8,p79,2044,0.0
wind-ons_8,p79,2050,-0.0
wind-ons_8,p80,2010,1965842.508
wind-ons_8,p80,2015,2211917.257536
wind-ons_8,p80,2020,3834647.905991
wind-ons_8,p80,2023,4154599.206707
wind-ons_8,p80,2026,4131064.983973
wind-ons_8,p80,2029,7395397.290712
wind-ons_8,p80,2032,7344746.49777
wind-ons_8,p80,2035,7393320.214556
wind-ons_8,p80,2038,7451400.175438
wind-ons_8,p80,2041,8219553.000151
wind-ons_8,p80,2044,8152510.923583
wind-ons_8,p80,2047,8180896.356258
wind-ons_8,p80,2050,6606649.671017
wind-ons_8,p81,2010,466610.8599
wind-ons_8,p81,2015,466610.8599
wind-ons_8,p81,2020,466610.8599
wind-ons_8,p81,2023,1721636.8599
wind-ons_8,p81,2026,3791269.3815
wind-ons_8,p81,2029,3764591.791663
wind-ons_8,p81,2032,3737914.201826
wind-ons_8,p81,2035,3711236.61199
wind-ons_8,p81,2038,3887417.150153
wind-ons_8,p81,2041,3951314.683061
wind-ons_8,p81,2044,3919778.385341
wind-ons_8,p81,2047,7003558.154578
wind-ons_8,p81,2050,8976315.321977
wind-ons_8,p82,2010,203392.8045
wind-ons_8,p82,2015,702922.4379
wind-ons_8,p82,2020,2178014.334266
wind-ons_8,p82,2023,3396910.525946
wind-ons_8,p82,2026,5949441.553706
wind-ons_8,p82,2029,5903088.60617
wind-ons_8,p82,2032,5856735.658634
wind-ons_8,p82,2035,5810382.711098
wind-ons_8,p82,2038,5764529.293195
wind-ons_8,p82,2041,9162062.373053
wind-ons_8,p82,2044,12781577.094242
wind-ons_8,p82,2047,16544967.284768
wind-ons_8,p82,2050,15388749.837438
wind-ons_8,p83,2015,148108.155
wind-ons_8,p83,2020,2307905.830185
wind-ons_8,p83,2023,4092466.859495
wind-ons_8,p83,2026,4059563.892172
wind-ons_8,p83,2029,4026660.924849
wind-ons_8,p83,2032,3993757.957526
wind-ons_8,p83,2035,3960854.990203
wind-ons_8,p83,2038,3928100.131034
wind-ons_8,p83,2041,3897358.886792
wind-ons_8,p83,2044,3866407.067303
wind-ons_8,p83,2047,9506187.173126
wind-ons_8,p83,2050,7436712.73763
wind-ons_8,p84,2041,0.0
wind-ons_8,p84,2044,-0.0
wind-ons_8,p84,2047,0.0
wind-ons_8,p84,2050,0.0
wind-ons_8,p85,2032,-0.0
wind-ons_8,p85,2038,307230.686945
wind-ons_8,p85,2041,304772.841449
wind-ons_8,p85,2044,616862.063298
wind-ons_8,p85,2047,611887.841263
wind-ons_8,p85,2050,606913.619229
wind-ons_8,p9,2023,545241.4224
wind-ons_8,p9,2026,2785978.516442
wind-ons_8,p9,2029,2763655.792859
wind-ons_8,p9,2032,2741333.069277
wind-ons_8,p9,2035,2712814.185438
wind-ons_8,p9,2038,2660445.404562
wind-ons_8,p9,2041,2602825.22761
wind-ons_8,p9,2044,2571760.20538
wind-ons_8,p9,2047,2489495.350116
wind-ons_8,p9,2050,2502918.214844
wind-ons_8,p94,2035,1172388.168
wind-ons_8,p94,2038,1163009.062656
wind-ons_8,p94,2041,1153629.957312
wind-ons_8,p94,2044,1137532.673088
wind-ons_8,p94,2047,1129388.675184
wind-ons_8,p94,2050,1125492.64128
wind-ons_8,p96,2035,173953.26
wind-ons_8,p96,2038,181080.3744
wind-ons_8,p96,2041,173069.79696
wind-ons_8,p96,2044,168464.29536
wind-ons_8,p96,2047,171443.97072
wind-ons_8,p96,2050,169395.4944
wind-ons_8,p97,2032,865138.824
wind-ons_8,p97,2035,1489006.257408
wind-ons_8,p97,2038,1477038.838464
wind-ons_8,p97,2041,1465071.41952
wind-ons_8,p97,2044,1453104.000576
wind-ons_8,p97,2047,1441136.581632
wind-ons_8,p97,2050,1429169.162688
wind-ons_8,p98,2026,487210.626
wind-ons_8,p98,2029,483312.940992
wind-ons_8,p98,2032,1364595.189984
wind-ons_8,p98,2035,1353616.065504
wind-ons_8,p98,2038,3691650.549024
wind-ons_8,p98,2041,3548277.20016
wind-ons_8,p98,2044,3529691.512385
wind-ons_8,p98,2047,3641028.398658
wind-ons_8,p98,2050,3556433.042289
wind-ons_8,p99,2035,748745.154
wind-ons_8,p99,2038,1423548.474768
wind-ons_8,p99,2041,1412112.16728
wind-ons_8,p99,2044,1681314.867792
wind-ons_8,p99,2047,2072004.22224
wind-ons_8,p99,2050,2372250.140496
wind-ons_8,z122,2010,352124.94
wind-ons_8,z122,2015,352124.94
wind-ons_8,z122,2020,352124.94
wind-ons_8,z122,2023,352124.94
wind-ons_8,z122,2026,352124.94
wind-ons_8,z122,2029,352124.94
wind-ons_8,z122,2032,370773.57
wind-ons_8,z122,2035,370386.99336
wind-ons_8,z122,2038,370000.41672
wind-ons_8,z122,2041,573810.94908
wind-ons_8,z122,2044,571445.013888
wind-ons_8,z122,2047,566827.233696
wind-ons_8,z122,2050,562209.453504
wind-ons_8,z28,2026,1145471.787
wind-ons_8,z28,2029,1136308.012704
wind-ons_8,z28,2032,1127144.238408
wind-ons_8,z28,2035,1117980.464112
wind-ons_8,z28,2038,1095011.663328
wind-ons_8,z28,2041,1059911.76384
wind-ons_8,z28,2044,1017125.689776
wind-ons_8,z28,2047,1042567.357545
wind-ons_8,z28,2050,1024580.282466
wind-ons_9,p1,2032,-0.0
wind-ons_9,p1,2035,-0.0
wind-ons_9,p1,2041,646047.558
wind-ons_9,p1,2044,640879.177536
wind-ons_9,p1,2047,635710.797072
wind-ons_9,p1,2050,630542.416608
wind-ons_9,p10,2015,2565922.032
wind-ons_9,p10,2020,2532565.045584
wind-ons_9,p10,2023,2512037.669328
wind-ons_9,p10,2026,2491510.293072
wind-ons_9,p10,2029,2426017.966128
wind-ons_9,p10,2032,2412320.55696
wind-ons_9,p10,2035,2429928.164304
wind-ons_9,p10,2038,2411966.71008
wind-ons_9,p10,2041,2391439.333824
wind-ons_9,p10,2044,2373477.8796
wind-ons_9,p10,2047,3267487.152
wind-ons_9,p10,2050,3242538.749952
wind-ons_9,p103,2010,160117.191
wind-ons_9,p103,2015,3989409.5835
wind-ons_9,p103,2020,7439513.944597
wind-ons_9,p103,2023,10050981.87256
wind-ons_9,p103,2026,10697879.006135
wind-ons_9,p103,2029,10612069.643992
wind-ons_9,p103,2032,22115678.316849
wind-ons_9,p103,2035,21875923.55835
wind-ons_9,p103,2038,24867250.27028
wind-ons_9,p103,2041,26532906.855694
wind-ons_9,p103,2044,26468792.175833
wind-ons_9,p103,2047,27435890.813669
wind-ons_9,p103,2050,24244913.343778
wind-ons_9,p104,2038,0.0
wind-ons_9,p104,2044,1267651.08
wind-ons_9,p104,2047,1257509.87136
wind-ons_9,p104,2050,1247368.66272
wind-ons_9,p105,2010,845942.8125
wind-ons_9,p105,2015,1917752.355937
wind-ons_9,p105,2020,5380847.893463
wind-ons_9,p105,2023,5572805.28596
wind-ons_9,p105,2026,5528426.713981
wind-ons_9,p105,2029,5483202.199189
wind-ons_9,p105,2032,5437977.684397
wind-ons_9,p105,2035,5393599.112417
wind-ons_9,p105,2038,5349457.404425
wind-ons_9,p105,2041,5612288.897671
wind-ons_9,p105,2044,5566494.12419
wind-ons_9,p105,2047,5921546.424023
wind-ons_9,p105,2050,2655326.380416
wind-ons_9,p107,2038,309700.8
wind-ons_9,p107,2041,741863.0916
wind-ons_9,p107,2044,1980645.086016
wind-ons_9,p107,2047,1964732.466672
wind-ons_9,p107,2050,1948819.847328
wind-ons_9,p111,2015,2810.736
wind-ons_9,p111,2020,2774.196432
wind-ons_9,p111,2023,17977.199544
wind-ons_9,p111,2026,17832.909744
wind-ons_9,p111,2029,260809.760944
wind-ons_9,p111,2032,258720.502016
wind-ons_9,p111,2035,256631.243088
wind-ons_9,p111,2038,254544.794896
wind-ons_9,p111,2041,395383.616768
wind-ons_9,p111,2044,392168.969419
wind-ons_9,p111,2047,389970.786932
wind-ons_9,p111,2050,386990.040308
wind-ons_9,p112,2015,1084173.7536
wind-ons_9,p112,2020,1216981.134403
wind-ons_9,p112,2023,1381451.821258
wind-ons_9,p112,2026,1370208.663792
wind-ons_9,p112,2029,1763874.786326
wind-ons_9,p112,2032,1749392.354621
wind-ons_9,p112,2035,1734909.922915
wind-ons_9,p112,2038,1721511.664963
wind-ons_9,p112,2041,1707176.134897
wind-ons_9,p112,2044,1693952.196235
wind-ons_9,p112,2047,2079032.174118
wind-ons_9,p112,2050,1927210.22658
wind-ons_9,p115,2010,20446.182
wind-ons_9,p115,2015,167371.4556
wind-ons_9,p115,2020,165461.427043
wind-ons_9,p115,2023,164286.024854
wind-ons_9,p115,2026,163110.622666
wind-ons_9,p115,2029,340231.270277
wind-ons_9,p115,2032,350493.91969
wind-ons_9,p115,2035,347625.664286
wind-ons_9,p115,2038,344904.334157
wind-ons_9,p115,2041,342036.078754
wind-ons_9,p115,2044,339314.748624
wind-ons_9,p115,2047,390521.42293
wind-ons_9,p115,2050,387496.42252
wind-ons_9,p116,2010,385333.974
wind-ons_9,p116,2015,833680.698
wind-ons_9,p116,2020,1331577.388188
wind-ons_9,p116,2023,1662097.320715
wind-ons_9,p116,2026,1651775.653279
wind-ons_9,p116,2029,1843941.511843
wind-ons_9,p116,2032,1831999.944199
wind-ons_9,p116,2035,1917111.442555
wind-ons_9,p116,2038,1903616.156515
wind-ons_9,p116,2041,2039060.848949
wind-ons_9,p116,2044,2022855.591417
wind-ons_9,p116,2047,2171427.996942
wind-ons_9,p116,2050,1689519.466881
wind-ons_9,p117,2032,723433.41
wind-ons_9,p117,2035,717645.94272
wind-ons_9,p117,2038,711858.47544
wind-ons_9,p117,2041,706071.00816
wind-ons_9,p117,2044,700283.54088
wind-ons_9,p117,2047,694496.0736
wind-ons_9,p117,2050,688708.60632
wind-ons_9,p118,2032,4648794.48
wind-ons_9,p118,2035,4611604.12416
wind-ons_9,p118,2038,4574413.76832
wind-ons_9,p118,2041,4537223.41248
wind-ons_9,p118,2044,4500033.05664
wind-ons_9,p118,2047,4462842.7008
wind-ons_9,p118,2050,4425652.34496
wind-ons_9,p121,2026,10198.809533
wind-ons_9,p121,2029,10117.219057
wind-ons_9,p121,2032,736322.723591
wind-ons_9,p121,2035,1399331.371687
wind-ons_9,p121,2038,1388088.280168
wind-ons_9,p121,2041,1376845.188649
wind-ons_9,p121,2044,1407867.280604
wind-ons_9,p121,2047,1396296.266427
wind-ons_9,p121,2050,1617572.295684
wind-ons_9,p124,2038,24649.380528
wind-ons_9,p124,2041,560283.554047
wind-ons_9,p124,2044,642023.740345
wind-ons_9,p124,2047,804567.549797
wind-ons_9,p124,2050,808879.588834
wind-ons_9,p125,2032,392195.16
wind-ons_9,p125,2035,389057.59872
wind-ons_9,p125,2038,385920.03744
wind-ons_9,p125,2041,559854.14616
wind-ons_9,p125,2044,556031.21472
wind-ons_9,p125,2047,688014.44064
wind-ons_9,p125,2050,677976.723072
wind-ons_9,p126,2010,15073.3125
wind-ons_9,p126,2015,15073.3125
wind-ons_9,p126,2020,15073.3125
wind-ons_9,p126,2023,15073.3125
wind-ons_9,p126,2026,543310.047
wind-ons_9,p126,2029,539084.153124
wind-ons_9,p126,2032,534858.259248
wind-ons_9,p126,2035,530632.365372
wind-ons_9,p126,2038,535988.973996
wind-ons_9,p126,2041,524905.74
wind-ons_9,p126,2044,522539.349264
wind-ons_9,p126,2047,518678.45838
wind-ons_9,p126,2050,514674.200956
wind-ons_9,p127,2010,1489266.09
wind-ons_9,p127,2015,1489266.09
wind-ons_9,p127,2020,1588349.8377
wind-ons_9,p127,2023,2328050.916518
wind-ons_9,p127,2026,2989626.832946
wind-ons_9,p127,2029,5919061.872683
wind-ons_9,p127,2032,6385859.533867
wind-ons_9,p127,2035,6346133.53124
wind-ons_9,p127,2038,6445492.754613
wind-ons_9,p127,2041,15923724.908092
wind-ons_9,p127,2044,15795658.75944
wind-ons_9,p127,2047,16595216.665085
wind-ons_9,p127,2050,18931446.974643
wind-ons_9,p128,2035,131866.434
wind-ons_9,p128,2038,130811.502528
wind-ons_9,p128,2041,129756.571056
wind-ons_9,p128,2044,128701.639584
wind-ons_9,p128,2047,126466.78968
wind-ons_9,p128,2050,123307.8336
wind-ons_9,p131,2010,11032.4886
wind-ons_9,p131,2015,10889.066248
wind-ons_9,p131,2020,10734.611408
wind-ons_9,p131,2023,10646.351499
wind-ons_9,p131,2026,10569.124079
wind-ons_9,p131,2029,10480.86417
wind-ons_9,p131,2032,3912592.354561
wind-ons_9,p131,2035,3881297.529139
wind-ons_9,p131,2038,3849991.671227
wind-ons_9,p131,2041,3822655.585493
wind-ons_9,p131,2044,3791325.118457
wind-ons_9,p131,2047,4321039.099421
wind-ons_9,p131,2050,4285220.276801
wind-ons_9,p132,2015,11427.24
wind-ons_9,p132,2020,11278.68588
wind-ons_9,p132,2023,11187.26796
wind-ons_9,p132,2026,11095.85004
wind-ons_9,p132,2029,11004.43212
wind-ons_9,p132,2032,1194984.31952
wind-ons_9,p132,2035,1185420.331158
wind-ons_9,p132,2038,1175867.770035
wind-ons_9,p132,2041,1166303.781673
wind-ons_9,p132,2044,3898105.480766
wind-ons_9,p132,2047,4704013.597601
wind-ons_9,p132,2050,5106656.688317
wind-ons_9,p133,2015,3502.089
wind-ons_9,p133,2020,74144.969343
wind-ons_9,p133,2023,81984.184371
wind-ons_9,p133,2026,81323.198487
wind-ons_9,p133,2029,80662.212603
wind-ons_9,p133,2032,2116974.088719
wind-ons_9,p133,2035,2100017.319939
wind-ons_9,p133,2038,2083064.053248
wind-ons_9,p133,2041,2066177.972875
wind-ons_9,p133,2044,2049233.138923
wind-ons_9,p133,2047,3474068.992938
wind-ons_9,p133,2050,3340671.576354
wind-ons_9,p134,2010,120983.013
wind-ons_9,p134,2015,120983.013
wind-ons_9,p134,2020,120983.013
wind-ons_9,p134,2023,120983.013
wind-ons_9,p134,2026,120983.013
wind-ons_9,p134,2029,110271.744
wind-ons_9,p134,2032,113893.695
wind-ons_9,p134,2035,120983.013
wind-ons_9,p134,2038,120983.013
wind-ons_9,p17,2038,-0.0
wind-ons_9,p17,2050,0.0
wind-ons_9,p18,2010,243408.9762
wind-ons_9,p18,2015,243408.9762
wind-ons_9,p18,2020,243408.9762
wind-ons_9,p18,2023,243408.9762
wind-ons_9,p18,2026,243408.9762
wind-ons_9,p18,2029,226952.0604
wind-ons_9,p18,2032,226952.0604
wind-ons_9,p18,2035,243408.9762
wind-ons_9,p18,2038,243408.9762
wind-ons_9,p18,2041,394755.544603
wind-ons_9,p18,2044,395941.356346
wind-ons_9,p18,2047,392748.280891
wind-ons_9,p18,2050,615889.287263
wind-ons_9,p2,2010,365484.6
wind-ons_9,p2,2015,365484.6
wind-ons_9,p2,2020,365484.6
wind-ons_9,p2,2023,365484.6
wind-ons_9,p2,2026,365484.6
wind-ons_9,p2,2029,365484.6
wind-ons_9,p2,2032,365484.6
wind-ons_9,p2,2035,365484.6
wind-ons_9,p2,2038,598369.824
wind-ons_9,p2,2041,985742.673408
wind-ons_9,p2,2044,977818.436352
wind-ons_9,p2,2047,969894.199296
wind-ons_9,p2,2050,961969.96224
wind-ons_9,p20,2035,-0.0
wind-ons_9,p21,2010,34826.87856
wind-ons_9,p21,2015,34826.87856
wind-ons_9,p21,2020,34826.87856
wind-ons_9,p21,2023,34826.87856
wind-ons_9,p21,2026,34826.87856
wind-ons_9,p21,2029,32225.00928
wind-ons_9,p21,2032,31963.76208
wind-ons_9,p21,2035,31015.5828
wind-ons_9,p21,2038,31054.22064
wind-ons_9,p21,2041,50289.27408
wind-ons_9,p21,2044,49710.429757
wind-ons_9,p21,2047,49243.27506
wind-ons_9,p21,2050,47515.270118
wind-ons_9,p23,2026,87378.825
wind-ons_9,p23,2029,86679.7944
wind-ons_9,p23,2032,85980.7638
wind-ons_9,p23,2035,85281.7332
wind-ons_9,p23,2038,84582.7026
wind-ons_9,p23,2041,81523.08
wind-ons_9,p23,2044,81177.08052
wind-ons_9,p23,2047,81066.5415
wind-ons_9,p23,2050,79142.650875
wind-ons_9,p24,2010,363492.1278
wind-ons_9,p24,2015,363492.1278
wind-ons_9,p24,2020,363492.1278
wind-ons_9,p24,2023,363492.1278
wind-ons_9,p24,2026,8602256.8008
wind-ons_9,p24,2029,8501326.441416
wind-ons_9,p24,2032,8449668.385932
wind-ons_9,p24,2035,8371480.109597
wind-ons_9,p24,2038,7669532.449013
wind-ons_9,p24,2041,7824869.048669
wind-ons_9,p24,2044,7688391.701897
wind-ons_9,p24,2047,7542027.614457
wind-ons_9,p24,2050,7261930.257788
wind-ons_9,p26,2026,159280.95
wind-ons_9,p26,2029,159030.575792
wind-ons_9,p26,2032,157748.137205
wind-ons_9,p26,2035,156465.698618
wind-ons_9,p26,2038,155183.26003
wind-ons_9,p26,2041,153900.821443
wind-ons_9,p26,2044,152618.382856
wind-ons_9,p26,2047,151495.225219
wind-ons_9,p26,2050,150213.810505
wind-ons_9,p27,2015,28211.43
wind-ons_9,p27,2020,159682.71741
wind-ons_9,p27,2023,158402.321682
wind-ons_9,p27,2026,157121.925954
wind-ons_9,p27,2029,155521.920156
wind-ons_9,p27,2032,154537.104492
wind-ons_9,p27,2035,146869.36362
wind-ons_9,p27,2038,142438.708488
wind-ons_9,p27,2041,142496.8665
wind-ons_9,p27,2044,140796.503208
wind-ons_9,p27,2047,134117.6862
wind-ons_9,p27,2050,35095.55136
wind-ons_9,p31,2010,210255.75
wind-ons_9,p31,2015,210255.75
wind-ons_9,p31,2020,210255.75
wind-ons_9,p31,2023,210255.75
wind-ons_9,p31,2026,210255.75
wind-ons_9,p31,2029,203864.31
wind-ons_9,p31,2032,11468019.86274
wind-ons_9,p31,2035,12555273.451467
wind-ons_9,p31,2038,17793119.959858
wind-ons_9,p31,2041,17649223.178639
wind-ons_9,p31,2044,18087510.156804
wind-ons_9,p31,2047,18310961.926089
wind-ons_9,p31,2050,24749489.60299
wind-ons_9,p32,2026,178596.747
wind-ons_9,p32,2029,603100.886024
wind-ons_9,p32,2032,598264.648744
wind-ons_9,p32,2035,593428.411464
wind-ons_9,p32,2038,588592.174184
wind-ons_9,p32,2041,583722.418077
wind-ons_9,p32,2044,577771.450235
wind-ons_9,p32,2047,570342.627215
wind-ons_9,p32,2050,559782.62804
wind-ons_9,p33,2010,421235.901
wind-ons_9,p33,2015,421235.901
wind-ons_9,p33,2020,421235.901
wind-ons_9,p33,2023,421235.901
wind-ons_9,p33,2026,421235.901
wind-ons_9,p33,2029,401951.961
wind-ons_9,p33,2032,401951.961
wind-ons_9,p33,2035,414431.649
wind-ons_9,p33,2038,689586.579
wind-ons_9,p33,2041,2499850.270368
wind-ons_9,p33,2044,2479807.334664
wind-ons_9,p33,2047,2459764.39896
wind-ons_9,p33,2050,2439721.463256
wind-ons_9,p34,2010,166261.0455
wind-ons_9,p34,2015,166261.0455
wind-ons_9,p34,2020,166261.0455
wind-ons_9,p34,2023,166261.0455
wind-ons_9,p34,2026,166261.0455
wind-ons_9,p34,2029,157412.9025
wind-ons_9,p34,2032,156979.377
wind-ons_9,p34,2035,163229.9805
wind-ons_9,p34,2038,249108.404184
wind-ons_9,p34,2041,269726.249268
wind-ons_9,p34,2044,265419.783648
wind-ons_9,p34,2047,265375.139436
wind-ons_9,p34,2050,263199.58452
wind-ons_9,p35,2010,68620.05
wind-ons_9,p35,2015,68620.05
wind-ons_9,p35,2020,68620.05
wind-ons_9,p35,2023,68620.05
wind-ons_9,p35,2026,67012.2
wind-ons_9,p35,2029,67571.28
wind-ons_9,p35,2032,68084.91
wind-ons_9,p35,2035,68620.05
wind-ons_9,p35,2038,111176.616383
wind-ons_9,p35,2041,111418.85088
wind-ons_9,p35,2044,110520.31176
wind-ons_9,p35,2047,109621.77264
wind-ons_9,p35,2050,108723.23352
wind-ons_9,p36,2010,525879.3798
wind-ons_9,p36,2015,1486689.6483
wind-ons_9,p36,2020,6156729.193609
wind-ons_9,p36,2023,7163438.848031
wind-ons_9,p36,2026,10060040.857235
wind-ons_9,p36,2029,11538034.792136
wind-ons_9,p36,2032,11387050.210759
wind-ons_9,p36,2035,11306597.024963
wind-ons_9,p36,2038,11204391.006356
wind-ons_9,p36,2041,11319444.604108
wind-ons_9,p36,2044,11724031.211217
wind-ons_9,p36,2047,12276159.82235
wind-ons_9,p36,2050,13202710.338668
wind-ons_9,p37,2010,1497310.9155
wind-ons_9,p37,2015,1911744.4635
wind-ons_9,p37,2020,2769930.214776
wind-ons_9,p37,2023,2759706.159293
wind-ons_9,p37,2026,3307571.22001
wind-ons_9,p37,2029,11259120.445813
wind-ons_9,p37,2032,11180701.412556
wind-ons_9,p37,2035,11102282.379298
wind-ons_9,p37,2038,10676980.280589
wind-ons_9,p37,2041,11903746.81559
wind-ons_9,p37,2044,11808307.381997
wind-ons_9,p37,2047,11864225.176138
wind-ons_9,p37,2050,10976954.388144
wind-ons_9,p38,2010,1082850.588
wind-ons_9,p38,2015,1071413.670807
wind-ons_9,p38,2020,1059096.990753
wind-ons_9,p38,2023,1049252.674365
wind-ons_9,p38,2026,1041020.761338
wind-ons_9,p38,2029,1031305.959
wind-ons_9,p38,2032,1031824.342062
wind-ons_9,p38,2035,1082473.813035
wind-ons_9,p38,2038,1074262.117347
wind-ons_9,p38,2041,1454522.5944
wind-ons_9,p38,2044,1442867.63616
wind-ons_9,p38,2047,1431212.67792
wind-ons_9,p38,2050,1401753.02112
wind-ons_9,p39,2038,0.0
wind-ons_9,p39,2050,0.0
wind-ons_9,p40,2010,20489.40036
wind-ons_9,p40,2015,20489.40036
wind-ons_9,p40,2020,20489.40036
wind-ons_9,p40,2023,20041.69959
wind-ons_9,p40,2026,19379.14308
wind-ons_9,p40,2029,20154.63384
wind-ons_9,p40,2032,20202.72111
wind-ons_9,p40,2035,20489.40036
wind-ons_9,p40,2038,20489.40036
wind-ons_9,p40,2041,33363.5841
wind-ons_9,p40,2044,33191.125989
wind-ons_9,p40,2047,33064.330844
wind-ons_9,p40,2050,32795.515146
wind-ons_9,p41,2010,3035.9028
wind-ons_9,p41,2015,3035.9028
wind-ons_9,p41,2020,3035.9028
wind-ons_9,p41,2023,2983.7388
wind-ons_9,p41,2026,2949.6432
wind-ons_9,p41,2029,3969.0273
wind-ons_9,p41,2032,4904.381093
wind-ons_9,p41,2035,4864.989175
wind-ons_9,p41,2038,4825.597258
wind-ons_9,p41,2041,4786.20534
wind-ons_9,p41,2044,4746.813422
wind-ons_9,p41,2047,4707.421505
wind-ons_9,p41,2050,2250982.99203
wind-ons_9,p42,2015,136026.3
wind-ons_9,p42,2020,147549.6213
wind-ons_9,p42,2023,146355.077594
wind-ons_9,p42,2026,145160.533889
wind-ons_9,p42,2029,646034.150183
wind-ons_9,p42,2032,640823.061198
wind-ons_9,p42,2035,772324.489119
wind-ons_9,p42,2038,766155.726298
wind-ons_9,p42,2041,759864.228841
wind-ons_9,p42,2044,771985.040383
wind-ons_9,p42,2047,815586.609231
wind-ons_9,p42,2050,1237385.330061
wind-ons_9,p43,2010,148851.4134
wind-ons_9,p43,2015,390901.7019
wind-ons_9,p43,2020,621937.495365
wind-ons_9,p43,2023,617673.209805
wind-ons_9,p43,2026,1498271.849145
wind-ons_9,p43,2029,1487055.419505
wind-ons_9,p43,2032,1475711.654265
wind-ons_9,p43,2035,1523054.334525
wind-ons_9,p43,2038,1511291.543376
wind-ons_9,p43,2041,4424193.587346
wind-ons_9,p43,2044,13943818.089789
wind-ons_9,p43,2047,16292386.876804
wind-ons_9,p43,2050,22419142.06658
wind-ons_9,p44,2010,1381123.7196
wind-ons_9,p44,2015,1381123.7196
wind-ons_9,p44,2020,1381123.7196
wind-ons_9,p44,2023,1505227.89402
wind-ons_9,p44,2026,1492212.845167
wind-ons_9,p44,2029,1506699.622087
wind-ons_9,p44,2032,1202762.306081
wind-ons_9,p44,2035,1796002.386314
wind-ons_9,p44,2038,2119061.486271
wind-ons_9,p44,2041,2199984.8753
wind-ons_9,p44,2044,2182462.718865
wind-ons_9,p44,2047,2164567.357755
wind-ons_9,p44,2050,2147045.20132
wind-ons_9,p45,2010,5184437.9097
wind-ons_9,p45,2015,5184437.9097
wind-ons_9,p45,2020,11457780.9252
wind-ons_9,p45,2023,13834978.651077
wind-ons_9,p45,2026,15275005.302664
wind-ons_9,p45,2029,15456729.379663
wind-ons_9,p45,2032,14882004.454615
wind-ons_9,p45,2035,15846125.889148
wind-ons_9,p45,2038,16467171.312122
wind-ons_9,p45,2041,18275401.929131
wind-ons_9,p45,2044,18127077.454427
wind-ons_9,p45,2047,17885006.250583
wind-ons_9,p45,2050,11850783.775479
wind-ons_9,p46,2038,0.0
wind-ons_9,p47,2010,692030.1591
wind-ons_9,p47,2015,690575.608708
wind-ons_9,p47,2020,324376.19253
wind-ons_9,p47,2023,268225.189482
wind-ons_9,p47,2026,196700.458409
wind-ons_9,p47,2029,319115.877391
wind-ons_9,p47,2032,558226.62
wind-ons_9,p47,2035,211342.77
wind-ons_9,p47,2038,1132313.7273
wind-ons_9,p47,2041,1123255.217482
wind-ons_9,p47,2044,1094552.267357
wind-ons_9,p47,2047,1085653.468435
wind-ons_9,p47,2050,1083279.667549
wind-ons_9,p48,2010,481556.2752
wind-ons_9,p48,2015,473835.8862
wind-ons_9,p48,2020,229560.45158
wind-ons_9,p48,2023,168270.987214
wind-ons_9,p48,2026,786095.338409
wind-ons_9,p48,2029,821960.352839
wind-ons_9,p48,2032,933846.272787
wind-ons_9,p48,2035,1080016.752329
wind-ons_9,p48,2038,1066248.712283
wind-ons_9,p48,2041,563605.26597
wind-ons_9,p48,2044,1194317.636496
wind-ons_9,p48,2047,1276492.869026
wind-ons_9,p48,2050,1321766.695208
wind-ons_9,p49,2032,0.0
wind-ons_9,p49,2038,-0.0
wind-ons_9,p49,2044,-0.0
wind-ons_9,p5,2010,775403.8044
wind-ons_9,p5,2015,1854459.8034
wind-ons_9,p5,2020,2746662.343413
wind-ons_9,p5,2023,3082404.819777
wind-ons_9,p5,2026,3824790.931509
wind-ons_9,p5,2029,4447740.938593
wind-ons_9,p5,2032,4406799.02426
wind-ons_9,p5,2035,4442505.771115
wind-ons_9,p5,2038,4906334.63885
wind-ons_9,p5,2041,4866681.858545
wind-ons_9,p5,2044,4827553.528737
wind-ons_9,p5,2047,5070264.455569
wind-ons_9,p5,2050,4258239.761512
wind-ons_9,p50,2010,152863.3314
wind-ons_9,p50,2015,152863.3314
wind-ons_9,p50,2020,151271.289
wind-ons_9,p50,2023,147760.7013
wind-ons_9,p50,2026,140343.857476
wind-ons_9,p50,2029,142221.8952
wind-ons_9,p50,2032,150107.8734
wind-ons_9,p50,2035,206670.9834
wind-ons_9,p50,2038,221921.604792
wind-ons_9,p50,2041,170849.119536
wind-ons_9,p50,2044,970658.204156
wind-ons_9,p50,2047,963205.597775
wind-ons_9,p50,2050,7623699.218342
wind-ons_9,p51,2038,0.0
wind-ons_9,p51,2041,0.0
wind-ons_9,p51,2044,3879600.067431
wind-ons_9,p51,2047,4576514.965433
wind-ons_9,p51,2050,5237790.080567
wind-ons_9,p52,2010,217675.755
wind-ons_9,p52,2015,217675.755
wind-ons_9,p52,2020,215471.124
wind-ons_9,p52,2023,211611.312
wind-ons_9,p52,2026,200510.046
wind-ons_9,p52,2029,203220.413983
wind-ons_9,p52,2032,212830.2
wind-ons_9,p52,2035,214961.472
wind-ons_9,p52,2038,217675.755
wind-ons_9,p52,2041,347853.418188
wind-ons_9,p52,2044,336623.829696
wind-ons_9,p52,2047,332868.134016
wind-ons_9,p52,2050,326502.834768
wind-ons_9,p53,2010,330993.9
wind-ons_9,p53,2015,330993.9
wind-ons_9,p53,2020,330993.9
wind-ons_9,p53,2023,321776.55
wind-ons_9,p53,2026,311196.15
wind-ons_9,p53,2029,317775.15
wind-ons_9,p53,2032,330993.9
wind-ons_9,p53,2035,330993.9
wind-ons_9,p53,2038,541503.0
wind-ons_9,p53,2041,537170.976
wind-ons_9,p53,2044,532838.952
wind-ons_9,p53,2047,528506.928
wind-ons_9,p53,2050,513885.5964
wind-ons_9,p54,2010,678599.292
wind-ons_9,p54,2015,678599.292
wind-ons_9,p54,2020,3648236.463
wind-ons_9,p54,2023,4565967.032763
wind-ons_9,p54,2026,4526120.979828
wind-ons_9,p54,2029,6373936.72607
wind-ons_9,p54,2032,6327682.017941
wind-ons_9,p54,2035,6281427.309813
wind-ons_9,p54,2038,6316021.301785
wind-ons_9,p54,2041,6625155.242743
wind-ons_9,p54,2044,12868469.198127
wind-ons_9,p54,2047,12765895.702938
wind-ons_9,p54,2050,11428447.021174
wind-ons_9,p55,2029,861202.682072
wind-ons_9,p55,2032,854313.060615
wind-ons_9,p55,2035,847423.439158
wind-ons_9,p55,2038,4090496.930796
wind-ons_9,p55,2041,10313993.984829
wind-ons_9,p55,2044,14515997.771015
wind-ons_9,p55,2047,14398777.799982
wind-ons_9,p55,2050,14282419.031631
wind-ons_9,p56,2029,329314.464
wind-ons_9,p56,2032,552979.295647
wind-ons_9,p56,2035,3194320.63746
wind-ons_9,p56,2038,3168709.43695
wind-ons_9,p56,2041,3143098.236441
wind-ons_9,p56,2044,3117487.035932
wind-ons_9,p56,2047,3091875.835422
wind-ons_9,p56,2050,3066593.949377
wind-ons_9,p6,2029,319714.83
wind-ons_9,p6,2032,317157.11136
wind-ons_9,p6,2035,314599.39272
wind-ons_9,p6,2038,312041.67408
wind-ons_9,p6,2041,309483.95544
wind-ons_9,p6,2044,306926.2368
wind-ons_9,p6,2047,300772.01448
wind-ons_9,p6,2050,301380.88365
wind-ons_9,p60,2010,590295.888
wind-ons_9,p60,2015,590295.888
wind-ons_9,p60,2020,586343.736
wind-ons_9,p60,2023,445480.308
wind-ons_9,p60,2026,617386.2858
wind-ons_9,p60,2029,603729.856008
wind-ons_9,p60,2032,632945.862216
wind-ons_9,p60,2035,643685.557824
wind-ons_9,p60,2038,516572.723952
wind-ons_9,p60,2041,201878.85312
wind-ons_9,p60,2044,197075.498256
wind-ons_9,p60,2047,184819.38237
wind-ons_9,p60,2050,208501.151922
wind-ons_9,p61,2010,1145930.628
wind-ons_9,p61,2015,1145930.628
wind-ons_9,p61,2020,1145930.628
wind-ons_9,p61,2023,1145930.628
wind-ons_9,p61,2026,1116049.473
wind-ons_9,p61,2029,1039815.665348
wind-ons_9,p61,2032,922430.133
wind-ons_9,p61,2035,939034.593
wind-ons_9,p61,2041,0.0
wind-ons_9,p61,2044,1604644.291028
wind-ons_9,p61,2047,1792075.833465
wind-ons_9,p61,2050,1723232.286415
wind-ons_9,p62,2010,603925.6725
wind-ons_9,p62,2015,603925.6725
wind-ons_9,p62,2020,599806.900982
wind-ons_9,p62,2023,601143.639801
wind-ons_9,p62,2026,532952.566898
wind-ons_9,p62,2029,467238.048222
wind-ons_9,p62,2032,483740.91
wind-ons_9,p62,2035,531845.0625
wind-ons_9,p62,2038,536266.1025
wind-ons_9,p62,2041,0.0
wind-ons_9,p62,2044,-0.0
wind-ons_9,p62,2050,833306.3625
wind-ons_9,p63,2010,254050.56
wind-ons_9,p63,2015,254050.56
wind-ons_9,p63,2020,254050.56
wind-ons_9,p63,2023,2676396.504063
wind-ons_9,p63,2026,8651295.666591
wind-ons_9,p63,2029,8583959.530638
wind-ons_9,p63,2032,8517016.514684
wind-ons_9,p63,2035,8449680.378731
wind-ons_9,p63,2038,21050025.719204
wind-ons_9,p63,2041,23419212.518463
wind-ons_9,p63,2044,23135657.88885
wind-ons_9,p63,2047,26129491.1457
wind-ons_9,p63,2050,26274384.039948
wind-ons_9,p64,2035,-0.0
wind-ons_9,p64,2038,3050190.256596
wind-ons_9,p64,2041,3025788.734544
wind-ons_9,p64,2044,2984925.120004
wind-ons_9,p64,2047,2976985.690438
wind-ons_9,p64,2050,4080337.764713
wind-ons_9,p65,2010,2897386.7139
wind-ons_9,p65,2015,7401687.902658
wind-ons_9,p65,2020,17014849.508914
wind-ons_9,p65,2023,23502428.016451
wind-ons_9,p65,2026,28102395.901351
wind-ons_9,p65,2029,45962240.798945
wind-ons_9,p65,2032,52284779.085957
wind-ons_9,p65,2035,52001571.061935
wind-ons_9,p65,2038,51387909.848237
wind-ons_9,p65,2041,52626080.909128
wind-ons_9,p65,2044,51765710.246941
wind-ons_9,p65,2047,52927027.058441
wind-ons_9,p65,2050,44440727.21407
wind-ons_9,p68,2010,1349671.4748
wind-ons_9,p68,2015,1349671.4748
wind-ons_9,p68,2020,1978344.2373
wind-ons_9,p68,2023,1973314.8552
wind-ons_9,p68,2026,2007176.7387
wind-ons_9,p68,2029,2025994.304366
wind-ons_9,p68,2032,2020458.968933
wind-ons_9,p68,2035,2047033.175599
wind-ons_9,p68,2038,2445209.919115
wind-ons_9,p68,2041,2856577.202399
wind-ons_9,p68,2044,2833350.597399
wind-ons_9,p68,2047,2810815.909329
wind-ons_9,p68,2050,3107706.527147
wind-ons_9,p69,2010,774453.24
wind-ons_9,p69,2015,1257748.4556
wind-ons_9,p69,2020,2283791.192197
wind-ons_9,p69,2023,2925839.064638
wind-ons_9,p69,2026,2898713.051557
wind-ons_9,p69,2029,2895657.781237
wind-ons_9,p69,2032,2878262.558917
wind-ons_9,p69,2035,2860867.336597
wind-ons_9,p69,2038,2843955.409493
wind-ons_9,p69,2041,3323431.636747
wind-ons_9,p69,2044,3297016.152731
wind-ons_9,p69,2047,3448267.122168
wind-ons_9,p69,2050,2468462.861722
wind-ons_9,p70,2010,442613.2827
wind-ons_9,p70,2015,442613.2827
wind-ons_9,p70,2020,5583792.7557
wind-ons_9,p70,2023,7404695.863116
wind-ons_9,p70,2026,8067759.293786
wind-ons_9,p70,2029,8013740.753753
wind-ons_9,p70,2032,7951899.765019
wind-ons_9,p70,2035,7890058.776286
wind-ons_9,p70,2038,7898307.759252
wind-ons_9,p70,2041,8052985.393156
wind-ons_9,p70,2044,7987202.255731
wind-ons_9,p70,2047,7925425.17681
wind-ons_9,p70,2050,5363678.115918
wind-ons_9,p71,2029,2001507.12
wind-ons_9,p71,2032,1985495.06304
wind-ons_9,p71,2035,1969483.00608
wind-ons_9,p71,2038,1953470.94912
wind-ons_9,p71,2041,1937458.89216
wind-ons_9,p71,2044,1921446.8352
wind-ons_9,p71,2047,1905434.77824
wind-ons_9,p71,2050,1891424.2284
wind-ons_9,p72,2026,2394321.36
wind-ons_9,p72,2029,8086031.33312
wind-ons_9,p72,2032,8021189.845888
wind-ons_9,p72,2035,7956348.358656
wind-ons_9,p72,2038,7891506.871424
wind-ons_9,p72,2041,7826665.384192
wind-ons_9,p72,2044,7761823.89696
wind-ons_9,p72,2047,7699376.731088
wind-ons_9,p72,2050,7640246.1084
wind-ons_9,p75,2010,81942.045
wind-ons_9,p75,2015,81196.54284
wind-ons_9,p75,2020,80393.69436
wind-ons_9,p75,2023,79934.9238
wind-ons_9,p75,2026,79533.49956
wind-ons_9,p75,2029,312143.0664
wind-ons_9,p75,2032,325262.792141
wind-ons_9,p75,2035,322676.511058
wind-ons_9,p75,2038,320032.883654
wind-ons_9,p75,2041,338012.188171
wind-ons_9,p75,2044,1964876.738928
wind-ons_9,p75,2047,1949068.200475
wind-ons_9,p75,2050,1933492.73036
wind-ons_9,p76,2010,752090.8374
wind-ons_9,p76,2015,1232531.9694
wind-ons_9,p76,2020,1226286.234684
wind-ons_9,p76,2023,1222442.705628
wind-ons_9,p76,2026,1218599.176572
wind-ons_9,p76,2029,2209983.647516
wind-ons_9,p76,2032,2198178.29446
wind-ons_9,p76,2035,2186372.941404
wind-ons_9,p76,2038,2175048.02948
wind-ons_9,p76,2041,2645285.355424
wind-ons_9,p76,2044,5682633.809669
wind-ons_9,p76,2047,5813303.850963
wind-ons_9,p76,2050,5767056.764542
wind-ons_9,p77,2029,850056.714
wind-ons_9,p77,2032,843256.260288
wind-ons_9,p77,2035,836455.806576
wind-ons_9,p77,2038,829655.352864
wind-ons_9,p77,2041,822854.899152
wind-ons_9,p77,2044,816054.44544
wind-ons_9,p77,2047,809253.991728
wind-ons_9,p77,2050,803303.59473
wind-ons_9,p79,2050,0.0
wind-ons_9,p80,2010,473886.6075
wind-ons_9,p80,2015,1664735.9535
wind-ons_9,p80,2020,1649254.912002
wind-ons_9,p80,2023,1639728.117234
wind-ons_9,p80,2026,2146312.172466
wind-ons_9,p80,2029,3036270.403758
wind-ons_9,p80,2032,3015385.810887
wind-ons_9,p80,2035,2994501.218016
wind-ons_9,p80,2038,2974807.474491
wind-ons_9,p80,2041,3257357.56662
wind-ons_9,p80,2044,3231445.252755
wind-ons_9,p80,2047,3642726.536113
wind-ons_9,p80,2050,3613814.764095
wind-ons_9,p81,2015,795353.325
wind-ons_9,p81,2020,2459998.931775
wind-ons_9,p81,2023,2614796.503575
wind-ons_9,p81,2026,2593637.313135
wind-ons_9,p81,2029,2572478.122695
wind-ons_9,p81,2032,2551318.932255
wind-ons_9,p81,2035,2530159.741815
wind-ons_9,p81,2038,2509795.9047
wind-ons_9,p81,2041,2490311.69946
wind-ons_9,p81,2044,2470122.422625
wind-ons_9,p81,2047,2743385.91336
wind-ons_9,p81,2050,1176251.06184
wind-ons_9,p82,2035,0.0
wind-ons_9,p82,2038,0.0
wind-ons_9,p82,2041,0.0
wind-ons_9,p82,2044,-0.0
wind-ons_9,p82,2047,190237.734
wind-ons_9,p82,2050,188715.832128
wind-ons_9,p83,2010,919265.6982
wind-ons_9,p83,2015,2839657.6941
wind-ons_9,p83,2020,2814692.598153
wind-ons_9,p83,2023,2799329.462186
wind-ons_9,p83,2026,2783966.326219
wind-ons_9,p83,2029,2768603.190252
wind-ons_9,p83,2032,2753240.054284
wind-ons_9,p83,2035,2737876.918317
wind-ons_9,p83,2038,3309717.491346
wind-ons_9,p83,2041,3282317.963257
wind-ons_9,p83,2044,3256838.827164
wind-ons_9,p83,2047,3935200.789735
wind-ons_9,p83,2050,3903430.310006
wind-ons_9,p84,2038,2176847.34535
wind-ons_9,p84,2041,2168205.873969
wind-ons_9,p84,2044,3185096.231942
wind-ons_9,p84,2047,3195587.690736
wind-ons_9,p84,2050,3594025.649369
wind-ons_9,p9,2010,1005542.82
wind-ons_9,p9,2015,2603727.04956
wind-ons_9,p9,2020,2596866.785166
wind-ons_9,p9,2023,2581526.22496
wind-ons_9,p9,2026,2566483.054633
wind-ons_9,p9,2029,2496596.409275
wind-ons_9,p9,2032,2496169.337115
wind-ons_9,p9,2035,2551855.725744
wind-ons_9,p9,2038,2730675.870821
wind-ons_9,p9,2041,2922960.003968
wind-ons_9,p9,2044,2975618.2076
wind-ons_9,p9,2047,3325993.301688
wind-ons_9,p9,2050,3420142.734576
wind-ons_9,p97,2035,416601.0
wind-ons_9,p97,2038,413268.192
wind-ons_9,p97,2041,409935.384
wind-ons_9,p97,2044,406602.576
wind-ons_9,p97,2047,403269.768
wind-ons_9,p97,2050,399936.96
wind-ons_9,p99,2032,1201176.288
wind-ons_9,p99,2035,1191566.877696
wind-ons_9,p99,2038,1181957.467392
wind-ons_9,p99,2041,1172348.057088
wind-ons_9,p99,2044,1309107.554784
wind-ons_9,p99,2047,1298327.193216
wind-ons_9,p99,2050,1287546.831648
wind-ons_9,z122,2010,442766.3148
wind-ons_9,z122,2015,442766.3148
wind-ons_9,z122,2020,442766.3148
wind-ons_9,z122,2023,442766.3148
wind-ons_9,z122,2026,442766.3148
wind-ons_9,z122,2029,3381980.012689
wind-ons_9,z122,2032,6950769.881213
wind-ons_9,z122,2035,8940599.155004
wind-ons_9,z122,2038,8870892.071724
wind-ons_9,z122,2041,8993453.466244
wind-ons_9,z122,2044,11957178.39661
wind-ons_9,z122,2047,11871253.967663
wind-ons_9,z122,2050,11776127.706335
wind-ons_10,p1,2010,221223.618
wind-ons_10,p1,2015,218347.710966
wind-ons_10,p1,2020,215250.580314
wind-ons_10,p1,2023,213480.79137
wind-ons_10,p1,2026,211932.226044
wind-ons_10,p1,2029,210162.4371
wind-ons_10,p1,2032,208392.648156
wind-ons_10,p1,2035,206844.08283
wind-ons_10,p1,2038,205074.293886
wind-ons_10,p1,2041,282855.672
wind-ons_10,p1,2044,280592.826624
wind-ons_10,p1,2047,278329.981248
wind-ons_10,p1,2050,276067.135872
wind-ons_10,p10,2015,3741807.168
wind-ons_10,p10,2020,3693163.674816
wind-ons_10,p10,2023,3663229.217472
wind-ons_10,p10,2026,3633294.760128
wind-ons_10,p10,2029,3522889.773216
wind-ons_10,p10,2032,3525360.68016
wind-ons_10,p10,2035,3543491.388096
wind-ons_10,p10,2038,3517298.73792
wind-ons_10,p10,2041,3487364.280576
wind-ons_10,p10,2044,3461171.6304
wind-ons_10,p10,2047,4764488.256
wind-ons_10,p10,2050,4733905.296384
wind-ons_10,p103,2015,192842.1
wind-ons_10,p103,2020,190335.1527
wind-ons_10,p103,2023,676365.9219
wind-ons_10,p103,2026,670922.597052
wind-ons_10,p103,2029,665479.272204
wind-ons_10,p103,2032,659441.173356
wind-ons_10,p103,2035,650265.581808
wind-ons_10,p103,2038,1298068.25976
wind-ons_10,p103,2041,1274967.225648
wind-ons_10,p103,2044,1251449.343378
wind-ons_10,p103,2047,1287082.305162
wind-ons_10,p103,2050,1315061.76672
wind-ons_10,p116,2010,677013.9525
wind-ons_10,p116,2015,672761.314597
wind-ons_10,p116,2020,668181.550703
wind-ons_10,p116,2023,746660.808563
wind-ons_10,p116,2026,743722.156489
wind-ons_10,p116,2029,740456.378422
wind-ons_10,p116,2032,737190.600356
wind-ons_10,p116,2035,734251.948282
wind-ons_10,p116,2038,730986.170216
wind-ons_10,p116,2041,1069859.725042
wind-ons_10,p116,2044,1061350.802541
wind-ons_10,p116,2047,1052760.783775
wind-ons_10,p116,2050,1044251.861274
wind-ons_10,p118,2026,287426.646
wind-ons_10,p118,2029,1072989.250332
wind-ons_10,p118,2032,1819962.754024
wind-ons_10,p118,2035,1805315.838212
wind-ons_10,p118,2038,1790668.9224
wind-ons_10,p118,2041,1776022.006588
wind-ons_10,p118,2044,1761375.090776
wind-ons_10,p118,2047,1747015.60161
wind-ons_10,p118,2050,1733156.547816
wind-ons_10,p121,2010,214476.78
wind-ons_10,p121,2015,579363.06186
wind-ons_10,p121,2020,571580.6187
wind-ons_10,p121,2023,566923.40862
wind-ons_10,p121,2026,2063710.00932
wind-ons_10,p121,2029,2047042.964568
wind-ons_10,p121,2032,2030375.919816
wind-ons_10,p121,2035,2013923.351844
wind-ons_10,p121,2038,1997623.981572
wind-ons_10,p121,2041,2058124.326
wind-ons_10,p121,2044,2041346.597568
wind-ons_10,p121,2047,2160998.48583
wind-ons_10,p121,2050,2143014.850278
wind-ons_10,p127,2015,1401621.9216
wind-ons_10,p127,2020,2021826.114019
wind-ons_10,p127,2023,3920977.086427
wind-ons_10,p127,2026,6640619.438035
wind-ons_10,p127,2029,9781837.197643
wind-ons_10,p127,2032,9702623.779651
wind-ons_10,p127,2035,9623410.361659
wind-ons_10,p127,2038,9545598.565589
wind-ons_10,p127,2041,9467023.572874
wind-ons_10,p127,2044,9318082.571408
wind-ons_10,p127,2047,9682501.805966
wind-ons_10,p127,2050,9000297.093748
wind-ons_10,p128,2035,181200.402
wind-ons_10,p128,2038,179750.798784
wind-ons_10,p128,2041,178301.195568
wind-ons_10,p128,2044,175752.713952
wind-ons_10,p128,2047,175401.989136
wind-ons_10,p128,2050,169649.30304
wind-ons_10,p129,2015,329264.895
wind-ons_10,p129,2020,416233.471365
wind-ons_10,p129,2023,412869.360045
wind-ons_10,p129,2026,409505.248725
wind-ons_10,p129,2029,490719.910438
wind-ons_10,p129,2032,486679.168934
wind-ons_10,p129,2035,482638.42743
wind-ons_10,p129,2038,478926.95082
wind-ons_10,p129,2041,474977.458336
wind-ons_10,p129,2044,471265.981727
wind-ons_10,p129,2047,588575.865528
wind-ons_10,p129,2050,499736.663236
wind-ons_10,p130,2010,52498.872
wind-ons_10,p130,2015,464879.736
wind-ons_10,p130,2020,581384.302068
wind-ons_10,p130,2023,577110.331018
wind-ons_10,p130,2026,572836.359967
wind-ons_10,p130,2029,568562.388917
wind-ons_10,p130,2032,1794427.688832
wind-ons_10,p130,2035,1780312.603614
wind-ons_10,p130,2038,1766609.89926
wind-ons_10,p130,2041,1786212.959559
wind-ons_10,p130,2044,1771821.493989
wind-ons_10,p130,2047,1908897.593784
wind-ons_10,p130,2050,1780793.496647
wind-ons_10,p131,2010,6620.3676
wind-ons_10,p131,2015,165137.1876
wind-ons_10,p131,2020,210908.22144
wind-ons_10,p131,2023,209257.43286
wind-ons_10,p131,2026,207606.64428
wind-ons_10,p131,2029,205955.8557
wind-ons_10,p131,2032,2160737.08722
wind-ons_10,p131,2035,2143434.842479
wind-ons_10,p131,2038,2128588.522958
wind-ons_10,p131,2041,2113212.747326
wind-ons_10,p131,2044,2095982.269953
wind-ons_10,p131,2047,2136921.358773
wind-ons_10,p131,2050,2075070.501934
wind-ons_10,p133,2032,187008.66
wind-ons_10,p133,2035,185512.59072
wind-ons_10,p133,2038,184016.52144
wind-ons_10,p133,2041,182520.45216
wind-ons_10,p133,2044,369832.14288
wind-ons_10,p133,2047,366825.61152
wind-ons_10,p133,2050,359242.47792
wind-ons_10,p134,2010,285428.1195
wind-ons_10,p134,2015,1365096.634846
wind-ons_10,p134,2020,2610433.199522
wind-ons_10,p134,2023,2721888.397727
wind-ons_10,p134,2026,3089967.715722
wind-ons_10,p134,2029,10298564.757068
wind-ons_10,p134,2032,10323128.220657
wind-ons_10,p134,2035,10410148.079764
wind-ons_10,p134,2038,10325867.389078
wind-ons_10,p134,2041,9934732.091076
wind-ons_10,p134,2044,9307281.852059
wind-ons_10,p134,2047,8355970.470602
wind-ons_10,p134,2050,8414443.206874
wind-ons_10,p17,2035,9466.980218
wind-ons_10,p17,2038,15467.031147
wind-ons_10,p17,2041,2320239.593593
wind-ons_10,p17,2044,2124051.840508
wind-ons_10,p17,2047,2066476.397611
wind-ons_10,p17,2050,2168276.797064
wind-ons_10,p18,2015,879774.2118
wind-ons_10,p18,2020,1385184.623647
wind-ons_10,p18,2023,2413691.407739
wind-ons_10,p18,2026,2394200.996171
wind-ons_10,p18,2029,5130790.435694
wind-ons_10,p18,2032,5059604.687068
wind-ons_10,p18,2035,5068834.023045
wind-ons_10,p18,2038,5259661.331065
wind-ons_10,p18,2041,5517916.236486
wind-ons_10,p18,2044,5468309.136537
wind-ons_10,p18,2047,5744639.964532
wind-ons_10,p18,2050,6408358.576444
wind-ons_10,p19,2032,-0.0
wind-ons_10,p2,2010,199033.632
wind-ons_10,p2,2015,1362214.610784
wind-ons_10,p2,2020,1344273.150528
wind-ons_10,p2,2023,1333354.734144
wind-ons_10,p2,2026,1322635.351392
wind-ons_10,p2,2029,1311716.935008
wind-ons_10,p2,2032,1300798.518624
wind-ons_10,p2,2035,1290079.135872
wind-ons_10,p2,2038,1280326.487904
wind-ons_10,p2,2041,1341009.779712
wind-ons_10,p2,2044,1330813.291872
wind-ons_10,p2,2047,1748280.294144
wind-ons_10,p2,2050,1734261.474048
wind-ons_10,p20,2015,98902.4256
wind-ons_10,p20,2020,395757.722167
wind-ons_10,p20,2023,1187315.423338
wind-ons_10,p20,2026,1177781.203318
wind-ons_10,p20,2029,2581355.053828
wind-ons_10,p20,2032,2539611.310231
wind-ons_10,p20,2035,2508766.888119
wind-ons_10,p20,2038,2502459.034104
wind-ons_10,p20,2041,2445240.007254
wind-ons_10,p20,2044,2380863.391731
wind-ons_10,p20,2047,2416541.334931
wind-ons_10,p20,2050,2129451.683442
wind-ons_10,p21,2026,224019.9
wind-ons_10,p21,2029,222227.7408
wind-ons_10,p21,2032,220435.5816
wind-ons_10,p21,2035,218643.4224
wind-ons_10,p21,2038,196655.27904
wind-ons_10,p21,2041,192093.984
wind-ons_10,p21,2044,189985.63248
wind-ons_10,p21,2047,188284.2003
wind-ons_10,p21,2050,182053.45926
wind-ons_10,p24,2010,2602642.038
wind-ons_10,p24,2015,2589756.843366
wind-ons_10,p24,2020,6438642.769914
wind-ons_10,p24,2023,8611341.65955
wind-ons_10,p24,2026,8554815.626796
wind-ons_10,p24,2029,15659517.345473
wind-ons_10,p24,2032,21562800.021669
wind-ons_10,p24,2035,20998886.908686
wind-ons_10,p24,2038,22033204.186891
wind-ons_10,p24,2041,22406895.924246
wind-ons_10,p24,2044,21982197.22085
wind-ons_10,p24,2047,21971084.917779
wind-ons_10,p24,2050,17697245.769722
wind-ons_10,p31,2010,340338.2784
wind-ons_10,p31,2015,503424.127181
wind-ons_10,p31,2020,1548322.82208
wind-ons_10,p31,2023,7948388.79337
wind-ons_10,p31,2026,22816203.873034
wind-ons_10,p31,2029,22618738.445628
wind-ons_10,p31,2032,22362264.86604
wind-ons_10,p31,2035,22266860.554925
wind-ons_10,p31,2038,22083800.179709
wind-ons_10,p31,2041,25116663.627461
wind-ons_10,p31,2044,24649289.993504
wind-ons_10,p31,2047,24655972.474723
wind-ons_10,p31,2050,23567685.024163
wind-ons_10,p32,2020,345798.882
wind-ons_10,p32,2023,343032.490944
wind-ons_10,p32,2026,340266.099888
wind-ons_10,p32,2029,337499.708832
wind-ons_10,p32,2032,325402.60896
wind-ons_10,p32,2035,422300.320858
wind-ons_10,p32,2038,807304.330048
wind-ons_10,p32,2041,1028642.627477
wind-ons_10,p32,2044,1165942.432998
wind-ons_10,p32,2047,1371204.818811
wind-ons_10,p32,2050,1473179.614906
wind-ons_10,p33,2015,1195956.069
wind-ons_10,p33,2020,1716270.260703
wind-ons_10,p33,2023,2940872.869186
wind-ons_10,p33,2026,2917110.670469
wind-ons_10,p33,2029,3438459.26554
wind-ons_10,p33,2032,3410536.037036
wind-ons_10,p33,2035,3340900.472755
wind-ons_10,p33,2038,3906976.09602
wind-ons_10,p33,2041,3874959.767573
wind-ons_10,p33,2044,3980480.054725
wind-ons_10,p33,2047,4387912.475494
wind-ons_10,p33,2050,3859345.34514
wind-ons_10,p34,2010,524869.929
wind-ons_10,p34,2015,2290521.812373
wind-ons_10,p34,2020,2265428.786598
wind-ons_10,p34,2023,2250079.849062
wind-ons_10,p34,2026,2234881.913805
wind-ons_10,p34,2029,5245219.807018
wind-ons_10,p34,2032,5225243.874373
wind-ons_10,p34,2035,5395968.880344
wind-ons_10,p34,2038,5406138.671247
wind-ons_10,p34,2041,5531466.360924
wind-ons_10,p34,2044,5491263.560733
wind-ons_10,p34,2047,6076168.962408
wind-ons_10,p34,2050,6032767.132335
wind-ons_10,p35,2026,801410.841
wind-ons_10,p35,2029,794999.554272
wind-ons_10,p35,2032,788588.267544
wind-ons_10,p35,2035,782176.980816
wind-ons_10,p35,2038,954839.888108
wind-ons_10,p35,2041,952816.648206
wind-ons_10,p35,2044,947151.15079
wind-ons_10,p35,2047,946932.411455
wind-ons_10,p35,2050,992837.025301
wind-ons_10,p36,2010,658607.3514
wind-ons_10,p36,2015,1387094.446419
wind-ons_10,p36,2020,1370615.846041
wind-ons_10,p36,2023,1360779.550309
wind-ons_10,p36,2026,1347794.696891
wind-ons_10,p36,2029,1330910.602122
wind-ons_10,p36,2032,3415184.507576
wind-ons_10,p36,2035,3475005.064028
wind-ons_10,p36,2038,4365298.510813
wind-ons_10,p36,2041,6040333.782114
wind-ons_10,p36,2044,6059670.791104
wind-ons_10,p36,2047,6239097.009835
wind-ons_10,p36,2050,6201863.897037
wind-ons_10,p37,2010,149093.5275
wind-ons_10,p37,2015,149093.5275
wind-ons_10,p37,2020,149093.5275
wind-ons_10,p37,2023,149093.5275
wind-ons_10,p37,2026,378380.0925
wind-ons_10,p37,2029,1098884.42154
wind-ons_10,p37,2032,1091271.394188
wind-ons_10,p37,2035,1177953.364836
wind-ons_10,p37,2038,1168393.22928
wind-ons_10,p37,2041,1158833.093724
wind-ons_10,p37,2044,1149272.958168
wind-ons_10,p37,2047,1139942.513232
wind-ons_10,p37,2050,1122554.356425
wind-ons_10,p38,2010,123961.7736
wind-ons_10,p38,2015,1277887.7502
wind-ons_10,p38,2020,5282466.519604
wind-ons_10,p38,2023,9064377.215478
wind-ons_10,p38,2026,8991540.524582
wind-ons_10,p38,2029,8918655.814984
wind-ons_10,p38,2032,8836816.319663
wind-ons_10,p38,2035,8778155.289923
wind-ons_10,p38,2038,8707320.929947
wind-ons_10,p38,2041,8718672.953402
wind-ons_10,p38,2044,8650037.36336
wind-ons_10,p38,2047,8990660.72803
wind-ons_10,p38,2050,5173822.140204
wind-ons_10,p39,2020,97431.12
wind-ons_10,p39,2023,96651.67104
wind-ons_10,p39,2026,95872.22208
wind-ons_10,p39,2029,1549702.592649
wind-ons_10,p39,2032,1535728.995133
wind-ons_10,p39,2035,1522548.283217
wind-ons_10,p39,2038,1792772.065316
wind-ons_10,p39,2041,1755398.661507
wind-ons_10,p39,2044,1740928.504586
wind-ons_10,p39,2047,2594899.487468
wind-ons_10,p39,2050,3148777.300474
wind-ons_10,p40,2010,320183.01513
wind-ons_10,p40,2015,2425144.70793
wind-ons_10,p40,2020,7782238.709824
wind-ons_10,p40,2023,11434370.35965
wind-ons_10,p40,2026,12857817.91354
wind-ons_10,p40,2029,12973628.836745
wind-ons_10,p40,2032,12754252.361291
wind-ons_10,p40,2035,12771441.001305
wind-ons_10,p40,2038,12809059.631578
wind-ons_10,p40,2041,13351702.002296
wind-ons_10,p40,2044,13761830.239055
wind-ons_10,p40,2047,14456380.039388
wind-ons_10,p40,2050,24583802.424245
wind-ons_10,p41,2010,178157.52
wind-ons_10,p41,2015,175841.47224
wind-ons_10,p41,2020,173347.26696
wind-ons_10,p41,2023,171922.0068
wind-ons_10,p41,2026,444823.90416
wind-ons_10,p41,2029,1054363.666194
wind-ons_10,p41,2032,1045839.94832
wind-ons_10,p41,2035,1037494.387967
wind-ons_10,p41,2038,1028970.670093
wind-ons_10,p41,2041,2866901.165412
wind-ons_10,p41,2044,4052105.794816
wind-ons_10,p41,2047,7750750.640031
wind-ons_10,p41,2050,11520757.959035
wind-ons_10,p44,2010,658867.72761
wind-ons_10,p44,2015,1528529.78841
wind-ons_10,p44,2020,4019784.27562
wind-ons_10,p44,2023,5446876.799668
wind-ons_10,p44,2026,6505862.89765
wind-ons_10,p44,2029,6613594.236378
wind-ons_10,p44,2032,6582707.060042
wind-ons_10,p44,2035,8512474.448296
wind-ons_10,p44,2038,8464408.528204
wind-ons_10,p44,2041,8620400.586091
wind-ons_10,p44,2044,8550914.636173
wind-ons_10,p44,2047,8802725.473266
wind-ons_10,p44,2050,8333272.781493
wind-ons_10,p45,2010,557172.36
wind-ons_10,p45,2015,3705355.7172
wind-ons_10,p45,2020,5060648.374556
wind-ons_10,p45,2023,5016754.431371
wind-ons_10,p45,2026,4964085.479185
wind-ons_10,p45,2029,4940523.695746
wind-ons_10,p45,2032,4915227.497814
wind-ons_10,p45,2035,4878872.278628
wind-ons_10,p45,2038,4986962.3988
wind-ons_10,p45,2041,5164552.710527
wind-ons_10,p45,2044,5100118.125922
wind-ons_10,p45,2047,6072890.808876
wind-ons_10,p45,2050,4789771.256402
wind-ons_10,p47,2010,265790.733
wind-ons_10,p47,2015,1322379.927
wind-ons_10,p47,2020,3921761.413377
wind-ons_10,p47,2023,4658978.494061
wind-ons_10,p47,2026,3836798.698918
wind-ons_10,p47,2029,4268610.703198
wind-ons_10,p47,2032,3802870.514832
wind-ons_10,p47,2035,5035878.39863
wind-ons_10,p47,2038,5029130.833898
wind-ons_10,p47,2041,4989739.62947
wind-ons_10,p47,2044,4901723.051215
wind-ons_10,p47,2047,5266506.912517
wind-ons_10,p47,2050,5202302.09774
wind-ons_10,p48,2010,1751171.1444
wind-ons_10,p48,2015,10701118.82178
wind-ons_10,p48,2020,17320763.699227
wind-ons_10,p48,2023,19946696.267161
wind-ons_10,p48,2026,19879760.715767
wind-ons_10,p48,2029,19923361.378121
wind-ons_10,p48,2032,19952032.906648
wind-ons_10,p48,2035,24336795.170896
wind-ons_10,p48,2038,24368076.112704
wind-ons_10,p48,2041,25395653.077771
wind-ons_10,p48,2044,25244190.750478
wind-ons_10,p48,2047,27206623.729944
wind-ons_10,p48,2050,27282230.395854
wind-ons_10,p49,2015,1930647.4635
wind-ons_10,p49,2020,3222412.840475
wind-ons_10,p49,2023,3196432.750415
wind-ons_10,p49,2026,3553899.460354
wind-ons_10,p49,2029,3234552.926095
wind-ons_10,p49,2032,3226115.245146
wind-ons_10,p49,2035,3262239.244777
wind-ons_10,p49,2038,3273511.866322
wind-ons_10,p49,2041,3235701.243976
wind-ons_10,p49,2044,3189340.9892
wind-ons_10,p49,2047,3770249.173706
wind-ons_10,p49,2050,2614158.672811
wind-ons_10,p5,2010,1149653.4168
wind-ons_10,p5,2015,3551517.887182
wind-ons_10,p5,2020,3592991.339004
wind-ons_10,p5,2023,3563747.734918
wind-ons_10,p5,2026,3535653.784248
wind-ons_10,p5,2029,3386960.575193
wind-ons_10,p5,2032,3439687.118956
wind-ons_10,p5,2035,3449072.625406
wind-ons_10,p5,2038,3422245.831284
wind-ons_10,p5,2041,3806782.477288
wind-ons_10,p5,2044,3777391.128476
wind-ons_10,p5,2047,4553838.843368
wind-ons_10,p5,2050,4475852.787326
wind-ons_10,p50,2010,3669971.0382
wind-ons_10,p50,2015,12308050.214595
wind-ons_10,p50,2020,25151301.754128
wind-ons_10,p50,2023,36342057.572278
wind-ons_10,p50,2026,41197634.282457
wind-ons_10,p50,2029,40129304.065622
wind-ons_10,p50,2032,39750239.052649
wind-ons_10,p50,2035,39245283.443755
wind-ons_10,p50,2038,38651114.048036
wind-ons_10,p50,2041,40898814.917276
wind-ons_10,p50,2044,41368155.365806
wind-ons_10,p50,2047,43324001.917387
wind-ons_10,p50,2050,32072563.531057
wind-ons_10,p51,2015,423695.2992
wind-ons_10,p51,2020,418187.26031
wind-ons_10,p51,2023,414797.697917
wind-ons_10,p51,2026,998280.027523
wind-ons_10,p51,2029,982217.967178
wind-ons_10,p51,2032,982110.952464
wind-ons_10,p51,2035,974026.414934
wind-ons_10,p51,2038,966365.572704
wind-ons_10,p51,2041,1087036.369434
wind-ons_10,p51,2044,1078345.484529
wind-ons_10,p51,2047,1225783.359651
wind-ons_10,p51,2050,3083429.208733
wind-ons_10,p52,2015,604072.0872
wind-ons_10,p52,2020,2119070.721866
wind-ons_10,p52,2023,2102055.332594
wind-ons_10,p52,2026,2085039.943322
wind-ons_10,p52,2029,2025396.429223
wind-ons_10,p52,2032,1990890.550758
wind-ons_10,p52,2035,1989148.960177
wind-ons_10,p52,2038,2017582.458322
wind-ons_10,p52,2041,1963219.037626
wind-ons_10,p52,2044,1880455.732005
wind-ons_10,p52,2047,2058736.80789
wind-ons_10,p52,2050,711402.320909
wind-ons_10,p53,2010,2001842.982
wind-ons_10,p53,2015,9068701.489317
wind-ons_10,p53,2020,18709211.627644
wind-ons_10,p53,2023,26019720.394841
wind-ons_10,p53,2026,27673943.567638
wind-ons_10,p53,2029,29820761.22262
wind-ons_10,p53,2032,30543196.308447
wind-ons_10,p53,2035,30335331.956296
wind-ons_10,p53,2038,30256586.184524
wind-ons_10,p53,2041,34479548.278142
wind-ons_10,p53,2044,38553324.905549
wind-ons_10,p53,2047,40505938.01063
wind-ons_10,p53,2050,43445869.809277
wind-ons_10,p54,2010,507858.12
wind-ons_10,p54,2015,501255.96444
wind-ons_10,p54,2020,494145.95076
wind-ons_10,p54,2023,490083.0858
wind-ons_10,p54,2026,486528.07896
wind-ons_10,p54,2029,482465.214
wind-ons_10,p54,2032,478402.34904
wind-ons_10,p54,2035,474847.3422
wind-ons_10,p54,2038,470784.47724
wind-ons_10,p54,2041,649365.192
wind-ons_10,p54,2044,644170.270464
wind-ons_10,p54,2047,638975.348928
wind-ons_10,p54,2050,633780.427392
wind-ons_10,p55,2020,440926.5465
wind-ons_10,p55,2023,937427.681328
wind-ons_10,p55,2026,1039971.175085
wind-ons_10,p55,2029,2308077.398246
wind-ons_10,p55,2032,2289457.072957
wind-ons_10,p55,2035,2270836.747667
wind-ons_10,p55,2038,2252216.422378
wind-ons_10,p55,2041,2234037.023635
wind-ons_10,p55,2044,2215916.726892
wind-ons_10,p55,2047,2196795.445091
wind-ons_10,p55,2050,2408239.808351
wind-ons_10,p56,2026,653868.333
wind-ons_10,p56,2029,725338.752336
wind-ons_10,p56,2032,719494.194744
wind-ons_10,p56,2035,713649.637152
wind-ons_10,p56,2038,707805.07956
wind-ons_10,p56,2041,701960.521968
wind-ons_10,p56,2044,696115.964376
wind-ons_10,p56,2047,690925.275117
wind-ons_10,p56,2050,685157.418891
wind-ons_10,p6,2029,1354354.56
wind-ons_10,p6,2032,1343519.72352
wind-ons_10,p6,2035,1332684.88704
wind-ons_10,p6,2038,1321850.05056
wind-ons_10,p6,2041,1311015.21408
wind-ons_10,p6,2044,1300180.3776
wind-ons_10,p6,2047,1283263.97472
wind-ons_10,p6,2050,1279865.0592
wind-ons_10,p60,2010,6378257.9616
wind-ons_10,p60,2015,6378257.9616
wind-ons_10,p60,2020,6369715.534558
wind-ons_10,p60,2023,6372701.735477
wind-ons_10,p60,2026,9829122.855826
wind-ons_10,p60,2029,9687688.804711
wind-ons_10,p60,2032,9590201.748996
wind-ons_10,p60,2035,9598011.936689
wind-ons_10,p60,2038,11587462.040737
wind-ons_10,p60,2041,10798538.265477
wind-ons_10,p60,2044,12707266.495951
wind-ons_10,p60,2047,13395143.549062
wind-ons_10,p60,2050,13511276.672334
wind-ons_10,p61,2010,5639693.0319
wind-ons_10,p61,2015,5639693.0319
wind-ons_10,p61,2020,5639693.0319
wind-ons_10,p61,2023,5241753.1651
wind-ons_10,p61,2026,5087602.374682
wind-ons_10,p61,2029,7552507.620707
wind-ons_10,p61,2032,7429984.367068
wind-ons_10,p61,2035,8162955.935082
wind-ons_10,p61,2038,9552683.305467
wind-ons_10,p61,2041,9967115.513356
wind-ons_10,p61,2044,10385941.313637
wind-ons_10,p61,2047,10232000.086385
wind-ons_10,p61,2050,18665424.896245
wind-ons_10,p62,2010,1529523.3429
wind-ons_10,p62,2015,2172727.6725
wind-ons_10,p62,2020,2148934.009695
wind-ons_10,p62,2023,2115677.300764
wind-ons_10,p62,2026,1980242.822242
wind-ons_10,p62,2029,6604465.174312
wind-ons_10,p62,2032,6788009.583008
wind-ons_10,p62,2035,7118501.893089
wind-ons_10,p62,2038,7172751.138631
wind-ons_10,p62,2041,6628591.777097
wind-ons_10,p62,2044,6785325.52847
wind-ons_10,p62,2047,7182982.903847
wind-ons_10,p62,2050,7049386.203673
wind-ons_10,p63,2010,1224927.3372
wind-ons_10,p63,2015,4921679.94096
wind-ons_10,p63,2020,8244932.349111
wind-ons_10,p63,2023,8188387.846745
wind-ons_10,p63,2026,8129483.389579
wind-ons_10,p63,2029,24376933.469821
wind-ons_10,p63,2032,25887020.853973
wind-ons_10,p63,2035,37903691.073988
wind-ons_10,p63,2038,37899854.190147
wind-ons_10,p63,2041,38042241.620327
wind-ons_10,p63,2044,37786594.716103
wind-ons_10,p63,2047,38702199.217598
wind-ons_10,p63,2050,36737712.021775
wind-ons_10,p64,2032,10262812.5
wind-ons_10,p64,2035,10180710.0
wind-ons_10,p64,2038,10098607.5
wind-ons_10,p64,2041,10016505.0
wind-ons_10,p64,2044,9934402.5
wind-ons_10,p64,2047,9828211.173084
wind-ons_10,p64,2050,18508201.614
wind-ons_10,p65,2029,2067766.128
wind-ons_10,p65,2032,2051223.998976
wind-ons_10,p65,2035,2034681.869952
wind-ons_10,p65,2038,2018139.740928
wind-ons_10,p65,2041,1890914.579136
wind-ons_10,p65,2044,1985055.48288
wind-ons_10,p65,2047,1968513.353856
wind-ons_10,p65,2050,1939936.34016
wind-ons_10,p68,2010,187132.0728
wind-ons_10,p68,2015,2085305.0412
wind-ons_10,p68,2020,2060628.792611
wind-ons_10,p68,2023,2760930.208864
wind-ons_10,p68,2026,3019976.228216
wind-ons_10,p68,2029,2999672.680336
wind-ons_10,p68,2032,2976500.813255
wind-ons_10,p68,2035,2954648.800674
wind-ons_10,p68,2038,2958138.32219
wind-ons_10,p68,2041,3028108.330051
wind-ons_10,p68,2044,3005094.75411
wind-ons_10,p68,2047,3678206.063994
wind-ons_10,p68,2050,3648967.05616
wind-ons_10,p70,2010,747460.2912
wind-ons_10,p70,2015,4714936.1952
wind-ons_10,p70,2020,5958970.334448
wind-ons_10,p70,2023,5916865.636608
wind-ons_10,p70,2026,5865081.851265
wind-ons_10,p70,2029,11966946.763428
wind-ons_10,p70,2032,11875767.741408
wind-ons_10,p70,2035,11784588.719388
wind-ons_10,p70,2038,11697377.173272
wind-ons_10,p70,2041,12086053.757778
wind-ons_10,p70,2044,11989034.049371
wind-ons_10,p70,2047,13348671.456418
wind-ons_10,p70,2050,12050224.692217
wind-ons_10,p74,2023,259975.9344
wind-ons_10,p74,2026,257896.126925
wind-ons_10,p74,2029,678966.37945
wind-ons_10,p74,2032,673501.371494
wind-ons_10,p74,2035,668036.363539
wind-ons_10,p74,2038,662571.355584
wind-ons_10,p74,2041,657106.347629
wind-ons_10,p74,2044,651901.315608
wind-ons_10,p74,2047,646436.307653
wind-ons_10,p74,2050,641654.425692
wind-ons_10,p75,2029,627600.96
wind-ons_10,p75,2032,622580.15232
wind-ons_10,p75,2035,617559.34464
wind-ons_10,p75,2038,612538.53696
wind-ons_10,p75,2041,607517.72928
wind-ons_10,p75,2044,602496.9216
wind-ons_10,p75,2047,597476.11392
wind-ons_10,p75,2050,593082.9072
wind-ons_10,p76,2010,131180.148
wind-ons_10,p76,2015,131180.148
wind-ons_10,p76,2020,131180.148
wind-ons_10,p76,2023,131180.148
wind-ons_10,p76,2026,131180.148
wind-ons_10,p76,2029,131180.148
wind-ons_10,p76,2032,131180.148
wind-ons_10,p76,2035,131180.148
wind-ons_10,p76,2038,131180.148
wind-ons_10,p76,2041,215197.074
wind-ons_10,p76,2044,213475.497408
wind-ons_10,p76,2047,211753.920816
wind-ons_10,p76,2050,210032.344224
wind-ons_10,p9,2010,149226.354
wind-ons_10,p9,2015,148120.713828
wind-ons_10,p9,2020,284196.757212
wind-ons_10,p9,2023,282418.229398
wind-ons_10,p9,2026,280724.750827
wind-ons_10,p9,2029,274194.006713
wind-ons_10,p9,2032,277167.695198
wind-ons_10,p9,2035,272432.039373
wind-ons_10,p9,2038,262978.169611
wind-ons_10,p9,2041,329304.435724
wind-ons_10,p9,2044,340708.885854
wind-ons_10,p9,2047,688995.783593
wind-ons_10,p9,2050,1092126.170732
wind-ons_10,p97,2032,-0.0
wind-ons_10,p97,2038,456412.338
wind-ons_10,p97,2041,451076.593536
wind-ons_10,p97,2044,449109.740592
wind-ons_10,p97,2047,445458.441888
wind-ons_10,p97,2050,441807.143184
wind-ons_10,z122,2010,587982.5595
wind-ons_10,z122,2015,2238025.9995
wind-ons_10,z122,2020,2630201.67648
wind-ons_10,z122,2023,2933807.159426
wind-ons_10,z122,2026,3325471.53835
wind-ons_10,z122,2029,3303115.384932
wind-ons_10,z122,2032,9589513.455314
wind-ons_10,z122,2035,11060697.454106
wind-ons_10,z122,2038,11172524.09837
wind-ons_10,z122,2041,11181880.283131
wind-ons_10,z122,2044,11110433.869266
wind-ons_10,z122,2047,11604636.078206
wind-ons_10,z122,2050,11148663.324078
hydND,p1,2015,13313.712
hydND,p1,2020,69068.0448
hydND,p1,2023,47287.1808
hydND,p1,2026,47287.1808
hydND,p1,2029,47287.1808
hydND,p1,2032,47287.1808
hydND,p1,2035,47287.1808
hydND,p1,2038,47287.1808
hydND,p1,2041,47287.1808
hydND,p1,2044,47287.1808
hydND,p1,2047,47287.1808
hydND,p1,2050,47287.1808
hydND,p132,2029,229668.48
hydND,p132,2032,229668.48
hydND,p132,2035,229668.48
hydND,p132,2038,229668.48
hydND,p132,2041,229668.48
hydND,p132,2044,229668.48
hydND,p132,2047,229668.48
hydND,p132,2050,229668.48
hydSND,p132,2029,166509.648
hydSND,p132,2032,166509.648
hydSND,p132,2035,166509.648
hydSND,p132,2038,166509.648
hydSND,p132,2041,166509.648
hydSND,p132,2044,166509.648
hydSND,p132,2047,166509.648
hydSND,p132,2050,166509.648
hydUD,p1,2023,5909120.6016
hydUD,p1,2026,5909120.6016
hydUD,p1,2029,5705368.646032
hydUD,p1,2032,5737416.709194
hydUD,p1,2035,5710620.135596
hydUD,p1,2038,5628320.415806
hydUD,p1,2041,5552699.21304
hydUD,p1,2044,5477342.604459
hydUD,p1,2047,5412853.787046
hydUD,p1,2050,5412853.787046
hydUD,p10,2029,6810.288
hydUD,p10,2032,6810.288
hydUD,p10,2035,6810.288
hydUD,p10,2038,6792.33525
hydUD,p10,2041,6792.33525
hydUD,p10,2044,6792.33525
hydUD,p10,2047,6792.33525
hydUD,p10,2050,6792.33525
hydUD,p101,2032,12200.4
hydUD,p101,2035,12200.4
hydUD,p101,2038,12200.4
hydUD,p101,2041,12200.4
hydUD,p101,2044,12200.4
hydUD,p101,2047,12200.4
hydUD,p101,2050,12200.4
hydUD,p118,2023,905.5584
hydUD,p118,2026,905.5584
hydUD,p118,2029,905.5584
hydUD,p118,2032,45277.92
hydUD,p118,2035,45277.92
hydUD,p118,2038,45277.92
hydUD,p118,2041,45277.92
hydUD,p118,2044,45277.92
hydUD,p118,2047,45277.92
hydUD,p118,2050,45277.92
hydUD,p127,2023,16587.66
hydUD,p127,2026,16587.66
hydUD,p127,2029,16587.66
hydUD,p127,2032,928908.96
hydUD,p127,2035,945231.21744
hydUD,p127,2038,961553.47488
hydUD,p127,2041,955783.34016
hydUD,p127,2044,935284.84092
hydUD,p127,2047,920324.74932
hydUD,p127,2050,919982.62836
hydUD,p130,2035,5334.957
hydUD,p130,2038,5325.681
hydUD,p130,2041,5266.962
hydUD,p130,2044,5214.798
hydUD,p130,2047,5088.822
hydUD,p130,2050,5088.822
hydUD,p134,2029,111183.24
hydUD,p134,2032,111183.24
hydUD,p134,2035,111183.24
hydUD,p134,2038,110530.812
hydUD,p134,2041,92376.312
hydUD,p134,2044,92649.564
hydUD,p134,2047,97380.113752
hydUD,p134,2050,100215.108
hydUD,p14,2029,4046.431356
hydUD,p14,2032,4046.431356
hydUD,p14,2035,4012.326324
hydUD,p14,2038,3773.090172
hydUD,p14,2041,3739.606644
hydUD,p14,2044,3788.422644
hydUD,p14,2047,3757.514772
hydUD,p14,2050,3757.514772
hydUD,p15,2029,333375.862455
hydUD,p15,2032,337673.972693
hydUD,p15,2035,336348.626429
hydUD,p15,2038,320150.833418
hydUD,p15,2041,315909.226446
hydUD,p15,2044,318544.14631
hydUD,p15,2047,320805.630251
hydUD,p15,2050,320805.630251
hydUD,p16,2029,15516.698538
hydUD,p16,2032,50786.834442
hydUD,p16,2035,51464.03369
hydUD,p16,2038,50955.48336
hydUD,p16,2041,51076.252128
hydUD,p16,2044,50363.491728
hydUD,p16,2047,50955.48336
hydUD,p16,2050,50405.967744
hydUD,p17,2029,170845.987971
hydUD,p17,2032,170845.987971
hydUD,p17,2035,169931.232987
hydUD,p17,2038,163210.678227
hydUD,p17,2041,164165.925582
hydUD,p17,2044,162207.728328
hydUD,p17,2047,164165.925582
hydUD,p17,2050,164165.925582
hydUD,p18,2023,345080.424
hydUD,p18,2026,377504.088
hydUD,p18,2029,333841.2735
hydUD,p18,2032,334730.706736
hydUD,p18,2035,356423.661
hydUD,p18,2038,356644.995
hydUD,p18,2041,355054.587
hydUD,p18,2044,355054.587
hydUD,p18,2047,357845.31
hydUD,p18,2050,360585.177
hydUD,p2,2023,13152.1536
hydUD,p2,2026,13152.1536
hydUD,p2,2029,522702.031294
hydUD,p2,2032,556426.020498
hydUD,p2,2035,555527.716728
hydUD,p2,2038,553960.989166
hydUD,p2,2041,543835.05138
hydUD,p2,2044,566232.158313
hydUD,p2,2047,560787.485134
hydUD,p2,2050,560787.485134
hydUD,p3,2032,42726.96
hydUD,p3,2035,46375.2
hydUD,p3,2038,51304.77
hydUD,p3,2041,44705.34
hydUD,p3,2044,44448.3648
hydUD,p3,2047,43835.4648
hydUD,p3,2050,43645.3398
hydUD,p36,2032,168125.517
hydUD,p36,2035,169367.667
hydUD,p36,2038,169367.667
hydUD,p36,2041,168746.592
hydUD,p36,2044,170389.317
hydUD,p36,2047,170389.317
hydUD,p36,2050,170389.317
hydUD,p38,2032,388977.957
hydUD,p38,2035,388977.957
hydUD,p38,2038,388977.957
hydUD,p38,2041,388977.957
hydUD,p38,2044,388977.957
hydUD,p38,2047,384641.235
hydUD,p38,2050,388977.957
hydUD,p4,2029,926888.057592
hydUD,p4,2032,926888.057592
hydUD,p4,2035,926117.695272
hydUD,p4,2038,888035.722392
hydUD,p4,2041,877149.694428
hydUD,p4,2044,866064.496164
hydUD,p4,2047,854379.741125
hydUD,p4,2050,854406.341292
hydUD,p43,2029,5209.152
hydUD,p43,2032,26820.079
hydUD,p43,2035,31254.912
hydUD,p43,2038,31254.912
hydUD,p43,2041,31254.912
hydUD,p43,2044,31254.912
hydUD,p43,2047,31254.912
hydUD,p43,2050,31254.912
hydUD,p46,2032,36343.56
hydUD,p46,2035,36343.56
hydUD,p46,2038,36343.56
hydUD,p46,2041,36343.56
hydUD,p46,2044,36343.56
hydUD,p46,2047,36343.56
hydUD,p46,2050,36343.56
hydUD,p5,2032,345248.948124
hydUD,p5,2035,345248.948124
hydUD,p5,2038,345248.948124
hydUD,p5,2041,345248.948124
hydUD,p5,2044,345248.948124
hydUD,p5,2047,343399.253518
hydUD,p5,2050,343399.253518
hydUD,p50,2032,23817.6
hydUD,p50,2035,22309.2
hydUD,p50,2038,22309.2
hydUD,p50,2041,23582.01
hydUD,p50,2044,22528.44
hydUD,p50,2047,22309.2
hydUD,p50,2050,24153.78
hydUD,p51,2032,35419.644
hydUD,p51,2035,33620.868
hydUD,p51,2038,34078.788
hydUD,p51,2041,35419.644
hydUD,p51,2044,35419.644
hydUD,p51,2047,35419.644
hydUD,p51,2050,35419.644
hydUD,p55,2032,6538.776
hydUD,p55,2035,6538.776
hydUD,p55,2038,6538.776
hydUD,p55,2041,6538.776
hydUD,p55,2044,6538.776
hydUD,p55,2047,6538.776
hydUD,p55,2050,6538.776
hydUD,p56,2032,65782.92
hydUD,p56,2035,65782.92
hydUD,p56,2038,65782.92
hydUD,p56,2041,65782.92
hydUD,p56,2044,65782.92
hydUD,p56,2047,65782.92
hydUD,p56,2050,65782.92
hydUD,p6,2032,28029.648
hydUD,p6,2035,28029.648
hydUD,p6,2038,28029.648
hydUD,p6,2041,28029.648
hydUD,p6,2044,28029.648
hydUD,p6,2047,27975.504
hydUD,p6,2050,27975.504
hydUD,p7,2032,92952.640788
hydUD,p7,2035,92952.640788
hydUD,p7,2038,92952.640788
hydUD,p7,2041,91659.587808
hydUD,p7,2044,91659.587808
hydUD,p7,2047,91020.452736
hydUD,p7,2050,91020.452736
hydUD,p72,2032,74600.568
hydUD,p72,2035,74600.568
hydUD,p72,2038,74600.568
hydUD,p72,2041,74600.568
hydUD,p72,2044,74600.568
hydUD,p72,2047,74600.568
hydUD,p72,2050,74600.568
hydUD,p76,2032,38772.72
hydUD,p76,2035,38772.72
hydUD,p76,2038,38678.745
hydUD,p76,2041,38678.745
hydUD,p76,2044,38767.47
hydUD,p76,2047,38678.745
hydUD,p76,2050,38767.47
hydUD,p85,2032,35695.608
hydUD,p85,2035,35695.608
hydUD,p85,2038,35695.608
hydUD,p85,2041,35695.608
hydUD,p85,2044,35695.608
hydUD,p85,2047,35695.608
hydUD,p85,2050,35695.608
hydUD,p89,2032,206890.032
hydUD,p89,2035,206890.032
hydUD,p89,2038,206890.032
hydUD,p89,2041,206890.032
hydUD,p89,2044,206890.032
hydUD,p89,2047,206890.032
hydUD,p89,2050,206890.032
hydUD,p9,2029,18499.3536
hydUD,p9,2032,1790079.2784
hydUD,p9,2035,1790079.2784
hydUD,p9,2038,1792000.36512
hydUD,p9,2041,1792000.36512
hydUD,p9,2044,1792000.36512
hydUD,p9,2047,1792000.36512
hydUD,p9,2050,1792000.36512
hydUD,p90,2032,45839.904
hydUD,p90,2035,45839.904
hydUD,p90,2038,45839.904
hydUD,p90,2041,45839.904
hydUD,p90,2044,45839.904
hydUD,p90,2047,45839.904
hydUD,p90,2050,45839.904
hydUD,p92,2029,433045.872
hydUD,p92,2032,519108.041088
hydUD,p92,2035,519108.041088
hydUD,p92,2038,519108.041088
hydUD,p92,2041,519108.041088
hydUD,p92,2044,519108.041088
hydUD,p92,2047,519108.041088
hydUD,p92,2050,519108.041088
hydUD,p93,2029,86276.496
hydUD,p93,2032,86276.496
hydUD,p93,2035,86276.496
hydUD,p93,2038,86276.496
hydUD,p93,2041,86276.496
hydUD,p93,2044,86276.496
hydUD,p93,2047,86276.496
hydUD,p93,2050,86276.496
hydUD,p94,2032,227292.933504
hydUD,p94,2035,227292.933504
hydUD,p94,2038,227292.933504
hydUD,p94,2041,227292.933504
hydUD,p94,2044,227292.933504
hydUD,p94,2047,227292.933504
hydUD,p94,2050,227292.933504
hydUD,p95,2032,0.0
hydUD,p97,2023,414597.12
hydUD,p97,2026,414597.12
hydUD,p97,2029,431258.74176
hydUD,p97,2032,431258.74176
hydUD,p97,2035,431258.74176
hydUD,p97,2038,431258.74176
hydUD,p97,2041,431258.74176
hydUD,p97,2044,431258.74176
hydUD,p97,2047,431258.74176
hydUD,p97,2050,431258.74176
hydUD,p98,2029,21442.45312
hydUD,p98,2032,46241.712
hydUD,p98,2035,46241.712
hydUD,p98,2038,46241.712
hydUD,p98,2041,46241.712
hydUD,p98,2044,46241.712
hydUD,p98,2047,46241.712
hydUD,p98,2050,46241.712
hydUD,p99,2032,45857.28
hydUD,p99,2035,45857.28
hydUD,p99,2038,45857.28
hydUD,p99,2041,45857.28
hydUD,p99,2044,45857.28
hydUD,p99,2047,45857.28
hydUD,p99,2050,45857.28
hydUND,p1,2023,61645.8216
hydUND,p1,2026,61645.8216
hydUND,p1,2029,61645.8216
hydUND,p1,2032,255484.02
hydUND,p1,2035,275131.56528
hydUND,p1,2038,275131.56528
hydUND,p1,2041,275131.56528
hydUND,p1,2044,275131.56528
hydUND,p1,2047,275131.56528
hydUND,p1,2050,275131.56528
hydUND,p10,2026,2517.72
hydUND,p10,2029,2517.72
hydUND,p10,2032,2517.72
hydUND,p10,2035,2517.72
hydUND,p10,2038,2517.72
hydUND,p10,2041,2517.72
hydUND,p10,2044,2517.72
hydUND,p10,2047,2517.72
hydUND,p10,2050,2517.72
hydUND,p109,2026,6977.9808
hydUND,p109,2029,22429.224
hydUND,p109,2032,22429.224
hydUND,p109,2035,22429.224
hydUND,p109,2038,22429.224
hydUND,p109,2041,22429.224
hydUND,p109,2044,22429.224
hydUND,p109,2047,22429.224
hydUND,p109,2050,22429.224
hydUND,p11,2026,10314.1896
hydUND,p11,2029,10314.1896
hydUND,p11,2032,10314.1896
hydUND,p11,2035,10314.1896
hydUND,p11,2038,10314.1896
hydUND,p11,2041,10314.1896
hydUND,p11,2044,10314.1896
hydUND,p11,2047,10314.1896
hydUND,p11,2050,10314.1896
hydUND,p115,2029,23441.28
hydUND,p115,2032,23441.28
hydUND,p115,2035,23441.28
hydUND,p115,2038,23441.28
hydUND,p115,2041,23441.28
hydUND,p115,2044,23441.28
hydUND,p115,2047,23441.28
hydUND,p115,2050,23441.28
hydUND,p117,2029,67390.92
hydUND,p117,2032,67390.92
hydUND,p117,2035,67390.92
hydUND,p117,2038,67390.92
hydUND,p117,2041,67390.92
hydUND,p117,2044,67390.92
hydUND,p117,2047,67390.92
hydUND,p117,2050,67390.92
hydUND,p118,2032,19932.024
hydUND,p118,2035,19932.024
hydUND,p118,2038,19932.024
hydUND,p118,2041,19932.024
hydUND,p118,2044,19932.024
hydUND,p118,2047,19932.024
hydUND,p118,2050,19932.024
hydUND,p123,2032,192612.6
hydUND,p123,2035,192612.6
hydUND,p123,2038,192612.6
hydUND,p123,2041,192612.6
hydUND,p123,2044,192612.6
hydUND,p123,2047,192612.6
hydUND,p123,2050,192612.6
hydUND,p127,2023,50347.224
hydUND,p127,2026,50347.224
hydUND,p127,2029,50347.224
hydUND,p127,2032,373401.865037
hydUND,p127,2035,392970.991885
hydUND,p127,2038,411207.875245
hydUND,p127,2041,427374.928285
hydUND,p127,2044,443541.981325
hydUND,p127,2047,443541.981325
hydUND,p127,2050,443541.981325
hydUND,p129,2023,370.0224
hydUND,p129,2026,370.0224
hydUND,p129,2029,370.0224
hydUND,p129,2032,370.0224
hydUND,p129,2035,370.0224
hydUND,p129,2038,370.0224
hydUND,p129,2041,370.0224
hydUND,p129,2044,370.0224
hydUND,p129,2047,370.0224
hydUND,p129,2050,370.0224
hydUND,p130,2023,13836.7632
hydUND,p130,2026,13836.7632
hydUND,p130,2029,13836.7632
hydUND,p130,2032,13836.7632
hydUND,p130,2035,13836.7632
hydUND,p130,2038,13836.7632
hydUND,p130,2041,13836.7632
hydUND,p130,2044,13836.7632
hydUND,p130,2047,13836.7632
hydUND,p130,2050,13836.7632
hydUND,p134,2023,41816.9136
hydUND,p134,2026,41816.9136
hydUND,p134,2029,146132.922506
hydUND,p134,2032,146132.922506
hydUND,p134,2035,174870.7296
hydUND,p134,2038,174870.7296
hydUND,p134,2041,174870.7296
hydUND,p134,2044,174870.7296
hydUND,p134,2047,174870.7296
hydUND,p134,2050,174870.7296
hydUND,p15,2023,104056.968
hydUND,p15,2026,104056.968
hydUND,p15,2029,104056.968
hydUND,p15,2032,104056.968
hydUND,p15,2035,104056.968
hydUND,p15,2038,104056.968
hydUND,p15,2041,104056.968
hydUND,p15,2044,104056.968
hydUND,p15,2047,104056.968
hydUND,p15,2050,104056.968
hydUND,p17,2023,81949.0944
hydUND,p17,2026,81949.0944
hydUND,p17,2029,159750.76512
hydUND,p17,2032,159750.76512
hydUND,p17,2035,159750.76512
hydUND,p17,2038,159750.76512
hydUND,p17,2041,159750.76512
hydUND,p17,2044,159750.76512
hydUND,p17,2047,159750.76512
hydUND,p17,2050,159750.76512
hydUND,p18,2023,73606.416
hydUND,p18,2026,73606.416
hydUND,p18,2029,192509.088
hydUND,p18,2032,192509.088
hydUND,p18,2035,192509.088
hydUND,p18,2038,192509.088
hydUND,p18,2041,192509.088
hydUND,p18,2044,192509.088
hydUND,p18,2047,192509.088
hydUND,p18,2050,192509.088
hydUND,p2,2032,437429.64
hydUND,p2,2035,437429.64
hydUND,p2,2038,437429.64
hydUND,p2,2041,437429.64
hydUND,p2,2044,437429.64
hydUND,p2,2047,437429.64
hydUND,p2,2050,437429.64
hydUND,p21,2023,4226.04
hydUND,p21,2026,4226.04
hydUND,p21,2029,4226.04
hydUND,p21,2032,4226.04
hydUND,p21,2035,4226.04
hydUND,p21,2038,4226.04
hydUND,p21,2041,4226.04
hydUND,p21,2044,4226.04
hydUND,p21,2047,4226.04
hydUND,p21,2050,4226.04
hydUND,p25,2023,295.1328
hydUND,p25,2026,295.1328
hydUND,p25,2029,295.1328
hydUND,p25,2032,295.1328
hydUND,p25,2035,295.1328
hydUND,p25,2038,295.1328
hydUND,p25,2041,295.1328
hydUND,p25,2044,295.1328
hydUND,p25,2047,295.1328
hydUND,p25,2050,295.1328
hydUND,p31,2023,7169.76
hydUND,p31,2026,7169.76
hydUND,p31,2029,7169.76
hydUND,p31,2032,7169.76
hydUND,p31,2035,7169.76
hydUND,p31,2038,7169.76
hydUND,p31,2041,7169.76
hydUND,p31,2044,7169.76
hydUND,p31,2047,7169.76
hydUND,p31,2050,7169.76
hydUND,p33,2023,20634.108
hydUND,p33,2026,20634.108
hydUND,p33,2029,20634.108
hydUND,p33,2032,20634.108
hydUND,p33,2035,20634.108
hydUND,p33,2038,20634.108
hydUND,p33,2041,20634.108
hydUND,p33,2044,20634.108
hydUND,p33,2047,20634.108
hydUND,p33,2050,20634.108
hydUND,p34,2023,58274.0928
hydUND,p34,2026,58274.0928
hydUND,p34,2029,58274.0928
hydUND,p34,2032,58274.0928
hydUND,p34,2035,58274.0928
hydUND,p34,2038,58274.0928
hydUND,p34,2041,58274.0928
hydUND,p34,2044,58274.0928
hydUND,p34,2047,58274.0928
hydUND,p34,2050,58274.0928
hydUND,p4,2029,152156.256
hydUND,p4,2032,966639.744
hydUND,p4,2035,966639.744
hydUND,p4,2038,966639.744
hydUND,p4,2041,966639.744
hydUND,p4,2044,966639.744
hydUND,p4,2047,966639.744
hydUND,p4,2050,966639.744
hydUND,p40,2032,104761.2
hydUND,p40,2035,104761.2
hydUND,p40,2038,104761.2
hydUND,p40,2041,104761.2
hydUND,p40,2044,104761.2
hydUND,p40,2047,104761.2
hydUND,p40,2050,104761.2
hydUND,p43,2026,19893.984
hydUND,p43,2029,19893.984
hydUND,p43,2032,19893.984
hydUND,p43,2035,46571.816544
hydUND,p43,2038,46571.816544
hydUND,p43,2041,46571.816544
hydUND,p43,2044,46571.816544
hydUND,p43,2047,46571.816544
hydUND,p43,2050,46571.816544
hydUND,p44,2023,1307.22
hydUND,p44,2026,1307.22
hydUND,p44,2029,1307.22
hydUND,p44,2032,1307.22
hydUND,p44,2035,1307.22
hydUND,p44,2038,1307.22
hydUND,p44,2041,1307.22
hydUND,p44,2044,1307.22
hydUND,p44,2047,1307.22
hydUND,p44,2050,1307.22
hydUND,p5,2023,101117.4912
hydUND,p5,2026,101117.4912
hydUND,p5,2029,101117.4912
hydUND,p5,2032,794385.1392
hydUND,p5,2035,800639.563199
hydUND,p5,2038,800639.563199
hydUND,p5,2041,800639.563199
hydUND,p5,2044,800639.563199
hydUND,p5,2047,800639.563199
hydUND,p5,2050,800639.563199
hydUND,p51,2032,48288.24
hydUND,p51,2035,48288.24
hydUND,p51,2038,48288.24
hydUND,p51,2041,48288.24
hydUND,p51,2044,48288.24
hydUND,p51,2047,48288.24
hydUND,p51,2050,48288.24
hydUND,p53,2023,16897.6032
hydUND,p53,2026,16897.6032
hydUND,p53,2029,16897.6032
hydUND,p53,2032,16897.6032
hydUND,p53,2035,16897.6032
hydUND,p53,2038,16897.6032
hydUND,p53,2041,16897.6032
hydUND,p53,2044,16897.6032
hydUND,p53,2047,16897.6032
hydUND,p53,2050,16897.6032
hydUND,p6,2023,4167.8736
hydUND,p6,2026,4167.8736
hydUND,p6,2029,4167.8736
hydUND,p6,2032,27055.995232
hydUND,p6,2035,37889.76
hydUND,p6,2038,37889.76
hydUND,p6,2041,37889.76
hydUND,p6,2044,37889.76
hydUND,p6,2047,37889.76
hydUND,p6,2050,37889.76
hydUND,p70,2032,40837.536
hydUND,p70,2035,40837.536
hydUND,p70,2038,40837.536
hydUND,p70,2041,40837.536
hydUND,p70,2044,40837.536
hydUND,p70,2047,40837.536
hydUND,p70,2050,40837.536
hydUND,p75,2023,37102.5696
hydUND,p75,2026,37102.5696
hydUND,p75,2029,37102.5696
hydUND,p75,2032,37102.5696
hydUND,p75,2035,37102.5696
hydUND,p75,2038,37102.5696
hydUND,p75,2041,37102.5696
hydUND,p75,2044,37102.5696
hydUND,p75,2047,37102.5696
hydUND,p75,2050,37102.5696
hydUND,p76,2023,48552.192
hydUND,p76,2026,48552.192
hydUND,p76,2029,48552.192
hydUND,p76,2032,52314.98688
hydUND,p76,2035,52314.98688
hydUND,p76,2038,52314.98688
hydUND,p76,2041,52314.98688
hydUND,p76,2044,52314.98688
hydUND,p76,2047,52314.98688
hydUND,p76,2050,52314.98688
hydUND,p77,2032,13553.856
hydUND,p77,2035,13553.856
hydUND,p77,2038,13553.856
hydUND,p77,2041,13553.856
hydUND,p77,2044,13553.856
hydUND,p77,2047,13553.856
hydUND,p77,2050,13553.856
hydUND,p80,2026,33953.3376
hydUND,p80,2029,33953.3376
hydUND,p80,2032,33953.3376
hydUND,p80,2035,33953.3376
hydUND,p80,2038,33953.3376
hydUND,p80,2041,33953.3376
hydUND,p80,2044,33953.3376
hydUND,p80,2047,33953.3376
hydUND,p80,2050,33953.3376
hydUND,p81,2023,4205.9232
hydUND,p81,2026,4205.9232
hydUND,p81,2029,4205.9232
hydUND,p81,2032,4205.9232
hydUND,p81,2035,4205.9232
hydUND,p81,2038,4205.9232
hydUND,p81,2041,4205.9232
hydUND,p81,2044,4205.9232
hydUND,p81,2047,4205.9232
hydUND,p81,2050,4205.9232
hydUND,p85,2032,19709.568
hydUND,p85,2035,19709.568
hydUND,p85,2038,19709.568
hydUND,p85,2041,19709.568
hydUND,p85,2044,19709.568
hydUND,p85,2047,19709.568
hydUND,p85,2050,19709.568
hydUND,p89,2029,16924.208
hydUND,p89,2032,192210.648
hydUND,p89,2035,192210.648
hydUND,p89,2038,192210.648
hydUND,p89,2041,192210.648
hydUND,p89,2044,192210.648
hydUND,p89,2047,192210.648
hydUND,p89,2050,192210.648
hydUND,p9,2023,48254.184
hydUND,p9,2026,52348.4784
hydUND,p9,2029,52348.4784
hydUND,p9,2032,908231.47776
hydUND,p9,2035,908231.47776
hydUND,p9,2038,908231.47776
hydUND,p9,2041,908231.47776
hydUND,p9,2044,908231.47776
hydUND,p9,2047,908231.47776
hydUND,p9,2050,908231.47776
hydUND,p90,2032,181092.3264
hydUND,p90,2035,181092.3264
hydUND,p90,2038,181092.3264
hydUND,p90,2041,181092.3264
hydUND,p90,2044,181092.3264
hydUND,p90,2047,181092.3264
hydUND,p90,2050,181092.3264
hydUND,p92,2032,228343.569216
hydUND,p92,2035,228343.569216
hydUND,p92,2038,228343.569216
hydUND,p92,2041,228343.569216
hydUND,p92,2044,228343.569216
hydUND,p92,2047,228343.569216
hydUND,p92,2050,228343.569216
hydUND,p93,2029,26008.584
hydUND,p93,2032,81741.264
hydUND,p93,2035,81741.264
hydUND,p93,2038,81741.264
hydUND,p93,2041,81741.264
hydUND,p93,2044,81741.264
hydUND,p93,2047,81741.264
hydUND,p93,2050,81741.264
hydUND,p97,2023,2691.648
hydUND,p97,2026,2691.648
hydUND,p97,2029,2691.648
hydUND,p97,2032,2691.648
hydUND,p97,2035,2691.648
hydUND,p97,2038,2691.648
hydUND,p97,2041,2691.648
hydUND,p97,2044,2691.648
hydUND,p97,2047,2691.648
hydUND,p97,2050,2691.648
hydUND,z122,2023,433446.1824
hydUND,z122,2026,433446.1824
hydUND,z122,2029,433446.1824
hydUND,z122,2032,433446.1824
hydUND,z122,2035,433446.1824
hydUND,z122,2038,433446.1824
hydUND,z122,2041,433446.1824
hydUND,z122,2044,433446.1824
hydUND,z122,2047,433446.1824
hydUND,z122,2050,433446.1824
hydUND,z28,2032,1301325.264
hydUND,z28,2035,1301325.264
hydUND,z28,2038,1301325.264
hydUND,z28,2041,1301325.264
hydUND,z28,2044,1301325.264
hydUND,z28,2047,1301325.264
hydUND,z28,2050,1301325.264
hydNPND,p1,2032,300847.104
hydNPND,p1,2035,300847.104
hydNPND,p1,2038,300847.104
hydNPND,p1,2041,300847.104
hydNPND,p1,2044,300847.104
hydNPND,p1,2047,300847.104
hydNPND,p1,2050,300847.104
hydNPND,p10,2035,315057.6
hydNPND,p10,2038,315057.6
hydNPND,p10,2041,315057.6
hydNPND,p10,2044,315057.6
hydNPND,p10,2047,315057.6
hydNPND,p10,2050,315057.6
hydNPND,p108,2020,398513.988
hydNPND,p108,2023,421401.0384
hydNPND,p108,2026,421401.0384
hydNPND,p108,2029,421401.0384
hydNPND,p108,2032,421401.0384
hydNPND,p108,2035,421401.0384
hydNPND,p108,2038,421401.0384
hydNPND,p108,2041,421401.0384
hydNPND,p108,2044,421401.0384
hydNPND,p108,2047,421401.0384
hydNPND,p108,2050,421401.0384
hydNPND,p109,2020,479737.44
hydNPND,p109,2023,500612.88
hydNPND,p109,2026,500612.88
hydNPND,p109,2029,500612.88
hydNPND,p109,2032,500612.88
hydNPND,p109,2035,500612.88
hydNPND,p109,2038,500612.88
hydNPND,p109,2041,500612.88
hydNPND,p109,2044,500612.88
hydNPND,p109,2047,500612.88
hydNPND,p109,2050,500612.88
hydNPND,p115,2015,18664.056
hydNPND,p115,2020,14669.6232
hydNPND,p115,2023,17615.4792
hydNPND,p115,2026,17615.4792
hydNPND,p115,2029,17615.4792
hydNPND,p115,2032,17615.4792
hydNPND,p115,2035,17615.4792
hydNPND,p115,2038,17615.4792
hydNPND,p115,2041,17615.4792
hydNPND,p115,2044,17615.4792
hydNPND,p115,2047,17615.4792
hydNPND,p115,2050,17615.4792
hydNPND,p116,2020,206574.72
hydNPND,p116,2023,228263.904
hydNPND,p116,2026,228263.904
hydNPND,p116,2029,228263.904
hydNPND,p116,2032,228263.904
hydNPND,p116,2035,228263.904
hydNPND,p116,2038,228263.904
hydNPND,p116,2041,228263.904
hydNPND,p116,2044,228263.904
hydNPND,p116,2047,228263.904
hydNPND,p116,2050,228263.904
hydNPND,p117,2029,105462.768
hydNPND,p117,2032,105462.768
hydNPND,p117,2035,105462.768
hydNPND,p117,2038,105462.768
hydNPND,p117,2041,105462.768
hydNPND,p117,2044,105462.768
hydNPND,p117,2047,105462.768
hydNPND,p117,2050,105462.768
hydNPND,p121,2029,26707.8
hydNPND,p121,2032,26707.8
hydNPND,p121,2035,26707.8
hydNPND,p121,2038,26707.8
hydNPND,p121,2041,26707.8
hydNPND,p121,2044,26707.8
hydNPND,p121,2047,26707.8
hydNPND,p121,2050,26707.8
hydNPND,p129,2020,2303.6544
hydNPND,p129,2023,2897.1072
hydNPND,p129,2026,2897.1072
hydNPND,p129,2029,2897.1072
hydNPND,p129,2032,2897.1072
hydNPND,p129,2035,2897.1072
hydNPND,p129,2038,2897.1072
hydNPND,p129,2041,2897.1072
hydNPND,p129,2044,2897.1072
hydNPND,p129,2047,2897.1072
hydNPND,p129,2050,2897.1072
hydNPND,p131,2029,25056.284087
hydNPND,p131,2032,25056.284087
hydNPND,p131,2035,25056.284087
hydNPND,p131,2038,25056.284087
hydNPND,p131,2041,25056.284087
hydNPND,p131,2044,25056.284087
hydNPND,p131,2047,25056.284087
hydNPND,p131,2050,25056.284087
hydNPND,p132,2029,158736.024
hydNPND,p132,2032,158736.024
hydNPND,p132,2035,158736.024
hydNPND,p132,2038,158736.024
hydNPND,p132,2041,158736.024
hydNPND,p132,2044,158736.024
hydNPND,p132,2047,158736.024
hydNPND,p132,2050,158736.024
hydNPND,p16,2015,3712.3488
hydNPND,p16,2020,5944.32
hydNPND,p16,2023,6448.896
hydNPND,p16,2026,6448.896
hydNPND,p16,2029,6448.896
hydNPND,p16,2032,6448.896
hydNPND,p16,2035,6448.896
hydNPND,p16,2038,6448.896
hydNPND,p16,2041,6448.896
hydNPND,p16,2044,6448.896
hydNPND,p16,2047,6448.896
hydNPND,p16,2050,6448.896
hydNPND,p17,2015,8976.768
hydNPND,p17,2020,14618.448
hydNPND,p17,2023,13045.68
hydNPND,p17,2026,13045.68
hydNPND,p17,2029,13045.68
hydNPND,p17,2032,13045.68
hydNPND,p17,2035,13045.68
hydNPND,p17,2038,13045.68
hydNPND,p17,2041,13045.68
hydNPND,p17,2044,13045.68
hydNPND,p17,2047,13045.68
hydNPND,p17,2050,13045.68
hydNPND,p34,2015,23682.624
hydNPND,p34,2020,40609.8192
hydNPND,p34,2023,37783.824
hydNPND,p34,2026,37783.824
hydNPND,p34,2029,37783.824
hydNPND,p34,2032,37783.824
hydNPND,p34,2035,37783.824
hydNPND,p34,2038,37783.824
hydNPND,p34,2041,37783.824
hydNPND,p34,2044,37783.824
hydNPND,p34,2047,37783.824
hydNPND,p34,2050,37783.824
hydNPND,p43,2015,42964.5312
hydNPND,p43,2020,43594.2144
hydNPND,p43,2023,35250.048
hydNPND,p43,2026,35250.048
hydNPND,p43,2029,35250.048
hydNPND,p43,2032,35250.048
hydNPND,p43,2035,35250.048
hydNPND,p43,2038,35250.048
hydNPND,p43,2041,35250.048
hydNPND,p43,2044,35250.048
hydNPND,p43,2047,35250.048
hydNPND,p43,2050,35250.048
hydNPND,p5,2015,7948.44
hydNPND,p5,2020,10657.62
hydNPND,p5,2023,10849.68
hydNPND,p5,2026,10849.68
hydNPND,p5,2029,10849.68
hydNPND,p5,2032,10849.68
hydNPND,p5,2035,10849.68
hydNPND,p5,2038,10849.68
hydNPND,p5,2041,10849.68
hydNPND,p5,2044,10849.68
hydNPND,p5,2047,10849.68
hydNPND,p5,2050,10849.68
hydNPND,p66,2020,18632.6568
hydNPND,p66,2023,81078.7968
hydNPND,p66,2026,81078.7968
hydNPND,p66,2029,81078.7968
hydNPND,p66,2032,81078.7968
hydNPND,p66,2035,81078.7968
hydNPND,p66,2038,81078.7968
hydNPND,p66,2041,81078.7968
hydNPND,p66,2044,81078.7968
hydNPND,p66,2047,81078.7968
hydNPND,p66,2050,81078.7968
hydNPND,p70,2023,100824.24
hydNPND,p70,2026,100824.24
hydNPND,p70,2029,100824.24
hydNPND,p70,2032,100824.24
hydNPND,p70,2035,100824.24
hydNPND,p70,2038,100824.24
hydNPND,p70,2041,100824.24
hydNPND,p70,2044,100824.24
hydNPND,p70,2047,100824.24
hydNPND,p70,2050,100824.24
hydNPND,p93,2020,331441.9416
hydNPND,p93,2023,317384.6544
hydNPND,p93,2026,317384.6544
hydNPND,p93,2029,317384.6544
hydNPND,p93,2032,317384.6544
hydNPND,p93,2035,317384.6544
hydNPND,p93,2038,317384.6544
hydNPND,p93,2041,317384.6544
hydNPND,p93,2044,317384.6544
hydNPND,p93,2047,317384.6544
hydNPND,p93,2050,317384.6544
hydNPND,p95,2015,5279.1024
hydNPND,p95,2020,5902.3272
hydNPND,p95,2023,5231.9256
hydNPND,p95,2026,5231.9256
hydNPND,p95,2029,5231.9256
hydNPND,p95,2032,5231.9256
hydNPND,p95,2035,5231.9256
hydNPND,p95,2038,5231.9256
hydNPND,p95,2041,5231.9256
hydNPND,p95,2044,5231.9256
hydNPND,p95,2047,5231.9256
hydNPND,p95,2050,5231.9256
hydNPND,p98,2015,12868.944
hydNPND,p98,2020,15664.8096
hydNPND,p98,2023,11613.9936
hydNPND,p98,2026,11613.9936
hydNPND,p98,2029,11613.9936
hydNPND,p98,2032,11613.9936
hydNPND,p98,2035,11613.9936
hydNPND,p98,2038,11613.9936
hydNPND,p98,2041,11613.9936
hydNPND,p98,2044,11613.9936
hydNPND,p98,2047,11613.9936
hydNPND,p98,2050,11613.9936
hydED,p1,2010,10164573.9264
hydED,p1,2015,11715920.9208
hydED,p1,2020,11380614.6912
hydED,p1,2023,11739807.8592
hydED,p1,2026,11739807.8592
hydED,p1,2029,11212195.153492
hydED,p1,2032,11230780.254445
hydED,p1,2035,11230780.254445
hydED,p1,2038,11155488.785566
hydED,p1,2041,10884894.283324
hydED,p1,2044,10831983.596173
hydED,p1,2047,10670323.33802
hydED,p1,2050,10632148.791092
hydED,p10,2010,534163.896
hydED,p10,2015,478633.176
hydED,p10,2020,478837.8
hydED,p10,2023,500556.168
hydED,p10,2026,500556.168
hydED,p10,2029,496542.050613
hydED,p10,2032,496542.050613
hydED,p10,2035,499236.640875
hydED,p10,2038,499236.640875
hydED,p10,2041,499236.640875
hydED,p10,2044,499236.640875
hydED,p10,2047,499236.640875
hydED,p10,2050,499236.640875
hydED,p101,2010,157716.036
hydED,p101,2015,227254.005
hydED,p101,2020,229483.728
hydED,p101,2023,176905.8
hydED,p101,2026,176905.8
hydED,p101,2029,176905.8
hydED,p101,2032,176905.8
hydED,p101,2035,176905.8
hydED,p101,2038,176905.8
hydED,p101,2041,176905.8
hydED,p101,2044,176905.8
hydED,p101,2047,176905.8
hydED,p101,2050,176905.8
hydED,p103,2010,22055.0904
hydED,p103,2015,25349.2848
hydED,p103,2020,24275.916
hydED,p103,2023,25572.3048
hydED,p103,2026,25572.3048
hydED,p103,2029,25572.3048
hydED,p103,2032,25092.6228
hydED,p103,2035,25092.6228
hydED,p103,2038,24149.7018
hydED,p103,2041,24171.6258
hydED,p103,2044,23136.624
hydED,p103,2047,24092.8128
hydED,p103,2050,24171.6258
hydED,p118,2010,612559.968
hydED,p118,2015,621550.7376
hydED,p118,2020,766766.976
hydED,p118,2023,583481.4624
hydED,p118,2026,583481.4624
hydED,p118,2029,583481.4624
hydED,p118,2032,583481.4624
hydED,p118,2035,583481.4624
hydED,p118,2038,583481.4624
hydED,p118,2041,583481.4624
hydED,p118,2044,583481.4624
hydED,p118,2047,583481.4624
hydED,p118,2050,583481.4624
hydED,p127,2010,8276636.076
hydED,p127,2015,8260149.072
hydED,p127,2020,9129702.4752
hydED,p127,2023,8850511.8696
hydED,p127,2026,8850511.8696
hydED,p127,2029,8850511.8696
hydED,p127,2032,8850511.8696
hydED,p127,2035,8850511.8696
hydED,p127,2038,8850511.8696
hydED,p127,2041,8818652.907533
hydED,p127,2044,8608725.1539
hydED,p127,2047,8471026.6569
hydED,p127,2050,8469693.874113
hydED,p129,2010,210855.132
hydED,p129,2015,148719.7272
hydED,p129,2020,179224.1616
hydED,p129,2023,192864.5064
hydED,p129,2026,192864.5064
hydED,p129,2029,192864.5064
hydED,p129,2032,192864.5064
hydED,p129,2035,192864.5064
hydED,p129,2038,192864.5064
hydED,p129,2041,192864.5064
hydED,p129,2044,189632.8527
hydED,p129,2047,187923.7587
hydED,p129,2050,187386.594998
hydED,p130,2010,44297.7948
hydED,p130,2015,37779.84
hydED,p130,2020,40279.0752
hydED,p130,2023,45229.7664
hydED,p130,2026,45229.7664
hydED,p130,2029,45229.7664
hydED,p130,2032,45229.7664
hydED,p130,2035,44813.6388
hydED,p130,2038,44735.7204
hydED,p130,2041,44242.4808
hydED,p130,2044,43804.3032
hydED,p130,2047,42746.1048
hydED,p130,2050,42746.1048
hydED,p131,2010,196027.1664
hydED,p131,2015,144172.236
hydED,p131,2020,194629.0008
hydED,p131,2023,180511.7496
hydED,p131,2026,180511.7496
hydED,p131,2029,180511.7496
hydED,p131,2032,180511.7496
hydED,p131,2035,179002.9332
hydED,p131,2038,179372.4621
hydED,p131,2041,177739.309754
hydED,p131,2044,173897.0064
hydED,p131,2047,170471.9484
hydED,p131,2050,170471.9484
hydED,p132,2010,219504.384
hydED,p132,2015,173008.2816
hydED,p132,2020,193045.248
hydED,p132,2023,234531.6864
hydED,p132,2026,234531.6864
hydED,p132,2029,234531.6864
hydED,p132,2032,234531.6864
hydED,p132,2035,234531.6864
hydED,p132,2038,234531.6864
hydED,p132,2041,234531.6864
hydED,p132,2044,234531.6864
hydED,p132,2047,234531.6864
hydED,p132,2050,234531.6864
hydED,p134,2010,1327531.5504
hydED,p134,2015,1139215.2552
hydED,p134,2020,1025932.3272
hydED,p134,2023,1220155.8336
hydED,p134,2026,1220155.8336
hydED,p134,2029,1218647.727
hydED,p134,2032,1218647.727
hydED,p134,2035,1213163.1171
hydED,p134,2038,1211496.6501
hydED,p134,2041,1019671.496234
hydED,p134,2044,1026372.834054
hydED,p134,2047,1080754.822607
hydED,p134,2050,1102232.582963
hydED,p14,2010,1206377.6904
hydED,p14,2015,1219110.048
hydED,p14,2020,1214707.6224
hydED,p14,2023,1315405.5696
hydED,p14,2026,1272322.6713
hydED,p14,2029,1165917.213
hydED,p14,2032,1131802.746771
hydED,p14,2035,1195531.61918
hydED,p14,2038,1185975.9531
hydED,p14,2041,1187311.6191
hydED,p14,2044,1191096.4113
hydED,p14,2047,1188294.003778
hydED,p14,2050,1181349.2601
hydED,p15,2010,4809088.9248
hydED,p15,2015,4534293.6408
hydED,p15,2020,4332538.1016
hydED,p15,2023,4995756.4416
hydED,p15,2026,4962778.6695
hydED,p15,2029,4617678.993761
hydED,p15,2032,4547294.174834
hydED,p15,2035,4627546.066686
hydED,p15,2038,4650163.042365
hydED,p15,2041,4671546.380649
hydED,p15,2044,4678878.15207
hydED,p15,2047,4685482.275007
hydED,p15,2050,4681394.868979
hydED,p16,2010,686925.624
hydED,p16,2015,706104.6672
hydED,p16,2020,960930.4368
hydED,p16,2023,746947.728
hydED,p16,2026,744048.3666
hydED,p16,2029,700360.448908
hydED,p16,2032,699847.7604
hydED,p16,2035,715089.1164
hydED,p16,2038,715089.1164
hydED,p16,2041,716867.9484
hydED,p16,2044,706811.4834
hydED,p16,2047,715089.1164
hydED,p16,2050,707398.3632
hydED,p17,2010,4224001.8144
hydED,p17,2015,4583046.0432
hydED,p17,2020,5184860.9184
hydED,p17,2023,4980502.4112
hydED,p17,2026,4929222.740997
hydED,p17,2029,4391872.530779
hydED,p17,2032,4329778.655215
hydED,p17,2035,4689995.600994
hydED,p17,2038,4757375.882867
hydED,p17,2041,4759836.3396
hydED,p17,2044,4730963.391367
hydED,p17,2047,4753490.619178
hydED,p17,2050,4749501.7332
hydED,p18,2010,2612547.0
hydED,p18,2015,2392874.46
hydED,p18,2020,2408238.0
hydED,p18,2023,2397035.16
hydED,p18,2026,2365853.1975
hydED,p18,2029,2069571.822425
hydED,p18,2032,2063688.392017
hydED,p18,2035,2268387.140992
hydED,p18,2038,2275733.986698
hydED,p18,2041,2266191.551458
hydED,p18,2044,2283224.092113
hydED,p18,2047,2272207.95
hydED,p18,2050,2288694.118111
hydED,p19,2010,115595.163
hydED,p19,2015,119268.2844
hydED,p19,2020,121618.6425
hydED,p19,2023,15538.5264
hydED,p19,2026,13655.43972
hydED,p19,2029,15577.57224
hydED,p19,2032,17623.12068
hydED,p19,2035,20270.11356
hydED,p19,2038,23009.9928
hydED,p19,2041,25793.17416
hydED,p19,2044,28444.91205
hydED,p19,2047,30882.87204
hydED,p19,2050,33266.9796
hydED,p2,2010,3453946.524
hydED,p2,2015,2983932.9864
hydED,p2,2020,3238203.672
hydED,p2,2023,3302286.5664
hydED,p2,2026,3302286.5664
hydED,p2,2029,3245671.6938
hydED,p2,2032,3248737.142192
hydED,p2,2035,3247406.029354
hydED,p2,2038,3274927.670027
hydED,p2,2041,3215284.3836
hydED,p2,2044,3180471.579
hydED,p2,2047,3180471.579
hydED,p2,2050,3149520.2352
hydED,p21,2010,186979.880434
hydED,p21,2015,182676.282005
hydED,p21,2020,170794.189699
hydED,p21,2023,178158.89075
hydED,p21,2026,175161.08766
hydED,p21,2029,159820.743341
hydED,p21,2032,162009.611654
hydED,p21,2035,163411.167485
hydED,p21,2038,164328.112886
hydED,p21,2041,164011.100918
hydED,p21,2044,161787.009398
hydED,p21,2047,164011.100918
hydED,p21,2050,161153.23235
hydED,p24,2010,798174.804336
hydED,p24,2015,623426.591088
hydED,p24,2020,731069.351914
hydED,p24,2023,691239.286836
hydED,p24,2026,687940.383665
hydED,p24,2029,638490.126456
hydED,p24,2032,649851.629112
hydED,p24,2035,650764.453752
hydED,p24,2038,658001.575426
hydED,p24,2041,658001.575426
hydED,p24,2044,647831.16589
hydED,p24,2047,658001.575426
hydED,p24,2050,658001.575426
hydED,p25,2010,48991.68
hydED,p25,2015,35709.84
hydED,p25,2020,63614.16
hydED,p25,2023,73834.56
hydED,p25,2026,73834.56
hydED,p25,2029,73834.56
hydED,p25,2032,73834.56
hydED,p25,2035,73834.56
hydED,p25,2038,73834.56
hydED,p25,2041,73834.56
hydED,p25,2044,73834.56
hydED,p25,2047,73834.56
hydED,p25,2050,73834.56
hydED,p26,2010,436384.6848
hydED,p26,2015,565626.596418
hydED,p26,2020,537163.7184
hydED,p26,2023,500145.0048
hydED,p26,2026,500145.0048
hydED,p26,2029,493631.454712
hydED,p26,2032,493631.454712
hydED,p26,2035,492396.553606
hydED,p26,2038,490238.18613
hydED,p26,2041,489406.706284
hydED,p26,2044,489406.706284
hydED,p26,2047,489406.706284
hydED,p26,2050,486357.812284
hydED,p27,2010,4743007.5936
hydED,p27,2015,4790395.0992
hydED,p27,2020,4513127.7792
hydED,p27,2023,4662684.0912
hydED,p27,2026,4662684.0912
hydED,p27,2029,4662684.0912
hydED,p27,2032,4662684.0912
hydED,p27,2035,4662684.0912
hydED,p27,2038,4662684.0912
hydED,p27,2041,4662684.0912
hydED,p27,2044,4662684.0912
hydED,p27,2047,4662684.0912
hydED,p27,2050,4662684.0912
hydED,p3,2010,26074524.264
hydED,p3,2015,25975651.68
hydED,p3,2020,27347196.8064
hydED,p3,2023,28999616.8656
hydED,p3,2026,28724359.26534
hydED,p3,2029,26307078.09066
hydED,p3,2032,26103458.432506
hydED,p3,2035,26111110.240947
hydED,p3,2038,26308297.30224
hydED,p3,2041,25706867.647809
hydED,p3,2044,25311608.891549
hydED,p3,2047,24958964.766044
hydED,p3,2050,25187722.111443
hydED,p33,2010,423742.8552
hydED,p33,2015,395998.092
hydED,p33,2020,382083.828
hydED,p33,2023,439360.3368
hydED,p33,2026,439360.3368
hydED,p33,2029,421513.7808
hydED,p33,2032,421513.7808
hydED,p33,2035,421513.7808
hydED,p33,2038,427641.199188
hydED,p33,2041,427641.199188
hydED,p33,2044,439360.3368
hydED,p33,2047,439360.3368
hydED,p33,2050,439360.3368
hydED,p34,2010,515606.9904
hydED,p34,2015,613465.6608
hydED,p34,2020,578558.8944
hydED,p34,2023,559621.8288
hydED,p34,2026,559621.8288
hydED,p34,2029,536275.5552
hydED,p34,2032,536275.5552
hydED,p34,2035,536275.5552
hydED,p34,2038,536275.5552
hydED,p34,2041,539095.432797
hydED,p34,2044,559621.8288
hydED,p34,2047,559621.8288
hydED,p34,2050,559621.8288
hydED,p36,2010,1696402.8
hydED,p36,2015,1739438.64
hydED,p36,2020,2133554.4
hydED,p36,2023,1808227.44
hydED,p36,2026,1808227.44
hydED,p36,2029,1808227.44
hydED,p36,2032,1749877.83
hydED,p36,2035,1762195.58099
hydED,p36,2038,1757978.324239
hydED,p36,2041,1756342.08
hydED,p36,2044,1773439.83
hydED,p36,2047,1773439.83
hydED,p36,2050,1773439.83
hydED,p38,2010,5224698.432
hydED,p38,2015,4834755.024
hydED,p38,2020,5627916.672
hydED,p38,2023,4878366.864
hydED,p38,2026,4878366.864
hydED,p38,2029,4866770.667237
hydED,p38,2032,4806440.802
hydED,p38,2035,4806440.802
hydED,p38,2038,4806440.802
hydED,p38,2041,4806440.802
hydED,p38,2044,4806440.802
hydED,p38,2047,4795591.067093
hydED,p38,2050,4806440.802
hydED,p4,2010,3972512.4
hydED,p4,2015,4590118.8
hydED,p4,2020,4738957.2
hydED,p4,2023,4594017.6
hydED,p4,2026,4594017.6
hydED,p4,2029,4391859.16726
hydED,p4,2032,4402550.3706
hydED,p4,2035,4356643.779
hydED,p4,2038,4295173.377126
hydED,p4,2041,4247790.164858
hydED,p4,2044,4184322.068319
hydED,p4,2047,4141255.22565
hydED,p4,2050,4141255.22565
hydED,p40,2010,8176.392
hydED,p40,2015,7352.7048
hydED,p40,2020,5726.3472
hydED,p40,2023,6611.3712
hydED,p40,2026,6611.3712
hydED,p40,2029,6571.0764
hydED,p40,2032,6500.8881
hydED,p40,2035,6430.3722
hydED,p40,2038,6430.3722
hydED,p40,2041,6500.8881
hydED,p40,2044,6430.3722
hydED,p40,2047,6430.3722
hydED,p40,2050,6430.3722
hydED,p43,2010,259765.5744
hydED,p43,2015,277895.6352
hydED,p43,2020,374392.032
hydED,p43,2023,364901.0976
hydED,p43,2026,364901.0976
hydED,p43,2029,364901.0976
hydED,p43,2032,356198.9262
hydED,p43,2035,364901.0976
hydED,p43,2038,364901.0976
hydED,p43,2041,364901.0976
hydED,p43,2044,364901.0976
hydED,p43,2047,364901.0976
hydED,p43,2050,364901.0976
hydED,p46,2010,188128.512
hydED,p46,2015,200959.2
hydED,p46,2020,233382.24
hydED,p46,2023,171805.92
hydED,p46,2026,171805.92
hydED,p46,2029,171805.92
hydED,p46,2032,171805.92
hydED,p46,2035,171805.92
hydED,p46,2038,171805.92
hydED,p46,2041,171805.92
hydED,p46,2044,171805.92
hydED,p46,2047,171805.92
hydED,p46,2050,171805.92
hydED,p5,2010,4526030.6088
hydED,p5,2015,3220184.0808
hydED,p5,2020,3377787.996
hydED,p5,2023,4093164.7896
hydED,p5,2026,4093164.7896
hydED,p5,2029,4034430.8442
hydED,p5,2032,4034430.8442
hydED,p5,2035,4034430.8442
hydED,p5,2038,4034430.8442
hydED,p5,2041,4034430.8442
hydED,p5,2044,4034430.8442
hydED,p5,2047,4012683.633
hydED,p5,2050,4012683.633
hydED,p50,2010,621389.664
hydED,p50,2015,741944.448
hydED,p50,2020,855181.152
hydED,p50,2023,633461.472
hydED,p50,2026,633461.472
hydED,p50,2029,617137.164
hydED,p50,2032,600203.52
hydED,p50,2035,562191.84
hydED,p50,2038,562191.84
hydED,p50,2041,594266.652
hydED,p50,2044,574682.013053
hydED,p50,2047,563365.15361
hydED,p50,2050,608675.256
hydED,p51,2010,761812.524
hydED,p51,2015,813378.6144
hydED,p51,2020,788685.4008
hydED,p51,2023,735072.624
hydED,p51,2026,735072.624
hydED,p51,2029,735072.624
hydED,p51,2032,711049.3533
hydED,p51,2035,669387.856259
hydED,p51,2038,684131.6691
hydED,p51,2041,711049.3533
hydED,p51,2044,711049.3533
hydED,p51,2047,711049.3533
hydED,p51,2050,711049.3533
hydED,p55,2010,86963.856
hydED,p55,2015,41946.624
hydED,p55,2020,29246.208
hydED,p55,2023,54000.0
hydED,p55,2026,54000.0
hydED,p55,2029,54000.0
hydED,p55,2032,52310.208
hydED,p55,2035,52310.208
hydED,p55,2038,52310.208
hydED,p55,2041,52310.208
hydED,p55,2044,52310.208
hydED,p55,2047,52310.208
hydED,p55,2050,52310.208
hydED,p56,2010,428996.784
hydED,p56,2015,479985.936
hydED,p56,2020,471001.1328
hydED,p56,2023,411237.2256
hydED,p56,2026,411237.2256
hydED,p56,2029,411237.2256
hydED,p56,2032,411237.2256
hydED,p56,2035,411237.2256
hydED,p56,2038,411237.2256
hydED,p56,2041,411237.2256
hydED,p56,2044,411237.2256
hydED,p56,2047,411237.2256
hydED,p56,2050,411237.2256
hydED,p6,2010,723108.96
hydED,p6,2015,644883.12
hydED,p6,2020,526140.72
hydED,p6,2023,741494.88
hydED,p6,2026,741494.88
hydED,p6,2029,735778.26
hydED,p6,2032,735778.26
hydED,p6,2035,735778.26
hydED,p6,2038,735778.26
hydED,p6,2041,735778.26
hydED,p6,2044,735778.26
hydED,p6,2047,734356.98
hydED,p6,2050,734356.98
hydED,p63,2010,500042.208
hydED,p63,2015,341185.104
hydED,p63,2020,273849.84
hydED,p63,2023,299171.28
hydED,p63,2026,299171.28
hydED,p63,2029,299171.28
hydED,p63,2032,297254.28
hydED,p63,2035,297254.28
hydED,p63,2038,294141.072
hydED,p63,2041,287495.472
hydED,p63,2044,287495.472
hydED,p63,2047,287495.472
hydED,p63,2050,292920.582
hydED,p66,2010,90089.376
hydED,p66,2015,138235.968
hydED,p66,2020,132738.528
hydED,p66,2023,103985.856
hydED,p66,2026,103985.856
hydED,p66,2029,103985.856
hydED,p66,2032,103985.856
hydED,p66,2035,103985.856
hydED,p66,2038,103985.856
hydED,p66,2041,103985.856
hydED,p66,2044,103985.856
hydED,p66,2047,103985.856
hydED,p66,2050,103985.856
hydED,p7,2010,1081839.0912
hydED,p7,2015,832228.2816
hydED,p7,2020,989134.3104
hydED,p7,2023,1062902.5056
hydED,p7,2026,1062902.5056
hydED,p7,2029,1022612.934
hydED,p7,2032,1022612.934
hydED,p7,2035,1021578.96
hydED,p7,2038,1021578.96
hydED,p7,2041,996890.064
hydED,p7,2044,996890.064
hydED,p7,2047,990348.5184
hydED,p7,2050,990348.5184
hydED,p72,2010,915402.384
hydED,p72,2015,836953.884
hydED,p72,2020,985815.792
hydED,p72,2023,831263.472
hydED,p72,2026,831263.472
hydED,p72,2029,831263.472
hydED,p72,2032,831263.472
hydED,p72,2035,831263.472
hydED,p72,2038,831263.472
hydED,p72,2041,831263.472
hydED,p72,2044,831263.472
hydED,p72,2047,831263.472
hydED,p72,2050,831263.472
hydED,p74,2010,49877.3952
hydED,p74,2015,109967.0112
hydED,p74,2020,172147.824
hydED,p74,2023,99507.0528
hydED,p74,2026,99507.0528
hydED,p74,2029,99507.0528
hydED,p74,2032,99507.0528
hydED,p74,2035,99507.0528
hydED,p74,2038,99398.1708
hydED,p74,2041,99398.1708
hydED,p74,2044,99507.0528
hydED,p74,2047,99398.1708
hydED,p74,2050,99507.0528
hydED,p75,2010,206039.1168
hydED,p75,2015,245691.792
hydED,p75,2020,288735.84
hydED,p75,2023,220462.0416
hydED,p75,2026,220462.0416
hydED,p75,2029,220462.0416
hydED,p75,2032,220462.0416
hydED,p75,2035,220462.0416
hydED,p75,2038,220136.0976
hydED,p75,2041,220136.0976
hydED,p75,2044,220462.0416
hydED,p75,2047,220136.0976
hydED,p75,2050,220462.0416
hydED,p76,2010,239858.856
hydED,p76,2015,243833.0118
hydED,p76,2020,269292.8184
hydED,p76,2023,233190.216
hydED,p76,2026,233190.216
hydED,p76,2029,233190.216
hydED,p76,2032,233190.216
hydED,p76,2035,233190.216
hydED,p76,2038,232625.0235
hydED,p76,2041,232625.0235
hydED,p76,2044,233158.641
hydED,p76,2047,232625.0235
hydED,p76,2050,233158.641
hydED,p85,2010,1412754.7152
hydED,p85,2015,1602781.752
hydED,p85,2020,2272785.4752
hydED,p85,2023,1432766.7888
hydED,p85,2026,1432766.7888
hydED,p85,2029,1432766.7888
hydED,p85,2032,1432766.7888
hydED,p85,2035,1432766.7888
hydED,p85,2038,1432766.7888
hydED,p85,2041,1432766.7888
hydED,p85,2044,1432766.7888
hydED,p85,2047,1432766.7888
hydED,p85,2050,1432766.7888
hydED,p89,2010,2143582.6872
hydED,p89,2015,2440360.6248
hydED,p89,2020,3740834.8344
hydED,p89,2023,2509042.1784
hydED,p89,2026,2509042.1784
hydED,p89,2029,2509042.1784
hydED,p89,2032,2509042.1784
hydED,p89,2035,2509042.1784
hydED,p89,2038,2509042.1784
hydED,p89,2041,2509042.1784
hydED,p89,2044,2509042.1784
hydED,p89,2047,2509042.1784
hydED,p89,2050,2509042.1784
hydED,p9,2010,10475930.931648
hydED,p9,2015,5062133.388
hydED,p9,2020,8062196.376
hydED,p9,2023,9243895.752
hydED,p9,2026,9243895.752
hydED,p9,2029,9243895.752
hydED,p9,2032,9243895.752
hydED,p9,2035,9243895.752
hydED,p9,2038,9243895.752
hydED,p9,2041,9243895.752
hydED,p9,2044,9243895.752
hydED,p9,2047,9243895.752
hydED,p9,2050,9243895.752
hydED,p90,2010,1427849.7264
hydED,p90,2015,1445998.3584
hydED,p90,2020,1994445.1344
hydED,p90,2023,1413119.2224
hydED,p90,2026,1413119.2224
hydED,p90,2029,1413119.2224
hydED,p90,2032,1413119.2224
hydED,p90,2035,1413119.2224
hydED,p90,2038,1413119.2224
hydED,p90,2041,1413119.2224
hydED,p90,2044,1413119.2224
hydED,p90,2047,1413119.2224
hydED,p90,2050,1413119.2224
hydED,p92,2010,5713302.2496
hydED,p92,2015,6786057.9072
hydED,p92,2020,9726398.16
hydED,p92,2023,6565583.2032
hydED,p92,2026,6565583.2032
hydED,p92,2029,6565583.2032
hydED,p92,2032,6565583.2032
hydED,p92,2035,6565583.2032
hydED,p92,2038,6565583.2032
hydED,p92,2041,6565583.2032
hydED,p92,2044,6565583.2032
hydED,p92,2047,6565583.2032
hydED,p92,2050,6565583.2032
hydED,p93,2010,1102523.1
hydED,p93,2015,1283300.79
hydED,p93,2020,1109881.62
hydED,p93,2023,1129207.08
hydED,p93,2026,1129207.08
hydED,p93,2029,1129207.08
hydED,p93,2032,1129207.08
hydED,p93,2035,1129207.08
hydED,p93,2038,1129207.08
hydED,p93,2041,1129207.08
hydED,p93,2044,1129207.08
hydED,p93,2047,1129207.08
hydED,p93,2050,1129207.08
hydED,p94,2010,3874880.6472
hydED,p94,2015,3500391.5736
hydED,p94,2020,5902466.0448
hydED,p94,2023,3701735.4192
hydED,p94,2026,3701735.4192
hydED,p94,2029,3701735.4192
hydED,p94,2032,3701735.4192
hydED,p94,2035,3701735.4192
hydED,p94,2038,3701735.4192
hydED,p94,2041,3701735.4192
hydED,p94,2044,3701735.4192
hydED,p94,2047,3701735.4192
hydED,p94,2050,3701735.4192
hydED,p95,2010,235644.5376
hydED,p95,2015,204810.9696
hydED,p95,2020,382184.4528
hydED,p95,2023,230635.4544
hydED,p95,2026,230635.4544
hydED,p95,2029,230635.4544
hydED,p95,2032,230635.4544
hydED,p95,2035,230635.4544
hydED,p95,2038,230635.4544
hydED,p95,2041,230635.4544
hydED,p95,2044,230635.4544
hydED,p95,2047,230635.4544
hydED,p95,2050,230635.4544
hydED,p97,2010,2525324.0064
hydED,p97,2015,2542334.0736
hydED,p97,2020,4359502.9596
hydED,p97,2023,2797049.856
hydED,p97,2026,2797049.856
hydED,p97,2029,2797049.856
hydED,p97,2032,2797049.856
hydED,p97,2035,2797049.856
hydED,p97,2038,2797049.856
hydED,p97,2041,2797049.856
hydED,p97,2044,2797049.856
hydED,p97,2047,2797049.856
hydED,p97,2050,2797049.856
hydED,p98,2010,1540709.424
hydED,p98,2015,1322634.096
hydED,p98,2020,2112614.784
hydED,p98,2023,1433493.072
hydED,p98,2026,1433493.072
hydED,p98,2029,1433493.072
hydED,p98,2032,1433493.072
hydED,p98,2035,1433493.072
hydED,p98,2038,1433493.072
hydED,p98,2041,1433493.072
hydED,p98,2044,1433493.072
hydED,p98,2047,1433493.072
hydED,p98,2050,1433493.072
hydED,p99,2010,590481.624
hydED,p99,2015,446689.7616
hydED,p99,2020,1001859.7776
hydED,p99,2023,567647.616
hydED,p99,2026,567647.616
hydED,p99,2029,567647.616
hydED,p99,2032,567647.616
hydED,p99,2035,567647.616
hydED,p99,2038,567647.616
hydED,p99,2041,567647.616
hydED,p99,2044,567647.616
hydED,p99,2047,567647.616
hydED,p99,2050,567647.616
hydED,z122,2010,93107.52
hydED,z122,2015,53802.144
hydED,z122,2020,81472.512
hydED,z122,2023,93396.864
hydED,z122,2026,93396.864
hydED,z122,2029,93396.864
hydED,z122,2032,93396.864
hydED,z122,2035,93396.864
hydED,z122,2038,93396.864
hydED,z122,2041,93396.864
hydED,z122,2044,93396.864
hydED,z122,2047,93396.864
hydED,z122,2050,93396.864
hydED,z28,2010,3954271.3056
hydED,z28,2015,4020028.8768
hydED,z28,2020,3784930.416
hydED,z28,2023,4010471.4816
hydED,z28,2026,4010471.4816
hydED,z28,2029,4010471.4816
hydED,z28,2032,4010471.4816
hydED,z28,2035,4010471.4816
hydED,z28,2038,4010471.4816
hydED,z28,2041,4010471.4816
hydED,z28,2044,4010471.4816
hydED,z28,2047,4010471.4816
hydED,z28,2050,4010471.4816
hydEND,p1,2010,3297573.696
hydEND,p1,2015,3298022.7408
hydEND,p1,2020,3380435.6688
hydEND,p1,2023,3628202.7408
hydEND,p1,2026,3628202.7408
hydEND,p1,2029,3628202.7408
hydEND,p1,2032,3628202.7408
hydEND,p1,2035,3628202.7408
hydEND,p1,2038,3628202.7408
hydEND,p1,2041,3628202.7408
hydEND,p1,2044,3628202.7408
hydEND,p1,2047,3628202.7408
hydEND,p1,2050,3628202.7408
hydEND,p10,2010,3095468.78448
hydEND,p10,2015,1260224.36592
hydEND,p10,2020,1862796.97584
hydEND,p10,2023,2724223.3944
hydEND,p10,2026,2724223.3944
hydEND,p10,2029,2724223.3944
hydEND,p10,2032,2724223.3944
hydEND,p10,2035,2724223.3944
hydEND,p10,2038,2724223.3944
hydEND,p10,2041,2724223.3944
hydEND,p10,2044,2724223.3944
hydEND,p10,2047,2724223.3944
hydEND,p10,2050,2724223.3944
hydEND,p100,2010,6034.1184
hydEND,p100,2015,9910.1952
hydEND,p100,2020,8433.504
hydEND,p100,2023,7730.7264
hydEND,p100,2026,7730.7264
hydEND,p100,2029,7730.7264
hydEND,p100,2032,7730.7264
hydEND,p100,2035,7730.7264
hydEND,p100,2038,7730.7264
hydEND,p100,2041,7730.7264
hydEND,p100,2044,7730.7264
hydEND,p100,2047,7730.7264
hydEND,p100,2050,7730.7264
hydEND,p103,2010,462833.064
hydEND,p103,2015,561419.136
hydEND,p103,2020,607042.224
hydEND,p103,2023,552228.192
hydEND,p103,2026,552228.192
hydEND,p103,2029,552228.192
hydEND,p103,2032,552228.192
hydEND,p103,2035,552228.192
hydEND,p103,2038,552228.192
hydEND,p103,2041,552228.192
hydEND,p103,2044,552228.192
hydEND,p103,2047,552228.192
hydEND,p103,2050,552228.192
hydEND,p104,2010,44036.0256
hydEND,p104,2015,37877.784
hydEND,p104,2020,36634.9872
hydEND,p104,2023,40666.3152
hydEND,p104,2026,40666.3152
hydEND,p104,2029,40666.3152
hydEND,p104,2032,40666.3152
hydEND,p104,2035,40666.3152
hydEND,p104,2038,40666.3152
hydEND,p104,2041,40666.3152
hydEND,p104,2044,40666.3152
hydEND,p104,2047,40666.3152
hydEND,p104,2050,40666.3152
hydEND,p105,2010,53400.5472
hydEND,p105,2015,44094.3888
hydEND,p105,2020,37171.4112
hydEND,p105,2023,48756.8928
hydEND,p105,2026,48756.8928
hydEND,p105,2029,48756.8928
hydEND,p105,2032,48756.8928
hydEND,p105,2035,48756.8928
hydEND,p105,2038,48756.8928
hydEND,p105,2041,48756.8928
hydEND,p105,2044,48756.8928
hydEND,p105,2047,48756.8928
hydEND,p105,2050,48756.8928
hydEND,p107,2010,297585.2088
hydEND,p107,2015,251166.4992
hydEND,p107,2020,141060.4488
hydEND,p107,2023,233717.436
hydEND,p107,2026,233717.436
hydEND,p107,2029,233717.436
hydEND,p107,2032,233717.436
hydEND,p107,2035,233717.436
hydEND,p107,2038,233717.436
hydEND,p107,2041,233717.436
hydEND,p107,2044,233717.436
hydEND,p107,2047,233717.436
hydEND,p107,2050,233717.436
hydEND,p109,2010,644177.9952
hydEND,p109,2015,723375.7632
hydEND,p109,2020,696532.0896
hydEND,p109,2023,662409.7488
hydEND,p109,2026,662409.7488
hydEND,p109,2029,662409.7488
hydEND,p109,2032,662409.7488
hydEND,p109,2035,662409.7488
hydEND,p109,2038,662409.7488
hydEND,p109,2041,662409.7488
hydEND,p109,2044,662409.7488
hydEND,p109,2047,662409.7488
hydEND,p109,2050,662409.7488
hydEND,p11,2010,43554.0
hydEND,p11,2015,24408.5184
hydEND,p11,2020,2068.6008
hydEND,p11,2023,29936.3064
hydEND,p11,2026,29936.3064
hydEND,p11,2029,29936.3064
hydEND,p11,2032,29936.3064
hydEND,p11,2035,29936.3064
hydEND,p11,2038,29936.3064
hydEND,p11,2041,29936.3064
hydEND,p11,2044,29936.3064
hydEND,p11,2047,29936.3064
hydEND,p11,2050,29936.3064
hydEND,p112,2010,81024.6888
hydEND,p112,2015,118447.4016
hydEND,p112,2020,70815.9672
hydEND,p112,2023,77194.8144
hydEND,p112,2026,77194.8144
hydEND,p112,2029,77194.8144
hydEND,p112,2032,77194.8144
hydEND,p112,2035,77194.8144
hydEND,p112,2038,77194.8144
hydEND,p112,2041,77194.8144
hydEND,p112,2044,77194.8144
hydEND,p112,2047,77194.8144
hydEND,p112,2050,77194.8144
hydEND,p114,2010,3464.88
hydEND,p114,2015,3772.8
hydEND,p114,2020,6565.728
hydEND,p114,2023,3915.696
hydEND,p114,2026,3915.696
hydEND,p114,2029,3915.696
hydEND,p114,2032,3915.696
hydEND,p114,2035,3915.696
hydEND,p114,2038,3915.696
hydEND,p114,2041,3915.696
hydEND,p114,2044,3915.696
hydEND,p114,2047,3915.696
hydEND,p114,2050,3915.696
hydEND,p115,2010,237639.5424
hydEND,p115,2015,254574.0576
hydEND,p115,2020,245578.0896
hydEND,p115,2023,256916.4288
hydEND,p115,2026,256916.4288
hydEND,p115,2029,256916.4288
hydEND,p115,2032,256916.4288
hydEND,p115,2035,256916.4288
hydEND,p115,2038,256916.4288
hydEND,p115,2041,256916.4288
hydEND,p115,2044,256916.4288
hydEND,p115,2047,256916.4288
hydEND,p115,2050,256916.4288
hydEND,p116,2010,676669.42656
hydEND,p116,2015,653542.14144
hydEND,p116,2020,627854.14848
hydEND,p116,2023,727150.59264
hydEND,p116,2026,727150.59264
hydEND,p116,2029,727150.59264
hydEND,p116,2032,727150.59264
hydEND,p116,2035,727150.59264
hydEND,p116,2038,727150.59264
hydEND,p116,2041,727150.59264
hydEND,p116,2044,727150.59264
hydEND,p116,2047,727150.59264
hydEND,p116,2050,727150.59264
hydEND,p117,2010,196742.34
hydEND,p117,2015,201441.42
hydEND,p117,2020,217549.62
hydEND,p117,2023,213404.58
hydEND,p117,2026,213404.58
hydEND,p117,2029,213404.58
hydEND,p117,2032,213404.58
hydEND,p117,2035,213404.58
hydEND,p117,2038,213404.58
hydEND,p117,2041,213404.58
hydEND,p117,2044,213404.58
hydEND,p117,2047,213404.58
hydEND,p117,2050,213404.58
hydEND,p118,2010,280402.6128
hydEND,p118,2015,332814.5232
hydEND,p118,2020,477949.872
hydEND,p118,2023,328593.6528
hydEND,p118,2026,328593.6528
hydEND,p118,2029,328593.6528
hydEND,p118,2032,328593.6528
hydEND,p118,2035,328593.6528
hydEND,p118,2038,328593.6528
hydEND,p118,2041,328593.6528
hydEND,p118,2044,328593.6528
hydEND,p118,2047,328593.6528
hydEND,p118,2050,328593.6528
hydEND,p12,2010,57871.3032
hydEND,p12,2015,14880.1464
hydEND,p12,2020,53977.0248
hydEND,p12,2023,56372.868
hydEND,p12,2026,56372.868
hydEND,p12,2029,56372.868
hydEND,p12,2032,56372.868
hydEND,p12,2035,56372.868
hydEND,p12,2038,56372.868
hydEND,p12,2041,56372.868
hydEND,p12,2044,56372.868
hydEND,p12,2047,56372.868
hydEND,p12,2050,56372.868
hydEND,p121,2010,19837.872
hydEND,p121,2015,23125.824
hydEND,p121,2020,21188.304
hydEND,p121,2023,25347.6
hydEND,p121,2026,25347.6
hydEND,p121,2029,25347.6
hydEND,p121,2032,25347.6
hydEND,p121,2035,25347.6
hydEND,p121,2038,25347.6
hydEND,p121,2041,25347.6
hydEND,p121,2044,25347.6
hydEND,p121,2047,25347.6
hydEND,p121,2050,25347.6
hydEND,p123,2010,1613378.6472
hydEND,p123,2015,1495422.5376
hydEND,p123,2020,1559033.688
hydEND,p123,2023,1805833.98
hydEND,p123,2026,1805833.98
hydEND,p123,2029,1805833.98
hydEND,p123,2032,1805833.98
hydEND,p123,2035,1805833.98
hydEND,p123,2038,1805833.98
hydEND,p123,2041,1805833.98
hydEND,p123,2044,1805833.98
hydEND,p123,2047,1805833.98
hydEND,p123,2050,1805833.98
hydEND,p126,2010,16878.06
hydEND,p126,2015,7979.5512
hydEND,p126,2020,15270.4008
hydEND,p126,2023,17665.9488
hydEND,p126,2026,17665.9488
hydEND,p126,2029,17665.9488
hydEND,p126,2032,17665.9488
hydEND,p126,2035,17665.9488
hydEND,p126,2038,17665.9488
hydEND,p126,2041,17665.9488
hydEND,p126,2044,17665.9488
hydEND,p126,2047,17665.9488
hydEND,p126,2050,17665.9488
hydEND,p127,2010,16815448.84032
hydEND,p127,2015,17097569.6976
hydEND,p127,2020,19486023.79104
hydEND,p127,2023,17922940.44768
hydEND,p127,2026,17922940.44768
hydEND,p127,2029,17922940.44768
hydEND,p127,2032,17922940.44768
hydEND,p127,2035,17922940.44768
hydEND,p127,2038,17922940.44768
hydEND,p127,2041,17922940.44768
hydEND,p127,2044,17922940.44768
hydEND,p127,2047,17922940.44768
hydEND,p127,2050,17922940.44768
hydEND,p129,2010,860248.944
hydEND,p129,2015,717672.312
hydEND,p129,2020,664832.664
hydEND,p129,2023,765946.368
hydEND,p129,2026,765946.368
hydEND,p129,2029,765946.368
hydEND,p129,2032,765946.368
hydEND,p129,2035,765946.368
hydEND,p129,2038,765946.368
hydEND,p129,2041,765946.368
hydEND,p129,2044,765946.368
hydEND,p129,2047,765946.368
hydEND,p129,2050,765946.368
hydEND,p130,2010,1868515.0848
hydEND,p130,2015,1720670.016
hydEND,p130,2020,1382422.8288
hydEND,p130,2023,1658005.1904
hydEND,p130,2026,1658005.1904
hydEND,p130,2029,1658005.1904
hydEND,p130,2032,1658005.1904
hydEND,p130,2035,1658005.1904
hydEND,p130,2038,1658005.1904
hydEND,p130,2041,1658005.1904
hydEND,p130,2044,1658005.1904
hydEND,p130,2047,1658005.1904
hydEND,p130,2050,1658005.1904
hydEND,p131,2010,801317.6496
hydEND,p131,2015,682233.24
hydEND,p131,2020,632557.0992
hydEND,p131,2023,800987.0856
hydEND,p131,2026,800987.0856
hydEND,p131,2029,800987.0856
hydEND,p131,2032,800987.0856
hydEND,p131,2035,800987.0856
hydEND,p131,2038,800987.0856
hydEND,p131,2041,800987.0856
hydEND,p131,2044,800987.0856
hydEND,p131,2047,800987.0856
hydEND,p131,2050,800987.0856
hydEND,p132,2010,178100.8704
hydEND,p132,2015,133866.9888
hydEND,p132,2020,141988.0896
hydEND,p132,2023,184150.1184
hydEND,p132,2026,184150.1184
hydEND,p132,2029,184150.1184
hydEND,p132,2032,184150.1184
hydEND,p132,2035,184150.1184
hydEND,p132,2038,184150.1184
hydEND,p132,2041,184150.1184
hydEND,p132,2044,184150.1184
hydEND,p132,2047,184150.1184
hydEND,p132,2050,184150.1184
hydEND,p133,2010,6256.6344
hydEND,p133,2015,5314.7016
hydEND,p133,2020,5966.5248
hydEND,p133,2023,7988.6736
hydEND,p133,2026,7988.6736
hydEND,p133,2029,7988.6736
hydEND,p133,2032,7988.6736
hydEND,p133,2035,7988.6736
hydEND,p133,2038,7988.6736
hydEND,p133,2041,7988.6736
hydEND,p133,2044,7988.6736
hydEND,p133,2047,7988.6736
hydEND,p133,2050,7988.6736
hydEND,p134,2010,2278547.17488
hydEND,p134,2015,2069216.784
hydEND,p134,2020,1981924.6644
hydEND,p134,2023,2145859.35984
hydEND,p134,2026,2145859.35984
hydEND,p134,2029,2145859.35984
hydEND,p134,2032,2145859.35984
hydEND,p134,2035,2145859.35984
hydEND,p134,2038,2145859.35984
hydEND,p134,2041,2145859.35984
hydEND,p134,2044,2145859.35984
hydEND,p134,2047,2145859.35984
hydEND,p134,2050,2145859.35984
hydEND,p14,2010,62167.296
hydEND,p14,2015,53557.2192
hydEND,p14,2020,55510.1952
hydEND,p14,2023,55268.928
hydEND,p14,2026,55268.928
hydEND,p14,2029,55268.928
hydEND,p14,2032,55268.928
hydEND,p14,2035,55268.928
hydEND,p14,2038,55268.928
hydEND,p14,2041,55268.928
hydEND,p14,2044,55268.928
hydEND,p14,2047,55268.928
hydEND,p14,2050,55268.928
hydEND,p15,2010,1554875.9328
hydEND,p15,2015,1438193.5944
hydEND,p15,2020,1498801.5792
hydEND,p15,2023,1553308.404
hydEND,p15,2026,1553308.404
hydEND,p15,2029,1553308.404
hydEND,p15,2032,1553308.404
hydEND,p15,2035,1553308.404
hydEND,p15,2038,1553308.404
hydEND,p15,2041,1553308.404
hydEND,p15,2044,1553308.404
hydEND,p15,2047,1553308.404
hydEND,p15,2050,1553308.404
hydEND,p16,2010,1223626.824
hydEND,p16,2015,1130335.3152
hydEND,p16,2020,1218899.0016
hydEND,p16,2023,1338529.9536
hydEND,p16,2026,1338529.9536
hydEND,p16,2029,1338529.9536
hydEND,p16,2032,1338529.9536
hydEND,p16,2035,1338529.9536
hydEND,p16,2038,1338529.9536
hydEND,p16,2041,1338529.9536
hydEND,p16,2044,1338529.9536
hydEND,p16,2047,1338529.9536
hydEND,p16,2050,1338529.9536
hydEND,p17,2010,1687502.3784
hydEND,p17,2015,1781760.48
hydEND,p17,2020,1410570.8088
hydEND,p17,2023,1628488.4064
hydEND,p17,2026,1628488.4064
hydEND,p17,2029,1628488.4064
hydEND,p17,2032,1628488.4064
hydEND,p17,2035,1628488.4064
hydEND,p17,2038,1628488.4064
hydEND,p17,2041,1628488.4064
hydEND,p17,2044,1628488.4064
hydEND,p17,2047,1628488.4064
hydEND,p17,2050,1628488.4064
hydEND,p18,2010,857059.7112
hydEND,p18,2015,684619.6896
hydEND,p18,2020,728460.6336
hydEND,p18,2023,725306.2992
hydEND,p18,2026,725306.2992
hydEND,p18,2029,725306.2992
hydEND,p18,2032,725306.2992
hydEND,p18,2035,725306.2992
hydEND,p18,2038,725306.2992
hydEND,p18,2041,725306.2992
hydEND,p18,2044,725306.2992
hydEND,p18,2047,725306.2992
hydEND,p18,2050,725306.2992
hydEND,p2,2010,22486245.2064
hydEND,p2,2015,24161467.4064
hydEND,p2,2020,24225892.8192
hydEND,p2,2023,25590775.0608
hydEND,p2,2026,25590775.0608
hydEND,p2,2029,25590775.0608
hydEND,p2,2032,25590775.0608
hydEND,p2,2035,25590775.0608
hydEND,p2,2038,25590775.0608
hydEND,p2,2041,25590775.0608
hydEND,p2,2044,25590775.0608
hydEND,p2,2047,25590775.0608
hydEND,p2,2050,25590775.0608
hydEND,p21,2010,90318.6576
hydEND,p21,2015,127854.4176
hydEND,p21,2020,117167.5152
hydEND,p21,2023,104242.32
hydEND,p21,2026,104242.32
hydEND,p21,2029,104242.32
hydEND,p21,2032,104242.32
hydEND,p21,2035,104242.32
hydEND,p21,2038,104242.32
hydEND,p21,2041,104242.32
hydEND,p21,2044,104242.32
hydEND,p21,2047,104242.32
hydEND,p21,2050,104242.32
hydEND,p25,2010,134494.344
hydEND,p25,2015,113558.436
hydEND,p25,2020,121461.3144
hydEND,p25,2023,135465.9552
hydEND,p25,2026,135465.9552
hydEND,p25,2029,135465.9552
hydEND,p25,2032,135465.9552
hydEND,p25,2035,135465.9552
hydEND,p25,2038,135465.9552
hydEND,p25,2041,135465.9552
hydEND,p25,2044,135465.9552
hydEND,p25,2047,135465.9552
hydEND,p25,2050,135465.9552
hydEND,p26,2010,81575.904
hydEND,p26,2015,56990.052
hydEND,p26,2020,80853.408
hydEND,p26,2023,79914.672
hydEND,p26,2026,79914.672
hydEND,p26,2029,79914.672
hydEND,p26,2032,79914.672
hydEND,p26,2035,79914.672
hydEND,p26,2038,79914.672
hydEND,p26,2041,79914.672
hydEND,p26,2044,79914.672
hydEND,p26,2047,79914.672
hydEND,p26,2050,79914.672
hydEND,p3,2010,4747638.09432
hydEND,p3,2015,4281671.15856
hydEND,p3,2020,4294776.6156
hydEND,p3,2023,5226053.02272
hydEND,p3,2026,5226053.02272
hydEND,p3,2029,5226053.02272
hydEND,p3,2032,5226053.02272
hydEND,p3,2035,5226053.02272
hydEND,p3,2038,5226053.02272
hydEND,p3,2041,5226053.02272
hydEND,p3,2044,5226053.02272
hydEND,p3,2047,5226053.02272
hydEND,p3,2050,5226053.02272
hydEND,p31,2010,220348.8216
hydEND,p31,2015,97227.624
hydEND,p31,2020,197760.5664
hydEND,p31,2023,190476.624
hydEND,p31,2026,190476.624
hydEND,p31,2029,190476.624
hydEND,p31,2032,190476.624
hydEND,p31,2035,190476.624
hydEND,p31,2038,190476.624
hydEND,p31,2041,190476.624
hydEND,p31,2044,190476.624
hydEND,p31,2047,190476.624
hydEND,p31,2050,190476.624
hydEND,p32,2015,3150.624
hydEND,p32,2020,3134.304
hydEND,p32,2023,2187.072
hydEND,p32,2026,2187.072
hydEND,p32,2029,2187.072
hydEND,p32,2032,2187.072
hydEND,p32,2035,2187.072
hydEND,p32,2038,2187.072
hydEND,p32,2041,2187.072
hydEND,p32,2044,2187.072
hydEND,p32,2047,2187.072
hydEND,p32,2050,2187.072
hydEND,p33,2010,365496.7008
hydEND,p33,2015,333247.56
hydEND,p33,2020,296688.7152
hydEND,p33,2023,377416.5936
hydEND,p33,2026,377416.5936
hydEND,p33,2029,377416.5936
hydEND,p33,2032,377416.5936
hydEND,p33,2035,377416.5936
hydEND,p33,2038,377416.5936
hydEND,p33,2041,377416.5936
hydEND,p33,2044,377416.5936
hydEND,p33,2047,377416.5936
hydEND,p33,2050,377416.5936
hydEND,p34,2010,302993.1576
hydEND,p34,2015,259320.8088
hydEND,p34,2020,318883.1544
hydEND,p34,2023,302817.1608
hydEND,p34,2026,302817.1608
hydEND,p34,2029,302817.1608
hydEND,p34,2032,302817.1608
hydEND,p34,2035,302817.1608
hydEND,p34,2038,302817.1608
hydEND,p34,2041,302817.1608
hydEND,p34,2044,302817.1608
hydEND,p34,2047,302817.1608
hydEND,p34,2050,302817.1608
hydEND,p39,2010,65352.36
hydEND,p39,2015,79471.776
hydEND,p39,2020,97168.032
hydEND,p39,2023,68184.312
hydEND,p39,2026,68184.312
hydEND,p39,2029,68184.312
hydEND,p39,2032,68184.312
hydEND,p39,2035,68184.312
hydEND,p39,2038,68184.312
hydEND,p39,2041,68184.312
hydEND,p39,2044,68184.312
hydEND,p39,2047,68184.312
hydEND,p39,2050,68184.312
hydEND,p4,2010,11360756.72088
hydEND,p4,2015,14175568.33896
hydEND,p4,2020,14253241.87224
hydEND,p4,2023,13846532.55888
hydEND,p4,2026,13846532.55888
hydEND,p4,2029,13846532.55888
hydEND,p4,2032,13846532.55888
hydEND,p4,2035,13846532.55888
hydEND,p4,2038,13846532.55888
hydEND,p4,2041,13846532.55888
hydEND,p4,2044,13846532.55888
hydEND,p4,2047,13846532.55888
hydEND,p4,2050,13846532.55888
hydEND,p40,2010,1030946.1432
hydEND,p40,2015,1342647.1368
hydEND,p40,2020,1079294.8128
hydEND,p40,2023,987688.5936
hydEND,p40,2026,987688.5936
hydEND,p40,2029,987688.5936
hydEND,p40,2032,987688.5936
hydEND,p40,2035,987688.5936
hydEND,p40,2038,987688.5936
hydEND,p40,2041,987688.5936
hydEND,p40,2044,987688.5936
hydEND,p40,2047,987688.5936
hydEND,p40,2050,987688.5936
hydEND,p42,2010,3014.112
hydEND,p42,2015,2883.804
hydEND,p42,2020,1391.724
hydEND,p42,2023,2118.852
hydEND,p42,2026,2118.852
hydEND,p42,2029,2118.852
hydEND,p42,2032,2118.852
hydEND,p42,2035,2118.852
hydEND,p42,2038,2118.852
hydEND,p42,2041,2118.852
hydEND,p42,2044,2118.852
hydEND,p42,2047,2118.852
hydEND,p42,2050,2118.852
hydEND,p43,2010,478881.84
hydEND,p43,2015,433551.0
hydEND,p43,2020,474805.92
hydEND,p43,2023,422747.16
hydEND,p43,2026,422747.16
hydEND,p43,2029,422747.16
hydEND,p43,2032,422747.16
hydEND,p43,2035,422747.16
hydEND,p43,2038,422747.16
hydEND,p43,2041,422747.16
hydEND,p43,2044,422747.16
hydEND,p43,2047,422747.16
hydEND,p43,2050,422747.16
hydEND,p44,2010,4334.2728
hydEND,p44,2015,2595.912
hydEND,p44,2020,3602.8608
hydEND,p44,2023,2875.884
hydEND,p44,2026,2875.884
hydEND,p44,2029,2875.884
hydEND,p44,2032,2875.884
hydEND,p44,2035,2875.884
hydEND,p44,2038,2875.884
hydEND,p44,2041,2875.884
hydEND,p44,2044,2875.884
hydEND,p44,2047,2875.884
hydEND,p44,2050,2875.884
hydEND,p46,2010,398765.028
hydEND,p46,2015,421433.28
hydEND,p46,2020,494071.164
hydEND,p46,2023,374739.264
hydEND,p46,2026,374739.264
hydEND,p46,2029,374739.264
hydEND,p46,2032,374739.264
hydEND,p46,2035,374739.264
hydEND,p46,2038,374739.264
hydEND,p46,2041,374739.264
hydEND,p46,2044,374739.264
hydEND,p46,2047,374739.264
hydEND,p46,2050,374739.264
hydEND,p5,2010,6421147.9104
hydEND,p5,2015,5723629.92
hydEND,p5,2020,6270483.3408
hydEND,p5,2023,6819302.3232
hydEND,p5,2026,6819302.3232
hydEND,p5,2029,6819302.3232
hydEND,p5,2032,6819302.3232
hydEND,p5,2035,6819302.3232
hydEND,p5,2038,6819302.3232
hydEND,p5,2041,6819302.3232
hydEND,p5,2044,6819302.3232
hydEND,p5,2047,6819302.3232
hydEND,p5,2050,6819302.3232
hydEND,p50,2010,670885.1136
hydEND,p50,2015,533464.5888
hydEND,p50,2020,500049.6384
hydEND,p50,2023,580786.752
hydEND,p50,2026,580786.752
hydEND,p50,2029,580786.752
hydEND,p50,2032,580786.752
hydEND,p50,2035,580786.752
hydEND,p50,2038,580786.752
hydEND,p50,2041,580786.752
hydEND,p50,2044,580786.752
hydEND,p50,2047,580786.752
hydEND,p50,2050,580786.752
hydEND,p51,2010,840678.156
hydEND,p51,2015,607761.4464
hydEND,p51,2020,728365.4568
hydEND,p51,2023,758868.264
hydEND,p51,2026,758868.264
hydEND,p51,2029,758868.264
hydEND,p51,2032,758868.264
hydEND,p51,2035,758868.264
hydEND,p51,2038,758868.264
hydEND,p51,2041,758868.264
hydEND,p51,2044,758868.264
hydEND,p51,2047,758868.264
hydEND,p51,2050,758868.264
hydEND,p53,2010,12198.9888
hydEND,p53,2015,6501.7728
hydEND,p53,2020,11069.1072
hydEND,p53,2023,8816.1408
hydEND,p53,2026,8816.1408
hydEND,p53,2029,8816.1408
hydEND,p53,2032,8816.1408
hydEND,p53,2035,8816.1408
hydEND,p53,2038,8816.1408
hydEND,p53,2041,8816.1408
hydEND,p53,2044,8816.1408
hydEND,p53,2047,8816.1408
hydEND,p53,2050,8816.1408
hydEND,p55,2010,623572.992
hydEND,p55,2015,804436.74
hydEND,p55,2020,993851.676
hydEND,p55,2023,675234.54
hydEND,p55,2026,675234.54
hydEND,p55,2029,675234.54
hydEND,p55,2032,675234.54
hydEND,p55,2035,675234.54
hydEND,p55,2038,675234.54
hydEND,p55,2041,675234.54
hydEND,p55,2044,675234.54
hydEND,p55,2047,675234.54
hydEND,p55,2050,675234.54
hydEND,p56,2010,329323.8144
hydEND,p56,2015,330652.896
hydEND,p56,2020,371086.5984
hydEND,p56,2023,360313.632
hydEND,p56,2026,360313.632
hydEND,p56,2029,360313.632
hydEND,p56,2032,360313.632
hydEND,p56,2035,360313.632
hydEND,p56,2038,360313.632
hydEND,p56,2041,360313.632
hydEND,p56,2044,360313.632
hydEND,p56,2047,360313.632
hydEND,p56,2050,360313.632
hydEND,p58,2010,1108717.056
hydEND,p58,2015,999028.224
hydEND,p58,2020,1199328.768
hydEND,p58,2023,1055416.32
hydEND,p58,2026,1055416.32
hydEND,p58,2029,1055416.32
hydEND,p58,2032,1055416.32
hydEND,p58,2035,1055416.32
hydEND,p58,2038,1055416.32
hydEND,p58,2041,1055416.32
hydEND,p58,2044,1055416.32
hydEND,p58,2047,1055416.32
hydEND,p58,2050,1055416.32
hydEND,p6,2010,822933.3024
hydEND,p6,2015,648750.4752
hydEND,p6,2020,674352.0144
hydEND,p6,2023,819176.6112
hydEND,p6,2026,819176.6112
hydEND,p6,2029,819176.6112
hydEND,p6,2032,819176.6112
hydEND,p6,2035,819176.6112
hydEND,p6,2038,819176.6112
hydEND,p6,2041,819176.6112
hydEND,p6,2044,819176.6112
hydEND,p6,2047,819176.6112
hydEND,p6,2050,819176.6112
hydEND,p61,2010,129226.32
hydEND,p61,2015,42577.104
hydEND,p61,2020,92154.576
hydEND,p61,2023,93499.248
hydEND,p61,2026,93499.248
hydEND,p61,2029,93499.248
hydEND,p61,2032,93499.248
hydEND,p61,2035,93499.248
hydEND,p61,2038,93499.248
hydEND,p61,2041,93499.248
hydEND,p61,2044,93499.248
hydEND,p61,2047,93499.248
hydEND,p61,2050,93499.248
hydEND,p63,2010,5318.64
hydEND,p63,2015,533.136
hydEND,p63,2020,5535.36
hydEND,p63,2023,3473.664
hydEND,p63,2026,3473.664
hydEND,p63,2029,3473.664
hydEND,p63,2032,3473.664
hydEND,p63,2035,3473.664
hydEND,p63,2038,3473.664
hydEND,p63,2041,3473.664
hydEND,p63,2044,3473.664
hydEND,p63,2047,3473.664
hydEND,p63,2050,3473.664
hydEND,p64,2010,268972.2288
hydEND,p64,2015,119624.868
hydEND,p64,2020,153021.8448
hydEND,p64,2023,253635.8976
hydEND,p64,2026,253635.8976
hydEND,p64,2029,253635.8976
hydEND,p64,2032,253635.8976
hydEND,p64,2035,253635.8976
hydEND,p64,2038,253635.8976
hydEND,p64,2041,253635.8976
hydEND,p64,2044,253635.8976
hydEND,p64,2047,253635.8976
hydEND,p64,2050,253635.8976
hydEND,p65,2010,140754.804
hydEND,p65,2015,39909.684
hydEND,p65,2020,65711.388
hydEND,p65,2023,92318.136
hydEND,p65,2026,92318.136
hydEND,p65,2029,92318.136
hydEND,p65,2032,92318.136
hydEND,p65,2035,92318.136
hydEND,p65,2038,92318.136
hydEND,p65,2041,92318.136
hydEND,p65,2044,92318.136
hydEND,p65,2047,92318.136
hydEND,p65,2050,92318.136
hydEND,p66,2010,224078.976
hydEND,p66,2015,256217.28
hydEND,p66,2020,288402.048
hydEND,p66,2023,200361.216
hydEND,p66,2026,200361.216
hydEND,p66,2029,200361.216
hydEND,p66,2032,200361.216
hydEND,p66,2035,200361.216
hydEND,p66,2038,200361.216
hydEND,p66,2041,200361.216
hydEND,p66,2044,200361.216
hydEND,p66,2047,200361.216
hydEND,p66,2050,200361.216
hydEND,p68,2010,31986.3456
hydEND,p68,2015,8881.0128
hydEND,p68,2020,844.272
hydEND,p68,2023,15261.2064
hydEND,p68,2026,15261.2064
hydEND,p68,2029,15261.2064
hydEND,p68,2032,15261.2064
hydEND,p68,2035,15261.2064
hydEND,p68,2038,15261.2064
hydEND,p68,2041,15261.2064
hydEND,p68,2044,15261.2064
hydEND,p68,2047,15261.2064
hydEND,p68,2050,15261.2064
hydEND,p7,2010,32702.604
hydEND,p7,2015,10601.472
hydEND,p7,2020,51292.068
hydEND,p7,2023,41351.1
hydEND,p7,2026,41351.1
hydEND,p7,2029,41351.1
hydEND,p7,2032,41351.1
hydEND,p7,2035,41351.1
hydEND,p7,2038,41351.1
hydEND,p7,2041,41351.1
hydEND,p7,2044,41351.1
hydEND,p7,2047,41351.1
hydEND,p7,2050,41351.1
hydEND,p70,2010,17864.2464
hydEND,p70,2015,14106.576
hydEND,p70,2020,15702.72
hydEND,p70,2023,14973.7632
hydEND,p70,2026,14973.7632
hydEND,p70,2029,14973.7632
hydEND,p70,2032,14973.7632
hydEND,p70,2035,14973.7632
hydEND,p70,2038,14973.7632
hydEND,p70,2041,14973.7632
hydEND,p70,2044,14973.7632
hydEND,p70,2047,14973.7632
hydEND,p70,2050,14973.7632
hydEND,p71,2023,91863.72
hydEND,p71,2026,91863.72
hydEND,p71,2029,91863.72
hydEND,p71,2032,91863.72
hydEND,p71,2035,91863.72
hydEND,p71,2038,91863.72
hydEND,p71,2041,91863.72
hydEND,p71,2044,91863.72
hydEND,p71,2047,91863.72
hydEND,p71,2050,91863.72
hydEND,p74,2010,298020.8544
hydEND,p74,2015,405047.7216
hydEND,p74,2020,499767.4656
hydEND,p74,2023,350193.2304
hydEND,p74,2026,350193.2304
hydEND,p74,2029,350193.2304
hydEND,p74,2032,350193.2304
hydEND,p74,2035,350193.2304
hydEND,p74,2038,350193.2304
hydEND,p74,2041,350193.2304
hydEND,p74,2044,350193.2304
hydEND,p74,2047,350193.2304
hydEND,p74,2050,350193.2304
hydEND,p75,2010,193857.9456
hydEND,p75,2015,244100.0448
hydEND,p75,2020,321407.1168
hydEND,p75,2023,229068.0384
hydEND,p75,2026,229068.0384
hydEND,p75,2029,229068.0384
hydEND,p75,2032,229068.0384
hydEND,p75,2035,229068.0384
hydEND,p75,2038,229068.0384
hydEND,p75,2041,229068.0384
hydEND,p75,2044,229068.0384
hydEND,p75,2047,229068.0384
hydEND,p75,2050,229068.0384
hydEND,p76,2010,277827.4272
hydEND,p76,2015,257751.792
hydEND,p76,2020,302036.5248
hydEND,p76,2023,261574.9344
hydEND,p76,2026,261574.9344
hydEND,p76,2029,261574.9344
hydEND,p76,2032,261574.9344
hydEND,p76,2035,261574.9344
hydEND,p76,2038,261574.9344
hydEND,p76,2041,261574.9344
hydEND,p76,2044,261574.9344
hydEND,p76,2047,261574.9344
hydEND,p76,2050,261574.9344
hydEND,p77,2010,283415.7888
hydEND,p77,2015,234488.2752
hydEND,p77,2020,294612.9984
hydEND,p77,2023,249390.9504
hydEND,p77,2026,249390.9504
hydEND,p77,2029,249390.9504
hydEND,p77,2032,249390.9504
hydEND,p77,2035,249390.9504
hydEND,p77,2038,249390.9504
hydEND,p77,2041,249390.9504
hydEND,p77,2044,249390.9504
hydEND,p77,2047,249390.9504
hydEND,p77,2050,249390.9504
hydEND,p8,2010,359187.0912
hydEND,p8,2015,281063.0592
hydEND,p8,2020,292315.968
hydEND,p8,2023,397444.7232
hydEND,p8,2026,397444.7232
hydEND,p8,2029,397444.7232
hydEND,p8,2032,397444.7232
hydEND,p8,2035,397444.7232
hydEND,p8,2038,397444.7232
hydEND,p8,2041,397444.7232
hydEND,p8,2044,397444.7232
hydEND,p8,2047,397444.7232
hydEND,p8,2050,397444.7232
hydEND,p80,2010,90515.088
hydEND,p80,2015,103008.348
hydEND,p80,2020,107021.376
hydEND,p80,2023,93045.204
hydEND,p80,2026,93045.204
hydEND,p80,2029,93045.204
hydEND,p80,2032,93045.204
hydEND,p80,2035,93045.204
hydEND,p80,2038,93045.204
hydEND,p80,2041,93045.204
hydEND,p80,2044,93045.204
hydEND,p80,2047,93045.204
hydEND,p80,2050,93045.204
hydEND,p81,2010,1122523.4496
hydEND,p81,2015,1165824.9168
hydEND,p81,2020,1213611.192
hydEND,p81,2023,1078118.3136
hydEND,p81,2026,1078118.3136
hydEND,p81,2029,1078118.3136
hydEND,p81,2032,1078118.3136
hydEND,p81,2035,1078118.3136
hydEND,p81,2038,1078118.3136
hydEND,p81,2041,1078118.3136
hydEND,p81,2044,1078118.3136
hydEND,p81,2047,1078118.3136
hydEND,p81,2050,1078118.3136
hydEND,p84,2010,4631.76
hydEND,p84,2015,1028.664
hydEND,p84,2020,3071.664
hydEND,p84,2023,2133.792
hydEND,p84,2026,2133.792
hydEND,p84,2029,2133.792
hydEND,p84,2032,2133.792
hydEND,p84,2035,2133.792
hydEND,p84,2038,2133.792
hydEND,p84,2041,2133.792
hydEND,p84,2044,2133.792
hydEND,p84,2047,2133.792
hydEND,p84,2050,2133.792
hydEND,p85,2010,1314188.424
hydEND,p85,2015,1051930.296
hydEND,p85,2020,1272161.88
hydEND,p85,2023,1187501.472
hydEND,p85,2026,1187501.472
hydEND,p85,2029,1187501.472
hydEND,p85,2032,1187501.472
hydEND,p85,2035,1187501.472
hydEND,p85,2038,1187501.472
hydEND,p85,2041,1187501.472
hydEND,p85,2044,1187501.472
hydEND,p85,2047,1187501.472
hydEND,p85,2050,1187501.472
hydEND,p89,2010,2517529.032
hydEND,p89,2015,3054398.004
hydEND,p89,2020,3603310.812
hydEND,p89,2023,2921239.188
hydEND,p89,2026,2921239.188
hydEND,p89,2029,2921239.188
hydEND,p89,2032,2921239.188
hydEND,p89,2035,2921239.188
hydEND,p89,2038,2921239.188
hydEND,p89,2041,2921239.188
hydEND,p89,2044,2921239.188
hydEND,p89,2047,2921239.188
hydEND,p89,2050,2921239.188
hydEND,p9,2010,19954880.6016
hydEND,p9,2015,7547011.248
hydEND,p9,2020,10910544.4224
hydEND,p9,2023,15996408.2208
hydEND,p9,2026,15996408.2208
hydEND,p9,2029,15996408.2208
hydEND,p9,2032,15996408.2208
hydEND,p9,2035,15996408.2208
hydEND,p9,2038,15996408.2208
hydEND,p9,2041,15996408.2208
hydEND,p9,2044,15996408.2208
hydEND,p9,2047,15996408.2208
hydEND,p9,2050,15996408.2208
hydEND,p90,2010,2065476.8904
hydEND,p90,2015,2259720.312
hydEND,p90,2020,3009254.112
hydEND,p90,2023,2280330.0096
hydEND,p90,2026,2280330.0096
hydEND,p90,2029,2280330.0096
hydEND,p90,2032,2280330.0096
hydEND,p90,2035,2280330.0096
hydEND,p90,2038,2280330.0096
hydEND,p90,2041,2280330.0096
hydEND,p90,2044,2280330.0096
hydEND,p90,2047,2280330.0096
hydEND,p90,2050,2280330.0096
hydEND,p92,2010,2410632.48
hydEND,p92,2015,2946390.2832
hydEND,p92,2020,3580220.0448
hydEND,p92,2023,2697093.7392
hydEND,p92,2026,2697093.7392
hydEND,p92,2029,2697093.7392
hydEND,p92,2032,2697093.7392
hydEND,p92,2035,2697093.7392
hydEND,p92,2038,2697093.7392
hydEND,p92,2041,2697093.7392
hydEND,p92,2044,2697093.7392
hydEND,p92,2047,2697093.7392
hydEND,p92,2050,2697093.7392
hydEND,p93,2010,1336183.296
hydEND,p93,2015,1871880.192
hydEND,p93,2020,2454305.28
hydEND,p93,2023,1664549.376
hydEND,p93,2026,1664549.376
hydEND,p93,2029,1664549.376
hydEND,p93,2032,1664549.376
hydEND,p93,2035,1664549.376
hydEND,p93,2038,1664549.376
hydEND,p93,2041,1664549.376
hydEND,p93,2044,1664549.376
hydEND,p93,2047,1664549.376
hydEND,p93,2050,1664549.376
hydEND,p94,2010,585686.7648
hydEND,p94,2015,613050.5088
hydEND,p94,2020,759839.616
hydEND,p94,2023,516229.9776
hydEND,p94,2026,516229.9776
hydEND,p94,2029,516229.9776
hydEND,p94,2032,516229.9776
hydEND,p94,2035,516229.9776
hydEND,p94,2038,516229.9776
hydEND,p94,2041,516229.9776
hydEND,p94,2044,516229.9776
hydEND,p94,2047,516229.9776
hydEND,p94,2050,516229.9776
hydEND,p95,2010,679147.3728
hydEND,p95,2015,676210.5792
hydEND,p95,2020,1014689.8944
hydEND,p95,2023,649853.3184
hydEND,p95,2026,649853.3184
hydEND,p95,2029,649853.3184
hydEND,p95,2032,649853.3184
hydEND,p95,2035,649853.3184
hydEND,p95,2038,649853.3184
hydEND,p95,2041,649853.3184
hydEND,p95,2044,649853.3184
hydEND,p95,2047,649853.3184
hydEND,p95,2050,649853.3184
hydEND,p96,2010,1478690.9352
hydEND,p96,2015,1681966.4976
hydEND,p96,2020,2443922.3952
hydEND,p96,2023,1444801.2792
hydEND,p96,2026,1444801.2792
hydEND,p96,2029,1444801.2792
hydEND,p96,2032,1444801.2792
hydEND,p96,2035,1444801.2792
hydEND,p96,2038,1444801.2792
hydEND,p96,2041,1444801.2792
hydEND,p96,2044,1444801.2792
hydEND,p96,2047,1444801.2792
hydEND,p96,2050,1444801.2792
hydEND,p97,2010,1154137.4208
hydEND,p97,2015,1051989.12
hydEND,p97,2020,1948082.5728
hydEND,p97,2023,1175711.8464
hydEND,p97,2026,1175711.8464
hydEND,p97,2029,1175711.8464
hydEND,p97,2032,1175711.8464
hydEND,p97,2035,1175711.8464
hydEND,p97,2038,1175711.8464
hydEND,p97,2041,1175711.8464
hydEND,p97,2044,1175711.8464
hydEND,p97,2047,1175711.8464
hydEND,p97,2050,1175711.8464
hydEND,p98,2010,9845.3232
hydEND,p98,2015,8228.304
hydEND,p98,2020,10973.88
hydEND,p98,2023,6817.9968
hydEND,p98,2026,6817.9968
hydEND,p98,2029,6817.9968
hydEND,p98,2032,6817.9968
hydEND,p98,2035,6817.9968
hydEND,p98,2038,6817.9968
hydEND,p98,2041,6817.9968
hydEND,p98,2044,6817.9968
hydEND,p98,2047,6817.9968
hydEND,p98,2050,6817.9968
hydEND,p99,2010,35156.7
hydEND,p99,2015,38802.9
hydEND,p99,2020,45659.7
hydEND,p99,2023,33513.3
hydEND,p99,2026,33513.3
hydEND,p99,2029,33513.3
hydEND,p99,2032,33513.3
hydEND,p99,2035,33513.3
hydEND,p99,2038,33513.3
hydEND,p99,2041,33513.3
hydEND,p99,2044,33513.3
hydEND,p99,2047,33513.3
hydEND,p99,2050,33513.3
hydEND,z122,2010,1941349.5456
hydEND,z122,2015,1790973.3792
hydEND,z122,2020,1829796.9888
hydEND,z122,2023,2109262.4256
hydEND,z122,2026,2109262.4256
hydEND,z122,2029,2109262.4256
hydEND,z122,2032,2109262.4256
hydEND,z122,2035,2109262.4256
hydEND,z122,2038,2109262.4256
hydEND,z122,2041,2109262.4256
hydEND,z122,2044,2109262.4256
hydEND,z122,2047,2109262.4256
hydEND,z122,2050,2109262.4256
hydEND,z28,2010,84061.08
hydEND,z28,2015,84590.5128
hydEND,z28,2020,87811.8504
hydEND,z28,2023,78938.2584
hydEND,z28,2026,78938.2584
hydEND,z28,2029,78938.2584
hydEND,z28,2032,78938.2584
hydEND,z28,2035,78938.2584
hydEND,z28,2038,78938.2584
hydEND,z28,2041,78938.2584
hydEND,z28,2044,78938.2584
hydEND,z28,2047,78938.2584
hydEND,z28,2050,78938.2584
geohydro_allkm_1,p10,2010,5503294.221164
geohydro_allkm_1,p10,2015,5503294.221164
geohydro_allkm_1,p10,2020,5503294.221164
geohydro_allkm_1,p10,2023,5503294.221164
geohydro_allkm_1,p10,2026,5503294.221164
geohydro_allkm_1,p10,2029,5340858.036662
geohydro_allkm_1,p10,2032,5376108.493811
geohydro_allkm_1,p10,2035,5503287.389877
geohydro_allkm_1,p10,2038,5503283.460829
geohydro_allkm_1,p10,2041,5503285.960652
geohydro_allkm_1,p10,2044,5503292.627021
geohydro_allkm_1,p10,2047,5503284.655878
geohydro_allkm_1,p10,2050,5503290.697184
geohydro_allkm_1,p12,2010,1873196.254123
geohydro_allkm_1,p12,2015,1873196.254123
geohydro_allkm_1,p12,2020,1873196.254123
geohydro_allkm_1,p12,2023,1873196.254123
geohydro_allkm_1,p12,2026,1859642.829345
geohydro_allkm_1,p12,2029,1744673.540214
geohydro_allkm_1,p12,2032,1774899.1216
geohydro_allkm_1,p12,2035,1798021.642549
geohydro_allkm_1,p12,2038,1829174.086989
geohydro_allkm_1,p12,2041,1864835.122192
geohydro_allkm_1,p12,2044,1861739.607028
geohydro_allkm_1,p12,2047,1873192.998317
geohydro_allkm_1,p12,2050,1863369.71849
geohydro_allkm_1,p16,2010,65703.130625
geohydro_allkm_1,p16,2015,65703.130625
geohydro_allkm_1,p16,2020,65703.130625
geohydro_allkm_1,p16,2023,65703.130625
geohydro_allkm_1,p16,2026,65703.130625
geohydro_allkm_1,p16,2029,61962.205557
geohydro_allkm_1,p16,2032,61962.146587
geohydro_allkm_1,p16,2035,62666.700734
geohydro_allkm_1,p16,2038,61955.53802
geohydro_allkm_1,p16,2041,61002.388133
geohydro_allkm_1,p16,2044,59072.069703
geohydro_allkm_1,p16,2047,57490.880507
geohydro_allkm_1,p16,2050,59728.747422
geohydro_allkm_1,p25,2010,208278.924082
geohydro_allkm_1,p25,2015,208278.924082
geohydro_allkm_1,p25,2020,208278.924082
geohydro_allkm_1,p25,2023,208278.924082
geohydro_allkm_1,p25,2026,208278.924082
geohydro_allkm_1,p25,2029,200707.759724
geohydro_allkm_1,p25,2032,203749.701065
geohydro_allkm_1,p25,2035,208278.665543
geohydro_allkm_1,p25,2038,208278.516844
geohydro_allkm_1,p25,2041,208278.611453
geohydro_allkm_1,p25,2044,208278.863749
geohydro_allkm_1,p25,2047,208278.562072
geohydro_allkm_1,p25,2050,208278.790712
geohydro_allkm_1,p8,2010,14454.688738
geohydro_allkm_1,p8,2015,14454.688738
geohydro_allkm_1,p8,2020,14454.688738
geohydro_allkm_1,p8,2023,14454.688738
geohydro_allkm_1,p8,2026,14454.688738
geohydro_allkm_1,p8,2029,14073.829501
geohydro_allkm_1,p8,2032,14073.816107
geohydro_allkm_1,p8,2035,14071.772164
geohydro_allkm_1,p8,2038,14325.665062
geohydro_allkm_1,p8,2041,14023.826124
geohydro_allkm_1,p8,2044,14454.68455
geohydro_allkm_1,p8,2047,14454.663614
geohydro_allkm_1,p8,2050,14454.679482
geohydro_allkm_1,p9,2010,6215516.15714
geohydro_allkm_1,p9,2015,6215516.15714
geohydro_allkm_1,p9,2020,6215516.15714
geohydro_allkm_1,p9,2023,6215516.15714
geohydro_allkm_1,p9,2026,6215516.15714
geohydro_allkm_1,p9,2029,6107214.805714
geohydro_allkm_1,p9,2032,6187774.408089
geohydro_allkm_1,p9,2035,6133185.236167
geohydro_allkm_1,p9,2038,6072782.505226
geohydro_allkm_1,p9,2041,6125579.07145
geohydro_allkm_1,p9,2044,6083093.985365
geohydro_allkm_1,p9,2047,6083085.174419
geohydro_allkm_1,p9,2050,6110825.902555
geohydro_allkm_2,p10,2015,371593.7232
geohydro_allkm_2,p10,2020,544358.7408
geohydro_allkm_2,p10,2023,1331482.1184
geohydro_allkm_2,p10,2026,1331482.1184
geohydro_allkm_2,p10,2029,5769755.8464
geohydro_allkm_2,p10,2032,13249666.81929
geohydro_allkm_2,p10,2035,13627362.03696
geohydro_allkm_2,p10,2038,13627362.03696
geohydro_allkm_2,p10,2041,13627362.03696
geohydro_allkm_2,p10,2044,13627362.03696
geohydro_allkm_2,p10,2047,13255768.31376
geohydro_allkm_2,p10,2050,13083003.29616
geohydro_allkm_3,p10,2032,9871310.953489
geohydro_allkm_3,p10,2035,11434295.472119
geohydro_allkm_3,p10,2038,12850863.524933
geohydro_allkm_3,p10,2041,14267431.577747
geohydro_allkm_3,p10,2044,15616234.300942
geohydro_allkm_3,p10,2047,16952795.988268
geohydro_allkm_3,p10,2050,18037209.440276
geohydro_allkm_3,p12,2010,116169.5808
geohydro_allkm_3,p12,2015,766346.89488
geohydro_allkm_3,p12,2020,766346.89488
geohydro_allkm_3,p12,2023,766346.89488
geohydro_allkm_3,p12,2026,766346.89488
geohydro_allkm_3,p12,2029,766346.89488
geohydro_allkm_3,p12,2032,726133.26873
geohydro_allkm_3,p12,2035,733083.70722
geohydro_allkm_3,p12,2038,766346.89488
geohydro_allkm_3,p12,2041,647276.1774
geohydro_allkm_3,p12,2044,646200.95475
geohydro_allkm_3,p8,2032,198168.508297
geohydro_allkm_3,p8,2035,252177.835953
geohydro_allkm_3,p8,2038,309959.406345
geohydro_allkm_3,p8,2041,356962.943713
geohydro_allkm_3,p8,2044,425469.240344
geohydro_allkm_3,p8,2047,468765.769879
geohydro_allkm_3,p8,2050,526100.729703
geohydro_allkm_3,p9,2029,380219.5628
geohydro_allkm_3,p9,2032,1809306.849572
geohydro_allkm_3,p9,2035,2195042.288164
geohydro_allkm_3,p9,2038,2612469.439011
geohydro_allkm_3,p9,2041,3012116.455661
geohydro_allkm_3,p9,2044,3423106.665777
geohydro_allkm_3,p9,2047,3790514.901385
geohydro_allkm_3,p9,2050,4183829.718595
geohydro_allkm_4,p31,2032,267090.281227
geohydro_allkm_4,p31,2035,351241.557321
geohydro_allkm_4,p31,2038,351241.557321
geohydro_allkm_4,p31,2041,351241.557321
geohydro_allkm_4,p31,2044,348206.362158
geohydro_allkm_4,p31,2047,348206.362158
geohydro_allkm_4,p31,2050,349723.959739
geohydro_allkm_4,p5,2032,2809168.23096
geohydro_allkm_4,p5,2035,2814973.331841
geohydro_allkm_4,p5,2038,2821759.117632
geohydro_allkm_4,p5,2041,2821759.117632
geohydro_allkm_4,p5,2044,2796577.344288
geohydro_allkm_4,p5,2047,2789877.21012
geohydro_allkm_4,p5,2050,2771395.570944
geohydro_allkm_5,p10,2032,834684.31215
geohydro_allkm_5,p10,2035,866431.4568
geohydro_allkm_5,p10,2038,866431.4568
geohydro_allkm_5,p10,2041,866431.4568
geohydro_allkm_5,p10,2044,866431.4568
geohydro_allkm_5,p10,2047,866431.4568
geohydro_allkm_5,p10,2050,866431.4568
geohydro_allkm_5,p25,2015,290423.952
geohydro_allkm_5,p25,2020,290423.952
geohydro_allkm_5,p25,2023,290423.952
geohydro_allkm_5,p25,2026,498933.456
geohydro_allkm_5,p25,2029,999405.91072
geohydro_allkm_5,p25,2032,1329773.96551
geohydro_allkm_5,p25,2035,1537981.779411
geohydro_allkm_5,p25,2038,1731065.88227
geohydro_allkm_5,p25,2041,1924149.985128
geohydro_allkm_5,p25,2044,1924149.985128
geohydro_allkm_5,p25,2047,1633726.033128
geohydro_allkm_5,p25,2050,2212978.341704
geohydro_allkm_6,p10,2032,245574.92001
geohydro_allkm_6,p10,2035,256987.96368
geohydro_allkm_6,p10,2038,256987.96368
geohydro_allkm_6,p10,2041,256987.96368
geohydro_allkm_6,p10,2044,256987.96368
geohydro_allkm_6,p10,2047,256987.96368
geohydro_allkm_6,p10,2050,256987.96368
geohydro_allkm_6,p12,2015,499603.66512
geohydro_allkm_6,p12,2020,1477364.30352
geohydro_allkm_6,p12,2023,2197466.76912
geohydro_allkm_6,p12,2026,2342678.74512
geohydro_allkm_6,p12,2029,3845795.836227
geohydro_allkm_6,p12,2032,4191442.038382
geohydro_allkm_6,p12,2035,4627122.552307
geohydro_allkm_6,p12,2038,4614080.645449
geohydro_allkm_6,p12,2041,4696834.866838
geohydro_allkm_6,p12,2044,4596578.201
geohydro_allkm_6,p12,2047,6025824.823978
geohydro_allkm_6,p12,2050,5435411.689673
geohydro_allkm_7,p10,2032,428813.23326
geohydro_allkm_7,p10,2035,448742.23968
geohydro_allkm_7,p10,2038,448742.23968
geohydro_allkm_7,p10,2041,448742.23968
geohydro_allkm_7,p10,2044,448742.23968
geohydro_allkm_7,p10,2047,448742.23968
geohydro_allkm_7,p10,2050,448742.23968
geohydro_allkm_7,p12,2029,435098.978115
geohydro_allkm_7,p12,2032,435098.978115
geohydro_allkm_7,p12,2035,946442.036426
geohydro_allkm_7,p12,2038,948261.10665
geohydro_allkm_7,p12,2041,956698.71765
geohydro_allkm_7,p12,2044,944749.19409
geohydro_allkm_7,p12,2047,961005.39873
geohydro_allkm_7,p12,2050,950040.0039
geohydro_allkm_8,p7,2015,145211.976
geohydro_allkm_8,p7,2020,145211.976
geohydro_allkm_8,p7,2023,145211.976
geohydro_allkm_8,p7,2026,145211.976
geohydro_allkm_8,p7,2029,145211.976
geohydro_allkm_8,p7,2032,143268.138
geohydro_allkm_8,p7,2035,142620.192
geohydro_allkm_8,p7,2038,144564.03
geohydro_allkm_8,p7,2041,143916.084
geohydro_allkm_8,p7,2044,142620.192
geohydro_allkm_9,p31,2015,11914.8288
geohydro_allkm_9,p31,2020,64042.2048
geohydro_allkm_9,p31,2023,64042.2048
geohydro_allkm_9,p31,2026,64042.2048
geohydro_allkm_9,p31,2029,64042.2048
geohydro_allkm_9,p31,2032,62257.0254
geohydro_allkm_9,p31,2035,64042.2048
geohydro_allkm_9,p31,2038,64042.2048
geohydro_allkm_9,p31,2041,64042.2048
geohydro_allkm_9,p31,2044,63765.4998
geohydro_allkm_9,p31,2047,51902.151
egs_nearfield_1,p9,2032,1307712.14886
egs_nearfield_1,p9,2035,1319299.205952
egs_nearfield_1,p9,2038,1319299.205952
egs_nearfield_1,p9,2041,1300211.202264
egs_nearfield_1,p9,2044,1291191.783024
egs_nearfield_1,p9,2047,1291191.783024
egs_nearfield_1,p9,2050,1297078.588416
egs_nearfield_2,p9,2032,1364098.396095
egs_nearfield_2,p9,2035,1376185.066704
egs_nearfield_2,p9,2038,1370044.43262
egs_nearfield_2,p9,2041,1356274.021878
egs_nearfield_2,p9,2044,1346865.701148
egs_nearfield_2,p9,2047,1346865.701148
egs_nearfield_2,p9,2050,1353006.335232
egs_nearfield_3,p12,2029,409572.24
egs_nearfield_3,p12,2032,409572.24
egs_nearfield_3,p12,2035,409572.24
egs_nearfield_3,p12,2038,402394.575
egs_nearfield_3,p12,2041,407744.7
egs_nearfield_3,p12,2044,407744.7
egs_nearfield_3,p12,2047,409572.24
egs_nearfield_3,p12,2050,408894.915
egs_nearfield_3,p9,2032,326275.155
egs_nearfield_3,p9,2035,335104.56
egs_nearfield_3,p9,2038,335104.56
egs_nearfield_3,p9,2041,330256.17
egs_nearfield_3,p9,2044,327965.22
egs_nearfield_3,p9,2047,327965.22
egs_nearfield_3,p9,2050,329460.48
egs_nearfield_4,p12,2035,496321.98
egs_nearfield_4,p12,2038,517354.53
egs_nearfield_4,p12,2041,516695.55
egs_nearfield_4,p12,2044,507278.1
egs_nearfield_4,p12,2047,519021.51
egs_nearfield_4,p12,2050,513581.25
egs_nearfield_5,p12,2029,816448.749984
egs_nearfield_5,p12,2032,816448.749984
egs_nearfield_5,p12,2035,816448.749984
egs_nearfield_5,p12,2038,807018.45669
egs_nearfield_5,p12,2041,809278.09587
egs_nearfield_5,p12,2044,794527.94754
egs_nearfield_5,p12,2047,812921.147334
egs_nearfield_5,p12,2050,804400.30125
Gas-CT_H2-CT,p1,2035,0.0
Gas-CT_H2-CT,p1,2044,-0.0
Gas-CT_H2-CT,p101,2029,0.0
Gas-CT_H2-CT,p101,2035,0.0
Gas-CT_H2-CT,p101,2038,-0.0
Gas-CT_H2-CT,p101,2050,0.0
Gas-CT_H2-CT,p102,2050,-0.0
Gas-CT_H2-CT,p103,2038,-0.0
Gas-CT_H2-CT,p104,2038,0.0
Gas-CT_H2-CT,p105,2038,-0.0
Gas-CT_H2-CT,p106,2038,0.0
Gas-CT_H2-CT,p11,2032,0.0
Gas-CT_H2-CT,p11,2035,0.0
Gas-CT_H2-CT,p11,2041,0.0
Gas-CT_H2-CT,p111,2038,-0.0
Gas-CT_H2-CT,p111,2050,-0.0
Gas-CT_H2-CT,p12,2044,0.0
Gas-CT_H2-CT,p120,2035,-0.0
Gas-CT_H2-CT,p120,2041,0.0
Gas-CT_H2-CT,p125,2035,0.0
Gas-CT_H2-CT,p13,2044,0.0
Gas-CT_H2-CT,p134,2044,-0.0
Gas-CT_H2-CT,p14,2035,-0.0
Gas-CT_H2-CT,p14,2038,0.0
Gas-CT_H2-CT,p14,2047,-0.0
Gas-CT_H2-CT,p15,2035,-0.0
Gas-CT_H2-CT,p15,2038,0.0
Gas-CT_H2-CT,p15,2041,-0.0
Gas-CT_H2-CT,p17,2044,-0.0
Gas-CT_H2-CT,p2,2035,-0.0
Gas-CT_H2-CT,p2,2041,-0.0
Gas-CT_H2-CT,p20,2035,0.0
Gas-CT_H2-CT,p20,2050,-0.0
Gas-CT_H2-CT,p24,2044,-0.0
Gas-CT_H2-CT,p26,2032,-0.0
Gas-CT_H2-CT,p27,2035,-0.0
Gas-CT_H2-CT,p29,2029,-0.0
Gas-CT_H2-CT,p3,2032,0.0
Gas-CT_H2-CT,p3,2035,0.0
Gas-CT_H2-CT,p3,2038,0.0
Gas-CT_H2-CT,p3,2044,-0.0
Gas-CT_H2-CT,p3,2050,0.0
Gas-CT_H2-CT,p31,2032,-0.0
Gas-CT_H2-CT,p31,2035,0.0
Gas-CT_H2-CT,p32,2032,0.0
Gas-CT_H2-CT,p33,2041,-0.0
Gas-CT_H2-CT,p34,2035,0.0
Gas-CT_H2-CT,p35,2032,0.0
Gas-CT_H2-CT,p4,2038,-0.0
Gas-CT_H2-CT,p4,2041,0.0
Gas-CT_H2-CT,p42,2038,-0.0
Gas-CT_H2-CT,p43,2035,0.0
Gas-CT_H2-CT,p43,2038,0.0
Gas-CT_H2-CT,p44,2035,-0.0
Gas-CT_H2-CT,p44,2038,0.0
Gas-CT_H2-CT,p46,2038,0.0
Gas-CT_H2-CT,p47,2035,0.0
Gas-CT_H2-CT,p5,2038,-0.0
Gas-CT_H2-CT,p51,2050,0.0
Gas-CT_H2-CT,p52,2032,-0.0
Gas-CT_H2-CT,p54,2038,-0.0
Gas-CT_H2-CT,p58,2032,-0.0
Gas-CT_H2-CT,p62,2032,0.0
Gas-CT_H2-CT,p63,2035,0.0
Gas-CT_H2-CT,p64,2038,0.0
Gas-CT_H2-CT,p66,2038,-0.0
Gas-CT_H2-CT,p68,2032,-0.0
Gas-CT_H2-CT,p69,2038,-0.0
Gas-CT_H2-CT,p71,2038,0.0
Gas-CT_H2-CT,p73,2038,0.0
Gas-CT_H2-CT,p75,2038,-0.0
Gas-CT_H2-CT,p79,2038,-0.0
Gas-CT_H2-CT,p8,2047,-0.0
Gas-CT_H2-CT,p83,2038,-0.0
Gas-CT_H2-CT,p88,2035,0.0
Gas-CT_H2-CT,p88,2041,0.0
Gas-CT_H2-CT,p91,2044,0.0
Gas-CT_H2-CT,p92,2035,0.0
Gas-CT_H2-CT,p94,2035,-0.0
Gas-CT_H2-CT,p94,2050,0.0
Gas-CT_H2-CT,p95,2035,-0.0
Gas-CT_H2-CT,p96,2035,-0.0
Gas-CT_H2-CT,p96,2041,0.0
Gas-CT_H2-CT,p98,2032,-0.0
Gas-CT_H2-CT,p98,2035,0.0
Gas-CT_H2-CT,p99,2035,-0.0
Gas-CT_H2-CT,z122,2035,0.0
Gas-CT_H2-CT,z28,2050,-0.0
Gas-CC_H2-CC,p101,2032,0.0
Gas-CC_H2-CC,p103,2038,0.0
Gas-CC_H2-CC,p104,2038,-0.0
Gas-CC_H2-CC,p105,2035,-0.0
Gas-CC_H2-CC,p105,2038,0.0
Gas-CC_H2-CC,p109,2038,0.0
Gas-CC_H2-CC,p11,2029,0.0
Gas-CC_H2-CC,p11,2035,-0.0
Gas-CC_H2-CC,p11,2041,-0.0
Gas-CC_H2-CC,p11,2044,0.0
Gas-CC_H2-CC,p111,2044,-0.0
Gas-CC_H2-CC,p112,2044,0.0
Gas-CC_H2-CC,p114,2047,0.0
Gas-CC_H2-CC,p12,2044,-0.0
Gas-CC_H2-CC,p123,2038,-0.0
Gas-CC_H2-CC,p125,2044,0.0
Gas-CC_H2-CC,p126,2038,-0.0
Gas-CC_H2-CC,p132,2029,161602.791767
Gas-CC_H2-CC,p132,2032,11592.583638
Gas-CC_H2-CC,p132,2035,11266.220012
Gas-CC_H2-CC,p132,2038,4839.281089
Gas-CC_H2-CC,p14,2029,0.0
Gas-CC_H2-CC,p24,2047,0.0
Gas-CC_H2-CC,p25,2029,-0.0
Gas-CC_H2-CC,p26,2050,-0.0
Gas-CC_H2-CC,p27,2047,-0.0
Gas-CC_H2-CC,p31,2032,0.0
Gas-CC_H2-CC,p31,2035,-0.0
Gas-CC_H2-CC,p31,2041,-0.0
Gas-CC_H2-CC,p33,2029,-0.0
Gas-CC_H2-CC,p34,2050,-0.0
Gas-CC_H2-CC,p43,2032,0.0
Gas-CC_H2-CC,p43,2035,0.0
Gas-CC_H2-CC,p43,2044,-0.0
Gas-CC_H2-CC,p47,2035,0.0
Gas-CC_H2-CC,p5,2029,0.0
Gas-CC_H2-CC,p51,2047,0.0
Gas-CC_H2-CC,p54,2029,0.0
Gas-CC_H2-CC,p54,2038,0.0
Gas-CC_H2-CC,p59,2038,0.0
Gas-CC_H2-CC,p59,2041,0.0
Gas-CC_H2-CC,p62,2038,0.0
Gas-CC_H2-CC,p64,2029,-0.0
Gas-CC_H2-CC,p64,2038,0.0
Gas-CC_H2-CC,p65,2029,-0.0
Gas-CC_H2-CC,p65,2038,0.0
Gas-CC_H2-CC,p66,2038,0.0
Gas-CC_H2-CC,p66,2041,0.0
Gas-CC_H2-CC,p68,2032,-0.0
Gas-CC_H2-CC,p72,2032,0.0
Gas-CC_H2-CC,p72,2050,-0.0
Gas-CC_H2-CC,p76,2047,0.0
Gas-CC_H2-CC,p79,2038,0.0
Gas-CC_H2-CC,p89,2032,0.0
Gas-CC_H2-CC,p91,2047,0.0
Gas-CC_H2-CC,p93,2038,-0.0
Gas-CC_H2-CC,p95,2050,-0.0
Gas-CC_H2-CC,p96,2035,-0.0
Gas-CC_H2-CC,p96,2041,-0.0
Gas-CC_H2-CC,p97,2035,-0.0
Gas-CC_H2-CC,z28,2029,0.0
Gas-CC_Gas-CC-CCS_mod,p126,2047,9886018.966594
Gas-CC_Gas-CC-CCS_mod,p126,2050,9863379.931743
Gas-CC_Gas-CC-CCS_mod,p13,2044,8162747.095056
Gas-CC_Gas-CC-CCS_mod,p13,2047,8409994.211921
Gas-CC_Gas-CC-CCS_mod,p13,2050,8416416.224271
Gas-CC_Gas-CC-CCS_mod,p131,2047,5053704.906269
Gas-CC_Gas-CC-CCS_mod,p131,2050,6155359.195955
Gas-CC_Gas-CC-CCS_mod,p133,2047,170888.586229
Gas-CC_Gas-CC-CCS_mod,p133,2050,2120724.112116
Gas-CC_Gas-CC-CCS_mod,p20,2041,-0.0
Gas-CC_Gas-CC-CCS_mod,p9,2044,4391293.133448
Gas-CC_Gas-CC-CCS_mod,p9,2047,4370117.834721
Gas-CC_Gas-CC-CCS_mod,p9,2050,4476842.334811
coal-new_coal-CCS_mod,p109,2032,2963258.999948
coal-new_coal-CCS_mod,p109,2035,2964559.893525
coal-new_coal-CCS_mod,p109,2038,2973239.008856
coal-new_coal-CCS_mod,p109,2041,2972461.328964
coal-new_coal-CCS_mod,p109,2044,33733.192577
coal-new_coal-CCS_mod,p41,2029,4696584.5616
coal-new_coal-CCS_mod,p41,2032,4690599.7368
coal-new_coal-CCS_mod,p41,2035,4697778.228
coal-new_coal-CCS_mod,p41,2038,4705564.8912
coal-new_coal-CCS_mod,p41,2041,361192.32
coal-new_coal-CCS_mod,p41,2044,361192.32
coal-new_coal-CCS_mod,p41,2047,361192.32
coal-new_coal-CCS_mod,p41,2050,361192.32
coal-new_coal-CCS_mod,p75,2032,3786701.022
coal-new_coal-CCS_mod,p75,2035,3787195.5828
coal-new_coal-CCS_mod,p75,2038,3795156.684
coal-new_coal-CCS_mod,p75,2041,3795707.6712
coal-new_coal-CCS_mod,p75,2044,258043.816176
coal-new_coal-CCS_mod,p75,2047,248190.695097
coal-new_coal-CCS_mod,p75,2050,248190.695097
coal-new_coal-CCS_mod,p96,2032,12105137.97
coal-new_coal-CCS_mod,p96,2035,12101447.52
coal-new_coal-CCS_mod,p96,2038,12153273.12
coal-new_coal-CCS_mod,p96,2041,12154393.53
coal-new_coal-CCS_mod,p96,2044,930312.0
coal-new_coal-CCS_mod,p96,2047,915526.516737
coal-new_coal-CCS_mod,p96,2050,915526.516737
coal-new_coal-CCS_mod,z122,2032,420140.76826
coal-new_coal-CCS_mod,z122,2035,419651.027458
coal-new_coal-CCS_mod,z122,2038,420448.621052
coal-new_coal-CCS_mod,z122,2041,420752.440037
coal-new_coal-CCS_mod,z122,2044,7142.621048
coal-new_coal-CCS_mod,z122,2047,4032.317578
coal-new_coal-CCS_mod,z122,2050,4032.317578
CoalOldScr_coal-CCS_mod,p101,2029,0.0
CoalOldScr_coal-CCS_mod,p101,2032,4446167.444843
CoalOldScr_coal-CCS_mod,p101,2035,4449670.662797
CoalOldScr_coal-CCS_mod,p101,2038,4463695.775104
CoalOldScr_coal-CCS_mod,p101,2041,4457467.027171
CoalOldScr_coal-CCS_mod,p101,2044,341149.784955
CoalOldScr_coal-CCS_mod,p101,2047,306490.123959
CoalOldScr_coal-CCS_mod,p101,2050,306490.123959
CoalOldScr_coal-CCS_mod,p105,2032,6791239.17
CoalOldScr_coal-CCS_mod,p105,2035,6789039.225
CoalOldScr_coal-CCS_mod,p105,2038,6789012.36
CoalOldScr_coal-CCS_mod,p105,2041,6831315.78
CoalOldScr_coal-CCS_mod,p105,2044,522972.0
CoalOldScr_coal-CCS_mod,p105,2047,522972.0
CoalOldScr_coal-CCS_mod,p105,2050,522972.0
CoalOldScr_coal-CCS_mod,p107,2029,4317039.72
CoalOldScr_coal-CCS_mod,p107,2032,8991617.07142
CoalOldScr_coal-CCS_mod,p107,2035,8984154.073176
CoalOldScr_coal-CCS_mod,p107,2038,9106042.968927
CoalOldScr_coal-CCS_mod,p107,2041,4858787.945047
CoalOldScr_coal-CCS_mod,p107,2044,469852.362437
CoalOldScr_coal-CCS_mod,p107,2047,379145.996752
CoalOldScr_coal-CCS_mod,p107,2050,379145.996752
CoalOldScr_coal-CCS_mod,p109,2029,0.0
CoalOldScr_coal-CCS_mod,p109,2032,9646354.26
CoalOldScr_coal-CCS_mod,p109,2035,9655211.88
CoalOldScr_coal-CCS_mod,p109,2038,9687152.61
CoalOldScr_coal-CCS_mod,p109,2041,9687093.39
CoalOldScr_coal-CCS_mod,p109,2044,741096.0
CoalOldScr_coal-CCS_mod,p109,2047,706333.401947
CoalOldScr_coal-CCS_mod,p109,2050,706333.401947
CoalOldScr_coal-CCS_mod,p111,2032,120012.795
CoalOldScr_coal-CCS_mod,p111,2035,120012.795
CoalOldScr_coal-CCS_mod,p111,2038,119837.97
CoalOldScr_coal-CCS_mod,p111,2041,119795.6025
CoalOldScr_coal-CCS_mod,p111,2044,9198.0
CoalOldScr_coal-CCS_mod,p111,2047,9198.0
CoalOldScr_coal-CCS_mod,p111,2050,9198.0
CoalOldScr_coal-CCS_mod,p112,2032,7922577.805063
CoalOldScr_coal-CCS_mod,p112,2035,7922577.805063
CoalOldScr_coal-CCS_mod,p112,2038,7927099.0587
CoalOldScr_coal-CCS_mod,p112,2041,7927133.810842
CoalOldScr_coal-CCS_mod,p112,2044,608857.522859
CoalOldScr_coal-CCS_mod,p112,2047,608857.522859
CoalOldScr_coal-CCS_mod,p112,2050,608857.522859
CoalOldScr_coal-CCS_mod,p116,2032,6652792.783421
CoalOldScr_coal-CCS_mod,p116,2035,6656168.499373
CoalOldScr_coal-CCS_mod,p116,2038,6667577.111663
CoalOldScr_coal-CCS_mod,p116,2041,6673749.624506
CoalOldScr_coal-CCS_mod,p116,2044,174729.30222
CoalOldScr_coal-CCS_mod,p116,2047,90900.250005
CoalOldScr_coal-CCS_mod,p116,2050,90900.250005
CoalOldScr_coal-CCS_mod,p117,2032,17800730.331
CoalOldScr_coal-CCS_mod,p117,2035,17805167.140397
CoalOldScr_coal-CCS_mod,p117,2038,17836347.027
CoalOldScr_coal-CCS_mod,p117,2041,17850077.544
CoalOldScr_coal-CCS_mod,p117,2044,1366034.4
CoalOldScr_coal-CCS_mod,p117,2047,1366034.4
CoalOldScr_coal-CCS_mod,p117,2050,1366034.4
CoalOldScr_coal-CCS_mod,p36,2032,9073382.571
CoalOldScr_coal-CCS_mod,p36,2035,9130535.246281
CoalOldScr_coal-CCS_mod,p36,2038,9221016.465
CoalOldScr_coal-CCS_mod,p36,2041,9217500.795
CoalOldScr_coal-CCS_mod,p36,2044,499057.406813
CoalOldScr_coal-CCS_mod,p36,2047,415496.839221
CoalOldScr_coal-CCS_mod,p36,2050,415496.839221
CoalOldScr_coal-CCS_mod,p37,2032,7806226.5516
CoalOldScr_coal-CCS_mod,p37,2035,7806127.1802
CoalOldScr_coal-CCS_mod,p37,2038,7817410.974
CoalOldScr_coal-CCS_mod,p37,2041,7817318.4558
CoalOldScr_coal-CCS_mod,p37,2044,600340.32
CoalOldScr_coal-CCS_mod,p37,2047,600340.32
CoalOldScr_coal-CCS_mod,p37,2050,600340.32
CoalOldScr_coal-CCS_mod,p40,2029,9328016.88
CoalOldScr_coal-CCS_mod,p40,2032,9316894.86
CoalOldScr_coal-CCS_mod,p40,2035,9330772.815
CoalOldScr_coal-CCS_mod,p40,2038,9344302.695
CoalOldScr_coal-CCS_mod,p40,2041,312024.512376
CoalOldScr_coal-CCS_mod,p40,2044,312024.512376
CoalOldScr_coal-CCS_mod,p40,2047,312024.512376
CoalOldScr_coal-CCS_mod,p40,2050,312024.512376
CoalOldScr_coal-CCS_mod,p41,2029,4444396.0134
CoalOldScr_coal-CCS_mod,p41,2032,4440027.9483
CoalOldScr_coal-CCS_mod,p41,2035,4445548.9953
CoalOldScr_coal-CCS_mod,p41,2038,4452786.8343
CoalOldScr_coal-CCS_mod,p41,2041,341797.68
CoalOldScr_coal-CCS_mod,p41,2044,341797.68
CoalOldScr_coal-CCS_mod,p41,2047,341797.68
CoalOldScr_coal-CCS_mod,p41,2050,341797.68
CoalOldScr_coal-CCS_mod,p43,2032,5993640.18
CoalOldScr_coal-CCS_mod,p43,2035,5999332.428
CoalOldScr_coal-CCS_mod,p43,2038,6001928.892
CoalOldScr_coal-CCS_mod,p43,2041,6001842.168
CoalOldScr_coal-CCS_mod,p43,2044,435738.145785
CoalOldScr_coal-CCS_mod,p43,2047,426371.498462
CoalOldScr_coal-CCS_mod,p43,2050,426371.498462
CoalOldScr_coal-CCS_mod,p51,2029,3556084.458
CoalOldScr_coal-CCS_mod,p51,2032,3445269.321
CoalOldScr_coal-CCS_mod,p51,2035,3526232.721
CoalOldScr_coal-CCS_mod,p51,2038,3559266.726
CoalOldScr_coal-CCS_mod,p51,2041,32145.104149
CoalOldScr_coal-CCS_mod,p51,2044,32145.104149
CoalOldScr_coal-CCS_mod,p51,2047,32145.104149
CoalOldScr_coal-CCS_mod,p51,2050,32145.104149
CoalOldScr_coal-CCS_mod,p52,2032,2443214.2623
CoalOldScr_coal-CCS_mod,p52,2035,2445146.9388
CoalOldScr_coal-CCS_mod,p52,2038,2456143.2759
CoalOldScr_coal-CCS_mod,p52,2041,2455941.933
CoalOldScr_coal-CCS_mod,p52,2044,128304.797419
CoalOldScr_coal-CCS_mod,p52,2047,128304.797419
CoalOldScr_coal-CCS_mod,p52,2050,111629.963775
CoalOldScr_coal-CCS_mod,p63,2032,16370823.93
CoalOldScr_coal-CCS_mod,p63,2035,16389014.61
CoalOldScr_coal-CCS_mod,p63,2038,16467792.69
CoalOldScr_coal-CCS_mod,p63,2041,16465023.6
CoalOldScr_coal-CCS_mod,p63,2044,1170352.653133
CoalOldScr_coal-CCS_mod,p63,2047,898528.848161
CoalOldScr_coal-CCS_mod,p63,2050,898528.848161
CoalOldScr_coal-CCS_mod,p64,2032,2959922.7
CoalOldScr_coal-CCS_mod,p64,2035,2964806.01
CoalOldScr_coal-CCS_mod,p64,2038,2972269.305
CoalOldScr_coal-CCS_mod,p64,2041,2972204.055
CoalOldScr_coal-CCS_mod,p64,2044,228636.0
CoalOldScr_coal-CCS_mod,p64,2047,228636.0
CoalOldScr_coal-CCS_mod,p64,2050,228636.0
CoalOldScr_coal-CCS_mod,p65,2029,2672510.415
CoalOldScr_coal-CCS_mod,p65,2032,2520905.71382
CoalOldScr_coal-CCS_mod,p65,2035,2531177.991
CoalOldScr_coal-CCS_mod,p65,2038,2672427.132
CoalOldScr_coal-CCS_mod,p67,2029,17176739.076
CoalOldScr_coal-CCS_mod,p67,2032,17108363.304
CoalOldScr_coal-CCS_mod,p67,2035,17139112.038
CoalOldScr_coal-CCS_mod,p67,2038,17185480.254
CoalOldScr_coal-CCS_mod,p72,2032,16137465.552
CoalOldScr_coal-CCS_mod,p72,2035,16149157.14
CoalOldScr_coal-CCS_mod,p72,2038,16185299.304
CoalOldScr_coal-CCS_mod,p72,2041,16249293.492
CoalOldScr_coal-CCS_mod,p72,2044,1246723.2
CoalOldScr_coal-CCS_mod,p72,2047,1118891.231635
CoalOldScr_coal-CCS_mod,p72,2050,1118891.231635
CoalOldScr_coal-CCS_mod,p84,2029,8214264.0
CoalOldScr_coal-CCS_mod,p84,2032,8173645.2
CoalOldScr_coal-CCS_mod,p84,2035,8179858.8
CoalOldScr_coal-CCS_mod,p84,2038,8191684.8
CoalOldScr_coal-CCS_mod,p84,2041,284840.223817
CoalOldScr_coal-CCS_mod,p84,2044,284840.223817
CoalOldScr_coal-CCS_mod,p84,2047,284840.223817
CoalOldScr_coal-CCS_mod,p84,2050,284840.223817
CoalOldScr_coal-CCS_mod,p85,2032,-0.0
CoalOldScr_coal-CCS_mod,p94,2032,17018275.956
CoalOldScr_coal-CCS_mod,p94,2035,17019036.672
CoalOldScr_coal-CCS_mod,p94,2038,17062061.874
CoalOldScr_coal-CCS_mod,p94,2041,17064702.006
CoalOldScr_coal-CCS_mod,p94,2044,1131981.091135
CoalOldScr_coal-CCS_mod,p94,2047,1068299.235561
CoalOldScr_coal-CCS_mod,p94,2050,1068299.235561
CoalOldScr_coal-CCS_mod,p96,2032,3864069.465
CoalOldScr_coal-CCS_mod,p96,2035,3862728.72
CoalOldScr_coal-CCS_mod,p96,2038,3879792.285
CoalOldScr_coal-CCS_mod,p96,2041,3879792.285
CoalOldScr_coal-CCS_mod,p96,2044,50521.632039
CoalOldScr_coal-CCS_mod,p97,2032,8266163.136
CoalOldScr_coal-CCS_mod,p97,2035,8265657.456
CoalOldScr_coal-CCS_mod,p97,2038,8281232.4
CoalOldScr_coal-CCS_mod,p97,2041,8281297.416
CoalOldScr_coal-CCS_mod,p97,2044,632822.4
CoalOldScr_coal-CCS_mod,p97,2047,632822.4
CoalOldScr_coal-CCS_mod,p97,2050,632822.4
CoalOldScr_coal-CCS_mod,p98,2032,1679618.089056
CoalOldScr_coal-CCS_mod,p98,2035,1679181.079739
CoalOldScr_coal-CCS_mod,p98,2038,1686929.534499
CoalOldScr_coal-CCS_mod,p98,2041,1687075.939977
CoalOldScr_coal-CCS_mod,p98,2044,29243.379834
CoalOldScr_coal-CCS_mod,p98,2047,29243.379834
CoalOldScr_coal-CCS_mod,p98,2050,24987.289691
CoalOldScr_coal-CCS_mod,z122,2032,5176570.224
CoalOldScr_coal-CCS_mod,z122,2035,5176570.224
CoalOldScr_coal-CCS_mod,z122,2038,5172358.272
CoalOldScr_coal-CCS_mod,z122,2041,5176335.6
CoalOldScr_coal-CCS_mod,z122,2044,4898202.184865
CoalOldScr_coal-CCS_mod,z122,2047,4794351.936
CoalOldScr_coal-CCS_mod,z122,2050,4737058.56
CoalOldUns_coal-CCS_mod,p101,2032,1251836.777606
CoalOldUns_coal-CCS_mod,p101,2035,1252009.768345
CoalOldUns_coal-CCS_mod,p101,2038,1255048.913591
CoalOldUns_coal-CCS_mod,p101,2041,1253735.831502
CoalOldUns_coal-CCS_mod,p111,2032,96010.236
CoalOldUns_coal-CCS_mod,p111,2035,96010.236
CoalOldUns_coal-CCS_mod,p111,2038,95870.376
CoalOldUns_coal-CCS_mod,p111,2041,95836.482
CoalOldUns_coal-CCS_mod,p111,2044,7358.4
CoalOldUns_coal-CCS_mod,p111,2047,7358.4
CoalOldUns_coal-CCS_mod,p111,2050,7358.4
CoalOldUns_coal-CCS_mod,p112,2032,8246470.7547
CoalOldUns_coal-CCS_mod,p112,2035,8247027.7881
CoalOldUns_coal-CCS_mod,p112,2038,8251151.2821
CoalOldUns_coal-CCS_mod,p112,2041,8251151.2821
CoalOldUns_coal-CCS_mod,p112,2044,448255.289295
CoalOldUns_coal-CCS_mod,p112,2047,371750.071097
CoalOldUns_coal-CCS_mod,p112,2050,371750.071097
CoalOldUns_coal-CCS_mod,p41,2032,106003.8645
CoalOldUns_coal-CCS_mod,p41,2035,106023.3015
CoalOldUns_coal-CCS_mod,p41,2038,106048.6905
CoalOldUns_coal-CCS_mod,p41,2041,106038.879
CoalOldUns_coal-CCS_mod,p41,2044,87552.06
CoalOldUns_coal-CCS_mod,p41,2047,36087.348
CoalOldUns_coal-CCS_mod,p41,2050,8146.8
CoalOldUns_coal-CCS_mod,p54,2032,3626069.125397
CoalOldUns_coal-CCS_mod,p54,2035,3628787.066313
CoalOldUns_coal-CCS_mod,p54,2038,3638305.458574
CoalOldUns_coal-CCS_mod,p54,2041,3652973.381034
CoalOldUns_coal-CCS_mod,p54,2044,280272.659511
CoalOldUns_coal-CCS_mod,p54,2047,280272.659511
CoalOldUns_coal-CCS_mod,p54,2050,280272.659511
CoalOldUns_coal-CCS_mod,p72,2032,1791111.267
CoalOldUns_coal-CCS_mod,p72,2035,1792104.618
CoalOldUns_coal-CCS_mod,p72,2038,1793827.005
CoalOldUns_coal-CCS_mod,p72,2041,1800991.125
CoalOldUns_coal-CCS_mod,p72,2044,138232.8
CoalOldUns_coal-CCS_mod,p72,2047,138232.8
CoalOldUns_coal-CCS_mod,p72,2050,138232.8
CoalOldUns_coal-CCS_mod,p90,2032,2481953.088
CoalOldUns_coal-CCS_mod,p90,2035,2481834.714
CoalOldUns_coal-CCS_mod,p90,2038,2485216.518
CoalOldUns_coal-CCS_mod,p90,2041,2485275.162
CoalOldUns_coal-CCS_mod,p90,2044,155064.253285
CoalOldUns_coal-CCS_mod,p90,2047,145436.618001
CoalOldUns_coal-CCS_mod,p90,2050,145436.618001
